TradeNum,Date,EntryTime,ExitTime,Type,EntryPrice,InitialSL,FinalSL,HardTP,ExitPrice,RiskPerOz,LotOunces,RiskUSD,PnLUSD,RMultiple,Result,BELocked,DurationMins,RunningBalance
1,2024-08-01,07:25,08:10,LONG,2445.67,2442.81,2442.81,2449.39,2444.07,2.86,34.97,100,-55.94,-0.56,LOSS,NO,45,9944.06
2,2024-08-01,08:10,08:20,SHORT,2444.07,2446.74,2446.74,2440.6,2446.74,2.67,37.24,99.44,-99.44,-1,LOSS,NO,10,9844.62
3,2024-08-01,09:00,09:05,SHORT,2447.47,2450.25,2447.27,2443.86,2447.27,2.78,35.41,98.45,7.08,0.07,WIN,YES,5,9851.7
4,2024-08-01,09:35,10:00,LONG,2446.21,2443.7,2443.7,2449.47,2443.7,2.51,39.25,98.52,-98.52,-1,LOSS,NO,25,9753.18
5,2024-08-01,10:15,11:00,SHORT,2442.65,2445.49,2442.29,2438.96,2439.94,2.84,34.34,97.53,93.07,0.95,WIN,YES,45,9846.25
6,2024-08-01,10:50,11:25,LONG,2441.39,2438.37,2438.37,2445.32,2438.37,3.02,32.6,98.46,-98.46,-1,LOSS,NO,35,9747.79
7,2024-08-01,11:30,11:35,LONG,2437.09,2434.3,2434.3,2440.72,2434.3,2.79,34.94,97.48,-97.48,-1,LOSS,NO,5,9650.31
8,2024-08-01,12:10,12:55,SHORT,2433.16,2436.45,2432.96,2428.88,2432.96,3.29,29.33,96.5,5.87,0.06,WIN,YES,45,9656.17
9,2024-08-01,12:50,13:15,LONG,2431.72,2428.62,2432.85,2435.75,2435.75,3.1,31.15,96.56,125.53,1.3,WIN,YES,25,9781.7
10,2024-08-01,13:25,14:10,LONG,2435.67,2433.89,2433.89,2437.98,2435.57,1.78,54.95,97.82,-5.5,-0.06,LOSS,NO,45,9776.21
11,2024-08-01,14:00,14:25,SHORT,2434.74,2437.24,2437.24,2431.49,2437.24,2.5,39.1,97.76,-97.76,-1,LOSS,NO,25,9678.45
12,2024-08-01,14:35,14:50,SHORT,2436.95,2439.56,2439.56,2433.56,2439.56,2.61,37.08,96.78,-96.78,-1,LOSS,NO,15,9581.66
13,2024-08-01,15:40,16:25,LONG,2453.03,2447.6,2447.6,2460.09,2453.39,5.43,17.65,95.82,6.35,0.07,WIN,NO,45,9588.02
14,2024-08-01,16:15,16:25,LONG,2452.41,2449.2,2452.61,2456.58,2452.61,3.21,29.87,95.88,5.97,0.06,WIN,YES,10,9593.99
15,2024-08-01,16:50,17:00,LONG,2452.59,2447.33,2452.79,2459.43,2459.43,5.26,18.24,95.94,124.72,1.3,WIN,YES,10,9718.71
16,2024-08-02,07:05,07:35,LONG,2454.97,2452.76,2455.71,2457.84,2457.84,2.21,43.98,97.19,126.34,1.3,WIN,YES,30,9845.05
17,2024-08-02,07:45,08:30,LONG,2459.7,2456.9,2456.9,2463.34,2460,2.8,35.16,98.45,10.55,0.11,WIN,NO,45,9855.6
18,2024-08-02,08:25,08:30,SHORT,2458.38,2460.33,2460.33,2455.85,2460.33,1.95,50.54,98.56,-98.56,-1,LOSS,NO,5,9757.05
19,2024-08-02,09:10,09:35,LONG,2465.03,2461.79,2465.23,2469.24,2465.23,3.24,30.11,97.57,6.02,0.06,WIN,YES,25,9763.07
20,2024-08-02,09:45,10:00,LONG,2464.05,2461.01,2464.25,2468,2464.25,3.04,32.12,97.63,6.42,0.07,WIN,YES,15,9769.49
21,2024-08-02,10:30,10:50,LONG,2463.5,2460.76,2460.76,2467.06,2460.76,2.74,35.66,97.69,-97.69,-1,LOSS,NO,20,9671.8
22,2024-08-02,11:05,11:25,SHORT,2462.82,2465.17,2465.17,2459.77,2465.17,2.35,41.16,96.72,-96.72,-1,LOSS,NO,20,9575.08
23,2024-08-02,11:40,12:25,LONG,2462.65,2460.35,2460.35,2465.64,2461.34,2.3,41.63,95.75,-54.54,-0.57,LOSS,NO,45,9520.54
24,2024-08-02,12:15,12:20,SHORT,2463.6,2465.62,2463.4,2460.97,2463.4,2.02,47.13,95.21,9.43,0.1,WIN,YES,5,9529.97
25,2024-08-02,12:50,13:20,LONG,2462.85,2460.6,2463.05,2465.78,2463.05,2.25,42.36,95.3,8.47,0.09,WIN,YES,30,9538.44
26,2024-08-02,13:25,14:10,LONG,2463.52,2461.25,2461.25,2466.47,2461.25,2.27,42.02,95.38,-95.38,-1,LOSS,NO,45,9443.06
27,2024-08-02,14:00,14:05,SHORT,2463.89,2466.1,2463.69,2461.02,2463.69,2.21,42.73,94.43,8.55,0.09,WIN,YES,5,9451.6
28,2024-08-02,14:40,15:25,SHORT,2459.48,2462.34,2458.11,2455.76,2455.76,2.86,33.05,94.52,122.87,1.3,WIN,YES,45,9574.47
29,2024-08-02,15:20,15:30,SHORT,2456.4,2459.31,2459.31,2452.62,2459.31,2.91,32.9,95.74,-95.74,-1,LOSS,NO,10,9478.73
30,2024-08-02,15:55,16:00,SHORT,2472.82,2477.52,2472.62,2466.71,2466.71,4.7,20.17,94.79,123.22,1.3,WIN,YES,5,9601.95
31,2024-08-02,16:35,17:00,SHORT,2465.55,2472.78,2472.78,2456.15,2472.78,7.23,13.28,96.02,-96.02,-1,LOSS,NO,25,9505.93
32,2024-08-05,07:00,07:10,SHORT,2452.09,2455.55,2455.55,2447.59,2455.55,3.46,27.47,95.06,-95.06,-1,LOSS,NO,10,9410.87
33,2024-08-05,07:35,08:00,LONG,2454.58,2450.9,2450.9,2459.36,2450.9,3.68,25.57,94.11,-94.11,-1,LOSS,NO,25,9316.76
34,2024-08-05,08:20,08:25,SHORT,2446.56,2450.04,2446.36,2442.04,2446.36,3.48,26.77,93.17,5.35,0.06,WIN,YES,5,9322.12
35,2024-08-05,09:05,09:15,LONG,2433.2,2428.27,2428.27,2439.61,2428.27,4.93,18.91,93.22,-93.22,-1,LOSS,NO,10,9228.9
36,2024-08-05,09:40,09:50,SHORT,2429.93,2433.88,2429.73,2424.79,2429.73,3.95,23.36,92.29,4.67,0.05,BREAKEVEN,YES,10,9233.57
37,2024-08-05,10:45,11:00,LONG,2434.72,2429.47,2429.47,2441.54,2429.47,5.25,17.59,92.34,-92.34,-1,LOSS,NO,15,9141.23
38,2024-08-05,11:50,12:15,SHORT,2424.6,2430.15,2424.4,2417.38,2424.4,5.55,16.47,91.41,3.29,0.04,BREAKEVEN,YES,25,9144.53
39,2024-08-05,12:30,12:35,LONG,2421.59,2419.21,2421.79,2424.68,2424.68,2.38,38.42,91.45,118.88,1.3,WIN,YES,5,9263.41
40,2024-08-05,13:05,13:10,SHORT,2424.49,2427.03,2424.29,2421.19,2424.29,2.54,36.47,92.63,7.29,0.08,WIN,YES,5,9270.7
41,2024-08-05,13:45,13:55,SHORT,2415.73,2420.86,2415.53,2409.06,2409.06,5.13,18.07,92.71,120.52,1.3,WIN,YES,10,9391.22
42,2024-08-05,14:25,14:35,LONG,2397.57,2392.93,2392.93,2403.6,2392.93,4.64,20.24,93.91,-93.91,-1,LOSS,NO,10,9297.31
43,2024-08-05,15:00,15:20,LONG,2389.24,2382.51,2382.51,2397.99,2382.51,6.73,13.81,92.97,-92.97,-1,LOSS,NO,20,9204.34
44,2024-08-05,15:50,15:55,LONG,2373.31,2369.51,2373.51,2378.25,2378.25,3.8,24.22,92.04,119.66,1.3,WIN,YES,5,9323.99
45,2024-08-05,16:25,16:35,LONG,2385.88,2381.19,2386.08,2391.98,2391.98,4.69,19.88,93.24,121.21,1.3,WIN,YES,10,9445.2
46,2024-08-06,07:00,07:30,LONG,2409.51,2406.72,2409.74,2413.14,2409.74,2.79,33.85,94.45,7.79,0.08,WIN,YES,30,9452.99
47,2024-08-06,07:40,08:20,SHORT,2408.44,2411.69,2411.69,2404.22,2411.69,3.25,29.09,94.53,-94.53,-1,LOSS,NO,40,9358.46
48,2024-08-06,08:25,08:30,SHORT,2409.76,2412.16,2409.56,2406.64,2406.64,2.4,38.99,93.58,121.66,1.3,WIN,YES,5,9480.12
49,2024-08-06,09:00,09:05,SHORT,2398.67,2402.16,2398.47,2394.13,2398.47,3.49,27.16,94.8,5.43,0.06,WIN,YES,5,9485.55
50,2024-08-06,09:50,10:20,LONG,2404.73,2400.59,2404.93,2410.11,2404.93,4.14,22.91,94.86,4.58,0.05,BREAKEVEN,YES,30,9490.13
51,2024-08-06,10:25,10:40,LONG,2406.09,2402.04,2406.29,2411.36,2406.29,4.05,23.43,94.9,4.69,0.05,BREAKEVEN,YES,15,9494.82
52,2024-08-06,11:00,11:05,LONG,2409.25,2406.73,2409.45,2412.53,2412.53,2.52,37.68,94.95,123.43,1.3,WIN,YES,5,9618.25
53,2024-08-06,11:35,11:55,LONG,2410.82,2406.58,2411.02,2416.33,2411.02,4.24,22.68,96.18,4.54,0.05,BREAKEVEN,YES,20,9622.79
54,2024-08-06,12:10,12:15,LONG,2412.16,2409.54,2412.36,2415.57,2412.36,2.62,36.73,96.23,7.35,0.08,WIN,YES,5,9630.14
55,2024-08-06,12:55,13:05,LONG,2413.25,2411.06,2413.45,2416.1,2413.45,2.19,43.97,96.3,8.79,0.09,WIN,YES,10,9638.93
56,2024-08-06,13:35,13:40,LONG,2413.88,2411.68,2414.08,2416.74,2414.08,2.2,43.81,96.39,8.76,0.09,WIN,YES,5,9647.69
57,2024-08-06,14:10,14:30,LONG,2411.38,2409.22,2411.58,2414.19,2414.19,2.16,44.67,96.48,125.42,1.3,WIN,YES,20,9773.11
58,2024-08-06,14:50,15:10,SHORT,2411.85,2414.33,2411.65,2408.63,2408.63,2.48,39.41,97.73,127.05,1.3,WIN,YES,20,9900.16
59,2024-08-06,15:35,16:00,LONG,2395.64,2391.07,2395.84,2401.58,2395.84,4.57,21.66,99,4.33,0.04,BREAKEVEN,YES,25,9904.5
60,2024-08-06,16:10,16:20,SHORT,2391.21,2395.8,2395.8,2385.24,2395.8,4.59,21.58,99.04,-99.04,-1,LOSS,NO,10,9805.45
61,2024-08-06,16:45,17:00,SHORT,2394.93,2400.23,2400.23,2388.04,2400.23,5.3,18.5,98.05,-98.05,-1,LOSS,NO,15,9707.4
62,2024-08-07,07:15,07:25,SHORT,2389.73,2392.03,2392.03,2386.74,2392.03,2.3,42.21,97.07,-97.07,-1,LOSS,NO,10,9610.32
63,2024-08-07,07:50,08:35,SHORT,2393.79,2396.18,2396.18,2390.68,2392.85,2.39,40.21,96.1,37.8,0.39,WIN,NO,45,9648.12
64,2024-08-07,08:30,08:50,SHORT,2394.08,2397.54,2392.38,2389.58,2389.58,3.46,27.88,96.48,125.43,1.3,WIN,YES,20,9773.55
65,2024-08-07,09:10,09:25,SHORT,2392.03,2394.93,2394.93,2388.26,2394.93,2.9,33.7,97.74,-97.74,-1,LOSS,NO,15,9675.81
66,2024-08-07,09:45,10:30,LONG,2394.1,2391.39,2391.39,2397.62,2391.39,2.71,35.7,96.76,-96.76,-1,LOSS,NO,45,9579.05
67,2024-08-07,10:20,10:35,SHORT,2393.46,2395.91,2391.99,2390.28,2390.28,2.45,39.1,95.79,124.53,1.3,WIN,YES,15,9703.58
68,2024-08-07,11:00,11:45,LONG,2389.86,2386.76,2391.33,2393.89,2392.56,3.1,31.3,97.04,84.52,0.87,WIN,YES,45,9788.1
69,2024-08-07,11:35,12:00,SHORT,2392.36,2394.97,2394.97,2388.97,2394.97,2.61,37.5,97.88,-97.88,-1,LOSS,NO,25,9690.22
70,2024-08-07,12:10,12:25,LONG,2395.11,2392.85,2392.85,2398.05,2392.85,2.26,42.88,96.9,-96.9,-1,LOSS,NO,15,9593.31
71,2024-08-07,12:45,12:50,LONG,2396.05,2393.63,2393.63,2399.2,2393.63,2.42,39.64,95.93,-95.93,-1,LOSS,NO,5,9497.38
72,2024-08-07,13:35,14:20,LONG,2396.74,2393.7,2393.7,2400.69,2397.55,3.04,31.24,94.97,25.31,0.27,WIN,NO,45,9522.69
73,2024-08-07,14:15,14:40,LONG,2397.12,2394.74,2394.74,2400.21,2394.74,2.38,40.01,95.23,-95.23,-1,LOSS,NO,25,9427.46
74,2024-08-07,14:55,15:05,SHORT,2400.93,2403.75,2403.75,2397.26,2403.75,2.82,33.43,94.27,-94.27,-1,LOSS,NO,10,9333.18
75,2024-08-07,15:35,15:45,SHORT,2400.24,2403.48,2403.48,2396.03,2403.48,3.24,28.81,93.33,-93.33,-1,LOSS,NO,10,9239.85
76,2024-08-07,16:10,16:50,SHORT,2402.26,2405.78,2401.26,2397.68,2397.68,3.52,26.25,92.4,120.12,1.3,WIN,YES,40,9359.97
77,2024-08-07,16:45,16:50,LONG,2399.91,2397.19,2397.19,2403.45,2397.19,2.72,34.41,93.6,-93.6,-1,LOSS,NO,5,9266.37
78,2024-08-08,07:00,07:15,LONG,2394.42,2392.2,2394.62,2397.31,2394.62,2.22,41.74,92.66,8.35,0.09,WIN,YES,15,9274.72
79,2024-08-08,07:40,08:25,SHORT,2394.96,2397.81,2394.76,2391.26,2394.76,2.85,32.54,92.75,6.51,0.07,WIN,YES,45,9281.23
80,2024-08-08,08:15,08:30,SHORT,2393.05,2395.33,2395.33,2390.09,2395.33,2.28,40.71,92.81,-92.81,-1,LOSS,NO,15,9188.42
81,2024-08-08,08:50,09:00,LONG,2393.81,2391.48,2394.01,2396.84,2394.01,2.33,39.44,91.88,7.89,0.09,WIN,YES,10,9196.3
82,2024-08-08,09:25,09:40,SHORT,2398.92,2402.12,2398.72,2394.76,2398.72,3.2,28.74,91.96,5.75,0.06,WIN,YES,15,9202.05
83,2024-08-08,10:00,10:25,SHORT,2398.66,2401.7,2397.45,2394.71,2397.45,3.04,30.27,92.02,36.63,0.4,WIN,YES,25,9238.68
84,2024-08-08,10:45,11:30,SHORT,2396.32,2399.55,2395.34,2392.12,2393.97,3.23,28.6,92.39,67.22,0.73,WIN,YES,45,9305.89
85,2024-08-08,11:35,12:00,SHORT,2393.97,2396.42,2396.42,2390.78,2396.42,2.45,37.98,93.06,-93.06,-1,LOSS,NO,25,9212.83
86,2024-08-08,12:25,12:35,SHORT,2395.92,2397.92,2395.72,2393.32,2395.72,2,46.06,92.13,9.21,0.1,WIN,YES,10,9222.05
87,2024-08-08,13:05,13:40,SHORT,2398.53,2400.63,2400.63,2395.8,2400.63,2.1,43.91,92.22,-92.22,-1,LOSS,NO,35,9129.83
88,2024-08-08,13:55,14:05,SHORT,2405.23,2407.83,2407.83,2401.85,2407.83,2.6,35.11,91.3,-91.3,-1,LOSS,NO,10,9038.53
89,2024-08-08,14:40,14:45,LONG,2409.42,2404.76,2409.62,2415.48,2409.62,4.66,19.4,90.39,3.88,0.04,BREAKEVEN,YES,5,9042.41
90,2024-08-08,15:15,15:30,SHORT,2412.65,2415.89,2412.45,2408.44,2408.44,3.24,27.91,90.42,117.55,1.3,WIN,YES,15,9159.96
91,2024-08-08,15:50,16:00,SHORT,2408.41,2410.81,2408.21,2405.29,2405.29,2.4,38.17,91.6,119.08,1.3,WIN,YES,10,9279.04
92,2024-08-08,16:30,16:35,LONG,2410.09,2406.17,2410.29,2415.19,2410.29,3.92,23.67,92.79,4.73,0.05,BREAKEVEN,YES,5,9283.77
93,2024-08-09,08:00,08:35,LONG,2422.47,2420.03,2420.03,2425.64,2420.03,2.44,38.05,92.84,-92.84,-1,LOSS,NO,35,9190.93
94,2024-08-09,08:35,08:55,LONG,2419.81,2417.14,2417.14,2423.28,2417.14,2.67,34.42,91.91,-91.91,-1,LOSS,NO,20,9099.03
95,2024-08-09,09:10,09:25,LONG,2418.12,2416,2418.32,2420.88,2418.32,2.12,42.92,90.99,8.58,0.09,WIN,YES,15,9107.61
96,2024-08-09,09:50,10:10,LONG,2420.47,2418.42,2420.67,2423.13,2420.67,2.05,44.43,91.08,8.89,0.1,WIN,YES,20,9116.49
97,2024-08-09,11:20,12:05,LONG,2424.09,2421.87,2421.87,2426.98,2424.5,2.22,41.07,91.16,16.84,0.18,WIN,NO,45,9133.33
98,2024-08-09,12:05,12:50,LONG,2424.5,2422.19,2422.19,2427.5,2423.1,2.31,39.54,91.33,-55.35,-0.61,LOSS,NO,45,9077.98
99,2024-08-09,12:50,13:30,SHORT,2423.1,2425.42,2425.42,2420.08,2425.42,2.32,39.13,90.78,-90.78,-1,LOSS,NO,40,8987.2
100,2024-08-09,13:35,13:40,SHORT,2427.77,2429.99,2429.99,2424.88,2429.99,2.22,40.48,89.87,-89.87,-1,LOSS,NO,5,8897.33
101,2024-08-09,14:10,14:40,SHORT,2430.84,2433.79,2428.02,2427.01,2427.01,2.95,30.16,88.97,115.67,1.3,WIN,YES,30,9012.99
102,2024-08-09,14:50,15:20,SHORT,2425.8,2428.38,2425.6,2422.45,2425.6,2.58,34.93,90.13,6.99,0.08,WIN,YES,30,9019.98
103,2024-08-09,15:30,15:40,SHORT,2425.81,2429.13,2429.13,2421.49,2429.13,3.32,27.17,90.2,-90.2,-1,LOSS,NO,10,8929.78
104,2024-08-09,16:05,16:15,LONG,2429.45,2426.61,2429.65,2433.14,2429.65,2.84,31.44,89.3,6.29,0.07,WIN,YES,10,8936.07
105,2024-08-09,16:45,16:50,LONG,2422.35,2419.46,2422.55,2426.11,2422.55,2.89,30.92,89.36,6.18,0.07,WIN,YES,5,8942.25
106,2024-08-12,08:05,08:45,SHORT,2433.31,2435.94,2431.97,2429.89,2429.89,2.63,34,89.42,116.25,1.3,WIN,YES,40,9058.5
107,2024-08-12,08:40,08:55,SHORT,2431.02,2433.97,2433.97,2427.19,2433.97,2.95,30.71,90.59,-90.59,-1,LOSS,NO,15,8967.92
108,2024-08-12,09:15,09:50,LONG,2434.59,2432.28,2434.79,2437.59,2434.79,2.31,38.82,89.68,7.76,0.09,WIN,YES,35,8975.68
109,2024-08-12,09:55,10:20,LONG,2436.73,2434.36,2436.93,2439.81,2436.93,2.37,37.87,89.76,7.57,0.08,WIN,YES,25,8983.25
110,2024-08-12,10:30,10:55,SHORT,2438.64,2440.91,2440.91,2435.69,2440.91,2.27,39.57,89.83,-89.83,-1,LOSS,NO,25,8893.42
111,2024-08-12,11:05,11:50,LONG,2441.73,2439.35,2441.93,2444.82,2443.05,2.38,37.37,88.93,49.32,0.55,WIN,YES,45,8942.75
112,2024-08-12,11:40,11:45,LONG,2440.75,2438.64,2440.95,2443.49,2440.95,2.11,42.38,89.43,8.48,0.09,WIN,YES,5,8951.22
113,2024-08-12,12:20,13:05,SHORT,2442.82,2446.47,2446.47,2438.08,2442.93,3.65,24.52,89.51,-2.7,-0.03,BREAKEVEN,NO,45,8948.53
114,2024-08-12,12:55,13:40,SHORT,2442.57,2444.75,2444.75,2439.74,2444.46,2.18,41.05,89.49,-77.58,-0.87,LOSS,NO,45,8870.94
115,2024-08-12,13:30,14:15,LONG,2443.06,2440.4,2440.4,2446.52,2441.97,2.66,33.35,88.71,-36.35,-0.41,LOSS,NO,45,8834.59
116,2024-08-12,14:05,14:35,SHORT,2442.92,2445.19,2442.63,2439.97,2439.97,2.27,38.92,88.35,114.85,1.3,WIN,YES,30,8949.44
117,2024-08-12,14:45,15:20,LONG,2440.95,2438.34,2442.46,2444.34,2442.46,2.61,34.29,89.49,51.78,0.58,WIN,YES,35,9001.22
118,2024-08-12,15:20,16:05,LONG,2443.79,2440.48,2440.48,2448.09,2443.99,3.31,27.19,90.01,5.44,0.06,WIN,NO,45,9006.66
119,2024-08-12,15:55,16:00,LONG,2444.33,2442.21,2442.21,2447.09,2442.21,2.12,42.48,90.07,-90.07,-1,LOSS,NO,5,8916.59
120,2024-08-12,16:40,16:50,SHORT,2451.86,2456.03,2456.03,2446.44,2456.03,4.17,21.38,89.17,-89.17,-1,LOSS,NO,10,8827.43
121,2024-08-13,07:30,08:00,SHORT,2462.35,2465.45,2462.15,2458.32,2462.15,3.1,28.48,88.27,5.7,0.06,WIN,YES,30,8833.12
122,2024-08-13,08:15,08:30,SHORT,2459.2,2461.6,2461.6,2456.08,2461.6,2.4,36.8,88.33,-88.33,-1,LOSS,NO,15,8744.79
123,2024-08-13,08:55,09:40,LONG,2462.66,2459.85,2459.85,2466.31,2463.41,2.81,31.12,87.45,23.34,0.27,WIN,NO,45,8768.13
124,2024-08-13,09:30,09:35,LONG,2462.08,2460.05,2462.28,2464.72,2462.28,2.03,43.19,87.68,8.64,0.1,WIN,YES,5,8776.77
125,2024-08-13,10:40,11:00,LONG,2464.44,2462.48,2462.48,2466.99,2462.48,1.96,44.78,87.77,-87.77,-1,LOSS,NO,20,8689
126,2024-08-13,11:15,11:40,LONG,2461.5,2458.84,2458.84,2464.96,2458.84,2.66,32.67,86.89,-86.89,-1,LOSS,NO,25,8602.11
127,2024-08-13,11:50,12:05,LONG,2461.47,2458.98,2458.98,2464.71,2458.98,2.49,34.55,86.02,-86.02,-1,LOSS,NO,15,8516.09
128,2024-08-13,12:30,13:15,SHORT,2460.54,2462.64,2462.64,2457.81,2461.99,2.1,40.55,85.16,-58.8,-0.69,LOSS,NO,45,8457.29
129,2024-08-13,13:05,13:20,SHORT,2460.4,2462.85,2462.85,2457.22,2462.85,2.45,34.52,84.57,-84.57,-1,LOSS,NO,15,8372.72
130,2024-08-13,13:45,14:30,LONG,2461.75,2457.81,2463.49,2466.87,2463.49,3.94,21.25,83.73,36.98,0.44,WIN,YES,45,8409.69
131,2024-08-13,14:30,14:55,LONG,2463.87,2461.88,2464.83,2466.46,2466.46,1.99,42.26,84.1,109.33,1.3,WIN,YES,25,8519.02
132,2024-08-13,15:10,15:20,LONG,2465.88,2463.77,2466.08,2468.62,2466.08,2.11,40.37,85.19,8.07,0.09,WIN,YES,10,8527.09
133,2024-08-13,15:50,16:00,LONG,2466.72,2463.36,2466.92,2471.09,2466.92,3.36,25.38,85.27,5.08,0.06,WIN,YES,10,8532.17
134,2024-08-13,16:35,16:50,LONG,2471.14,2466.12,2471.34,2477.67,2471.34,5.02,17,85.32,3.4,0.04,BREAKEVEN,YES,15,8535.57
135,2024-08-14,07:20,08:05,LONG,2460.91,2459.05,2459.05,2463.33,2461.66,1.86,45.89,85.36,34.42,0.4,WIN,NO,45,8569.98
136,2024-08-14,08:10,08:50,LONG,2461.46,2459.42,2459.42,2464.11,2459.42,2.04,42.01,85.7,-85.7,-1,LOSS,NO,40,8484.28
137,2024-08-14,08:50,08:55,LONG,2459.69,2457.66,2459.89,2462.33,2462.33,2.03,41.79,84.84,110.3,1.3,WIN,YES,5,8594.58
138,2024-08-14,09:30,10:10,LONG,2466.54,2464.22,2466.74,2469.56,2469.56,2.32,37.05,85.95,111.73,1.3,WIN,YES,40,8706.31
139,2024-08-14,10:15,11:00,LONG,2469.79,2467.23,2469.99,2473.12,2471.55,2.56,34.01,87.06,59.86,0.69,WIN,YES,45,8766.17
140,2024-08-14,10:50,11:10,LONG,2471.24,2469.08,2469.08,2474.05,2469.08,2.16,40.58,87.66,-87.66,-1,LOSS,NO,20,8678.5
141,2024-08-14,11:25,11:30,LONG,2470.23,2467.71,2470.43,2473.51,2470.43,2.52,34.44,86.79,6.89,0.08,WIN,YES,5,8685.39
142,2024-08-14,12:05,12:25,LONG,2474.22,2472.34,2472.34,2476.66,2472.34,1.88,46.2,86.85,-86.85,-1,LOSS,NO,20,8598.54
143,2024-08-14,12:45,13:15,LONG,2473.12,2470.99,2470.99,2475.89,2470.99,2.13,40.37,85.99,-85.99,-1,LOSS,NO,30,8512.55
144,2024-08-14,13:20,13:50,LONG,2471.2,2468.9,2472.87,2474.19,2474.19,2.3,37.01,85.13,110.66,1.3,WIN,YES,30,8623.22
145,2024-08-14,13:55,14:00,SHORT,2474.89,2477.55,2474.69,2471.43,2474.69,2.66,32.42,86.23,6.48,0.08,WIN,YES,5,8629.7
146,2024-08-14,14:30,14:45,LONG,2473.54,2471.6,2473.74,2476.06,2473.74,1.94,44.48,86.3,8.9,0.1,WIN,YES,15,8638.6
147,2024-08-14,15:05,15:30,SHORT,2473.46,2475.65,2473.16,2470.61,2470.61,2.19,39.45,86.39,112.3,1.3,WIN,YES,25,8750.9
148,2024-08-14,15:40,15:45,LONG,2470.38,2467.3,2467.3,2474.38,2467.3,3.08,28.41,87.51,-87.51,-1,LOSS,NO,5,8663.39
149,2024-08-14,16:20,16:50,LONG,2454.01,2447.96,2456.8,2461.88,2456.8,6.05,14.32,86.63,39.95,0.46,WIN,YES,30,8703.34
150,2024-08-14,16:55,17:00,SHORT,2457.4,2460.62,2457.2,2453.21,2457.2,3.22,27.03,87.03,5.41,0.06,WIN,YES,5,8708.75
151,2024-08-15,07:45,08:10,LONG,2454.37,2452.11,2452.11,2457.31,2452.11,2.26,38.53,87.09,-87.09,-1,LOSS,NO,25,8621.66
152,2024-08-15,08:25,08:35,SHORT,2452.28,2454.6,2452.08,2449.26,2452.08,2.32,37.16,86.22,7.43,0.09,WIN,YES,10,8629.09
153,2024-08-15,09:00,09:10,LONG,2453.58,2451.16,2453.9,2456.73,2456.73,2.42,35.66,86.29,112.18,1.3,WIN,YES,10,8741.27
154,2024-08-15,09:45,10:30,SHORT,2454.91,2457.55,2457.55,2451.48,2454.94,2.64,33.11,87.41,-0.99,-0.01,BREAKEVEN,NO,45,8740.28
155,2024-08-15,10:20,11:05,LONG,2455.99,2453.6,2453.6,2459.1,2454.94,2.39,36.57,87.4,-38.4,-0.44,LOSS,NO,45,8701.88
156,2024-08-15,10:55,11:15,LONG,2455.73,2453.62,2453.62,2458.47,2453.62,2.11,41.24,87.02,-87.02,-1,LOSS,NO,20,8614.86
157,2024-08-15,11:40,12:25,SHORT,2456.19,2458.63,2458.63,2453.02,2456.18,2.44,35.31,86.15,0.35,0,BREAKEVEN,NO,45,8615.21
158,2024-08-15,12:25,13:00,LONG,2456.18,2454.3,2456.38,2458.62,2458.62,1.88,45.83,86.15,112,1.3,WIN,YES,35,8727.21
159,2024-08-15,13:05,13:50,SHORT,2458.8,2461.14,2461.14,2455.76,2457.89,2.34,37.3,87.27,33.94,0.39,WIN,NO,45,8761.15
160,2024-08-15,13:40,14:15,LONG,2458.36,2456.2,2458.56,2461.17,2458.56,2.16,40.56,87.61,8.11,0.09,WIN,YES,35,8769.26
161,2024-08-15,14:15,14:25,LONG,2458.63,2456.52,2458.83,2461.37,2458.83,2.11,41.56,87.69,8.31,0.09,WIN,YES,10,8777.57
162,2024-08-15,14:50,15:20,LONG,2462.86,2459.41,2464.26,2467.35,2464.26,3.45,25.44,87.78,35.62,0.41,WIN,YES,30,8813.19
163,2024-08-15,15:25,15:30,SHORT,2466.77,2471.45,2466.57,2460.69,2460.69,4.68,18.83,88.13,114.57,1.3,WIN,YES,5,8927.76
164,2024-08-15,16:05,16:15,SHORT,2434.27,2440.35,2440.35,2426.37,2440.35,6.08,14.68,89.28,-89.28,-1,LOSS,NO,10,8838.49
165,2024-08-15,16:50,16:55,SHORT,2437.39,2443.76,2443.76,2429.11,2443.76,6.37,13.88,88.38,-88.38,-1,LOSS,NO,5,8750.1
166,2024-08-16,07:00,07:45,SHORT,2452.16,2454.33,2454.33,2449.34,2452.82,2.17,40.32,87.5,-26.61,-0.3,LOSS,NO,45,8723.49
167,2024-08-16,07:35,08:20,SHORT,2452.92,2455.07,2455.07,2450.13,2453.57,2.15,40.57,87.23,-26.37,-0.3,LOSS,NO,45,8697.11
168,2024-08-16,08:15,08:30,LONG,2453.2,2450.99,2453.4,2456.07,2453.4,2.21,39.35,86.97,7.87,0.09,WIN,YES,15,8704.99
169,2024-08-16,08:50,09:00,LONG,2455.34,2453.41,2455.54,2457.85,2455.54,1.93,45.1,87.05,9.02,0.1,WIN,YES,10,8714.01
170,2024-08-16,09:45,10:15,LONG,2455.88,2453.24,2453.24,2459.31,2453.24,2.64,33.01,87.14,-87.14,-1,LOSS,NO,30,8626.87
171,2024-08-16,10:55,11:25,SHORT,2461.86,2465.87,2461.66,2456.65,2461.66,4.01,21.51,86.27,4.3,0.05,BREAKEVEN,YES,30,8631.17
172,2024-08-16,11:30,11:35,SHORT,2463.07,2465.44,2462.87,2459.99,2462.87,2.37,36.42,86.31,7.28,0.08,WIN,YES,5,8638.45
173,2024-08-16,12:15,13:00,LONG,2462.76,2460.37,2462.96,2465.87,2462.96,2.39,36.14,86.38,7.23,0.08,WIN,YES,45,8645.68
174,2024-08-16,13:05,13:10,LONG,2463.57,2461.64,2463.77,2466.08,2463.77,1.93,44.8,86.46,8.96,0.1,WIN,YES,5,8654.64
175,2024-08-16,13:40,14:00,LONG,2465.44,2463.22,2465.64,2468.33,2465.64,2.22,38.98,86.55,7.8,0.09,WIN,YES,20,8662.44
176,2024-08-16,14:15,14:25,SHORT,2469.72,2472.47,2469.52,2466.14,2469.52,2.75,31.5,86.62,6.3,0.07,WIN,YES,10,8668.74
177,2024-08-16,14:50,15:05,LONG,2470.44,2467.49,2472.38,2474.28,2474.28,2.95,29.39,86.69,112.69,1.3,WIN,YES,15,8781.43
178,2024-08-16,15:45,15:50,LONG,2477.09,2471.15,2477.29,2484.81,2484.81,5.94,14.78,87.81,114.16,1.3,WIN,YES,5,8895.59
179,2024-08-16,16:20,16:40,LONG,2487.61,2482.03,2490.56,2494.86,2494.86,5.58,15.94,88.96,115.64,1.3,WIN,YES,20,9011.23
180,2024-08-19,07:35,07:40,LONG,2502.29,2500.28,2500.28,2504.9,2500.28,2.01,44.83,90.11,-90.11,-1,LOSS,NO,5,8921.12
181,2024-08-19,08:25,09:05,SHORT,2500.89,2502.96,2502.96,2498.2,2502.96,2.07,43.1,89.21,-89.21,-1,LOSS,NO,40,8831.91
182,2024-08-19,09:00,09:05,LONG,2501.04,2498.17,2501.24,2504.77,2501.24,2.87,30.77,88.32,6.15,0.07,WIN,YES,5,8838.06
183,2024-08-19,09:35,09:50,LONG,2504.48,2501.2,2501.2,2508.74,2501.2,3.28,26.95,88.38,-88.38,-1,LOSS,NO,15,8749.68
184,2024-08-19,10:10,10:30,LONG,2504.2,2501.37,2501.37,2507.88,2501.37,2.83,30.92,87.5,-87.5,-1,LOSS,NO,20,8662.19
185,2024-08-19,11:30,11:45,LONG,2506.32,2503.79,2503.79,2509.61,2503.79,2.53,34.24,86.62,-86.62,-1,LOSS,NO,15,8575.56
186,2024-08-19,12:10,12:55,LONG,2502.24,2499.93,2499.93,2505.24,2499.93,2.31,37.12,85.76,-85.76,-1,LOSS,NO,45,8489.81
187,2024-08-19,12:45,13:00,LONG,2500.75,2498.74,2498.74,2503.36,2498.74,2.01,42.24,84.9,-84.9,-1,LOSS,NO,15,8404.91
188,2024-08-19,13:20,13:40,LONG,2494.58,2491.51,2491.51,2498.57,2491.51,3.07,27.38,84.05,-84.05,-1,LOSS,NO,20,8320.86
189,2024-08-19,14:00,14:15,LONG,2489.88,2487.35,2490.08,2493.17,2490.08,2.53,32.89,83.21,6.58,0.08,WIN,YES,15,8327.44
190,2024-08-19,14:40,14:45,SHORT,2491.32,2493.49,2493.49,2488.5,2493.49,2.17,38.38,83.27,-83.27,-1,LOSS,NO,5,8244.16
191,2024-08-19,15:20,15:25,LONG,2494.57,2492.22,2492.22,2497.63,2492.22,2.35,35.08,82.44,-82.44,-1,LOSS,NO,5,8161.72
192,2024-08-19,16:05,16:30,LONG,2490.03,2485.91,2490.23,2495.39,2490.23,4.12,19.81,81.62,3.96,0.05,BREAKEVEN,YES,25,8165.68
193,2024-08-19,16:45,16:50,LONG,2490.77,2486.55,2490.97,2496.26,2490.97,4.22,19.35,81.66,3.87,0.05,BREAKEVEN,YES,5,8169.55
194,2024-08-20,07:00,07:25,LONG,2501.98,2499.71,2499.71,2504.93,2499.71,2.27,35.99,81.7,-81.7,-1,LOSS,NO,25,8087.86
195,2024-08-20,07:35,08:20,SHORT,2501.57,2503.47,2503.47,2499.1,2503.05,1.9,42.57,80.88,-63,-0.78,LOSS,NO,45,8024.86
196,2024-08-20,08:30,09:00,LONG,2502.25,2499.36,2499.36,2506.01,2499.36,2.89,27.77,80.25,-80.25,-1,LOSS,NO,30,7944.61
197,2024-08-20,09:10,09:20,LONG,2497.98,2495.73,2498.18,2500.91,2498.18,2.25,35.31,79.45,7.06,0.09,WIN,YES,10,7951.67
198,2024-08-20,09:55,10:10,LONG,2502.39,2500.16,2502.59,2505.29,2502.59,2.23,35.66,79.52,7.13,0.09,WIN,YES,15,7958.8
199,2024-08-20,10:30,10:35,LONG,2505.84,2503.37,2506.04,2509.05,2509.05,2.47,32.22,79.59,103.46,1.3,WIN,YES,5,8062.27
200,2024-08-20,11:15,11:45,LONG,2516.99,2513.42,2517.95,2521.63,2521.63,3.57,22.58,80.62,104.81,1.3,WIN,YES,30,8167.08
201,2024-08-20,12:10,12:30,SHORT,2523.35,2525.86,2523.15,2520.09,2523.15,2.51,32.54,81.67,6.51,0.08,WIN,YES,20,8173.59
202,2024-08-20,12:45,13:30,SHORT,2521.47,2524.78,2524.78,2517.17,2523.03,3.31,24.69,81.74,-38.52,-0.47,LOSS,NO,45,8135.06
203,2024-08-20,13:20,13:25,LONG,2522.22,2519.63,2522.42,2525.59,2522.42,2.59,31.41,81.35,6.28,0.08,WIN,YES,5,8141.35
204,2024-08-20,14:00,14:25,LONG,2522.96,2520.7,2523.51,2525.9,2525.9,2.26,36.02,81.41,105.84,1.3,WIN,YES,25,8247.18
205,2024-08-20,14:40,15:00,LONG,2524.43,2521.5,2524.63,2528.24,2524.63,2.93,28.15,82.47,5.63,0.07,WIN,YES,20,8252.81
206,2024-08-20,15:15,15:30,LONG,2526.04,2523.18,2526.24,2529.76,2526.24,2.86,28.86,82.53,5.77,0.07,WIN,YES,15,8258.58
207,2024-08-20,15:50,16:05,SHORT,2527.85,2530.61,2526.45,2524.26,2524.26,2.76,29.92,82.59,107.36,1.3,WIN,YES,15,8365.95
208,2024-08-20,16:30,16:35,SHORT,2527.73,2533.03,2527.53,2520.84,2520.84,5.3,15.78,83.66,108.76,1.3,WIN,YES,5,8474.7
209,2024-08-21,07:05,07:35,LONG,2517.1,2514.98,2514.98,2519.86,2514.98,2.12,39.98,84.75,-84.75,-1,LOSS,NO,30,8389.96
210,2024-08-21,08:35,09:05,LONG,2517.16,2514.28,2514.28,2520.9,2514.28,2.88,29.13,83.9,-83.9,-1,LOSS,NO,30,8306.06
211,2024-08-21,09:10,09:20,LONG,2513.81,2510.21,2514.01,2518.49,2514.01,3.6,23.07,83.06,4.61,0.06,BREAKEVEN,YES,10,8310.67
212,2024-08-21,09:45,10:10,SHORT,2515.25,2517.48,2515.05,2512.35,2515.05,2.23,37.27,83.11,7.45,0.09,WIN,YES,25,8318.12
213,2024-08-21,10:35,10:40,SHORT,2512.57,2515.5,2512.37,2508.76,2508.76,2.93,28.39,83.18,108.14,1.3,WIN,YES,5,8426.26
214,2024-08-21,11:10,11:20,LONG,2510.44,2507.42,2507.42,2514.37,2507.42,3.02,27.9,84.26,-84.26,-1,LOSS,NO,10,8342
215,2024-08-21,11:45,12:05,LONG,2509.49,2506.64,2506.64,2513.19,2506.64,2.85,29.27,83.42,-83.42,-1,LOSS,NO,20,8258.58
216,2024-08-21,12:25,12:40,LONG,2508.46,2506.48,2506.48,2511.03,2506.48,1.98,41.71,82.59,-82.59,-1,LOSS,NO,15,8175.99
217,2024-08-21,13:00,13:45,LONG,2505.77,2502.86,2506.8,2509.55,2506.8,2.91,28.1,81.76,28.94,0.35,WIN,YES,45,8204.93
218,2024-08-21,13:35,14:00,LONG,2507.89,2505.74,2508.09,2510.68,2508.09,2.15,38.16,82.05,7.63,0.09,WIN,YES,25,8212.56
219,2024-08-21,14:10,14:45,LONG,2508.13,2505.31,2510.15,2511.8,2511.8,2.82,29.12,82.13,106.76,1.3,WIN,YES,35,8319.33
220,2024-08-21,15:00,15:15,LONG,2511.25,2509.3,2511.45,2513.78,2511.45,1.95,42.66,83.19,8.53,0.1,WIN,YES,15,8327.86
221,2024-08-21,15:35,16:10,LONG,2509.43,2506.58,2509.63,2513.13,2509.63,2.85,29.22,83.28,5.84,0.07,WIN,YES,35,8333.7
222,2024-08-21,16:10,16:20,LONG,2509.28,2506.87,2506.87,2512.41,2506.87,2.41,34.58,83.34,-83.34,-1,LOSS,NO,10,8250.37
223,2024-08-21,16:50,17:00,LONG,2501.94,2498.32,2498.32,2506.65,2498.32,3.62,22.79,82.5,-82.5,-1,LOSS,NO,10,8167.86
224,2024-08-22,07:00,07:35,LONG,2501.62,2499.52,2499.52,2504.35,2499.52,2.1,38.89,81.68,-81.68,-1,LOSS,NO,35,8086.18
225,2024-08-22,07:35,08:20,LONG,2501.42,2497.72,2497.72,2506.23,2503.39,3.7,21.85,80.86,43.05,0.53,WIN,NO,45,8129.24
226,2024-08-22,08:10,08:50,LONG,2502.42,2499.49,2502.62,2506.23,2502.62,2.93,27.74,81.29,5.55,0.07,WIN,YES,40,8134.79
227,2024-08-22,08:45,08:50,LONG,2502.1,2499.56,2502.3,2505.4,2502.3,2.54,32.03,81.35,6.41,0.08,WIN,YES,5,8141.19
228,2024-08-22,09:20,09:25,LONG,2507.33,2505.22,2507.53,2510.07,2510.07,2.11,38.58,81.41,105.84,1.3,WIN,YES,5,8247.03
229,2024-08-22,09:55,10:15,SHORT,2507.41,2509.56,2507.21,2504.61,2507.21,2.15,38.36,82.47,7.67,0.09,WIN,YES,20,8254.7
230,2024-08-22,10:30,10:50,SHORT,2507.11,2509.6,2509.6,2503.87,2509.6,2.49,33.15,82.55,-82.55,-1,LOSS,NO,20,8172.15
231,2024-08-22,11:05,11:15,SHORT,2505.12,2507.51,2504.92,2502.01,2504.92,2.39,34.19,81.72,6.84,0.08,WIN,YES,10,8178.99
232,2024-08-22,11:45,12:00,SHORT,2503.55,2505.62,2503.35,2500.86,2503.35,2.07,39.51,81.79,7.9,0.1,WIN,YES,15,8186.89
233,2024-08-22,12:20,12:30,LONG,2504.48,2502.44,2504.68,2507.13,2504.68,2.04,40.13,81.87,8.03,0.1,WIN,YES,10,8194.92
234,2024-08-22,13:00,13:45,SHORT,2507.41,2509.93,2509.93,2504.13,2507.35,2.52,32.52,81.95,1.95,0.02,BREAKEVEN,NO,45,8196.87
235,2024-08-22,13:40,13:55,LONG,2507.83,2505.46,2505.46,2510.91,2505.46,2.37,34.59,81.97,-81.97,-1,LOSS,NO,15,8114.9
236,2024-08-22,14:20,14:35,SHORT,2504.76,2507.4,2503.3,2501.33,2501.33,2.64,30.74,81.15,105.49,1.3,WIN,YES,15,8220.39
237,2024-08-22,14:55,15:05,SHORT,2499.33,2502.29,2499.13,2495.48,2499.13,2.96,27.77,82.2,5.55,0.07,WIN,YES,10,8225.95
238,2024-08-22,15:30,16:15,LONG,2500.56,2493.69,2493.69,2509.49,2497.26,6.87,11.97,82.26,-39.51,-0.48,LOSS,NO,45,8186.44
239,2024-08-22,16:05,16:20,SHORT,2499.45,2502.82,2498.39,2495.07,2495.07,3.37,24.29,81.86,106.42,1.3,WIN,YES,15,8292.86
240,2024-08-22,16:40,16:50,LONG,2486.65,2482.47,2486.85,2492.08,2486.85,4.18,19.84,82.93,3.97,0.05,BREAKEVEN,YES,10,8296.83
241,2024-08-23,07:05,07:50,LONG,2493.38,2491.52,2491.52,2495.8,2493.15,1.86,44.61,82.97,-10.26,-0.12,LOSS,NO,45,8286.57
242,2024-08-23,08:10,08:40,SHORT,2494.4,2496.57,2494.2,2491.58,2494.2,2.17,38.19,82.87,7.64,0.09,WIN,YES,30,8294.21
243,2024-08-23,08:45,09:30,SHORT,2492.34,2495.16,2495.16,2488.67,2491.71,2.82,29.41,82.94,18.53,0.22,WIN,NO,45,8312.73
244,2024-08-23,09:40,10:25,SHORT,2492.78,2495.57,2495.57,2489.15,2491.76,2.79,29.79,83.13,30.39,0.37,WIN,NO,45,8343.13
245,2024-08-23,10:15,11:00,LONG,2493.08,2490.83,2490.83,2496.01,2493.43,2.25,37.08,83.43,12.98,0.16,WIN,NO,45,8356.1
246,2024-08-23,10:55,11:05,SHORT,2493.35,2495.48,2495.48,2490.58,2495.48,2.13,39.23,83.56,-83.56,-1,LOSS,NO,10,8272.54
247,2024-08-23,11:35,11:45,SHORT,2496.69,2498.85,2498.85,2493.88,2498.85,2.16,38.3,82.73,-82.73,-1,LOSS,NO,10,8189.82
248,2024-08-23,12:20,13:00,SHORT,2500.91,2503.02,2499.85,2498.17,2498.17,2.11,38.81,81.9,106.47,1.3,WIN,YES,40,8296.28
249,2024-08-23,13:05,13:10,SHORT,2497.91,2500.2,2497.71,2494.93,2497.71,2.29,36.23,82.96,7.25,0.09,WIN,YES,5,8303.53
250,2024-08-23,13:50,14:35,SHORT,2498.37,2500.53,2500.53,2495.56,2498.68,2.16,38.44,83.04,-11.92,-0.14,LOSS,NO,45,8291.61
251,2024-08-23,14:25,14:30,SHORT,2499.54,2501.91,2499.34,2496.46,2499.34,2.37,34.99,82.92,7,0.08,WIN,YES,5,8298.61
252,2024-08-23,15:00,15:20,LONG,2501.65,2499.6,2499.6,2504.32,2499.6,2.05,40.48,82.99,-82.99,-1,LOSS,NO,20,8215.62
253,2024-08-23,15:35,15:40,LONG,2499.74,2497.57,2499.94,2502.56,2499.94,2.17,37.86,82.16,7.57,0.09,WIN,YES,5,8223.2
254,2024-08-23,16:10,16:15,SHORT,2500.53,2503.26,2503.26,2496.98,2503.26,2.73,30.12,82.23,-82.23,-1,LOSS,NO,5,8140.96
255,2024-08-26,07:15,08:00,LONG,2510.34,2508.19,2508.19,2513.14,2508.97,2.15,37.86,81.41,-51.87,-0.64,LOSS,NO,45,8089.09
256,2024-08-26,08:00,08:05,LONG,2508.97,2507.13,2509.17,2511.36,2509.17,1.84,43.96,80.89,8.79,0.11,WIN,YES,5,8097.88
257,2024-08-26,08:35,09:20,LONG,2510.15,2507.5,2507.5,2513.6,2510.87,2.65,30.56,80.98,22,0.27,WIN,NO,45,8119.88
258,2024-08-26,09:55,10:10,LONG,2515.01,2512.82,2515.21,2517.86,2515.21,2.19,37.08,81.2,7.42,0.09,WIN,YES,15,8127.3
259,2024-08-26,10:40,11:00,LONG,2520.44,2518.1,2520.64,2523.48,2523.48,2.34,34.73,81.27,105.65,1.3,WIN,YES,20,8232.95
260,2024-08-26,11:15,12:00,SHORT,2523.06,2526.26,2526.26,2518.9,2524.56,3.2,25.73,82.33,-38.59,-0.47,LOSS,NO,45,8194.36
261,2024-08-26,12:00,12:45,LONG,2524.56,2522.11,2522.11,2527.74,2524.82,2.45,33.45,81.94,8.7,0.11,WIN,NO,45,8203.06
262,2024-08-26,12:35,13:05,SHORT,2524.71,2526.91,2524.51,2521.85,2524.51,2.2,37.29,82.03,7.46,0.09,WIN,YES,30,8210.52
263,2024-08-26,13:20,13:30,SHORT,2525.06,2528.04,2524.86,2521.19,2524.86,2.98,27.55,82.11,5.51,0.07,WIN,YES,10,8216.03
264,2024-08-26,14:00,14:20,LONG,2524.92,2522.8,2522.8,2527.68,2522.8,2.12,38.75,82.16,-82.16,-1,LOSS,NO,20,8133.87
265,2024-08-26,14:35,14:50,LONG,2522.23,2519.51,2522.88,2525.77,2525.77,2.72,29.9,81.34,105.74,1.3,WIN,YES,15,8239.61
266,2024-08-26,15:15,15:20,LONG,2525.97,2523.88,2523.88,2528.69,2523.88,2.09,39.42,82.4,-82.4,-1,LOSS,NO,5,8157.21
267,2024-08-26,15:50,16:00,LONG,2524.94,2522.18,2522.18,2528.53,2522.18,2.76,29.56,81.57,-81.57,-1,LOSS,NO,10,8075.64
268,2024-08-26,16:25,16:30,SHORT,2525.46,2527.84,2525.26,2522.37,2525.26,2.38,33.93,80.76,6.79,0.08,WIN,YES,5,8082.42
269,2024-08-27,07:00,07:25,SHORT,2508.56,2510.93,2508.36,2505.48,2508.36,2.37,34.1,80.82,6.82,0.08,WIN,YES,25,8089.24
270,2024-08-27,07:45,08:20,LONG,2506.97,2504.68,2508.24,2509.95,2509.95,2.29,35.32,80.89,105.16,1.3,WIN,YES,35,8194.4
271,2024-08-27,08:25,08:50,LONG,2510.52,2508.16,2511.08,2513.59,2513.59,2.36,34.72,81.94,106.53,1.3,WIN,YES,25,8300.93
272,2024-08-27,09:15,10:00,SHORT,2514.63,2518.25,2518.25,2509.92,2516.62,3.62,22.93,83.01,-45.63,-0.55,LOSS,NO,45,8255.3
273,2024-08-27,09:55,10:00,LONG,2514.82,2512.81,2515.02,2517.43,2515.02,2.01,41.07,82.55,8.21,0.1,WIN,YES,5,8263.51
274,2024-08-27,10:40,10:55,SHORT,2508.65,2511.33,2508.45,2505.17,2505.17,2.68,30.83,82.64,107.43,1.3,WIN,YES,15,8370.94
275,2024-08-27,11:20,11:50,LONG,2512.07,2509.48,2509.48,2515.44,2509.48,2.59,32.32,83.71,-83.71,-1,LOSS,NO,30,8287.23
276,2024-08-27,11:55,12:05,LONG,2510.92,2508.46,2511.12,2514.12,2511.12,2.46,33.69,82.87,6.74,0.08,WIN,YES,10,8293.97
277,2024-08-27,12:30,12:50,LONG,2511.52,2508.64,2508.64,2515.26,2508.64,2.88,28.8,82.94,-82.94,-1,LOSS,NO,20,8211.03
278,2024-08-27,13:05,13:35,SHORT,2508.7,2511.03,2508.5,2505.67,2508.5,2.33,35.24,82.11,7.05,0.09,WIN,YES,30,8218.08
279,2024-08-27,14:05,14:50,LONG,2510.34,2507.29,2507.29,2514.31,2511.69,3.05,26.94,82.18,36.38,0.44,WIN,NO,45,8254.45
280,2024-08-27,14:40,15:00,SHORT,2511.22,2513.36,2513.36,2508.44,2513.36,2.14,38.57,82.54,-82.54,-1,LOSS,NO,20,8171.91
281,2024-08-27,15:15,15:20,LONG,2512.47,2510.6,2510.6,2514.9,2510.6,1.87,43.7,81.72,-81.72,-1,LOSS,NO,5,8090.19
282,2024-08-27,15:55,16:10,SHORT,2509.75,2513.39,2509.55,2505.02,2509.55,3.64,22.23,80.9,4.45,0.05,BREAKEVEN,YES,15,8094.63
283,2024-08-28,07:10,07:35,LONG,2514.25,2512.27,2512.27,2516.82,2512.27,1.98,40.88,80.95,-80.95,-1,LOSS,NO,25,8013.69
284,2024-08-28,07:45,08:05,SHORT,2510.85,2513.05,2510.65,2507.99,2510.65,2.2,36.43,80.14,7.29,0.09,WIN,YES,20,8020.97
285,2024-08-28,08:20,08:30,LONG,2508.87,2506.6,2506.6,2511.82,2506.6,2.27,35.33,80.21,-80.21,-1,LOSS,NO,10,7940.76
286,2024-08-28,08:55,09:00,SHORT,2505.71,2507.99,2505.51,2502.75,2505.51,2.28,34.83,79.41,6.97,0.09,WIN,YES,5,7947.73
287,2024-08-28,09:30,09:40,LONG,2508.47,2505.95,2505.95,2511.75,2505.95,2.52,31.54,79.48,-79.48,-1,LOSS,NO,10,7868.25
288,2024-08-28,10:30,11:00,SHORT,2509.97,2512.74,2509.77,2506.37,2509.77,2.77,28.41,78.68,5.68,0.07,WIN,YES,30,7873.93
289,2024-08-28,11:15,11:30,SHORT,2507.92,2509.88,2507.72,2505.37,2507.72,1.96,40.17,78.74,8.03,0.1,WIN,YES,15,7881.97
290,2024-08-28,12:00,12:30,SHORT,2508.23,2510.16,2510.16,2505.72,2510.16,1.93,40.84,78.82,-78.82,-1,LOSS,NO,30,7803.15
291,2024-08-28,12:45,13:10,SHORT,2510.39,2512.63,2509.45,2507.48,2507.48,2.24,34.84,78.03,101.44,1.3,WIN,YES,25,7904.59
292,2024-08-28,13:30,13:40,LONG,2506.9,2504.66,2504.66,2509.81,2504.66,2.24,35.29,79.05,-79.05,-1,LOSS,NO,10,7825.54
293,2024-08-28,14:05,14:50,LONG,2503.43,2500.21,2500.21,2507.62,2502.93,3.22,24.3,78.26,-12.15,-0.16,LOSS,NO,45,7813.39
294,2024-08-28,14:45,15:10,LONG,2502.86,2499.17,2499.17,2507.66,2499.17,3.69,21.17,78.13,-78.13,-1,LOSS,NO,25,7735.26
295,2024-08-28,15:20,15:30,LONG,2498.87,2495.59,2495.59,2503.13,2495.59,3.28,23.58,77.35,-77.35,-1,LOSS,NO,10,7657.9
296,2024-08-28,15:55,16:10,LONG,2500.51,2497.13,2501.89,2504.9,2504.9,3.38,22.66,76.58,99.55,1.3,WIN,YES,15,7757.46
297,2024-08-28,16:40,17:25,LONG,2503.84,2497.8,2504.04,2511.69,2506.1,6.04,12.84,77.57,29.03,0.37,WIN,YES,45,7786.48
298,2024-08-29,07:00,07:45,SHORT,2516.95,2519.22,2519.22,2514,2515.56,2.27,34.3,77.86,47.68,0.61,WIN,NO,45,7834.16
299,2024-08-29,08:25,08:35,SHORT,2516.42,2518.32,2518.32,2513.95,2518.32,1.9,41.23,78.34,-78.34,-1,LOSS,NO,10,7755.82
300,2024-08-29,09:00,09:35,LONG,2518.42,2516.09,2519.32,2521.45,2519.32,2.33,33.29,77.56,29.96,0.39,WIN,YES,35,7785.78
301,2024-08-29,09:45,10:05,SHORT,2517.86,2519.83,2517.66,2515.3,2517.66,1.97,39.52,77.86,7.9,0.1,WIN,YES,20,7793.68
302,2024-08-29,10:20,10:35,LONG,2518.13,2515.65,2515.65,2521.35,2515.65,2.48,31.43,77.94,-77.94,-1,LOSS,NO,15,7715.75
303,2024-08-29,11:15,11:20,SHORT,2518.55,2521.53,2518.35,2514.68,2518.35,2.98,25.89,77.16,5.18,0.07,WIN,YES,5,7720.92
304,2024-08-29,11:50,12:30,SHORT,2516.46,2518.64,2518.64,2513.63,2518.64,2.18,35.42,77.21,-77.21,-1,LOSS,NO,40,7643.72
305,2024-08-29,12:25,12:35,SHORT,2516.78,2519.19,2519.19,2513.65,2519.19,2.41,31.72,76.44,-76.44,-1,LOSS,NO,10,7567.28
306,2024-08-29,13:20,14:00,LONG,2521.75,2519.72,2521.95,2524.39,2521.95,2.03,37.28,75.67,7.46,0.1,WIN,YES,40,7574.73
307,2024-08-29,14:00,14:40,LONG,2522.12,2520.01,2520.01,2524.86,2520.01,2.11,35.9,75.75,-75.75,-1,LOSS,NO,40,7498.99
308,2024-08-29,14:35,15:05,SHORT,2520.59,2522.93,2519.36,2517.55,2517.55,2.34,32.05,74.99,97.49,1.3,WIN,YES,30,7596.47
309,2024-08-29,15:15,15:30,SHORT,2516.51,2518.79,2516.31,2513.55,2513.55,2.28,33.32,75.96,98.75,1.3,WIN,YES,15,7695.23
310,2024-08-29,16:00,16:05,SHORT,2510.01,2512.41,2509.81,2506.89,2509.81,2.4,32.06,76.95,6.41,0.08,WIN,YES,5,7701.64
311,2024-08-29,16:35,16:50,LONG,2512.09,2508.57,2512.78,2516.67,2516.67,3.52,21.88,77.02,100.12,1.3,WIN,YES,15,7801.76
312,2024-08-30,07:10,07:55,SHORT,2513.49,2515.98,2515.98,2510.25,2513.27,2.49,31.33,78.02,6.89,0.09,WIN,NO,45,7808.65
313,2024-08-30,08:00,08:30,LONG,2513.49,2511.42,2513.69,2516.18,2513.69,2.07,37.72,78.09,7.54,0.1,WIN,YES,30,7816.2
314,2024-08-30,08:45,09:15,LONG,2513.31,2510.92,2514.78,2516.42,2516.42,2.39,32.7,78.16,101.61,1.3,WIN,YES,30,7917.81
315,2024-08-30,09:35,10:20,LONG,2521.49,2517.28,2517.28,2526.96,2519.22,4.21,18.81,79.18,-42.69,-0.54,LOSS,NO,45,7875.12
316,2024-08-30,10:10,10:55,LONG,2519.98,2517.4,2517.4,2523.33,2519.27,2.58,30.52,78.75,-21.67,-0.28,LOSS,NO,45,7853.45
317,2024-08-30,10:45,11:00,SHORT,2520.32,2522.31,2520.12,2517.73,2520.12,1.99,39.46,78.53,7.89,0.1,WIN,YES,15,7861.34
318,2024-08-30,11:25,11:35,SHORT,2525.59,2527.47,2525.39,2523.15,2525.39,1.88,41.82,78.61,8.36,0.11,WIN,YES,10,7869.7
319,2024-08-30,12:05,12:10,LONG,2524.34,2521.24,2524.54,2528.37,2524.54,3.1,25.39,78.7,5.08,0.06,WIN,YES,5,7874.78
320,2024-08-30,12:45,12:55,LONG,2524.95,2523.09,2523.09,2527.37,2523.09,1.86,42.34,78.75,-78.75,-1,LOSS,NO,10,7796.03
321,2024-08-30,13:20,13:30,SHORT,2519.71,2522.6,2519.51,2515.95,2519.51,2.89,26.98,77.96,5.4,0.07,WIN,YES,10,7801.43
322,2024-08-30,14:20,15:05,SHORT,2520.13,2523.06,2523.06,2516.32,2520.61,2.93,26.63,78.01,-12.78,-0.16,LOSS,NO,45,7788.65
323,2024-08-30,14:55,15:05,LONG,2519.39,2517.5,2519.59,2521.85,2519.59,1.89,41.21,77.89,8.24,0.11,WIN,YES,10,7796.89
324,2024-08-30,15:35,15:50,LONG,2521.37,2516.34,2516.34,2527.91,2516.34,5.03,15.5,77.97,-77.97,-1,LOSS,NO,15,7718.92
325,2024-08-30,16:10,16:40,SHORT,2515.06,2518.41,2518.41,2510.7,2518.41,3.35,23.04,77.19,-77.19,-1,LOSS,NO,30,7641.73
326,2024-08-30,16:50,17:00,SHORT,2515.93,2519.37,2515.73,2511.46,2515.73,3.44,22.21,76.42,4.44,0.06,BREAKEVEN,YES,10,7646.17
327,2024-09-02,07:05,07:50,SHORT,2497.96,2500.84,2500.84,2494.22,2496.41,2.88,26.55,76.46,41.15,0.54,WIN,NO,45,7687.32
328,2024-09-02,07:45,08:30,SHORT,2497.24,2499.57,2497.04,2494.21,2495.73,2.33,32.99,76.87,49.82,0.65,WIN,YES,45,7737.14
329,2024-09-02,08:20,08:30,LONG,2497.73,2495.43,2495.43,2500.72,2495.43,2.3,33.64,77.37,-77.37,-1,LOSS,NO,10,7659.77
330,2024-09-02,09:05,09:25,LONG,2498.4,2495.6,2498.6,2502.04,2498.6,2.8,27.36,76.6,5.47,0.07,WIN,YES,20,7665.24
331,2024-09-02,09:40,09:55,LONG,2499.03,2496.76,2496.76,2501.98,2496.76,2.27,33.77,76.65,-76.65,-1,LOSS,NO,15,7588.59
332,2024-09-02,10:20,10:40,SHORT,2497.74,2499.68,2497.54,2495.22,2497.54,1.94,39.12,75.89,7.82,0.1,WIN,YES,20,7596.41
333,2024-09-02,11:05,11:15,LONG,2499.64,2497.2,2497.2,2502.81,2497.2,2.44,31.13,75.96,-75.96,-1,LOSS,NO,10,7520.45
334,2024-09-02,11:45,12:00,LONG,2505.27,2502.75,2505.47,2508.55,2505.47,2.52,29.84,75.2,5.97,0.08,WIN,YES,15,7526.42
335,2024-09-02,12:25,12:40,SHORT,2500.94,2503.55,2500.74,2497.55,2500.74,2.61,28.84,75.26,5.77,0.08,WIN,YES,15,7532.19
336,2024-09-02,13:00,13:05,LONG,2498.68,2496.56,2498.88,2501.44,2498.88,2.12,35.53,75.32,7.11,0.09,WIN,YES,5,7539.29
337,2024-09-02,13:40,14:00,LONG,2500.58,2498.17,2498.17,2503.71,2498.17,2.41,31.28,75.39,-75.39,-1,LOSS,NO,20,7463.9
338,2024-09-02,14:25,15:05,LONG,2499.01,2496.87,2499.21,2501.79,2499.21,2.14,34.88,74.64,6.98,0.09,WIN,YES,40,7470.87
339,2024-09-02,15:25,15:35,LONG,2501.3,2499.36,2501.5,2503.82,2501.5,1.94,38.51,74.71,7.7,0.1,WIN,YES,10,7478.58
340,2024-09-02,16:00,16:25,LONG,2501.13,2498.6,2498.6,2504.42,2498.6,2.53,29.56,74.79,-74.79,-1,LOSS,NO,25,7403.79
341,2024-09-02,16:35,17:00,LONG,2501.38,2498.97,2498.97,2504.51,2498.97,2.41,30.72,74.04,-74.04,-1,LOSS,NO,25,7329.75
342,2024-09-03,07:25,08:10,LONG,2496.27,2493.48,2493.48,2499.9,2494.01,2.79,26.27,73.3,-59.37,-0.81,LOSS,NO,45,7270.38
343,2024-09-03,08:20,08:45,SHORT,2494.95,2497.16,2494.75,2492.08,2494.75,2.21,32.9,72.7,6.58,0.09,WIN,YES,25,7276.96
344,2024-09-03,08:55,09:00,LONG,2494.95,2492.76,2492.76,2497.8,2492.76,2.19,33.23,72.77,-72.77,-1,LOSS,NO,5,7204.19
345,2024-09-03,09:55,10:25,SHORT,2497.78,2500.26,2500.26,2494.56,2500.26,2.48,29.05,72.04,-72.04,-1,LOSS,NO,30,7132.15
346,2024-09-03,10:30,11:15,SHORT,2500.79,2503.42,2503.42,2497.37,2503.42,2.63,27.12,71.32,-71.32,-1,LOSS,NO,45,7060.82
347,2024-09-03,11:15,11:30,SHORT,2503.19,2505.21,2505.21,2500.56,2505.21,2.02,34.95,70.61,-70.61,-1,LOSS,NO,15,6990.22
348,2024-09-03,11:50,12:20,SHORT,2505.24,2507.47,2503.66,2502.34,2502.34,2.23,31.35,69.9,90.87,1.3,WIN,YES,30,7081.09
349,2024-09-03,12:25,13:00,SHORT,2503.46,2505.59,2501.75,2500.69,2500.69,2.13,33.24,70.81,92.05,1.3,WIN,YES,35,7173.14
350,2024-09-03,13:05,13:20,LONG,2499.93,2497.15,2497.15,2503.54,2497.15,2.78,25.8,71.73,-71.73,-1,LOSS,NO,15,7101.41
351,2024-09-03,13:50,14:05,SHORT,2496.39,2498.46,2498.46,2493.7,2498.46,2.07,34.31,71.01,-71.01,-1,LOSS,NO,15,7030.4
352,2024-09-03,15:00,15:05,SHORT,2488.28,2493.23,2493.23,2481.85,2493.23,4.95,14.2,70.3,-70.3,-1,LOSS,NO,5,6960.09
353,2024-09-03,15:45,16:15,LONG,2495.23,2491.77,2491.77,2499.73,2491.77,3.46,20.12,69.6,-69.6,-1,LOSS,NO,30,6890.49
354,2024-09-03,16:20,16:30,LONG,2492.52,2489.32,2489.32,2496.68,2489.32,3.2,21.53,68.9,-68.9,-1,LOSS,NO,10,6821.59
355,2024-09-04,07:30,08:15,LONG,2495.21,2492.9,2492.9,2498.21,2494.84,2.31,29.53,68.22,-10.93,-0.16,LOSS,NO,45,6810.66
356,2024-09-04,08:20,09:05,SHORT,2495.07,2497.21,2493.67,2492.29,2492.29,2.14,31.83,68.11,88.54,1.3,WIN,YES,45,6899.2
357,2024-09-04,09:30,09:55,LONG,2488.45,2484.03,2484.03,2494.2,2484.03,4.42,15.61,68.99,-68.99,-1,LOSS,NO,25,6830.21
358,2024-09-04,10:25,11:10,SHORT,2483.65,2486.8,2483.45,2479.55,2480.3,3.15,21.68,68.3,72.64,1.06,WIN,YES,45,6902.85
359,2024-09-04,11:00,11:35,LONG,2482.93,2478.74,2478.74,2488.38,2478.74,4.19,16.47,69.03,-69.03,-1,LOSS,NO,35,6833.82
360,2024-09-04,11:35,11:45,LONG,2477.83,2475.61,2475.61,2480.72,2475.61,2.22,30.78,68.34,-68.34,-1,LOSS,NO,10,6765.48
361,2024-09-04,12:10,12:30,LONG,2474.98,2471.9,2475.18,2478.98,2475.18,3.08,21.97,67.65,4.39,0.06,BREAKEVEN,YES,20,6769.87
362,2024-09-04,13:15,13:35,LONG,2483.71,2480.93,2485.35,2487.32,2487.32,2.78,24.35,67.7,88.01,1.3,WIN,YES,20,6857.88
363,2024-09-04,13:50,14:10,LONG,2488.72,2486.61,2488.92,2491.46,2488.92,2.11,32.5,68.58,6.5,0.09,WIN,YES,20,6864.38
364,2024-09-04,14:35,15:15,LONG,2488.25,2485.12,2488.45,2492.32,2488.45,3.13,21.93,68.64,4.39,0.06,BREAKEVEN,YES,40,6868.77
365,2024-09-04,15:15,15:40,SHORT,2488.81,2491.96,2488.61,2484.71,2488.61,3.15,21.81,68.69,4.36,0.06,BREAKEVEN,YES,25,6873.13
366,2024-09-04,15:55,16:00,LONG,2486.43,2483.88,2486.63,2489.74,2486.63,2.55,26.95,68.73,5.39,0.08,WIN,YES,5,6878.52
367,2024-09-04,16:35,16:40,SHORT,2488.09,2491.4,2487.89,2483.79,2487.89,3.31,20.78,68.79,4.16,0.06,BREAKEVEN,YES,5,6882.68
368,2024-09-05,07:10,07:55,LONG,2494.33,2492.46,2492.46,2496.76,2494.18,1.87,36.81,68.83,-5.52,-0.08,LOSS,NO,45,6877.16
369,2024-09-05,08:30,08:45,LONG,2495.42,2492.91,2496.94,2498.68,2498.68,2.51,27.4,68.77,89.4,1.3,WIN,YES,15,6966.56
370,2024-09-05,09:10,09:25,SHORT,2503.64,2506.65,2506.65,2499.73,2506.65,3.01,23.14,69.67,-69.67,-1,LOSS,NO,15,6896.89
371,2024-09-05,09:50,10:30,SHORT,2504.06,2506.44,2506.44,2500.97,2506.44,2.38,28.98,68.97,-68.97,-1,LOSS,NO,40,6827.92
372,2024-09-05,10:40,10:45,LONG,2505.93,2504.08,2506.13,2508.33,2506.13,1.85,36.91,68.28,7.38,0.11,WIN,YES,5,6835.31
373,2024-09-05,11:20,11:25,SHORT,2511.16,2514.11,2514.11,2507.32,2514.11,2.95,23.17,68.35,-68.35,-1,LOSS,NO,5,6766.95
374,2024-09-05,11:55,12:40,LONG,2514.59,2512.31,2515.45,2517.55,2516.66,2.28,29.68,67.67,61.44,0.91,WIN,YES,45,6828.39
375,2024-09-05,12:30,13:15,SHORT,2515.38,2518.25,2518.25,2511.65,2515.61,2.87,23.79,68.28,-5.47,-0.08,LOSS,NO,45,6822.92
376,2024-09-05,13:45,14:00,SHORT,2514.37,2516.27,2516.27,2511.9,2516.27,1.9,35.91,68.23,-68.23,-1,LOSS,NO,15,6754.69
377,2024-09-05,14:25,14:40,SHORT,2515.53,2517.79,2515.33,2512.59,2515.33,2.26,29.89,67.55,5.98,0.09,WIN,YES,15,6760.67
378,2024-09-05,15:00,15:05,SHORT,2515.55,2517.62,2515.35,2512.86,2515.35,2.07,32.66,67.61,6.53,0.1,WIN,YES,5,6767.2
379,2024-09-05,15:35,15:45,SHORT,2521.76,2524.81,2521.56,2517.8,2521.56,3.05,22.19,67.67,4.44,0.07,BREAKEVEN,YES,10,6771.64
380,2024-09-05,16:20,16:45,SHORT,2516.5,2519.64,2516.3,2512.42,2516.3,3.14,21.57,67.72,4.31,0.06,BREAKEVEN,YES,25,6775.95
381,2024-09-05,16:55,17:00,SHORT,2514.65,2516.97,2514.45,2511.63,2511.63,2.32,29.21,67.76,88.09,1.3,WIN,YES,5,6864.04
382,2024-09-06,07:00,07:45,SHORT,2517.8,2520.28,2520.28,2514.58,2518.83,2.48,27.68,68.64,-28.51,-0.42,LOSS,NO,45,6835.53
383,2024-09-06,07:40,08:25,SHORT,2518.5,2520.94,2520.94,2515.33,2520.46,2.44,28.01,68.36,-54.91,-0.8,LOSS,NO,45,6780.62
384,2024-09-06,08:30,09:15,SHORT,2519.94,2522.6,2522.6,2516.48,2520.41,2.66,25.49,67.81,-11.98,-0.18,LOSS,NO,45,6768.64
385,2024-09-06,09:05,09:20,SHORT,2518.77,2521.08,2521.08,2515.77,2521.08,2.31,29.3,67.69,-67.69,-1,LOSS,NO,15,6700.95
386,2024-09-06,09:45,10:05,SHORT,2519.43,2521.38,2519.23,2516.89,2519.23,1.95,34.36,67.01,6.87,0.1,WIN,YES,20,6707.83
387,2024-09-06,10:20,10:55,LONG,2519.36,2516.61,2516.61,2522.93,2516.61,2.75,24.39,67.08,-67.08,-1,LOSS,NO,35,6640.75
388,2024-09-06,11:20,12:05,SHORT,2516.87,2518.96,2518.96,2514.15,2517.07,2.09,31.77,66.41,-6.35,-0.1,LOSS,NO,45,6634.39
389,2024-09-06,12:10,12:45,SHORT,2516.91,2519.8,2519.8,2513.15,2519.8,2.89,22.96,66.34,-66.34,-1,LOSS,NO,35,6568.05
390,2024-09-06,12:50,13:35,LONG,2518.78,2516.76,2516.76,2521.41,2517.78,2.02,32.52,65.68,-32.52,-0.5,LOSS,NO,45,6535.53
391,2024-09-06,13:30,14:15,SHORT,2518.38,2521.25,2521.25,2514.65,2519.8,2.87,22.77,65.36,-32.34,-0.49,LOSS,NO,45,6503.2
392,2024-09-06,14:10,14:35,LONG,2518.75,2516.66,2516.66,2521.47,2516.66,2.09,31.12,65.03,-65.03,-1,LOSS,NO,25,6438.17
393,2024-09-06,14:45,15:15,SHORT,2515.77,2518.21,2514.53,2512.6,2512.6,2.44,26.39,64.38,83.7,1.3,WIN,YES,30,6521.86
394,2024-09-06,15:20,15:30,SHORT,2515.71,2518.53,2515.51,2512.04,2512.04,2.82,23.13,65.22,84.78,1.3,WIN,YES,10,6606.65
395,2024-09-06,15:55,16:00,SHORT,2522.17,2527.29,2521.97,2515.51,2515.51,5.12,12.9,66.07,85.89,1.3,WIN,YES,5,6692.53
396,2024-09-06,16:40,16:45,SHORT,2505.63,2509.06,2509.06,2501.17,2509.06,3.43,19.51,66.93,-66.93,-1,LOSS,NO,5,6625.61
397,2024-09-09,07:35,08:20,SHORT,2497.62,2500,2500,2494.53,2496.99,2.38,27.84,66.26,17.54,0.26,WIN,NO,45,6643.14
398,2024-09-09,08:45,09:30,SHORT,2489.57,2493.18,2489.37,2484.88,2489.37,3.61,18.4,66.43,3.68,0.06,BREAKEVEN,YES,45,6646.83
399,2024-09-09,09:45,10:25,LONG,2491.37,2488.26,2491.57,2495.41,2491.57,3.11,21.37,66.47,4.27,0.06,BREAKEVEN,YES,40,6651.1
400,2024-09-09,10:45,10:50,LONG,2494.26,2492.04,2492.04,2497.15,2492.04,2.22,29.96,66.51,-66.51,-1,LOSS,NO,5,6584.59
401,2024-09-09,11:25,12:10,LONG,2491.33,2488.47,2492.88,2495.05,2495.05,2.86,23.02,65.85,85.6,1.3,WIN,YES,45,6670.19
402,2024-09-09,12:05,12:40,LONG,2494.02,2492,2494.83,2496.65,2496.65,2.02,33.02,66.7,86.71,1.3,WIN,YES,35,6756.9
403,2024-09-09,12:50,13:10,LONG,2496.36,2494.47,2496.56,2498.82,2498.82,1.89,35.75,67.57,87.84,1.3,WIN,YES,20,6844.74
404,2024-09-09,13:25,13:45,SHORT,2494.98,2496.99,2494.78,2492.37,2494.78,2.01,34.05,68.45,6.81,0.1,WIN,YES,20,6851.55
405,2024-09-09,14:00,14:25,LONG,2493.93,2491.88,2495.44,2496.59,2496.59,2.05,33.42,68.52,89.07,1.3,WIN,YES,25,6940.62
406,2024-09-09,15:15,15:30,LONG,2499.1,2496.44,2500.97,2502.56,2502.56,2.66,26.09,69.41,90.23,1.3,WIN,YES,15,7030.85
407,2024-09-09,16:00,16:10,LONG,2500.8,2497.79,2501,2504.71,2504.71,3.01,23.36,70.31,91.4,1.3,WIN,YES,10,7122.25
408,2024-09-09,16:35,16:50,LONG,2502.53,2499.44,2499.44,2506.55,2499.44,3.09,23.05,71.22,-71.22,-1,LOSS,NO,15,7051.03
409,2024-09-10,07:00,07:45,SHORT,2501.97,2504.25,2504.25,2499.01,2501.37,2.28,30.93,70.51,18.56,0.26,WIN,NO,45,7069.58
410,2024-09-10,08:25,08:50,LONG,2503.31,2501.28,2503.51,2505.95,2503.51,2.03,34.83,70.7,6.97,0.1,WIN,YES,25,7076.55
411,2024-09-10,09:05,09:50,LONG,2505.42,2503.1,2503.1,2508.44,2505.02,2.32,30.5,70.77,-12.2,-0.17,LOSS,NO,45,7064.35
412,2024-09-10,10:10,10:20,SHORT,2503.11,2505.69,2505.69,2499.76,2505.69,2.58,27.38,70.64,-70.64,-1,LOSS,NO,10,6993.7
413,2024-09-10,10:45,11:10,SHORT,2504.58,2507.34,2503.03,2500.99,2500.99,2.76,25.34,69.94,90.92,1.3,WIN,YES,25,7084.62
414,2024-09-10,11:20,11:30,SHORT,2501.89,2504.38,2501.69,2498.65,2501.69,2.49,28.45,70.85,5.69,0.08,WIN,YES,10,7090.31
415,2024-09-10,11:55,12:00,SHORT,2502.22,2504.21,2502.02,2499.63,2502.02,1.99,35.63,70.9,7.13,0.1,WIN,YES,5,7097.44
416,2024-09-10,13:00,13:15,SHORT,2506.06,2508.17,2508.17,2503.32,2508.17,2.11,33.64,70.97,-70.97,-1,LOSS,NO,15,7026.46
417,2024-09-10,13:35,14:20,LONG,2505.92,2504.05,2504.05,2508.35,2505.8,1.87,37.57,70.26,-4.51,-0.06,BREAKEVEN,NO,45,7021.96
418,2024-09-10,14:10,14:55,LONG,2506.39,2503.48,2503.48,2510.17,2504.49,2.91,24.13,70.22,-45.85,-0.65,LOSS,NO,45,6976.11
419,2024-09-10,14:50,15:30,LONG,2505.43,2503.28,2505.73,2508.22,2508.22,2.15,32.45,69.76,90.69,1.3,WIN,YES,40,7066.8
420,2024-09-10,15:25,15:30,LONG,2506.67,2504.83,2506.87,2509.06,2506.87,1.84,38.41,70.67,7.68,0.11,WIN,YES,5,7074.48
421,2024-09-10,16:00,16:35,SHORT,2512.83,2516.49,2512.63,2508.07,2512.63,3.66,19.33,70.74,3.87,0.05,BREAKEVEN,YES,35,7078.34
422,2024-09-10,16:40,16:50,LONG,2510.21,2506.8,2506.8,2514.64,2506.8,3.41,20.76,70.78,-70.78,-1,LOSS,NO,10,7007.56
423,2024-09-11,07:10,07:55,SHORT,2518.93,2521.29,2521.29,2515.86,2519.5,2.36,29.69,70.08,-16.93,-0.24,LOSS,NO,45,6990.64
424,2024-09-11,08:05,08:50,SHORT,2520.58,2522.56,2522.56,2518.01,2520.95,1.98,35.31,69.91,-13.06,-0.19,LOSS,NO,45,6977.57
425,2024-09-11,09:00,09:10,SHORT,2521.97,2525.06,2525.06,2517.95,2525.06,3.09,22.58,69.78,-69.78,-1,LOSS,NO,10,6907.8
426,2024-09-11,09:40,10:25,SHORT,2525.04,2530.43,2530.43,2518.03,2527.55,5.39,12.82,69.08,-32.17,-0.47,LOSS,NO,45,6875.63
427,2024-09-11,10:45,11:00,SHORT,2523.07,2525.44,2522.87,2519.99,2522.87,2.37,29.01,68.76,5.8,0.08,WIN,YES,15,6881.43
428,2024-09-11,11:25,11:35,SHORT,2523.52,2525.66,2523.32,2520.74,2523.32,2.14,32.16,68.81,6.43,0.09,WIN,YES,10,6887.86
429,2024-09-11,12:00,12:25,SHORT,2523.86,2526.11,2523.66,2520.93,2523.66,2.25,30.61,68.88,6.12,0.09,WIN,YES,25,6893.98
430,2024-09-11,13:05,13:50,LONG,2521.68,2519.23,2519.23,2524.86,2521.14,2.45,28.14,68.94,-15.19,-0.22,LOSS,NO,45,6878.79
431,2024-09-11,13:45,14:30,SHORT,2521.51,2523.75,2523.75,2518.6,2522.72,2.24,30.71,68.79,-37.16,-0.54,LOSS,NO,45,6841.63
432,2024-09-11,14:25,14:50,SHORT,2521.4,2523.43,2523.43,2518.76,2523.43,2.03,33.7,68.42,-68.42,-1,LOSS,NO,25,6773.22
433,2024-09-11,15:10,15:20,LONG,2519.13,2517.07,2517.07,2521.81,2517.07,2.06,32.88,67.73,-67.73,-1,LOSS,NO,10,6705.48
434,2024-09-11,15:50,15:55,LONG,2505.86,2502.58,2506.06,2510.12,2510.12,3.28,20.44,67.05,87.17,1.3,WIN,YES,5,6792.65
435,2024-09-11,16:30,17:00,LONG,2505.85,2501.54,2507.09,2511.45,2507.09,4.31,15.76,67.93,19.54,0.29,WIN,YES,30,6812.2
436,2024-09-12,07:10,07:55,LONG,2516.49,2514.48,2514.48,2519.1,2516.92,2.01,33.89,68.12,14.57,0.21,WIN,NO,45,6826.77
437,2024-09-12,08:30,09:05,LONG,2518.08,2516.09,2519.14,2520.67,2520.67,1.99,34.31,68.27,88.75,1.3,WIN,YES,35,6915.52
438,2024-09-12,09:10,09:55,SHORT,2520.57,2523.65,2518.05,2516.57,2516.82,3.08,22.45,69.16,84.2,1.22,WIN,YES,45,6999.72
439,2024-09-12,10:00,10:45,SHORT,2516.03,2518.94,2518.94,2512.25,2515.72,2.91,24.05,70,7.46,0.11,WIN,NO,45,7007.17
440,2024-09-12,10:35,11:05,SHORT,2517.15,2519.14,2516.95,2514.56,2516.95,1.99,35.21,70.07,7.04,0.1,WIN,YES,30,7014.22
441,2024-09-12,11:15,11:20,LONG,2516.99,2515.13,2517.19,2519.41,2517.19,1.86,37.71,70.14,7.54,0.11,WIN,YES,5,7021.76
442,2024-09-12,11:50,12:35,LONG,2517.59,2514.81,2514.81,2521.2,2517.7,2.78,25.26,70.22,2.78,0.04,BREAKEVEN,NO,45,7024.54
443,2024-09-12,12:55,13:15,SHORT,2518.67,2520.6,2520.6,2516.16,2520.6,1.93,36.4,70.25,-70.25,-1,LOSS,NO,20,6954.29
444,2024-09-12,14:00,14:10,SHORT,2513.77,2516.02,2516.02,2510.84,2516.02,2.25,30.91,69.54,-69.54,-1,LOSS,NO,10,6884.75
445,2024-09-12,14:45,15:15,LONG,2519.34,2516.79,2519.54,2522.66,2519.54,2.55,27,68.85,5.4,0.08,WIN,YES,30,6890.15
446,2024-09-12,15:35,15:40,LONG,2525.69,2521.91,2525.89,2530.6,2525.89,3.78,18.23,68.9,3.65,0.05,BREAKEVEN,YES,5,6893.79
447,2024-09-12,16:10,16:15,SHORT,2538.01,2543.77,2537.81,2530.52,2537.81,5.76,11.97,68.94,2.39,0.03,BREAKEVEN,YES,5,6896.19
448,2024-09-12,16:45,17:10,LONG,2546.81,2542.21,2547.01,2552.79,2547.01,4.6,14.99,68.96,3,0.04,BREAKEVEN,YES,25,6899.19
449,2024-09-13,07:05,07:50,LONG,2567.48,2565.66,2568.39,2569.85,2569.85,1.82,37.91,68.99,89.69,1.3,WIN,YES,45,6988.88
450,2024-09-13,07:40,08:25,LONG,2568.73,2566.64,2566.64,2571.45,2569.79,2.09,33.44,69.89,35.45,0.51,WIN,NO,45,7024.32
451,2024-09-13,08:25,08:30,SHORT,2569.79,2571.68,2569.59,2567.33,2569.59,1.89,37.17,70.24,7.43,0.11,WIN,YES,5,7031.75
452,2024-09-13,09:15,09:25,SHORT,2564.16,2566.41,2566.41,2561.23,2566.41,2.25,31.25,70.32,-70.32,-1,LOSS,NO,10,6961.44
453,2024-09-13,10:00,10:20,LONG,2568.35,2564.27,2564.27,2573.65,2564.27,4.08,17.06,69.61,-69.61,-1,LOSS,NO,20,6891.82
454,2024-09-13,10:50,11:20,LONG,2569.61,2567.32,2567.32,2572.59,2567.32,2.29,30.1,68.92,-68.92,-1,LOSS,NO,30,6822.9
455,2024-09-13,12:00,12:20,LONG,2568.94,2566.63,2569.14,2571.94,2569.14,2.31,29.54,68.23,5.91,0.09,WIN,YES,20,6828.81
456,2024-09-13,12:35,12:50,SHORT,2571.66,2573.8,2571.46,2568.88,2571.46,2.14,31.91,68.29,6.38,0.09,WIN,YES,15,6835.19
457,2024-09-13,13:35,14:20,SHORT,2566.75,2569.29,2569.29,2563.45,2566.62,2.54,26.91,68.35,3.5,0.05,BREAKEVEN,NO,45,6838.69
458,2024-09-13,14:30,14:35,SHORT,2566.3,2568.81,2566.1,2563.04,2566.1,2.51,27.25,68.39,5.45,0.08,WIN,YES,5,6844.14
459,2024-09-13,15:05,15:20,LONG,2567.09,2564.47,2567.29,2570.5,2567.29,2.62,26.12,68.44,5.22,0.08,WIN,YES,15,6849.37
460,2024-09-13,16:00,16:05,LONG,2574.71,2571.88,2574.91,2578.39,2574.91,2.83,24.2,68.49,4.84,0.07,BREAKEVEN,YES,5,6854.21
461,2024-09-13,16:35,16:55,LONG,2580.6,2576.04,2576.04,2586.53,2576.04,4.56,15.03,68.54,-68.54,-1,LOSS,NO,20,6785.66
462,2024-09-16,07:10,07:55,LONG,2585.99,2583.8,2583.8,2588.84,2585.7,2.19,30.98,67.86,-8.99,-0.13,LOSS,NO,45,6776.68
463,2024-09-16,08:00,08:40,LONG,2586.14,2583.86,2586.74,2589.1,2589.1,2.28,29.72,67.77,88.1,1.3,WIN,YES,40,6864.78
464,2024-09-16,08:35,08:50,LONG,2587.9,2585.96,2588.1,2590.42,2588.1,1.94,35.39,68.65,7.08,0.1,WIN,YES,15,6871.85
465,2024-09-16,09:25,09:55,LONG,2588.42,2585.8,2585.8,2591.83,2585.8,2.62,26.23,68.72,-68.72,-1,LOSS,NO,30,6803.13
466,2024-09-16,10:05,10:25,SHORT,2583,2586.6,2582.8,2578.32,2582.8,3.6,18.9,68.03,3.78,0.06,BREAKEVEN,YES,20,6806.91
467,2024-09-16,10:45,10:50,SHORT,2583.29,2585.74,2583.09,2580.11,2583.09,2.45,27.78,68.07,5.56,0.08,WIN,YES,5,6812.47
468,2024-09-16,11:30,12:15,SHORT,2587.59,2589.63,2587.39,2584.94,2586.81,2.04,33.39,68.12,26.05,0.38,WIN,YES,45,6838.52
469,2024-09-16,12:05,12:40,LONG,2587.19,2584.98,2584.98,2590.06,2584.98,2.21,30.94,68.39,-68.39,-1,LOSS,NO,35,6770.13
470,2024-09-16,13:00,13:25,LONG,2586.05,2583.45,2583.45,2589.43,2583.45,2.6,26.04,67.7,-67.7,-1,LOSS,NO,25,6702.43
471,2024-09-16,13:35,13:50,LONG,2579.61,2577.71,2577.71,2582.08,2577.71,1.9,35.28,67.02,-67.02,-1,LOSS,NO,15,6635.41
472,2024-09-16,14:15,14:25,LONG,2580.57,2578.38,2580.77,2583.42,2580.77,2.19,30.3,66.35,6.06,0.09,WIN,YES,10,6641.47
473,2024-09-16,14:55,15:15,LONG,2582.9,2580.5,2580.5,2586.02,2580.5,2.4,27.67,66.41,-66.41,-1,LOSS,NO,20,6575.05
474,2024-09-16,15:30,16:15,LONG,2581.7,2578.2,2583.4,2586.25,2584.5,3.5,18.79,65.75,52.6,0.8,WIN,YES,45,6627.65
475,2024-09-16,16:05,16:20,LONG,2583.96,2581.84,2584.16,2586.72,2584.16,2.12,31.26,66.28,6.25,0.09,WIN,YES,15,6633.91
476,2024-09-16,16:40,16:45,LONG,2582.5,2579.61,2582.7,2586.26,2582.7,2.89,22.95,66.34,4.59,0.07,BREAKEVEN,YES,5,6638.5
477,2024-09-17,07:20,07:30,LONG,2577.45,2575.3,2577.65,2580.24,2577.65,2.15,30.88,66.38,6.18,0.09,WIN,YES,10,6644.67
478,2024-09-17,08:00,08:25,SHORT,2576.29,2578.77,2576.09,2573.07,2576.09,2.48,26.79,66.45,5.36,0.08,WIN,YES,25,6650.03
479,2024-09-17,08:40,09:00,SHORT,2577.86,2580.4,2580.4,2574.56,2580.4,2.54,26.18,66.5,-66.5,-1,LOSS,NO,20,6583.53
480,2024-09-17,09:30,09:35,SHORT,2585.41,2587.48,2585.21,2582.72,2585.21,2.07,31.8,65.84,6.36,0.1,WIN,YES,5,6589.89
481,2024-09-17,10:05,10:50,SHORT,2584.32,2587.05,2587.05,2580.77,2583.25,2.73,24.14,65.9,25.83,0.39,WIN,NO,45,6615.72
482,2024-09-17,10:45,10:55,LONG,2584.67,2582.67,2582.67,2587.27,2582.67,2,33.08,66.16,-66.16,-1,LOSS,NO,10,6549.56
483,2024-09-17,11:20,11:50,SHORT,2582.12,2585.57,2579.43,2577.63,2577.63,3.45,18.98,65.5,85.14,1.3,WIN,YES,30,6634.71
484,2024-09-17,12:05,12:20,LONG,2577.36,2575.32,2575.32,2580.01,2575.32,2.04,32.52,66.35,-66.35,-1,LOSS,NO,15,6568.36
485,2024-09-17,12:40,13:25,LONG,2574.2,2570.74,2570.74,2578.7,2572.95,3.46,18.98,65.68,-23.73,-0.36,LOSS,NO,45,6544.63
486,2024-09-17,13:15,13:25,LONG,2573.66,2571.64,2571.64,2576.29,2571.64,2.02,32.4,65.45,-65.45,-1,LOSS,NO,10,6479.18
487,2024-09-17,13:55,14:20,LONG,2572.9,2570.67,2573.35,2575.8,2575.8,2.23,29.05,64.79,84.23,1.3,WIN,YES,25,6563.41
488,2024-09-17,14:35,15:05,LONG,2577.93,2574.22,2578.13,2582.75,2578.13,3.71,17.69,65.63,3.54,0.05,BREAKEVEN,YES,30,6566.95
489,2024-09-17,15:15,15:20,SHORT,2579.89,2583.01,2579.69,2575.83,2579.69,3.12,21.05,65.67,4.21,0.06,BREAKEVEN,YES,5,6571.16
490,2024-09-17,15:55,16:35,LONG,2577.64,2573.38,2573.38,2583.18,2573.38,4.26,15.43,65.71,-65.71,-1,LOSS,NO,40,6505.45
491,2024-09-17,16:30,16:40,LONG,2575.06,2571.93,2575.26,2579.13,2575.26,3.13,20.78,65.05,4.16,0.06,BREAKEVEN,YES,10,6509.61
492,2024-09-18,07:30,07:45,LONG,2572.42,2570.21,2570.21,2575.29,2570.21,2.21,29.46,65.1,-65.1,-1,LOSS,NO,15,6444.51
493,2024-09-18,08:15,09:00,LONG,2566.23,2564.24,2566.82,2568.82,2568.51,1.99,32.38,64.45,73.84,1.15,WIN,YES,45,6518.35
494,2024-09-18,08:50,09:10,LONG,2567.22,2564.97,2567.42,2570.14,2567.42,2.25,28.97,65.18,5.79,0.09,WIN,YES,20,6524.14
495,2024-09-18,09:25,10:10,LONG,2568.3,2565.76,2568.93,2571.6,2570.27,2.54,25.69,65.24,50.6,0.78,WIN,YES,45,6574.74
496,2024-09-18,10:00,10:45,SHORT,2569.23,2571.39,2571.39,2566.42,2569.74,2.16,30.44,65.75,-15.52,-0.24,LOSS,NO,45,6559.22
497,2024-09-18,10:35,10:50,LONG,2569.55,2567.42,2569.75,2572.32,2569.75,2.13,30.79,65.59,6.16,0.09,WIN,YES,15,6565.38
498,2024-09-18,11:15,12:00,LONG,2569.46,2567.01,2567.01,2572.64,2568.79,2.45,26.8,65.65,-17.95,-0.27,LOSS,NO,45,6547.42
499,2024-09-18,11:50,12:35,LONG,2570.19,2567.79,2567.79,2573.31,2569,2.4,27.28,65.47,-32.46,-0.5,LOSS,NO,45,6514.96
500,2024-09-18,12:25,13:00,SHORT,2569.3,2572.46,2572.46,2565.19,2572.46,3.16,20.62,65.15,-65.15,-1,LOSS,NO,35,6449.81
501,2024-09-18,13:35,14:20,LONG,2576.4,2573.65,2573.65,2579.97,2577.45,2.75,23.45,64.5,24.63,0.38,WIN,NO,45,6474.43
502,2024-09-18,14:10,14:40,SHORT,2576.45,2578.55,2578.55,2573.72,2578.55,2.1,30.83,64.74,-64.74,-1,LOSS,NO,30,6409.69
503,2024-09-18,14:45,15:00,SHORT,2578.78,2582.12,2578.58,2574.44,2578.58,3.34,19.19,64.1,3.84,0.06,BREAKEVEN,YES,15,6413.53
504,2024-09-18,15:20,15:30,SHORT,2576.02,2579.02,2575.82,2572.12,2575.82,3,21.38,64.14,4.28,0.07,BREAKEVEN,YES,10,6417.8
505,2024-09-18,16:05,16:30,LONG,2577.81,2575.27,2575.27,2581.11,2575.27,2.54,25.27,64.18,-64.18,-1,LOSS,NO,25,6353.63
506,2024-09-18,16:40,16:50,LONG,2573.21,2570.26,2570.26,2577.04,2570.26,2.95,21.54,63.54,-63.54,-1,LOSS,NO,10,6290.09
507,2024-09-19,07:10,07:25,SHORT,2562.13,2564.54,2561.93,2559,2561.93,2.41,26.1,62.9,5.22,0.08,WIN,YES,15,6295.31
508,2024-09-19,08:10,08:35,SHORT,2567.13,2569.57,2569.57,2563.96,2569.57,2.44,25.8,62.95,-62.95,-1,LOSS,NO,25,6232.36
509,2024-09-19,08:45,08:55,SHORT,2570.14,2573.23,2573.23,2566.12,2573.23,3.09,20.17,62.32,-62.32,-1,LOSS,NO,10,6170.03
510,2024-09-19,09:20,09:25,SHORT,2577.51,2580.16,2577.31,2574.07,2577.31,2.65,23.28,61.7,4.66,0.08,BREAKEVEN,YES,5,6174.69
511,2024-09-19,09:55,10:05,SHORT,2575.73,2578.21,2578.21,2572.51,2578.21,2.48,24.9,61.75,-61.75,-1,LOSS,NO,10,6112.94
512,2024-09-19,10:30,10:55,LONG,2579.14,2575.64,2580.97,2583.69,2583.69,3.5,17.47,61.13,79.47,1.3,WIN,YES,25,6192.41
513,2024-09-19,11:05,11:50,LONG,2582.6,2580.04,2582.8,2585.93,2584.46,2.56,24.19,61.92,44.99,0.73,WIN,YES,45,6237.4
514,2024-09-19,11:45,11:55,LONG,2584.18,2580.9,2584.38,2588.44,2584.38,3.28,19.02,62.37,3.8,0.06,BREAKEVEN,YES,10,6241.21
515,2024-09-19,12:20,12:30,SHORT,2589.86,2593.72,2593.72,2584.84,2593.72,3.86,16.17,62.41,-62.41,-1,LOSS,NO,10,6178.79
516,2024-09-19,12:55,13:10,LONG,2591.73,2589.61,2589.61,2594.49,2589.61,2.12,29.15,61.79,-61.79,-1,LOSS,NO,15,6117.01
517,2024-09-19,13:45,14:10,SHORT,2588.06,2590.6,2587.24,2584.76,2584.76,2.54,24.08,61.17,79.52,1.3,WIN,YES,25,6196.53
518,2024-09-19,14:20,14:35,SHORT,2585.66,2588.36,2588.36,2582.15,2588.36,2.7,22.95,61.97,-61.97,-1,LOSS,NO,15,6134.56
519,2024-09-19,15:00,15:30,LONG,2589.57,2586.93,2586.93,2593,2586.93,2.64,23.24,61.35,-61.35,-1,LOSS,NO,30,6073.22
520,2024-09-19,15:55,16:05,SHORT,2576.71,2580.39,2580.39,2571.93,2580.39,3.68,16.5,60.73,-60.73,-1,LOSS,NO,10,6012.48
521,2024-09-19,16:35,16:40,SHORT,2579.06,2582.65,2578.86,2574.39,2574.39,3.59,16.75,60.12,78.16,1.3,WIN,YES,5,6090.65
522,2024-09-20,07:05,07:50,SHORT,2591.71,2595.49,2595.49,2586.8,2593.1,3.78,16.11,60.91,-22.4,-0.37,LOSS,NO,45,6068.25
523,2024-09-20,07:45,08:30,LONG,2593.7,2591.87,2591.87,2596.08,2593.78,1.83,33.16,60.68,2.65,0.04,BREAKEVEN,NO,45,6070.9
524,2024-09-20,08:25,08:30,LONG,2593.03,2590.93,2593.23,2595.76,2593.23,2.1,28.91,60.71,5.78,0.1,WIN,YES,5,6076.68
525,2024-09-20,09:10,09:35,LONG,2597.14,2594.84,2598.02,2600.13,2598.02,2.3,26.42,60.77,23.25,0.38,WIN,YES,25,6099.93
526,2024-09-20,09:55,10:05,LONG,2605.35,2601.43,2605.55,2610.45,2605.55,3.92,15.56,61,3.11,0.05,BREAKEVEN,YES,10,6103.05
527,2024-09-20,10:30,10:45,SHORT,2606.48,2609.05,2606.28,2603.14,2606.28,2.57,23.75,61.03,4.75,0.08,BREAKEVEN,YES,15,6107.8
528,2024-09-20,11:05,11:30,LONG,2606.8,2604.4,2608.34,2609.92,2609.92,2.4,25.45,61.08,79.4,1.3,WIN,YES,25,6187.2
529,2024-09-20,11:40,11:55,LONG,2612.32,2609.88,2609.88,2615.49,2609.88,2.44,25.36,61.87,-61.87,-1,LOSS,NO,15,6125.33
530,2024-09-20,12:15,12:20,SHORT,2608.99,2611.08,2608.79,2606.27,2608.79,2.09,29.31,61.25,5.86,0.1,WIN,YES,5,6131.19
531,2024-09-20,13:15,13:20,SHORT,2608.42,2610.24,2608.22,2606.05,2608.22,1.82,33.69,61.31,6.74,0.11,WIN,YES,5,6137.92
532,2024-09-20,13:50,14:20,SHORT,2613.01,2615.6,2612.81,2609.64,2612.81,2.59,23.7,61.38,4.74,0.08,BREAKEVEN,YES,30,6142.66
533,2024-09-20,14:25,14:40,SHORT,2610.95,2614.18,2614.18,2606.75,2614.18,3.23,19.02,61.43,-61.43,-1,LOSS,NO,15,6081.24
534,2024-09-20,15:05,15:20,SHORT,2614.61,2617.81,2617.81,2610.45,2617.81,3.2,19,60.81,-60.81,-1,LOSS,NO,15,6020.42
535,2024-09-20,15:40,16:00,LONG,2616.69,2613.82,2613.82,2620.42,2613.82,2.87,20.98,60.2,-60.2,-1,LOSS,NO,20,5960.22
536,2024-09-20,16:20,16:30,SHORT,2611.3,2615.58,2611.1,2605.74,2605.74,4.28,13.93,59.6,77.48,1.3,WIN,YES,10,6037.7
537,2024-09-20,16:55,17:05,SHORT,2606.54,2609.44,2609.44,2602.77,2609.44,2.9,20.82,60.38,-60.38,-1,LOSS,NO,10,5977.33
538,2024-09-23,07:20,08:05,LONG,2629.48,2627.49,2627.49,2632.07,2628.03,1.99,30.04,59.77,-43.55,-0.73,LOSS,NO,45,5933.77
539,2024-09-23,07:55,08:10,LONG,2629.32,2627.34,2627.34,2631.89,2627.34,1.98,29.97,59.34,-59.34,-1,LOSS,NO,15,5874.44
540,2024-09-23,08:35,08:45,SHORT,2628.83,2630.93,2630.93,2626.1,2630.93,2.1,27.97,58.74,-58.74,-1,LOSS,NO,10,5815.69
541,2024-09-23,09:10,09:40,LONG,2629.39,2626.17,2626.17,2633.58,2626.17,3.22,18.06,58.16,-58.16,-1,LOSS,NO,30,5757.53
542,2024-09-23,09:45,10:00,SHORT,2625.95,2628.68,2625.71,2622.4,2622.4,2.73,21.09,57.58,74.85,1.3,WIN,YES,15,5832.38
543,2024-09-23,10:25,10:35,LONG,2619.27,2616.58,2616.58,2622.77,2616.58,2.69,21.68,58.32,-58.32,-1,LOSS,NO,10,5774.06
544,2024-09-23,11:10,11:20,LONG,2616.89,2614.13,2617.09,2620.48,2617.09,2.76,20.92,57.74,4.18,0.07,BREAKEVEN,YES,10,5778.24
545,2024-09-23,11:55,12:25,LONG,2616.74,2614.88,2617.41,2619.16,2619.16,1.86,31.07,57.78,75.12,1.3,WIN,YES,30,5853.36
546,2024-09-23,12:30,13:05,LONG,2618.74,2616.04,2620.6,2622.25,2622.25,2.7,21.68,58.53,76.09,1.3,WIN,YES,35,5929.45
547,2024-09-23,13:05,13:20,LONG,2621.6,2619.16,2621.8,2624.77,2621.8,2.44,24.3,59.29,4.86,0.08,BREAKEVEN,YES,15,5934.31
548,2024-09-23,14:05,14:30,LONG,2623.02,2620.28,2623.22,2626.58,2623.22,2.74,21.66,59.34,4.33,0.07,BREAKEVEN,YES,25,5938.65
549,2024-09-23,14:45,15:30,LONG,2624.17,2619.33,2619.33,2630.46,2622.38,4.84,12.27,59.39,-21.96,-0.37,LOSS,NO,45,5916.68
550,2024-09-23,15:20,15:40,SHORT,2620.47,2623.76,2623.76,2616.19,2623.76,3.29,17.98,59.17,-59.17,-1,LOSS,NO,20,5857.52
551,2024-09-23,16:00,16:15,LONG,2627.17,2623.99,2627.37,2631.3,2627.37,3.18,18.42,58.58,3.68,0.06,BREAKEVEN,YES,15,5861.2
552,2024-09-23,16:40,16:45,SHORT,2629.58,2633.17,2629.38,2624.91,2629.38,3.59,16.33,58.61,3.27,0.06,BREAKEVEN,YES,5,5864.46
553,2024-09-24,07:30,07:55,LONG,2635.13,2633.17,2636.08,2637.68,2637.68,1.96,29.92,58.64,76.24,1.3,WIN,YES,25,5940.7
554,2024-09-24,08:05,08:25,LONG,2637.91,2635.14,2638.11,2641.51,2638.11,2.77,21.45,59.41,4.29,0.07,BREAKEVEN,YES,20,5944.99
555,2024-09-24,08:45,08:55,LONG,2631.92,2627.95,2627.95,2637.08,2627.95,3.97,14.97,59.45,-59.45,-1,LOSS,NO,10,5885.54
556,2024-09-24,09:40,09:45,SHORT,2626.05,2628.48,2628.48,2622.89,2628.48,2.43,24.22,58.86,-58.86,-1,LOSS,NO,5,5826.69
557,2024-09-24,10:15,10:25,SHORT,2629.1,2631.31,2628.9,2626.23,2628.9,2.21,26.37,58.27,5.27,0.09,WIN,YES,10,5831.96
558,2024-09-24,10:55,11:25,LONG,2628.85,2626.8,2626.8,2631.51,2626.8,2.05,28.45,58.32,-58.32,-1,LOSS,NO,30,5773.64
559,2024-09-24,11:35,12:15,SHORT,2628.67,2630.85,2628.47,2625.84,2628.47,2.18,26.48,57.74,5.3,0.09,WIN,YES,40,5778.94
560,2024-09-24,12:10,12:55,SHORT,2628.34,2631.38,2631.38,2624.39,2630.68,3.04,19.01,57.79,-44.48,-0.77,LOSS,NO,45,5734.45
561,2024-09-24,12:50,13:05,SHORT,2630.19,2632.26,2632.26,2627.5,2632.26,2.07,27.7,57.34,-57.34,-1,LOSS,NO,15,5677.11
562,2024-09-24,13:30,13:45,LONG,2634.2,2631.52,2634.4,2637.68,2634.4,2.68,21.18,56.77,4.24,0.07,BREAKEVEN,YES,15,5681.35
563,2024-09-24,14:05,14:35,LONG,2630.33,2627.19,2627.19,2634.41,2627.19,3.14,18.09,56.81,-56.81,-1,LOSS,NO,30,5624.53
564,2024-09-24,14:45,15:30,LONG,2626.3,2621.78,2626.5,2632.18,2628.96,4.52,12.44,56.25,33.1,0.59,WIN,YES,45,5657.63
565,2024-09-24,15:25,15:50,SHORT,2627.18,2630.4,2630.4,2622.99,2630.4,3.22,17.57,56.58,-56.58,-1,LOSS,NO,25,5601.06
566,2024-09-24,16:00,16:45,LONG,2634.33,2629.33,2629.33,2640.83,2632.46,5,11.2,56.01,-20.95,-0.37,LOSS,NO,45,5580.11
567,2024-09-24,16:35,17:00,SHORT,2633.39,2637.39,2637.39,2628.19,2637.39,4,13.95,55.8,-55.8,-1,LOSS,NO,25,5524.31
568,2024-09-25,07:05,07:20,LONG,2661.5,2658.96,2658.96,2664.8,2658.96,2.54,21.75,55.24,-55.24,-1,LOSS,NO,15,5469.06
569,2024-09-25,07:50,08:10,SHORT,2659.63,2661.66,2659.43,2656.99,2659.43,2.03,26.94,54.69,5.39,0.1,WIN,YES,20,5474.45
570,2024-09-25,08:30,08:50,LONG,2657.32,2654.73,2654.73,2660.69,2654.73,2.59,21.14,54.74,-54.74,-1,LOSS,NO,20,5419.71
571,2024-09-25,09:10,09:55,LONG,2655.34,2651.92,2651.92,2659.79,2654.63,3.42,15.85,54.2,-11.25,-0.21,LOSS,NO,45,5408.46
572,2024-09-25,09:55,10:10,SHORT,2654.63,2657.35,2654.25,2651.09,2654.25,2.72,19.88,54.08,7.56,0.14,WIN,YES,15,5416.01
573,2024-09-25,10:30,10:50,SHORT,2654.33,2656.48,2656.48,2651.53,2656.48,2.15,25.19,54.16,-54.16,-1,LOSS,NO,20,5361.85
574,2024-09-25,11:10,11:30,LONG,2656.15,2654.14,2656.35,2658.76,2656.35,2.01,26.68,53.62,5.34,0.1,WIN,YES,20,5367.19
575,2024-09-25,12:05,12:35,SHORT,2654.02,2656.43,2656.43,2650.89,2656.43,2.41,22.27,53.67,-53.67,-1,LOSS,NO,30,5313.52
576,2024-09-25,13:35,13:55,LONG,2657.12,2655.04,2655.04,2659.82,2655.04,2.08,25.55,53.14,-53.14,-1,LOSS,NO,20,5260.38
577,2024-09-25,14:30,14:55,LONG,2654.67,2652.33,2655.76,2657.71,2657.71,2.34,22.48,52.6,68.38,1.3,WIN,YES,25,5328.77
578,2024-09-25,15:05,15:50,SHORT,2658.36,2662.11,2662.11,2653.49,2659.05,3.75,14.21,53.29,-9.8,-0.18,LOSS,NO,45,5318.96
579,2024-09-25,15:40,16:00,SHORT,2657.83,2660.48,2660.48,2654.38,2660.48,2.65,20.07,53.19,-53.19,-1,LOSS,NO,20,5265.77
580,2024-09-25,16:15,16:40,LONG,2664.56,2660.77,2660.77,2669.49,2660.77,3.79,13.89,52.66,-52.66,-1,LOSS,NO,25,5213.11
581,2024-09-25,16:50,17:35,LONG,2664.56,2660.61,2664.76,2669.69,2664.76,3.95,13.2,52.13,2.64,0.05,BREAKEVEN,YES,45,5215.75
582,2024-09-26,07:15,08:00,SHORT,2661.7,2663.71,2661.39,2659.09,2659.93,2.01,25.95,52.16,45.93,0.88,WIN,YES,45,5261.68
583,2024-09-26,08:25,08:50,LONG,2663.24,2660.51,2660.51,2666.79,2660.51,2.73,19.27,52.62,-52.62,-1,LOSS,NO,25,5209.07
584,2024-09-26,09:00,09:10,LONG,2660.79,2658.63,2658.63,2663.6,2658.63,2.16,24.12,52.09,-52.09,-1,LOSS,NO,10,5156.98
585,2024-09-26,09:35,10:00,SHORT,2660.75,2663.13,2663.13,2657.66,2663.13,2.38,21.67,51.57,-51.57,-1,LOSS,NO,25,5105.41
586,2024-09-26,10:15,10:25,LONG,2660.28,2658.08,2660.48,2663.14,2660.48,2.2,23.21,51.05,4.64,0.09,BREAKEVEN,YES,10,5110.05
587,2024-09-26,10:50,11:15,SHORT,2665.81,2667.98,2667.98,2662.99,2667.98,2.17,23.55,51.1,-51.1,-1,LOSS,NO,25,5058.95
588,2024-09-26,11:35,11:50,LONG,2669.92,2667.51,2667.51,2673.05,2667.51,2.41,20.99,50.59,-50.59,-1,LOSS,NO,15,5008.36
589,2024-09-26,12:10,12:55,SHORT,2667.94,2670,2670,2665.26,2668.79,2.06,24.31,50.08,-20.67,-0.41,LOSS,NO,45,4987.69
590,2024-09-26,13:00,13:20,SHORT,2668.83,2671.08,2671.08,2665.9,2671.08,2.25,22.17,49.88,-49.88,-1,LOSS,NO,20,4937.81
591,2024-09-26,13:35,13:55,LONG,2672.02,2668.94,2673.84,2676.02,2673.84,3.08,16.03,49.38,29.18,0.59,WIN,YES,20,4966.99
592,2024-09-26,14:10,14:30,LONG,2678.23,2675.49,2678.43,2681.79,2678.43,2.74,18.13,49.67,3.63,0.07,BREAKEVEN,YES,20,4970.62
593,2024-09-26,14:50,14:55,SHORT,2683.88,2686.86,2683.68,2680.01,2683.68,2.98,16.68,49.71,3.34,0.07,BREAKEVEN,YES,5,4973.95
594,2024-09-26,15:25,15:30,SHORT,2678.17,2681.46,2677.97,2673.89,2673.89,3.29,15.12,49.74,64.66,1.3,WIN,YES,5,5038.62
595,2024-09-26,16:05,16:10,SHORT,2670.79,2675.16,2670.59,2665.11,2665.11,4.37,11.53,50.39,65.5,1.3,WIN,YES,5,5104.12
596,2024-09-26,16:50,17:00,LONG,2659.95,2653.2,2660.15,2668.72,2660.15,6.75,7.56,51.04,1.51,0.03,BREAKEVEN,YES,10,5105.63
597,2024-09-27,07:00,07:10,LONG,2673.34,2671.39,2671.39,2675.88,2671.39,1.95,26.18,51.06,-51.06,-1,LOSS,NO,10,5054.57
598,2024-09-27,08:00,08:15,LONG,2670.41,2668.46,2668.46,2672.94,2668.46,1.95,25.92,50.55,-50.55,-1,LOSS,NO,15,5004.03
599,2024-09-27,08:40,09:00,SHORT,2662.78,2665.22,2665.22,2659.61,2665.22,2.44,20.51,50.04,-50.04,-1,LOSS,NO,20,4953.99
600,2024-09-27,09:20,09:25,SHORT,2668.37,2670.95,2668.17,2665.02,2668.17,2.58,19.2,49.54,3.84,0.08,BREAKEVEN,YES,5,4957.83
601,2024-09-27,09:55,10:05,SHORT,2665.76,2668.09,2668.09,2662.73,2668.09,2.33,21.28,49.58,-49.58,-1,LOSS,NO,10,4908.25
602,2024-09-27,10:30,10:40,SHORT,2661.8,2664.98,2664.98,2657.67,2664.98,3.18,15.43,49.08,-49.08,-1,LOSS,NO,10,4859.17
603,2024-09-27,11:05,11:50,LONG,2664.76,2661.1,2661.1,2669.52,2663.11,3.66,13.28,48.59,-21.91,-0.45,LOSS,NO,45,4837.26
604,2024-09-27,11:50,12:05,LONG,2663.11,2660.98,2660.98,2665.88,2660.98,2.13,22.71,48.37,-48.37,-1,LOSS,NO,15,4788.89
605,2024-09-27,12:25,12:35,SHORT,2660.06,2662.47,2662.47,2656.93,2662.47,2.41,19.87,47.89,-47.89,-1,LOSS,NO,10,4741
606,2024-09-27,13:15,13:20,LONG,2663.55,2661.05,2663.75,2666.8,2663.75,2.5,18.96,47.41,3.79,0.08,BREAKEVEN,YES,5,4744.79
607,2024-09-27,14:20,15:00,SHORT,2667.69,2669.68,2667.02,2665.1,2665.1,1.99,23.84,47.45,61.68,1.3,WIN,YES,40,4806.47
608,2024-09-27,14:55,15:05,LONG,2666.02,2663.95,2663.95,2668.71,2663.95,2.07,23.22,48.06,-48.06,-1,LOSS,NO,10,4758.41
609,2024-09-27,15:40,16:05,LONG,2671.65,2666.94,2666.94,2677.77,2666.94,4.71,10.1,47.58,-47.58,-1,LOSS,NO,25,4710.83
610,2024-09-27,16:15,16:25,LONG,2670.31,2666.13,2666.13,2675.74,2666.13,4.18,11.27,47.11,-47.11,-1,LOSS,NO,10,4663.72
611,2024-09-27,16:50,17:00,SHORT,2665.83,2668.59,2665.63,2662.24,2665.63,2.76,16.9,46.64,3.38,0.07,BREAKEVEN,YES,10,4667.1
612,2024-09-30,07:35,08:00,SHORT,2653.89,2655.84,2655.84,2651.35,2655.84,1.95,23.93,46.67,-46.67,-1,LOSS,NO,25,4620.43
613,2024-09-30,08:30,09:15,LONG,2657.54,2654.72,2654.72,2661.21,2655.74,2.82,16.38,46.2,-29.49,-0.64,LOSS,NO,45,4590.93
614,2024-09-30,09:10,09:15,SHORT,2657.61,2660.01,2657.41,2654.49,2657.41,2.4,19.13,45.91,3.83,0.08,BREAKEVEN,YES,5,4594.76
615,2024-09-30,09:50,10:00,LONG,2657.33,2654.95,2657.53,2660.42,2657.53,2.38,19.31,45.95,3.86,0.08,BREAKEVEN,YES,10,4598.62
616,2024-09-30,11:10,11:25,SHORT,2653.26,2655.69,2655.69,2650.1,2655.69,2.43,18.92,45.99,-45.99,-1,LOSS,NO,15,4552.63
617,2024-09-30,11:50,12:00,SHORT,2652.44,2655.56,2652.24,2648.38,2652.24,3.12,14.59,45.53,2.92,0.06,BREAKEVEN,YES,10,4555.55
618,2024-09-30,12:25,13:10,SHORT,2650.31,2652.89,2650.05,2646.96,2648.65,2.58,17.66,45.56,29.31,0.64,WIN,YES,45,4584.86
619,2024-09-30,13:05,13:20,LONG,2649.13,2646.05,2646.05,2653.13,2646.05,3.08,14.89,45.85,-45.85,-1,LOSS,NO,15,4539.01
620,2024-09-30,13:40,13:45,LONG,2639.41,2637.06,2639.61,2642.46,2639.61,2.35,19.31,45.39,3.86,0.09,BREAKEVEN,YES,5,4542.88
621,2024-09-30,14:15,14:30,SHORT,2638.03,2640.79,2640.79,2634.44,2640.79,2.76,16.46,45.43,-45.43,-1,LOSS,NO,15,4497.45
622,2024-09-30,14:50,15:10,LONG,2641.95,2639.59,2642.15,2645.02,2642.15,2.36,19.06,44.97,3.81,0.08,BREAKEVEN,YES,20,4501.26
623,2024-09-30,15:25,15:40,LONG,2637.59,2635.16,2635.16,2640.75,2635.16,2.43,18.52,45.01,-45.01,-1,LOSS,NO,15,4456.25
624,2024-09-30,16:10,16:20,LONG,2638.9,2635.81,2639.1,2642.92,2639.1,3.09,14.42,44.56,2.88,0.06,BREAKEVEN,YES,10,4459.13
625,2024-09-30,16:45,16:50,SHORT,2633.23,2636.46,2636.46,2629.03,2636.46,3.23,13.81,44.59,-44.59,-1,LOSS,NO,5,4414.54
626,2024-10-01,07:00,07:45,LONG,2638.08,2635.79,2638.28,2641.06,2639.13,2.29,19.28,44.15,20.24,0.46,WIN,YES,45,4434.78
627,2024-10-01,07:40,08:10,SHORT,2639.93,2641.81,2641.81,2637.49,2641.81,1.88,23.59,44.35,-44.35,-1,LOSS,NO,30,4390.43
628,2024-10-01,08:15,09:00,LONG,2642.67,2640.34,2640.34,2645.7,2643.27,2.33,18.84,43.9,11.31,0.26,WIN,NO,45,4401.74
629,2024-10-01,08:50,09:35,SHORT,2642.38,2645.74,2645.74,2638.01,2644.58,3.36,13.1,44.02,-28.82,-0.65,LOSS,NO,45,4372.92
630,2024-10-01,09:25,10:10,SHORT,2644.52,2646.96,2646.96,2641.35,2643.07,2.44,17.92,43.73,25.99,0.59,WIN,NO,45,4398.91
631,2024-10-01,10:00,10:40,SHORT,2644.38,2647.35,2644.18,2640.52,2644.18,2.97,14.81,43.99,2.96,0.07,BREAKEVEN,YES,40,4401.87
632,2024-10-01,10:35,11:15,LONG,2643.75,2640.1,2643.95,2648.49,2643.95,3.65,12.06,44.02,2.41,0.05,BREAKEVEN,YES,40,4404.28
633,2024-10-01,11:10,11:15,SHORT,2644.28,2646.56,2644.08,2641.32,2644.08,2.28,19.32,44.04,3.86,0.09,BREAKEVEN,YES,5,4408.14
634,2024-10-01,12:00,12:30,SHORT,2646.1,2648.76,2648.76,2642.64,2648.76,2.66,16.57,44.08,-44.08,-1,LOSS,NO,30,4364.06
635,2024-10-01,12:45,13:30,LONG,2648.1,2644.45,2644.45,2652.85,2649.17,3.65,11.96,43.64,12.79,0.29,WIN,NO,45,4376.86
636,2024-10-01,13:20,14:05,LONG,2649.48,2647.56,2649.68,2651.98,2650.71,1.92,22.8,43.77,28.04,0.64,WIN,YES,45,4404.89
637,2024-10-01,14:00,14:25,LONG,2650.06,2647.8,2647.8,2653,2647.8,2.26,19.49,44.05,-44.05,-1,LOSS,NO,25,4360.85
638,2024-10-01,15:10,15:25,SHORT,2654.22,2656.57,2656.57,2651.16,2656.57,2.35,18.56,43.61,-43.61,-1,LOSS,NO,15,4317.24
639,2024-10-01,15:45,15:55,LONG,2654.09,2651.42,2651.42,2657.56,2651.42,2.67,16.17,43.17,-43.17,-1,LOSS,NO,10,4274.06
640,2024-10-01,16:25,16:30,LONG,2653.85,2650.14,2654.05,2658.67,2658.67,3.71,11.52,42.74,55.56,1.3,WIN,YES,5,4329.63
641,2024-10-02,07:00,07:20,SHORT,2655.86,2657.88,2655.66,2653.23,2653.23,2.02,21.43,43.3,56.29,1.3,WIN,YES,20,4385.91
642,2024-10-02,07:55,08:25,SHORT,2654.07,2656.37,2653.87,2651.08,2651.08,2.3,19.07,43.86,57.02,1.3,WIN,YES,30,4442.93
643,2024-10-02,08:30,08:35,SHORT,2648.61,2651.61,2648.41,2644.71,2648.41,3,14.81,44.43,2.96,0.07,BREAKEVEN,YES,5,4445.89
644,2024-10-02,09:05,09:30,LONG,2647.95,2645.83,2648.15,2650.71,2648.15,2.12,20.97,44.46,4.19,0.09,BREAKEVEN,YES,25,4450.09
645,2024-10-02,09:40,10:00,SHORT,2649.26,2651.28,2651.28,2646.63,2651.28,2.02,22.03,44.5,-44.5,-1,LOSS,NO,20,4405.59
646,2024-10-02,10:15,10:30,LONG,2652.56,2650.43,2652.76,2655.33,2652.76,2.13,20.68,44.06,4.14,0.09,BREAKEVEN,YES,15,4409.72
647,2024-10-02,10:50,11:10,LONG,2654.5,2651.92,2651.92,2657.85,2651.92,2.58,17.09,44.1,-44.1,-1,LOSS,NO,20,4365.62
648,2024-10-02,11:25,11:45,LONG,2651.85,2648.97,2652.05,2655.59,2652.05,2.88,15.16,43.66,3.03,0.07,BREAKEVEN,YES,20,4368.66
649,2024-10-02,12:00,12:05,LONG,2652.18,2650.25,2652.38,2654.69,2652.38,1.93,22.64,43.69,4.53,0.1,BREAKEVEN,YES,5,4373.18
650,2024-10-02,12:35,13:20,LONG,2652.99,2650.32,2650.32,2656.46,2652.81,2.67,16.38,43.73,-2.95,-0.07,BREAKEVEN,NO,45,4370.24
651,2024-10-02,13:20,13:55,LONG,2652.81,2649.81,2649.81,2656.71,2649.81,3,14.57,43.7,-43.7,-1,LOSS,NO,35,4326.53
652,2024-10-02,14:00,14:25,LONG,2649.07,2646.84,2650.61,2651.97,2651.97,2.23,19.4,43.27,56.24,1.3,WIN,YES,25,4382.78
653,2024-10-02,14:35,15:00,LONG,2651.4,2648.73,2648.73,2654.87,2648.73,2.67,16.41,43.83,-43.83,-1,LOSS,NO,25,4338.95
654,2024-10-02,15:10,15:15,SHORT,2649.92,2652.62,2649.72,2646.41,2646.41,2.7,16.07,43.39,56.41,1.3,WIN,YES,5,4395.36
655,2024-10-02,15:45,15:50,LONG,2649.08,2646.36,2649.28,2652.62,2649.28,2.72,16.16,43.95,3.23,0.07,BREAKEVEN,YES,5,4398.59
656,2024-10-02,16:30,16:40,SHORT,2657.84,2661.08,2657.64,2653.63,2653.63,3.24,13.58,43.99,57.18,1.3,WIN,YES,10,4455.77
657,2024-10-03,07:50,08:35,SHORT,2655.27,2657.72,2653.66,2652.09,2652.09,2.45,18.19,44.56,57.93,1.3,WIN,YES,45,4513.69
658,2024-10-03,08:30,09:15,SHORT,2652.25,2654.42,2654.42,2649.43,2654.42,2.17,20.8,45.14,-45.14,-1,LOSS,NO,45,4468.56
659,2024-10-03,09:05,09:20,LONG,2652.83,2650.1,2654.1,2656.38,2656.38,2.73,16.37,44.69,58.09,1.3,WIN,YES,15,4526.65
660,2024-10-03,09:50,10:05,LONG,2655.89,2653.93,2653.93,2658.44,2653.93,1.96,23.1,45.27,-45.27,-1,LOSS,NO,15,4481.38
661,2024-10-03,10:30,10:40,LONG,2649.16,2645.83,2645.83,2653.49,2645.83,3.33,13.46,44.81,-44.81,-1,LOSS,NO,10,4436.57
662,2024-10-03,11:05,11:35,SHORT,2645.66,2648.84,2644.8,2641.53,2644.8,3.18,13.95,44.37,12,0.27,WIN,YES,30,4448.57
663,2024-10-03,11:40,12:00,LONG,2645.22,2642.72,2642.72,2648.47,2642.72,2.5,17.79,44.49,-44.49,-1,LOSS,NO,20,4404.08
664,2024-10-03,12:15,12:25,LONG,2642.73,2640.55,2642.93,2645.56,2642.93,2.18,20.2,44.04,4.04,0.09,BREAKEVEN,YES,10,4408.12
665,2024-10-03,13:10,13:35,LONG,2644.93,2642.44,2645.13,2648.17,2645.13,2.49,17.7,44.08,3.54,0.08,BREAKEVEN,YES,25,4411.66
666,2024-10-03,13:55,14:15,LONG,2646.66,2644.47,2644.47,2649.51,2644.47,2.19,20.14,44.12,-44.12,-1,LOSS,NO,20,4367.55
667,2024-10-03,14:50,15:30,LONG,2648.12,2644.74,2648.32,2652.51,2652.51,3.38,12.92,43.68,56.78,1.3,WIN,YES,40,4424.32
668,2024-10-03,15:25,15:30,SHORT,2650.15,2652.91,2649.95,2646.56,2649.95,2.76,16.03,44.24,3.21,0.07,BREAKEVEN,YES,5,4427.53
669,2024-10-03,16:05,16:10,LONG,2643.45,2640.66,2643.65,2647.08,2643.65,2.79,15.87,44.28,3.17,0.07,BREAKEVEN,YES,5,4430.7
670,2024-10-03,16:40,16:50,LONG,2648.95,2645.94,2645.94,2652.86,2645.94,3.01,14.72,44.31,-44.31,-1,LOSS,NO,10,4386.4
671,2024-10-04,07:15,07:30,LONG,2662.15,2659.91,2662.35,2665.06,2665.06,2.24,19.58,43.86,57.02,1.3,WIN,YES,15,4443.42
672,2024-10-04,08:45,09:25,LONG,2666.99,2664.64,2664.64,2670.04,2664.64,2.35,18.91,44.43,-44.43,-1,LOSS,NO,40,4398.99
673,2024-10-04,09:50,09:55,LONG,2662.17,2660.14,2660.14,2664.81,2660.14,2.03,21.67,43.99,-43.99,-1,LOSS,NO,5,4355
674,2024-10-04,10:25,11:10,SHORT,2661.98,2664.52,2661.78,2658.68,2661.21,2.54,17.15,43.55,13.2,0.3,WIN,YES,45,4368.2
675,2024-10-04,11:05,11:50,SHORT,2659.54,2662,2662,2656.34,2658.98,2.46,17.76,43.68,9.94,0.23,WIN,NO,45,4378.14
676,2024-10-04,11:40,12:15,SHORT,2660.51,2662.76,2659.6,2657.59,2657.59,2.25,19.46,43.78,56.92,1.3,WIN,YES,35,4435.06
677,2024-10-04,12:15,13:00,SHORT,2658.02,2660.3,2660.3,2655.06,2658.34,2.28,19.45,44.35,-6.22,-0.14,LOSS,NO,45,4428.83
678,2024-10-04,13:30,13:50,LONG,2658.94,2656.84,2659.14,2661.67,2659.14,2.1,21.09,44.29,4.22,0.1,BREAKEVEN,YES,20,4433.05
679,2024-10-04,14:20,15:00,LONG,2659.13,2656.55,2660.37,2662.48,2660.37,2.58,17.18,44.33,21.31,0.48,WIN,YES,40,4454.36
680,2024-10-04,14:55,15:00,SHORT,2661.21,2663.92,2661.01,2657.69,2661.01,2.71,16.44,44.54,3.29,0.07,BREAKEVEN,YES,5,4457.64
681,2024-10-04,15:35,15:50,SHORT,2642.78,2648.62,2642.58,2635.19,2642.58,5.84,7.63,44.58,1.53,0.03,BREAKEVEN,YES,15,4459.17
682,2024-10-04,16:10,16:25,LONG,2648.81,2644.28,2649.01,2654.7,2649.01,4.53,9.84,44.59,1.97,0.04,BREAKEVEN,YES,15,4461.14
683,2024-10-04,16:45,16:50,LONG,2651.84,2647.89,2652.04,2656.98,2652.04,3.95,11.29,44.61,2.26,0.05,BREAKEVEN,YES,5,4463.4
684,2024-10-07,07:20,08:05,LONG,2648.13,2645.59,2645.59,2651.43,2646.43,2.54,17.57,44.63,-29.87,-0.67,LOSS,NO,45,4433.53
685,2024-10-07,08:25,08:45,LONG,2643.27,2641.44,2641.44,2645.65,2641.44,1.83,24.23,44.34,-44.34,-1,LOSS,NO,20,4389.19
686,2024-10-07,09:10,09:50,SHORT,2641.56,2643.89,2643.89,2638.53,2643.89,2.33,18.84,43.89,-43.89,-1,LOSS,NO,40,4345.3
687,2024-10-07,09:45,10:10,LONG,2643.23,2640.76,2643.43,2646.44,2643.43,2.47,17.59,43.45,3.52,0.08,BREAKEVEN,YES,25,4348.82
688,2024-10-07,10:55,11:05,SHORT,2652.06,2654.34,2654.34,2649.1,2654.34,2.28,19.07,43.49,-43.49,-1,LOSS,NO,10,4305.33
689,2024-10-07,11:35,12:20,SHORT,2653.49,2656.36,2653.29,2649.76,2652.43,2.87,15,43.05,15.9,0.37,WIN,YES,45,4321.23
690,2024-10-07,12:10,12:45,SHORT,2652.04,2654.27,2654.27,2649.14,2654.27,2.23,19.38,43.21,-43.21,-1,LOSS,NO,35,4278.02
691,2024-10-07,12:45,12:55,SHORT,2654.22,2656.61,2656.61,2651.11,2656.61,2.39,17.9,42.78,-42.78,-1,LOSS,NO,10,4235.24
692,2024-10-07,13:20,14:00,SHORT,2657.68,2659.85,2657.31,2654.86,2657.31,2.17,19.52,42.35,7.22,0.17,WIN,YES,40,4242.46
693,2024-10-07,13:55,14:05,SHORT,2655.39,2658.01,2658.01,2651.98,2658.01,2.62,16.19,42.42,-42.42,-1,LOSS,NO,10,4200.03
694,2024-10-07,14:40,14:55,SHORT,2658.75,2660.77,2658.55,2656.12,2658.55,2.02,20.79,42,4.16,0.1,BREAKEVEN,YES,15,4204.19
695,2024-10-07,15:25,15:30,LONG,2649.5,2647.1,2647.1,2652.62,2647.1,2.4,17.52,42.04,-42.04,-1,LOSS,NO,5,4162.15
696,2024-10-07,16:05,16:10,SHORT,2645.38,2648.28,2648.28,2641.61,2648.28,2.9,14.35,41.62,-41.62,-1,LOSS,NO,5,4120.53
697,2024-10-07,16:40,16:45,LONG,2645.26,2642.36,2645.46,2649.03,2645.46,2.9,14.21,41.21,2.84,0.07,BREAKEVEN,YES,5,4123.37
698,2024-10-08,07:00,07:45,SHORT,2641.5,2645.31,2645.31,2636.55,2641.66,3.81,10.82,41.23,-1.73,-0.04,BREAKEVEN,NO,45,4121.64
699,2024-10-08,07:40,08:10,LONG,2642.18,2639.95,2642.38,2645.08,2642.38,2.23,18.48,41.22,3.7,0.09,BREAKEVEN,YES,30,4125.34
700,2024-10-08,08:50,09:15,LONG,2643.81,2641.5,2644.55,2646.81,2644.55,2.31,17.86,41.25,13.22,0.32,WIN,YES,25,4138.55
701,2024-10-08,09:30,10:00,SHORT,2639.74,2643.66,2637.21,2634.64,2634.64,3.92,10.56,41.39,53.8,1.3,WIN,YES,30,4192.35
702,2024-10-08,10:10,10:25,SHORT,2636.79,2639.52,2636.59,2633.24,2636.59,2.73,15.36,41.92,3.07,0.07,BREAKEVEN,YES,15,4195.42
703,2024-10-08,10:45,10:55,LONG,2635.13,2632.55,2632.55,2638.48,2632.55,2.58,16.26,41.95,-41.95,-1,LOSS,NO,10,4153.47
704,2024-10-08,11:20,11:35,LONG,2632.4,2627.13,2636.03,2639.25,2639.25,5.27,7.88,41.53,54,1.3,WIN,YES,15,4207.46
705,2024-10-08,11:55,12:30,LONG,2637.94,2635.67,2638.14,2640.89,2638.14,2.27,18.54,42.07,3.71,0.09,BREAKEVEN,YES,35,4211.17
706,2024-10-08,12:35,12:50,SHORT,2639.04,2641.72,2641.72,2635.56,2641.72,2.68,15.71,42.11,-42.11,-1,LOSS,NO,15,4169.06
707,2024-10-08,13:25,13:35,SHORT,2640.96,2643.29,2643.29,2637.93,2643.29,2.33,17.89,41.69,-41.69,-1,LOSS,NO,10,4127.37
708,2024-10-08,14:00,14:20,SHORT,2646.53,2649.21,2649.21,2643.05,2649.21,2.68,15.4,41.27,-41.27,-1,LOSS,NO,20,4086.1
709,2024-10-08,14:40,15:25,SHORT,2650.16,2653.16,2653.16,2646.26,2648.85,3,13.62,40.86,17.84,0.44,WIN,NO,45,4103.94
710,2024-10-08,15:15,15:25,LONG,2652.04,2649.68,2649.68,2655.11,2649.68,2.36,17.39,41.04,-41.04,-1,LOSS,NO,10,4062.9
711,2024-10-08,15:50,16:05,SHORT,2645.57,2648.88,2645.37,2641.27,2645.37,3.31,12.27,40.63,2.45,0.06,BREAKEVEN,YES,15,4065.35
712,2024-10-08,16:35,16:50,SHORT,2639.1,2642.09,2638.9,2635.21,2638.9,2.99,13.6,40.65,2.72,0.07,BREAKEVEN,YES,15,4068.07
713,2024-10-09,07:00,07:05,LONG,2616.78,2614.41,2616.98,2619.86,2616.98,2.37,17.16,40.68,3.43,0.08,BREAKEVEN,YES,5,4071.51
714,2024-10-09,07:55,08:00,LONG,2615.98,2613.97,2616.18,2618.59,2618.59,2.01,20.26,40.72,52.93,1.3,WIN,YES,5,4124.44
715,2024-10-09,08:35,08:45,LONG,2623.49,2620.83,2620.83,2626.95,2620.83,2.66,15.51,41.24,-41.24,-1,LOSS,NO,10,4083.19
716,2024-10-09,09:10,09:15,SHORT,2616.65,2619.15,2616.45,2613.4,2616.45,2.5,16.33,40.83,3.27,0.08,BREAKEVEN,YES,5,4086.46
717,2024-10-09,09:45,10:10,LONG,2612.52,2609.31,2609.31,2616.69,2609.31,3.21,12.73,40.86,-40.86,-1,LOSS,NO,25,4045.59
718,2024-10-09,10:20,10:55,LONG,2613.78,2610.89,2610.89,2617.54,2610.89,2.89,14,40.46,-40.46,-1,LOSS,NO,35,4005.14
719,2024-10-09,10:55,11:10,LONG,2611.65,2609.32,2611.85,2614.68,2614.68,2.33,17.19,40.05,52.07,1.3,WIN,YES,15,4057.2
720,2024-10-09,11:35,11:50,LONG,2616.82,2614.32,2614.32,2620.07,2614.32,2.5,16.23,40.57,-40.57,-1,LOSS,NO,15,4016.63
721,2024-10-09,12:15,12:45,LONG,2616.99,2614.76,2614.76,2619.89,2614.76,2.23,18.01,40.17,-40.17,-1,LOSS,NO,30,3976.47
722,2024-10-09,13:00,13:45,LONG,2617.85,2615.53,2618.05,2620.87,2620.23,2.32,17.14,39.76,40.79,1.03,WIN,YES,45,4017.26
723,2024-10-09,13:40,14:00,SHORT,2619.43,2621.6,2621.6,2616.61,2621.6,2.17,18.51,40.17,-40.17,-1,LOSS,NO,20,3977.09
724,2024-10-09,14:15,14:35,SHORT,2620.71,2623.27,2620.51,2617.38,2620.51,2.56,15.54,39.77,3.11,0.08,BREAKEVEN,YES,20,3980.19
725,2024-10-09,14:55,15:00,SHORT,2619.02,2620.98,2620.98,2616.47,2620.98,1.96,20.31,39.8,-39.8,-1,LOSS,NO,5,3940.39
726,2024-10-09,15:35,16:00,SHORT,2617.29,2620.63,2620.63,2612.95,2620.63,3.34,11.8,39.4,-39.4,-1,LOSS,NO,25,3900.99
727,2024-10-09,16:10,16:15,SHORT,2615.7,2618.24,2615.5,2612.4,2612.4,2.54,15.36,39.01,50.71,1.3,WIN,YES,5,3951.7
728,2024-10-09,16:45,16:50,SHORT,2611.26,2613.74,2611.06,2608.04,2611.06,2.48,15.93,39.52,3.19,0.08,BREAKEVEN,YES,5,3954.89
729,2024-10-10,07:00,07:40,SHORT,2612.09,2614.18,2614.18,2609.37,2614.18,2.09,18.92,39.55,-39.55,-1,LOSS,NO,40,3915.34
730,2024-10-10,08:05,08:50,LONG,2614.14,2612.21,2612.21,2616.65,2613.62,1.93,20.29,39.15,-10.55,-0.27,LOSS,NO,45,3904.79
731,2024-10-10,08:50,09:35,SHORT,2613.62,2616.99,2616.99,2609.24,2613.12,3.37,11.59,39.05,5.79,0.15,WIN,NO,45,3910.58
732,2024-10-10,09:25,09:35,LONG,2615.8,2613.32,2613.32,2619.02,2613.32,2.48,15.77,39.11,-39.11,-1,LOSS,NO,10,3871.48
733,2024-10-10,10:00,10:30,SHORT,2610.88,2614.78,2614.78,2605.81,2614.78,3.9,9.93,38.71,-38.71,-1,LOSS,NO,30,3832.76
734,2024-10-10,10:35,11:10,SHORT,2615.37,2617.79,2615.17,2612.22,2615.17,2.42,15.84,38.33,3.17,0.08,BREAKEVEN,YES,35,3835.93
735,2024-10-10,11:15,12:00,SHORT,2616.63,2618.86,2616.27,2613.73,2615.35,2.23,17.2,38.36,22.02,0.57,WIN,YES,45,3857.95
736,2024-10-10,12:00,12:40,LONG,2615.35,2612.89,2616.51,2618.55,2616.51,2.46,15.68,38.58,18.19,0.47,WIN,YES,40,3876.14
737,2024-10-10,12:35,13:20,SHORT,2617.42,2619.91,2619.91,2614.18,2616.08,2.49,15.57,38.76,20.86,0.54,WIN,NO,45,3897
738,2024-10-10,13:15,14:00,SHORT,2616.55,2618.96,2618.96,2613.42,2617.17,2.41,16.17,38.97,-10.03,-0.26,LOSS,NO,45,3886.97
739,2024-10-10,13:50,14:20,LONG,2617.56,2615.6,2615.6,2620.11,2615.6,1.96,19.83,38.87,-38.87,-1,LOSS,NO,30,3848.1
740,2024-10-10,14:45,15:15,LONG,2612.45,2610.26,2613.2,2615.3,2615.3,2.19,17.57,38.48,50.03,1.3,WIN,YES,30,3898.13
741,2024-10-10,15:20,15:30,SHORT,2613.96,2616.14,2613.76,2611.13,2613.76,2.18,17.88,38.98,3.58,0.09,BREAKEVEN,YES,10,3901.71
742,2024-10-10,15:55,16:10,LONG,2625.09,2619.79,2619.79,2631.98,2619.79,5.3,7.36,39.02,-39.02,-1,LOSS,NO,15,3862.69
743,2024-10-10,16:35,16:40,SHORT,2619.48,2622.36,2619.28,2615.74,2619.28,2.88,13.41,38.63,2.68,0.07,BREAKEVEN,YES,5,3865.37
744,2024-10-11,07:05,07:50,LONG,2645.11,2642.51,2642.51,2648.49,2645.65,2.6,14.87,38.65,8.03,0.21,WIN,NO,45,3873.4
745,2024-10-11,08:45,09:25,LONG,2644.78,2642.44,2644.98,2647.82,2644.98,2.34,16.55,38.73,3.31,0.09,BREAKEVEN,YES,40,3876.71
746,2024-10-11,09:20,09:25,SHORT,2645.76,2648.62,2645.56,2642.04,2642.04,2.86,13.55,38.77,50.4,1.3,WIN,YES,5,3927.11
747,2024-10-11,10:00,10:10,LONG,2639.38,2636.89,2639.58,2642.62,2639.58,2.49,15.77,39.27,3.15,0.08,BREAKEVEN,YES,10,3930.26
748,2024-10-11,11:00,11:05,SHORT,2645.66,2647.69,2645.46,2643.02,2645.46,2.03,19.36,39.3,3.87,0.1,BREAKEVEN,YES,5,3934.13
749,2024-10-11,11:35,12:00,SHORT,2641.04,2643.47,2640.84,2637.88,2640.84,2.43,16.19,39.34,3.24,0.08,BREAKEVEN,YES,25,3937.37
750,2024-10-11,12:10,12:15,SHORT,2640.15,2642.22,2639.95,2637.46,2639.95,2.07,19.02,39.37,3.8,0.1,BREAKEVEN,YES,5,3941.18
751,2024-10-11,13:05,13:35,SHORT,2637.65,2640.33,2640.33,2634.17,2640.33,2.68,14.71,39.41,-39.41,-1,LOSS,NO,30,3901.76
752,2024-10-11,13:40,14:00,LONG,2640.41,2638.24,2640.61,2643.23,2640.61,2.17,17.98,39.02,3.6,0.09,BREAKEVEN,YES,20,3905.36
753,2024-10-11,14:15,14:45,SHORT,2640.18,2642.28,2642.28,2637.45,2642.28,2.1,18.6,39.05,-39.05,-1,LOSS,NO,30,3866.31
754,2024-10-11,15:05,15:20,SHORT,2645.95,2648.15,2648.15,2643.09,2648.15,2.2,17.57,38.66,-38.66,-1,LOSS,NO,15,3827.64
755,2024-10-11,15:40,15:45,SHORT,2642.54,2645.82,2642.34,2638.28,2642.34,3.28,11.67,38.28,2.33,0.06,BREAKEVEN,YES,5,3829.98
756,2024-10-11,16:20,16:40,LONG,2648.61,2645.35,2649.29,2652.85,2652.85,3.26,11.75,38.3,49.79,1.3,WIN,YES,20,3879.77
757,2024-10-14,07:20,07:40,SHORT,2656.44,2658.32,2658.32,2654,2658.32,1.88,20.64,38.8,-38.8,-1,LOSS,NO,20,3840.97
758,2024-10-14,08:00,08:15,LONG,2659.26,2657.25,2659.46,2661.87,2659.46,2.01,19.11,38.41,3.82,0.1,BREAKEVEN,YES,15,3844.79
759,2024-10-14,08:40,09:20,LONG,2658.44,2656.12,2658.64,2661.46,2661.46,2.32,16.57,38.45,49.98,1.3,WIN,YES,40,3894.77
760,2024-10-14,09:15,09:20,SHORT,2658.8,2660.8,2660.8,2656.2,2660.8,2,19.47,38.95,-38.95,-1,LOSS,NO,5,3855.83
761,2024-10-14,09:55,10:20,LONG,2664.11,2661.98,2661.98,2666.88,2661.98,2.13,18.1,38.56,-38.56,-1,LOSS,NO,25,3817.27
762,2024-10-14,10:30,10:35,LONG,2660.44,2657.61,2660.64,2664.12,2660.64,2.83,13.49,38.17,2.7,0.07,BREAKEVEN,YES,5,3819.96
763,2024-10-14,11:05,11:45,LONG,2661.31,2658.78,2658.78,2664.6,2658.78,2.53,15.1,38.2,-38.2,-1,LOSS,NO,40,3781.77
764,2024-10-14,11:55,12:05,SHORT,2659.41,2661.84,2661.84,2656.25,2661.84,2.43,15.56,37.82,-37.82,-1,LOSS,NO,10,3743.95
765,2024-10-14,12:30,12:40,LONG,2658.95,2657.03,2657.03,2661.45,2657.03,1.92,19.5,37.44,-37.44,-1,LOSS,NO,10,3706.51
766,2024-10-14,13:10,13:55,SHORT,2659,2662.36,2658.8,2654.63,2655.83,3.36,11.03,37.07,34.97,0.94,WIN,YES,45,3741.48
767,2024-10-14,14:05,14:15,SHORT,2655.32,2657.54,2655.12,2652.43,2655.12,2.22,16.85,37.41,3.37,0.09,BREAKEVEN,YES,10,3744.85
768,2024-10-14,14:55,15:10,LONG,2652.2,2649.74,2652.4,2655.4,2652.4,2.46,15.22,37.45,3.04,0.08,BREAKEVEN,YES,15,3747.89
769,2024-10-14,15:35,16:10,LONG,2651.77,2648.75,2648.75,2655.7,2648.75,3.02,12.41,37.48,-37.48,-1,LOSS,NO,35,3710.41
770,2024-10-14,16:10,16:25,LONG,2649.33,2646.81,2650.44,2652.61,2652.61,2.52,14.72,37.1,48.24,1.3,WIN,YES,15,3758.65
771,2024-10-14,16:45,16:55,LONG,2660.06,2656.5,2656.5,2664.69,2656.5,3.56,10.56,37.59,-37.59,-1,LOSS,NO,10,3721.06
772,2024-10-15,07:05,07:50,SHORT,2643.95,2646.15,2646.15,2641.09,2644.79,2.2,16.91,37.21,-14.21,-0.38,LOSS,NO,45,3706.85
773,2024-10-15,08:05,08:30,SHORT,2641.81,2644.28,2640.69,2638.6,2638.6,2.47,15.01,37.07,48.19,1.3,WIN,YES,25,3755.04
774,2024-10-15,08:40,08:45,LONG,2640.83,2638.26,2641.03,2644.17,2641.03,2.57,14.61,37.55,2.92,0.08,BREAKEVEN,YES,5,3757.97
775,2024-10-15,09:20,09:50,LONG,2644.26,2641,2646.27,2648.5,2648.5,3.26,11.53,37.58,48.85,1.3,WIN,YES,30,3806.82
776,2024-10-15,09:55,10:00,LONG,2648.59,2646.46,2648.79,2651.36,2648.79,2.13,17.87,38.07,3.57,0.09,BREAKEVEN,YES,5,3810.39
777,2024-10-15,10:30,11:15,SHORT,2651.88,2655.42,2655.42,2647.28,2653.88,3.54,10.76,38.1,-21.53,-0.56,LOSS,NO,45,3788.87
778,2024-10-15,11:15,11:20,LONG,2653.88,2651.77,2654.08,2656.62,2654.08,2.11,17.96,37.89,3.59,0.09,BREAKEVEN,YES,5,3792.46
779,2024-10-15,12:05,12:20,LONG,2653.13,2650.91,2653.33,2656.02,2653.33,2.22,17.08,37.92,3.42,0.09,BREAKEVEN,YES,15,3795.87
780,2024-10-15,13:05,13:35,LONG,2653.72,2651.2,2654.66,2657,2654.66,2.52,15.06,37.96,14.16,0.37,WIN,YES,30,3810.03
781,2024-10-15,14:00,14:40,SHORT,2653.44,2656.04,2651.54,2650.06,2650.06,2.6,14.65,38.1,49.53,1.3,WIN,YES,40,3859.56
782,2024-10-15,14:35,14:50,SHORT,2650.82,2653.53,2650.62,2647.3,2647.3,2.71,14.24,38.6,50.17,1.3,WIN,YES,15,3909.74
783,2024-10-15,15:25,15:50,SHORT,2654.44,2658.19,2653.31,2649.57,2649.57,3.75,10.43,39.1,50.83,1.3,WIN,YES,25,3960.57
784,2024-10-15,16:15,16:45,SHORT,2649.34,2652.7,2652.7,2644.97,2652.7,3.36,11.79,39.61,-39.61,-1,LOSS,NO,30,3920.96
785,2024-10-15,16:50,17:05,SHORT,2649.21,2652.66,2652.66,2644.73,2652.66,3.45,11.37,39.21,-39.21,-1,LOSS,NO,15,3881.75
786,2024-10-16,07:40,08:00,SHORT,2667.41,2669.7,2667.21,2664.43,2667.21,2.29,16.95,38.82,3.39,0.09,BREAKEVEN,YES,20,3885.14
787,2024-10-16,08:45,09:00,SHORT,2669.15,2671.65,2668.95,2665.9,2668.95,2.5,15.54,38.85,3.11,0.08,BREAKEVEN,YES,15,3888.25
788,2024-10-16,09:20,10:05,LONG,2675.99,2672.5,2672.5,2680.53,2676.11,3.49,11.14,38.88,1.34,0.03,BREAKEVEN,NO,45,3889.59
789,2024-10-16,09:55,10:15,LONG,2677.22,2674.5,2674.5,2680.76,2674.5,2.72,14.3,38.9,-38.9,-1,LOSS,NO,20,3850.69
790,2024-10-16,10:30,10:50,LONG,2675.01,2672.7,2675.21,2678.01,2675.21,2.31,16.67,38.51,3.33,0.09,BREAKEVEN,YES,20,3854.02
791,2024-10-16,11:20,11:55,LONG,2676.33,2673.76,2677.46,2679.67,2679.67,2.57,15,38.54,50.1,1.3,WIN,YES,35,3904.13
792,2024-10-16,11:55,12:00,SHORT,2679.43,2681.57,2681.57,2676.65,2681.57,2.14,18.24,39.04,-39.04,-1,LOSS,NO,5,3865.08
793,2024-10-16,12:30,12:45,SHORT,2679.73,2681.7,2681.7,2677.17,2681.7,1.97,19.62,38.65,-38.65,-1,LOSS,NO,15,3826.43
794,2024-10-16,13:05,13:20,SHORT,2678.13,2681.49,2677.93,2673.76,2677.93,3.36,11.39,38.26,2.28,0.06,BREAKEVEN,YES,15,3828.71
795,2024-10-16,13:40,14:05,SHORT,2674.99,2677.39,2674.79,2671.87,2674.79,2.4,15.95,38.29,3.19,0.08,BREAKEVEN,YES,25,3831.9
796,2024-10-16,14:20,14:50,LONG,2677.03,2674.66,2678.41,2680.11,2678.41,2.37,16.17,38.32,22.31,0.58,WIN,YES,30,3854.21
797,2024-10-16,15:05,15:15,LONG,2680.57,2678.32,2678.32,2683.5,2678.32,2.25,17.13,38.54,-38.54,-1,LOSS,NO,10,3815.67
798,2024-10-16,15:40,15:45,LONG,2679.43,2676.93,2679.63,2682.68,2679.63,2.5,15.26,38.16,3.05,0.08,BREAKEVEN,YES,5,3818.72
799,2024-10-16,16:15,16:35,SHORT,2682.06,2685.11,2685.11,2678.09,2685.11,3.05,12.52,38.19,-38.19,-1,LOSS,NO,20,3780.54
800,2024-10-17,07:05,07:50,SHORT,2678,2680.67,2680.67,2674.53,2678.93,2.67,14.16,37.81,-13.17,-0.35,LOSS,NO,45,3767.37
801,2024-10-17,07:50,08:20,LONG,2678.93,2676.78,2680.58,2681.72,2681.72,2.15,17.52,37.67,48.98,1.3,WIN,YES,30,3816.34
802,2024-10-17,08:30,09:15,LONG,2683.6,2679.94,2679.94,2688.36,2681.91,3.66,10.43,38.16,-17.62,-0.46,LOSS,NO,45,3798.72
803,2024-10-17,09:05,09:35,LONG,2681.03,2678.75,2681.72,2683.99,2683.99,2.28,16.66,37.99,49.38,1.3,WIN,YES,30,3848.11
804,2024-10-17,09:40,10:05,SHORT,2684.04,2687.22,2682.3,2679.91,2679.91,3.18,12.1,38.48,50.03,1.3,WIN,YES,25,3898.13
805,2024-10-17,10:15,10:30,SHORT,2681.76,2684.1,2681.45,2678.72,2681.45,2.34,16.66,38.98,5.16,0.13,WIN,YES,15,3903.3
806,2024-10-17,11:15,11:55,LONG,2682.42,2680.18,2680.18,2685.33,2680.18,2.24,17.43,39.03,-39.03,-1,LOSS,NO,40,3864.26
807,2024-10-17,11:50,12:20,SHORT,2681.22,2684.11,2679.87,2677.46,2677.46,2.89,13.37,38.64,50.24,1.3,WIN,YES,30,3914.5
808,2024-10-17,12:25,12:35,SHORT,2677.33,2679.31,2679.31,2674.76,2679.31,1.98,19.77,39.14,-39.14,-1,LOSS,NO,10,3875.35
809,2024-10-17,13:25,14:10,SHORT,2686.86,2689.2,2689.2,2683.82,2686.51,2.34,16.56,38.75,5.8,0.15,WIN,NO,45,3881.15
810,2024-10-17,14:05,14:25,SHORT,2687.53,2689.94,2687.33,2684.4,2687.33,2.41,16.1,38.81,3.22,0.08,BREAKEVEN,YES,20,3884.37
811,2024-10-17,15:00,15:15,SHORT,2680.36,2683.72,2680.16,2675.99,2680.16,3.36,11.56,38.84,2.31,0.06,BREAKEVEN,YES,15,3886.68
812,2024-10-17,15:35,15:50,SHORT,2674.58,2679.61,2679.61,2668.04,2679.61,5.03,7.73,38.87,-38.87,-1,LOSS,NO,15,3847.82
813,2024-10-17,16:10,16:15,LONG,2682.31,2679.4,2682.51,2686.09,2682.51,2.91,13.22,38.48,2.64,0.07,BREAKEVEN,YES,5,3850.46
814,2024-10-17,16:45,17:00,SHORT,2685.85,2690,2690,2680.45,2690,4.15,9.28,38.5,-38.5,-1,LOSS,NO,15,3811.96
815,2024-10-18,07:00,07:45,SHORT,2709.63,2712.38,2712.38,2706.06,2709.13,2.75,13.86,38.12,6.93,0.18,WIN,NO,45,3818.89
816,2024-10-18,07:40,08:05,SHORT,2709.51,2712.07,2712.07,2706.18,2712.07,2.56,14.92,38.19,-38.19,-1,LOSS,NO,25,3780.7
817,2024-10-18,08:20,08:30,LONG,2710.62,2708.59,2710.82,2713.26,2710.82,2.03,18.62,37.81,3.72,0.1,BREAKEVEN,YES,10,3784.42
818,2024-10-18,08:55,09:00,LONG,2711.4,2709.07,2709.07,2714.43,2709.07,2.33,16.24,37.84,-37.84,-1,LOSS,NO,5,3746.58
819,2024-10-18,09:35,10:10,SHORT,2705.8,2708.43,2708.43,2702.38,2708.43,2.63,14.25,37.47,-37.47,-1,LOSS,NO,35,3709.11
820,2024-10-18,10:15,10:25,LONG,2708.43,2705.84,2705.84,2711.8,2705.84,2.59,14.32,37.09,-37.09,-1,LOSS,NO,10,3672.02
821,2024-10-18,10:50,11:35,SHORT,2703.29,2706.26,2706.26,2699.43,2702.83,2.97,12.36,36.72,5.69,0.15,WIN,NO,45,3677.71
822,2024-10-18,11:25,11:45,SHORT,2702.89,2705.09,2705.09,2700.03,2705.09,2.2,16.72,36.78,-36.78,-1,LOSS,NO,20,3640.93
823,2024-10-18,12:05,12:10,LONG,2707.41,2704.81,2707.61,2710.79,2707.61,2.6,14,36.41,2.8,0.08,BREAKEVEN,YES,5,3643.73
824,2024-10-18,12:40,13:25,LONG,2711.95,2708.77,2708.77,2716.08,2711.96,3.18,11.46,36.44,0.11,0,BREAKEVEN,NO,45,3643.85
825,2024-10-18,13:15,13:30,SHORT,2712.72,2714.57,2712.52,2710.31,2710.31,1.85,19.7,36.44,47.37,1.3,WIN,YES,15,3691.22
826,2024-10-18,13:50,14:25,SHORT,2711.45,2713.68,2711.25,2708.55,2711.25,2.23,16.55,36.91,3.31,0.09,BREAKEVEN,YES,35,3694.53
827,2024-10-18,14:40,15:20,SHORT,2710.03,2712.38,2712.38,2706.98,2712.38,2.35,15.72,36.95,-36.95,-1,LOSS,NO,40,3657.58
828,2024-10-18,15:15,15:25,LONG,2712.23,2709.44,2712.43,2715.86,2712.43,2.79,13.11,36.58,2.62,0.07,BREAKEVEN,YES,10,3660.2
829,2024-10-18,16:00,16:20,SHORT,2708.74,2713.45,2708.54,2702.62,2708.54,4.71,7.77,36.6,1.55,0.04,BREAKEVEN,YES,20,3661.76
830,2024-10-18,16:45,17:25,LONG,2713.69,2709.85,2715.88,2718.68,2718.68,3.84,9.54,36.62,47.6,1.3,WIN,YES,40,3709.36
831,2024-10-21,07:20,08:05,LONG,2730.38,2728.22,2728.22,2733.19,2728.9,2.16,17.17,37.09,-25.42,-0.69,LOSS,NO,45,3683.95
832,2024-10-21,08:00,08:10,LONG,2730.05,2727.85,2727.85,2732.91,2727.85,2.2,16.75,36.84,-36.84,-1,LOSS,NO,10,3647.11
833,2024-10-21,08:35,09:00,SHORT,2725.97,2728.97,2725.77,2722.07,2725.77,3,12.16,36.47,2.43,0.07,BREAKEVEN,YES,25,3649.54
834,2024-10-21,09:10,09:15,SHORT,2724.04,2725.85,2725.85,2721.69,2725.85,1.81,20.16,36.5,-36.5,-1,LOSS,NO,5,3613.04
835,2024-10-21,09:50,10:20,LONG,2729.95,2727.26,2730.15,2733.45,2730.15,2.69,13.43,36.13,2.69,0.07,BREAKEVEN,YES,30,3615.73
836,2024-10-21,10:45,10:55,SHORT,2727.11,2729.54,2729.54,2723.95,2729.54,2.43,14.88,36.16,-36.16,-1,LOSS,NO,10,3579.57
837,2024-10-21,11:20,12:05,SHORT,2731.66,2734.53,2734.53,2727.93,2733.41,2.87,12.47,35.8,-21.83,-0.61,LOSS,NO,45,3557.74
838,2024-10-21,11:55,12:05,LONG,2731.39,2729.14,2731.59,2734.32,2731.59,2.25,15.81,35.58,3.16,0.09,BREAKEVEN,YES,10,3560.91
839,2024-10-21,12:30,12:45,LONG,2734.72,2732.45,2734.92,2737.67,2734.92,2.27,15.69,35.61,3.14,0.09,BREAKEVEN,YES,15,3564.04
840,2024-10-21,13:10,13:35,SHORT,2730.72,2734.89,2730.52,2725.3,2730.52,4.17,8.55,35.64,1.71,0.05,BREAKEVEN,YES,25,3565.75
841,2024-10-21,14:10,14:50,LONG,2735.49,2733.33,2735.69,2738.3,2735.69,2.16,16.51,35.66,3.3,0.09,BREAKEVEN,YES,40,3569.05
842,2024-10-21,15:00,15:20,SHORT,2733.42,2736.77,2736.77,2729.07,2736.77,3.35,10.65,35.69,-35.69,-1,LOSS,NO,20,3533.36
843,2024-10-21,15:35,16:20,SHORT,2737.37,2740.78,2740.78,2732.94,2736.77,3.41,10.36,35.33,6.22,0.18,WIN,NO,45,3539.58
844,2024-10-21,16:15,16:30,LONG,2737.99,2734.99,2734.99,2741.89,2734.99,3,11.8,35.4,-35.4,-1,LOSS,NO,15,3504.19
845,2024-10-21,16:55,17:00,LONG,2739.08,2736.84,2736.84,2741.99,2736.84,2.24,15.64,35.04,-35.04,-1,LOSS,NO,5,3469.14
846,2024-10-22,07:15,08:00,LONG,2735.49,2732.79,2732.79,2739,2734.59,2.7,12.85,34.69,-11.56,-0.33,LOSS,NO,45,3457.58
847,2024-10-22,08:00,08:30,LONG,2734.59,2732.73,2732.73,2737.01,2732.73,1.86,18.59,34.58,-34.58,-1,LOSS,NO,30,3423
848,2024-10-22,08:50,08:55,LONG,2730.29,2727.52,2730.49,2733.89,2730.49,2.77,12.36,34.23,2.47,0.07,BREAKEVEN,YES,5,3425.48
849,2024-10-22,09:25,10:10,SHORT,2735.54,2738.64,2738.64,2731.51,2734.31,3.1,11.05,34.25,13.59,0.4,WIN,NO,45,3439.07
850,2024-10-22,10:05,10:50,SHORT,2735.17,2737.74,2734.97,2731.83,2733.85,2.57,13.38,34.39,17.66,0.51,WIN,YES,45,3456.73
851,2024-10-22,10:50,11:10,SHORT,2733.85,2735.91,2733.65,2731.17,2733.65,2.06,16.78,34.57,3.36,0.1,BREAKEVEN,YES,20,3460.09
852,2024-10-22,11:25,12:10,SHORT,2736.68,2739.86,2736.48,2732.55,2735.7,3.18,10.88,34.6,10.66,0.31,WIN,YES,45,3470.75
853,2024-10-22,12:25,13:10,SHORT,2732.76,2736.05,2732.56,2728.48,2732.56,3.29,10.55,34.71,2.11,0.06,BREAKEVEN,YES,45,3472.86
854,2024-10-22,13:00,13:10,LONG,2731.18,2728.95,2731.38,2734.08,2734.08,2.23,15.57,34.73,45.15,1.3,WIN,YES,10,3518.01
855,2024-10-22,13:35,14:15,LONG,2738.15,2735.55,2735.55,2741.53,2735.55,2.6,13.53,35.18,-35.18,-1,LOSS,NO,40,3482.83
856,2024-10-22,14:20,14:30,SHORT,2734.73,2737.52,2734.53,2731.1,2734.53,2.79,12.48,34.83,2.5,0.07,BREAKEVEN,YES,10,3485.32
857,2024-10-22,15:00,15:10,SHORT,2732.52,2734.94,2734.94,2729.37,2734.94,2.42,14.4,34.85,-34.85,-1,LOSS,NO,10,3450.47
858,2024-10-22,15:50,16:05,SHORT,2736.08,2738.59,2738.59,2732.82,2738.59,2.51,13.75,34.5,-34.5,-1,LOSS,NO,15,3415.97
859,2024-10-22,16:25,16:55,LONG,2739.37,2737.2,2739.57,2742.19,2739.57,2.17,15.74,34.16,3.15,0.09,BREAKEVEN,YES,30,3419.11
860,2024-10-23,07:00,07:15,LONG,2746.28,2744.37,2746.48,2748.76,2748.76,1.91,17.9,34.19,44.45,1.3,WIN,YES,15,3463.56
861,2024-10-23,07:40,08:25,LONG,2750.08,2747.67,2747.67,2753.21,2750.06,2.41,14.37,34.64,-0.29,-0.01,BREAKEVEN,NO,45,3463.28
862,2024-10-23,08:20,08:30,SHORT,2750.28,2752.6,2752.6,2747.26,2752.6,2.32,14.93,34.63,-34.63,-1,LOSS,NO,10,3428.64
863,2024-10-23,09:00,09:35,LONG,2751.82,2749.2,2749.2,2755.23,2749.2,2.62,13.09,34.29,-34.29,-1,LOSS,NO,35,3394.36
864,2024-10-23,09:45,10:10,LONG,2748.98,2746.92,2750.68,2751.66,2751.66,2.06,16.48,33.94,44.13,1.3,WIN,YES,25,3438.48
865,2024-10-23,10:20,10:35,LONG,2752.54,2750.22,2752.74,2755.56,2752.74,2.32,14.82,34.38,2.96,0.09,BREAKEVEN,YES,15,3441.45
866,2024-10-23,10:55,11:25,SHORT,2754.92,2757.09,2757.09,2752.1,2757.09,2.17,15.86,34.41,-34.41,-1,LOSS,NO,30,3407.03
867,2024-10-23,11:30,12:15,SHORT,2757.08,2759.61,2754.94,2753.79,2753.79,2.53,13.47,34.07,44.29,1.3,WIN,YES,45,3451.32
868,2024-10-23,12:05,12:15,LONG,2755.82,2753.06,2753.06,2759.41,2753.06,2.76,12.5,34.51,-34.51,-1,LOSS,NO,10,3416.81
869,2024-10-23,12:40,13:25,SHORT,2751.45,2754.33,2754.33,2747.71,2751.72,2.88,11.86,34.17,-3.2,-0.09,BREAKEVEN,NO,45,3413.61
870,2024-10-23,13:20,13:50,SHORT,2751.62,2753.79,2751.42,2748.8,2751.42,2.17,15.73,34.14,3.15,0.09,BREAKEVEN,YES,30,3416.75
871,2024-10-23,13:55,14:40,SHORT,2750.75,2753.51,2753.51,2747.16,2749.95,2.76,12.38,34.17,9.9,0.29,WIN,NO,45,3426.66
872,2024-10-23,14:50,14:55,SHORT,2751.15,2753.48,2750.95,2748.12,2750.95,2.33,14.71,34.27,2.94,0.09,BREAKEVEN,YES,5,3429.6
873,2024-10-23,15:25,15:55,SHORT,2743.72,2747.64,2743.52,2738.62,2743.52,3.92,8.75,34.3,1.75,0.05,BREAKEVEN,YES,30,3431.35
874,2024-10-23,16:05,16:15,SHORT,2739.2,2744.48,2739,2732.34,2732.34,5.28,6.5,34.31,44.61,1.3,WIN,YES,10,3475.96
875,2024-10-24,07:05,07:50,LONG,2723.9,2721.55,2725.13,2726.95,2726.95,2.35,14.79,34.76,45.19,1.3,WIN,YES,45,3521.14
876,2024-10-24,07:50,08:30,SHORT,2726.14,2728.52,2728.52,2723.05,2728.52,2.38,14.79,35.21,-35.21,-1,LOSS,NO,40,3485.93
877,2024-10-24,08:25,09:10,LONG,2727.84,2725.39,2728.35,2731.03,2730.79,2.45,14.23,34.86,41.97,1.2,WIN,YES,45,3527.91
878,2024-10-24,09:00,09:10,LONG,2729.11,2726.92,2729.31,2731.96,2729.31,2.19,16.11,35.28,3.22,0.09,BREAKEVEN,YES,10,3531.13
879,2024-10-24,09:40,10:25,SHORT,2734.69,2738,2738,2730.39,2733.87,3.31,10.67,35.31,8.75,0.25,WIN,NO,45,3539.87
880,2024-10-24,10:20,10:50,LONG,2735.29,2732.9,2732.9,2738.4,2732.9,2.39,14.81,35.4,-35.4,-1,LOSS,NO,30,3504.48
881,2024-10-24,11:15,11:30,LONG,2735.82,2733.82,2736.02,2738.42,2736.02,2,17.52,35.04,3.5,0.1,BREAKEVEN,YES,15,3507.98
882,2024-10-24,12:00,12:45,LONG,2737.73,2734.59,2734.59,2741.81,2736.07,3.14,11.17,35.08,-18.55,-0.53,LOSS,NO,45,3489.44
883,2024-10-24,12:50,13:35,SHORT,2736,2738.44,2738.44,2732.83,2738.44,2.44,14.3,34.89,-34.89,-1,LOSS,NO,45,3454.54
884,2024-10-24,13:25,14:10,SHORT,2736.95,2739.35,2739.35,2733.83,2737.05,2.4,14.39,34.55,-1.44,-0.04,BREAKEVEN,NO,45,3453.1
885,2024-10-24,14:05,14:20,LONG,2737.88,2735.2,2735.2,2741.36,2735.2,2.68,12.88,34.53,-34.53,-1,LOSS,NO,15,3418.57
886,2024-10-24,14:40,15:15,LONG,2738.59,2736.26,2736.26,2741.62,2736.26,2.33,14.67,34.19,-34.19,-1,LOSS,NO,35,3384.38
887,2024-10-24,16:00,16:15,LONG,2739.22,2736.24,2739.42,2743.09,2739.42,2.98,11.36,33.84,2.27,0.07,BREAKEVEN,YES,15,3386.66
888,2024-10-24,16:35,16:40,LONG,2740.76,2737.75,2737.75,2744.67,2737.75,3.01,11.25,33.87,-33.87,-1,LOSS,NO,5,3352.79
889,2024-10-25,07:00,07:30,LONG,2726.68,2723.9,2723.9,2730.29,2723.9,2.78,12.06,33.53,-33.53,-1,LOSS,NO,30,3319.26
890,2024-10-25,07:40,08:15,LONG,2725.68,2723.46,2726.64,2728.57,2728.57,2.22,14.95,33.19,43.15,1.3,WIN,YES,35,3362.41
891,2024-10-25,08:25,08:30,LONG,2727.65,2725.33,2727.85,2730.67,2727.85,2.32,14.49,33.62,2.9,0.09,BREAKEVEN,YES,5,3365.31
892,2024-10-25,09:00,09:10,LONG,2728.02,2725.95,2725.95,2730.71,2725.95,2.07,16.26,33.65,-33.65,-1,LOSS,NO,10,3331.66
893,2024-10-25,09:55,10:05,LONG,2732.32,2729.78,2729.78,2735.62,2729.78,2.54,13.12,33.32,-33.32,-1,LOSS,NO,10,3298.34
894,2024-10-25,10:35,11:15,SHORT,2727.33,2730.39,2725.68,2723.35,2723.35,3.06,10.78,32.98,42.88,1.3,WIN,YES,40,3341.22
895,2024-10-25,11:30,11:40,LONG,2721.18,2719.13,2719.13,2723.84,2719.13,2.05,16.3,33.41,-33.41,-1,LOSS,NO,10,3307.81
896,2024-10-25,12:10,12:25,LONG,2720.45,2717.81,2717.81,2723.88,2717.81,2.64,12.53,33.08,-33.08,-1,LOSS,NO,15,3274.73
897,2024-10-25,12:45,13:15,LONG,2720.66,2718.3,2718.3,2723.73,2718.3,2.36,13.88,32.75,-32.75,-1,LOSS,NO,30,3241.98
898,2024-10-25,13:30,13:35,SHORT,2718.75,2720.8,2720.8,2716.08,2720.8,2.05,15.81,32.42,-32.42,-1,LOSS,NO,5,3209.56
899,2024-10-25,14:20,14:25,LONG,2723.41,2720.83,2723.61,2726.76,2723.61,2.58,12.44,32.1,2.49,0.08,BREAKEVEN,YES,5,3212.05
900,2024-10-25,15:05,15:45,LONG,2726.02,2723.64,2727.74,2729.11,2729.11,2.38,13.5,32.12,41.76,1.3,WIN,YES,40,3253.81
901,2024-10-25,15:50,16:10,LONG,2731.97,2728.31,2728.31,2736.73,2728.31,3.66,8.89,32.54,-32.54,-1,LOSS,NO,20,3221.27
902,2024-10-25,16:25,16:35,LONG,2728.35,2725.5,2728.55,2732.05,2728.55,2.85,11.3,32.21,2.26,0.07,BREAKEVEN,YES,10,3223.53
903,2024-10-28,07:05,07:15,LONG,2733.88,2731.2,2731.2,2737.36,2731.2,2.68,12.03,32.24,-32.24,-1,LOSS,NO,10,3191.29
904,2024-10-28,07:40,08:05,LONG,2736.11,2733.37,2737.47,2739.67,2739.67,2.74,11.65,31.91,41.49,1.3,WIN,YES,25,3232.78
905,2024-10-28,08:15,09:00,SHORT,2742.44,2745.5,2742.24,2738.46,2742.24,3.06,10.56,32.33,2.11,0.07,BREAKEVEN,YES,45,3234.89
906,2024-10-28,08:50,09:10,LONG,2741.51,2739.54,2741.71,2744.07,2741.71,1.97,16.42,32.35,3.28,0.1,BREAKEVEN,YES,20,3238.18
907,2024-10-28,09:40,10:00,SHORT,2739.74,2741.84,2739.54,2737.01,2739.54,2.1,15.42,32.38,3.08,0.1,BREAKEVEN,YES,20,3241.26
908,2024-10-28,10:15,10:25,SHORT,2739.67,2742.27,2739.47,2736.29,2739.47,2.6,12.47,32.41,2.49,0.08,BREAKEVEN,YES,10,3243.76
909,2024-10-28,10:50,10:55,SHORT,2733.88,2736.46,2733.68,2730.53,2733.68,2.58,12.57,32.44,2.51,0.08,BREAKEVEN,YES,5,3246.27
910,2024-10-28,11:40,11:55,LONG,2731.75,2729.34,2729.34,2734.88,2729.34,2.41,13.47,32.46,-32.46,-1,LOSS,NO,15,3213.81
911,2024-10-28,12:30,13:15,LONG,2731.55,2728.48,2728.48,2735.54,2732.33,3.07,10.47,32.14,8.17,0.25,WIN,NO,45,3221.97
912,2024-10-28,13:25,14:00,LONG,2731.8,2729.61,2732,2734.65,2732,2.19,14.71,32.22,2.94,0.09,BREAKEVEN,YES,35,3224.91
913,2024-10-28,14:05,14:50,LONG,2733.75,2731.18,2731.18,2737.09,2731.69,2.57,12.55,32.25,-25.85,-0.8,LOSS,NO,45,3199.07
914,2024-10-28,15:00,15:05,LONG,2734.68,2731.33,2734.88,2739.03,2734.88,3.35,9.55,31.99,1.91,0.06,BREAKEVEN,YES,5,3200.98
915,2024-10-28,15:35,16:20,LONG,2742.68,2738.33,2738.33,2748.33,2742.91,4.35,7.36,32.01,1.69,0.05,BREAKEVEN,NO,45,3202.67
916,2024-10-28,16:10,16:55,LONG,2743.4,2740.57,2743.6,2747.08,2744.23,2.83,11.32,32.03,9.39,0.29,WIN,YES,45,3212.06
917,2024-10-28,16:45,16:50,LONG,2743.98,2741.38,2744.18,2747.36,2744.18,2.6,12.35,32.12,2.47,0.08,BREAKEVEN,YES,5,3214.53
918,2024-10-29,07:05,07:15,SHORT,2755.91,2758.39,2755.71,2752.69,2755.71,2.48,12.96,32.15,2.59,0.08,BREAKEVEN,YES,10,3217.12
919,2024-10-29,07:40,08:10,SHORT,2751.75,2754.24,2751.55,2748.51,2751.55,2.49,12.92,32.17,2.58,0.08,BREAKEVEN,YES,30,3219.71
920,2024-10-29,08:15,08:30,LONG,2751.66,2749.24,2751.86,2754.81,2751.86,2.42,13.3,32.2,2.66,0.08,BREAKEVEN,YES,15,3222.37
921,2024-10-29,08:50,09:35,SHORT,2755.28,2758,2755.08,2751.74,2753.03,2.72,11.85,32.22,26.66,0.83,WIN,YES,45,3249.02
922,2024-10-29,09:30,10:15,SHORT,2753.31,2756.34,2752.21,2749.37,2749.74,3.03,10.72,32.49,38.28,1.18,WIN,YES,45,3287.3
923,2024-10-29,10:10,10:25,SHORT,2751.2,2753.93,2750.81,2747.65,2747.65,2.73,12.04,32.87,42.73,1.3,WIN,YES,15,3330.04
924,2024-10-29,11:05,11:20,LONG,2754.5,2752.19,2754.7,2757.5,2754.7,2.31,14.42,33.3,2.88,0.09,BREAKEVEN,YES,15,3332.92
925,2024-10-29,11:45,12:25,SHORT,2751.7,2754.92,2750.05,2747.51,2747.51,3.22,10.35,33.33,43.33,1.3,WIN,YES,40,3376.25
926,2024-10-29,12:40,13:20,LONG,2749.44,2746.91,2749.64,2752.73,2749.64,2.53,13.34,33.76,2.67,0.08,BREAKEVEN,YES,40,3378.92
927,2024-10-29,13:35,13:55,LONG,2750.53,2748.44,2750.73,2753.25,2753.25,2.09,16.17,33.79,43.93,1.3,WIN,YES,20,3422.85
928,2024-10-29,14:15,14:20,LONG,2752.87,2750.8,2750.8,2755.56,2750.8,2.07,16.54,34.23,-34.23,-1,LOSS,NO,5,3388.62
929,2024-10-29,14:50,14:55,LONG,2752.23,2750.14,2750.14,2754.95,2750.14,2.09,16.21,33.89,-33.89,-1,LOSS,NO,5,3354.73
930,2024-10-29,15:25,15:35,LONG,2755.16,2752.29,2755.36,2758.89,2758.89,2.87,11.69,33.55,43.61,1.3,WIN,YES,10,3398.34
931,2024-10-29,16:05,16:15,SHORT,2764.17,2768.21,2768.21,2758.92,2768.21,4.04,8.41,33.98,-33.98,-1,LOSS,NO,10,3364.36
932,2024-10-29,16:40,16:45,SHORT,2769.15,2772.25,2768.95,2765.12,2768.95,3.1,10.85,33.64,2.17,0.06,BREAKEVEN,YES,5,3366.53
933,2024-10-30,07:10,07:30,LONG,2779.14,2776.57,2780.13,2782.48,2782.48,2.57,13.1,33.67,43.76,1.3,WIN,YES,20,3410.29
934,2024-10-30,07:45,07:50,LONG,2783.18,2780.98,2783.38,2786.04,2783.38,2.2,15.5,34.1,3.1,0.09,BREAKEVEN,YES,5,3413.4
935,2024-10-30,08:20,08:45,LONG,2786.92,2784.73,2787.12,2789.77,2789.77,2.19,15.59,34.13,44.37,1.3,WIN,YES,25,3457.77
936,2024-10-30,09:10,09:25,LONG,2786.37,2784.01,2784.01,2789.44,2784.01,2.36,14.65,34.58,-34.58,-1,LOSS,NO,15,3423.19
937,2024-10-30,09:45,09:55,LONG,2781.32,2779.21,2781.52,2784.06,2781.52,2.11,16.22,34.23,3.24,0.09,BREAKEVEN,YES,10,3426.44
938,2024-10-30,10:25,10:35,LONG,2783.95,2781.72,2781.72,2786.85,2781.72,2.23,15.37,34.26,-34.26,-1,LOSS,NO,10,3392.17
939,2024-10-30,11:00,11:45,LONG,2782.64,2778.67,2778.67,2787.8,2783.07,3.97,8.54,33.92,3.67,0.11,BREAKEVEN,NO,45,3395.85
940,2024-10-30,11:35,11:50,SHORT,2782.18,2784.63,2784.63,2778.99,2784.63,2.45,13.86,33.96,-33.96,-1,LOSS,NO,15,3361.89
941,2024-10-30,12:10,12:35,LONG,2785.95,2783.47,2783.47,2789.17,2783.47,2.48,13.56,33.62,-33.62,-1,LOSS,NO,25,3328.27
942,2024-10-30,13:20,13:45,LONG,2780.52,2778.59,2780.72,2783.03,2780.72,1.93,17.24,33.28,3.45,0.1,BREAKEVEN,YES,25,3331.72
943,2024-10-30,14:05,14:15,SHORT,2777.68,2779.57,2777.48,2775.22,2775.22,1.89,17.63,33.32,43.31,1.3,WIN,YES,10,3375.03
944,2024-10-30,14:40,15:00,SHORT,2780.85,2783.89,2783.89,2776.9,2783.89,3.04,11.1,33.75,-33.75,-1,LOSS,NO,20,3341.28
945,2024-10-30,15:35,16:20,LONG,2775.03,2769.37,2775.23,2782.39,2777.77,5.66,5.9,33.41,16.18,0.48,WIN,YES,45,3357.45
946,2024-10-30,16:15,16:30,SHORT,2779.02,2781.97,2778.82,2775.19,2775.19,2.95,11.38,33.57,43.65,1.3,WIN,YES,15,3401.1
947,2024-10-30,16:55,17:00,SHORT,2780.17,2783.29,2779.97,2776.11,2779.97,3.12,10.9,34.01,2.18,0.06,BREAKEVEN,YES,5,3403.28
948,2024-10-31,07:05,07:30,LONG,2783.79,2781.56,2784.17,2786.69,2784.17,2.23,15.26,34.03,5.8,0.17,WIN,YES,25,3409.08
949,2024-10-31,07:40,08:25,SHORT,2784.06,2786.1,2786.1,2781.41,2785.39,2.04,16.71,34.09,-22.23,-0.65,LOSS,NO,45,3386.86
950,2024-10-31,08:15,08:30,LONG,2785.38,2783.57,2783.57,2787.73,2783.57,1.81,18.71,33.87,-33.87,-1,LOSS,NO,15,3352.99
951,2024-10-31,08:50,08:55,LONG,2783.13,2780.95,2780.95,2785.96,2780.95,2.18,15.38,33.53,-33.53,-1,LOSS,NO,5,3319.46
952,2024-10-31,09:40,09:55,LONG,2783.74,2781.33,2781.33,2786.87,2781.33,2.41,13.77,33.19,-33.19,-1,LOSS,NO,15,3286.26
953,2024-10-31,10:15,10:55,LONG,2778.76,2776.81,2778.96,2781.3,2778.96,1.95,16.85,32.86,3.37,0.1,BREAKEVEN,YES,40,3289.63
954,2024-10-31,10:50,11:35,LONG,2779.47,2776.72,2776.72,2783.04,2778.29,2.75,11.96,32.9,-14.12,-0.43,LOSS,NO,45,3275.52
955,2024-10-31,11:35,12:05,SHORT,2778.29,2780.54,2778,2775.36,2775.36,2.25,14.56,32.76,42.58,1.3,WIN,YES,30,3318.1
956,2024-10-31,12:35,13:00,LONG,2779.34,2777.29,2779.95,2782.01,2782.01,2.05,16.19,33.18,43.14,1.3,WIN,YES,25,3361.23
957,2024-10-31,13:30,13:35,LONG,2777.42,2775.44,2777.62,2779.99,2777.62,1.98,16.98,33.61,3.4,0.1,BREAKEVEN,YES,5,3364.63
958,2024-10-31,14:05,14:10,LONG,2779.7,2777.48,2779.9,2782.59,2779.9,2.22,15.16,33.65,3.03,0.09,BREAKEVEN,YES,5,3367.66
959,2024-10-31,14:40,15:05,SHORT,2774.26,2778.8,2771.22,2768.36,2768.36,4.54,7.42,33.68,43.78,1.3,WIN,YES,25,3411.44
960,2024-10-31,15:15,15:20,LONG,2769.68,2766.42,2766.42,2773.92,2766.42,3.26,10.46,34.11,-34.11,-1,LOSS,NO,5,3377.33
961,2024-10-31,15:50,16:00,LONG,2756.86,2753.44,2753.44,2761.31,2753.44,3.42,9.88,33.77,-33.77,-1,LOSS,NO,10,3343.55
962,2024-10-31,16:30,16:45,SHORT,2746.61,2753.95,2742.51,2737.07,2737.07,7.34,4.56,33.44,43.47,1.3,WIN,YES,15,3387.02
963,2024-11-01,07:05,07:50,SHORT,2752.65,2754.5,2754.5,2750.25,2754.5,1.85,18.31,33.87,-33.87,-1,LOSS,NO,45,3353.15
964,2024-11-01,07:40,08:00,SHORT,2753.07,2755.57,2755.57,2749.82,2755.57,2.5,13.41,33.53,-33.53,-1,LOSS,NO,20,3319.62
965,2024-11-01,08:20,08:30,SHORT,2754.23,2756.86,2754.03,2750.81,2754.03,2.63,12.62,33.2,2.52,0.08,BREAKEVEN,YES,10,3322.14
966,2024-11-01,08:55,09:20,SHORT,2752.01,2754.17,2751.81,2749.2,2751.81,2.16,15.38,33.22,3.08,0.09,BREAKEVEN,YES,25,3325.22
967,2024-11-01,09:30,10:15,LONG,2749.65,2746.94,2750.79,2753.17,2752.71,2.71,12.27,33.25,37.55,1.13,WIN,YES,45,3362.76
968,2024-11-01,10:05,10:35,LONG,2751.42,2748.86,2752.94,2754.75,2752.94,2.56,13.14,33.63,19.97,0.59,WIN,YES,30,3382.73
969,2024-11-01,10:40,10:50,LONG,2754.75,2752.09,2752.09,2758.21,2752.09,2.66,12.72,33.83,-33.83,-1,LOSS,NO,10,3348.9
970,2024-11-01,11:20,11:30,SHORT,2753.17,2755.42,2752.97,2750.24,2752.97,2.25,14.88,33.49,2.98,0.09,BREAKEVEN,YES,10,3351.88
971,2024-11-01,11:55,12:15,LONG,2751.26,2749.06,2749.06,2754.12,2749.06,2.2,15.24,33.52,-33.52,-1,LOSS,NO,20,3318.36
972,2024-11-01,12:30,12:50,SHORT,2746.26,2749.78,2749.78,2741.68,2749.78,3.52,9.43,33.18,-33.18,-1,LOSS,NO,20,3285.18
973,2024-11-01,13:20,14:05,SHORT,2753.1,2755.56,2755.56,2749.9,2753.2,2.46,13.35,32.85,-1.34,-0.04,BREAKEVEN,NO,45,3283.84
974,2024-11-01,13:55,14:15,LONG,2752.97,2750.96,2753.17,2755.58,2753.17,2.01,16.34,32.84,3.27,0.1,BREAKEVEN,YES,20,3287.11
975,2024-11-01,14:35,14:40,SHORT,2758.29,2761.37,2758.09,2754.29,2758.09,3.08,10.67,32.87,2.13,0.06,BREAKEVEN,YES,5,3289.24
976,2024-11-01,15:10,15:20,LONG,2761.05,2757.96,2757.96,2765.07,2757.96,3.09,10.64,32.89,-32.89,-1,LOSS,NO,10,3256.35
977,2024-11-01,15:50,15:55,SHORT,2757.92,2760.99,2757.72,2753.93,2757.72,3.07,10.61,32.56,2.12,0.07,BREAKEVEN,YES,5,3258.47
978,2024-11-01,16:25,16:35,LONG,2751.71,2746.54,2746.54,2758.43,2746.54,5.17,6.3,32.58,-32.58,-1,LOSS,NO,10,3225.89
979,2024-11-04,07:15,07:45,SHORT,2742.14,2745.18,2740.29,2738.19,2738.19,3.04,10.61,32.26,41.94,1.3,WIN,YES,30,3267.83
980,2024-11-04,07:50,07:55,SHORT,2738.94,2740.87,2740.87,2736.43,2740.87,1.93,16.93,32.68,-32.68,-1,LOSS,NO,5,3235.15
981,2024-11-04,08:35,08:55,SHORT,2737.85,2740.21,2740.21,2734.78,2740.21,2.36,13.71,32.35,-32.35,-1,LOSS,NO,20,3202.8
982,2024-11-04,09:10,09:45,SHORT,2742.7,2746.25,2738.99,2738.08,2738.08,3.55,9.02,32.03,41.64,1.3,WIN,YES,35,3244.43
983,2024-11-04,09:55,10:00,SHORT,2735.86,2737.94,2735.66,2733.16,2735.66,2.08,15.6,32.44,3.12,0.1,BREAKEVEN,YES,5,3247.55
984,2024-11-04,10:35,10:45,LONG,2737.76,2735.31,2735.31,2740.95,2735.31,2.45,13.26,32.48,-32.48,-1,LOSS,NO,10,3215.08
985,2024-11-04,11:35,11:40,SHORT,2742.65,2744.73,2742.45,2739.95,2742.45,2.08,15.46,32.15,3.09,0.1,BREAKEVEN,YES,5,3218.17
986,2024-11-04,12:10,12:15,SHORT,2744.52,2746.68,2744.32,2741.71,2744.32,2.16,14.9,32.18,2.98,0.09,BREAKEVEN,YES,5,3221.15
987,2024-11-04,13:00,13:45,SHORT,2737.81,2741.6,2741.6,2732.88,2740.49,3.79,8.5,32.21,-22.78,-0.71,LOSS,NO,45,3198.37
988,2024-11-04,13:40,14:05,LONG,2739.37,2736.94,2740.9,2742.53,2742.53,2.43,13.16,31.98,41.58,1.3,WIN,YES,25,3239.95
989,2024-11-04,14:15,14:45,SHORT,2740.87,2743.65,2743.65,2737.26,2743.65,2.78,11.65,32.4,-32.4,-1,LOSS,NO,30,3207.55
990,2024-11-04,15:00,15:20,LONG,2743.52,2740.7,2740.7,2747.19,2740.7,2.82,11.37,32.08,-32.08,-1,LOSS,NO,20,3175.47
991,2024-11-04,15:45,16:05,SHORT,2744.48,2747.57,2747.57,2740.46,2747.57,3.09,10.28,31.75,-31.75,-1,LOSS,NO,20,3143.72
992,2024-11-04,16:30,16:35,SHORT,2741.98,2744.95,2741.78,2738.12,2738.12,2.97,10.58,31.44,40.87,1.3,WIN,YES,5,3184.59
993,2024-11-05,07:30,08:00,SHORT,2735.51,2738.28,2733.36,2731.91,2731.91,2.77,11.5,31.85,41.4,1.3,WIN,YES,30,3225.99
994,2024-11-05,08:15,08:30,SHORT,2733.76,2736.02,2736.02,2730.82,2736.02,2.26,14.27,32.26,-32.26,-1,LOSS,NO,15,3193.73
995,2024-11-05,08:50,09:05,SHORT,2738.12,2740.27,2740.27,2735.32,2740.27,2.15,14.85,31.94,-31.94,-1,LOSS,NO,15,3161.79
996,2024-11-05,09:25,09:30,LONG,2740.8,2737.88,2737.88,2744.6,2737.88,2.92,10.83,31.62,-31.62,-1,LOSS,NO,5,3130.17
997,2024-11-05,10:15,10:20,SHORT,2732.95,2735.19,2735.19,2730.04,2735.19,2.24,13.97,31.3,-31.3,-1,LOSS,NO,5,3098.87
998,2024-11-05,10:55,11:10,SHORT,2742.53,2744.76,2744.76,2739.63,2744.76,2.23,13.9,30.99,-30.99,-1,LOSS,NO,15,3067.88
999,2024-11-05,11:40,11:45,SHORT,2742.13,2744.31,2741.93,2739.3,2741.93,2.18,14.07,30.68,2.81,0.09,BREAKEVEN,YES,5,3070.7
1000,2024-11-05,12:20,12:30,SHORT,2736.6,2738.75,2738.75,2733.8,2738.75,2.15,14.28,30.71,-30.71,-1,LOSS,NO,10,3039.99
1001,2024-11-05,13:10,13:15,SHORT,2740.01,2741.89,2739.81,2737.57,2739.81,1.88,16.17,30.4,3.23,0.11,BREAKEVEN,YES,5,3043.22
1002,2024-11-05,13:45,14:30,LONG,2741.29,2737.81,2737.81,2745.81,2739.66,3.48,8.74,30.43,-14.25,-0.47,LOSS,NO,45,3028.97
1003,2024-11-05,14:20,14:30,LONG,2741.6,2739.29,2739.29,2744.6,2739.29,2.31,13.11,30.29,-30.29,-1,LOSS,NO,10,2998.68
1004,2024-11-05,15:25,16:00,LONG,2741.91,2738.03,2744,2746.95,2744,3.88,7.73,29.99,16.15,0.54,WIN,YES,35,3014.83
1005,2024-11-05,16:00,16:30,SHORT,2743.53,2748.31,2748.31,2737.32,2748.31,4.78,6.31,30.15,-30.15,-1,LOSS,NO,30,2984.68
1006,2024-11-05,16:45,17:00,LONG,2743.68,2740.04,2743.88,2748.41,2743.88,3.64,8.2,29.85,1.64,0.05,BREAKEVEN,YES,15,2986.32
1007,2024-11-06,07:25,07:30,SHORT,2739.58,2742.5,2739.38,2735.78,2739.38,2.92,10.23,29.86,2.05,0.07,BREAKEVEN,YES,5,2988.37
1008,2024-11-06,08:15,08:20,SHORT,2733.94,2737.22,2733.74,2729.68,2729.68,3.28,9.11,29.88,38.85,1.3,WIN,YES,5,3027.22
1009,2024-11-06,08:50,08:55,LONG,2710.35,2706.96,2706.96,2714.76,2706.96,3.39,8.93,30.27,-30.27,-1,LOSS,NO,5,2996.95
1010,2024-11-06,09:25,09:35,LONG,2725.71,2722.2,2725.91,2730.27,2725.91,3.51,8.54,29.97,1.71,0.06,BREAKEVEN,YES,10,2998.65
1011,2024-11-06,10:05,10:15,LONG,2726.34,2721.68,2726.54,2732.4,2732.4,4.66,6.43,29.99,38.98,1.3,WIN,YES,10,3037.64
1012,2024-11-06,10:40,10:50,SHORT,2729.73,2732.16,2729.53,2726.57,2726.57,2.43,12.5,30.38,39.49,1.3,WIN,YES,10,3077.12
1013,2024-11-06,11:20,11:45,SHORT,2720.43,2725.51,2720.23,2713.83,2720.23,5.08,6.06,30.77,1.21,0.04,BREAKEVEN,YES,25,3078.34
1014,2024-11-06,12:10,12:25,LONG,2723.53,2720.71,2723.73,2727.2,2723.73,2.82,10.92,30.78,2.18,0.07,BREAKEVEN,YES,15,3080.52
1015,2024-11-06,12:50,13:20,LONG,2720.74,2717.2,2717.2,2725.34,2717.2,3.54,8.7,30.81,-30.81,-1,LOSS,NO,30,3049.71
1016,2024-11-06,13:30,13:35,LONG,2711.89,2707.99,2707.99,2716.96,2707.99,3.9,7.82,30.5,-30.5,-1,LOSS,NO,5,3019.22
1017,2024-11-06,14:05,14:20,LONG,2705.8,2700.87,2700.87,2712.21,2700.87,4.93,6.12,30.19,-30.19,-1,LOSS,NO,15,2989.03
1018,2024-11-06,14:40,14:45,LONG,2700.56,2697.49,2697.49,2704.55,2697.49,3.07,9.74,29.89,-29.89,-1,LOSS,NO,5,2959.13
1019,2024-11-06,15:20,15:25,SHORT,2680.37,2684.98,2680.17,2674.38,2680.17,4.61,6.42,29.59,1.28,0.04,BREAKEVEN,YES,5,2960.42
1020,2024-11-06,15:55,16:00,SHORT,2664.12,2668.44,2663.92,2658.5,2658.5,4.32,6.85,29.6,38.49,1.3,WIN,YES,5,2998.9
1021,2024-11-06,16:35,16:45,SHORT,2656.77,2661.46,2661.46,2650.67,2661.46,4.69,6.39,29.99,-29.99,-1,LOSS,NO,10,2968.91
1022,2024-11-07,07:00,07:10,SHORT,2656.41,2658.87,2658.87,2653.21,2658.87,2.46,12.07,29.69,-29.69,-1,LOSS,NO,10,2939.23
1023,2024-11-07,07:35,07:50,SHORT,2657.9,2660.02,2660.02,2655.14,2660.02,2.12,13.86,29.39,-29.39,-1,LOSS,NO,15,2909.83
1024,2024-11-07,08:35,09:00,SHORT,2655.64,2659.09,2659.09,2651.15,2659.09,3.45,8.43,29.1,-29.1,-1,LOSS,NO,25,2880.74
1025,2024-11-07,09:10,09:15,SHORT,2659.91,2662.54,2662.54,2656.49,2662.54,2.63,10.95,28.81,-28.81,-1,LOSS,NO,5,2851.93
1026,2024-11-07,09:45,10:05,LONG,2664.26,2662,2662,2667.2,2662,2.26,12.62,28.52,-28.52,-1,LOSS,NO,20,2823.41
1027,2024-11-07,10:30,10:45,LONG,2662.18,2660.07,2660.07,2664.92,2660.07,2.11,13.38,28.23,-28.23,-1,LOSS,NO,15,2795.17
1028,2024-11-07,11:05,11:10,SHORT,2661.76,2664.55,2661.56,2658.13,2661.56,2.79,10.02,27.95,2,0.07,BREAKEVEN,YES,5,2797.18
1029,2024-11-07,11:50,12:00,LONG,2663.29,2660.07,2660.07,2667.48,2660.07,3.22,8.69,27.97,-27.97,-1,LOSS,NO,10,2769.21
1030,2024-11-07,12:35,13:00,LONG,2667.61,2665.08,2665.08,2670.9,2665.08,2.53,10.95,27.69,-27.69,-1,LOSS,NO,25,2741.51
1031,2024-11-07,13:25,14:10,SHORT,2665.34,2668.22,2668.22,2661.6,2665.67,2.88,9.52,27.42,-3.14,-0.11,BREAKEVEN,NO,45,2738.37
1032,2024-11-07,14:00,14:45,LONG,2666.84,2663.31,2668.89,2671.43,2671.43,3.53,7.76,27.38,35.6,1.3,WIN,YES,45,2773.97
1033,2024-11-07,14:45,14:50,SHORT,2670.44,2673.18,2673.18,2666.88,2673.18,2.74,10.12,27.74,-27.74,-1,LOSS,NO,5,2746.23
1034,2024-11-07,15:30,16:15,LONG,2681.85,2676.61,2682.53,2688.66,2688.27,5.24,5.24,27.46,33.65,1.23,WIN,YES,45,2779.88
1035,2024-11-07,16:10,16:15,SHORT,2683.36,2685.9,2685.9,2680.06,2685.9,2.54,10.94,27.8,-27.8,-1,LOSS,NO,5,2752.08
1036,2024-11-07,16:45,16:50,LONG,2691.18,2687.82,2691.38,2695.55,2691.38,3.36,8.19,27.52,1.64,0.06,BREAKEVEN,YES,5,2753.72
1037,2024-11-08,07:10,07:55,LONG,2695.24,2693.33,2693.33,2697.72,2695.12,1.91,14.42,27.54,-1.73,-0.06,BREAKEVEN,NO,45,2751.99
1038,2024-11-08,07:45,08:00,LONG,2694.54,2692.54,2694.74,2697.14,2694.74,2,13.76,27.52,2.75,0.1,BREAKEVEN,YES,15,2754.74
1039,2024-11-08,08:30,08:45,LONG,2687.08,2684.91,2687.28,2689.9,2687.28,2.17,12.69,27.55,2.54,0.09,BREAKEVEN,YES,15,2757.28
1040,2024-11-08,09:05,09:15,LONG,2684.65,2682.37,2682.37,2687.61,2682.37,2.28,12.09,27.57,-27.57,-1,LOSS,NO,10,2729.71
1041,2024-11-08,09:45,10:05,LONG,2686.81,2683.63,2683.63,2690.94,2683.63,3.18,8.58,27.3,-27.3,-1,LOSS,NO,20,2702.41
1042,2024-11-08,10:20,10:25,LONG,2685.75,2683.35,2685.95,2688.87,2685.95,2.4,11.26,27.02,2.25,0.08,BREAKEVEN,YES,5,2704.66
1043,2024-11-08,10:55,11:40,SHORT,2688.72,2691.41,2691.41,2685.22,2688.94,2.69,10.05,27.05,-2.21,-0.08,BREAKEVEN,NO,45,2702.45
1044,2024-11-08,11:35,12:20,SHORT,2688.08,2690.53,2686.78,2684.89,2684.89,2.45,11.03,27.02,35.13,1.3,WIN,YES,45,2737.58
1045,2024-11-08,12:10,12:20,LONG,2686.94,2684.14,2684.14,2690.58,2684.14,2.8,9.78,27.38,-27.38,-1,LOSS,NO,10,2710.21
1046,2024-11-08,12:45,13:05,LONG,2687.25,2684.79,2687.45,2690.45,2687.45,2.46,11.02,27.1,2.2,0.08,BREAKEVEN,YES,20,2712.41
1047,2024-11-08,13:25,13:30,LONG,2688.89,2686.33,2689.09,2692.22,2689.09,2.56,10.6,27.12,2.12,0.08,BREAKEVEN,YES,5,2714.53
1048,2024-11-08,14:05,14:20,LONG,2690.37,2687.98,2687.98,2693.48,2687.98,2.39,11.36,27.15,-27.15,-1,LOSS,NO,15,2687.38
1049,2024-11-08,14:40,14:50,SHORT,2689.92,2692.2,2692.2,2686.96,2692.2,2.28,11.79,26.87,-26.87,-1,LOSS,NO,10,2660.51
1050,2024-11-08,15:15,15:20,LONG,2691.28,2688.91,2691.48,2694.36,2694.36,2.37,11.23,26.61,34.59,1.3,WIN,YES,5,2695.1
1051,2024-11-08,16:00,16:05,LONG,2699.76,2694.37,2699.96,2706.77,2699.96,5.39,5,26.95,1,0.04,BREAKEVEN,YES,5,2696.1
1052,2024-11-08,16:35,16:55,SHORT,2693.79,2699.76,2693.59,2686.03,2693.59,5.97,4.52,26.96,0.9,0.03,BREAKEVEN,YES,20,2697
1053,2024-11-11,07:15,07:20,SHORT,2671.59,2673.47,2671.39,2669.15,2669.15,1.88,14.35,26.97,35.06,1.3,WIN,YES,5,2732.06
1054,2024-11-11,07:55,08:15,LONG,2669.24,2666.59,2670.1,2672.68,2672.68,2.65,10.31,27.32,35.52,1.3,WIN,YES,20,2767.58
1055,2024-11-11,08:35,09:00,LONG,2672.38,2670.08,2672.58,2675.37,2672.58,2.3,12.03,27.68,2.41,0.09,BREAKEVEN,YES,25,2769.98
1056,2024-11-11,09:15,09:45,LONG,2672.17,2669.9,2669.9,2675.12,2669.9,2.27,12.2,27.7,-27.7,-1,LOSS,NO,30,2742.28
1057,2024-11-11,10:00,10:10,LONG,2669.26,2667.31,2669.46,2671.8,2669.46,1.95,14.06,27.42,2.81,0.1,BREAKEVEN,YES,10,2745.1
1058,2024-11-11,10:45,11:20,LONG,2669.46,2666.91,2666.91,2672.78,2666.91,2.55,10.77,27.45,-27.45,-1,LOSS,NO,35,2717.64
1059,2024-11-11,11:20,12:00,LONG,2666.44,2662.9,2666.64,2671.04,2666.64,3.54,7.68,27.18,1.54,0.06,BREAKEVEN,YES,40,2719.18
1060,2024-11-11,11:55,12:00,SHORT,2666.85,2669.1,2669.1,2663.92,2669.1,2.25,12.09,27.19,-27.19,-1,LOSS,NO,5,2691.99
1061,2024-11-11,12:30,12:50,LONG,2669.97,2667.63,2667.63,2673.01,2667.63,2.34,11.5,26.92,-26.92,-1,LOSS,NO,20,2665.07
1062,2024-11-11,13:10,13:20,LONG,2663.85,2660.52,2664.05,2668.18,2664.05,3.33,8,26.65,1.6,0.06,BREAKEVEN,YES,10,2666.67
1063,2024-11-11,13:45,14:00,LONG,2665.04,2662.12,2662.12,2668.84,2662.12,2.92,9.13,26.67,-26.67,-1,LOSS,NO,15,2640
1064,2024-11-11,14:25,14:30,SHORT,2660.77,2663.02,2660.57,2657.84,2657.84,2.25,11.73,26.4,34.32,1.3,WIN,YES,5,2674.32
1065,2024-11-11,15:00,15:30,LONG,2656.75,2650.76,2650.76,2664.54,2650.76,5.99,4.46,26.74,-26.74,-1,LOSS,NO,30,2647.58
1066,2024-11-11,15:45,15:50,SHORT,2638.28,2642.27,2638.08,2633.09,2638.08,3.99,6.64,26.48,1.33,0.05,BREAKEVEN,YES,5,2648.91
1067,2024-11-11,16:25,16:30,SHORT,2628.28,2633.55,2628.08,2621.43,2628.08,5.27,5.03,26.49,1.01,0.04,BREAKEVEN,YES,5,2649.91
1068,2024-11-12,07:25,07:30,SHORT,2612.72,2614.76,2612.52,2610.07,2610.07,2.04,12.99,26.5,34.45,1.3,WIN,YES,5,2684.36
1069,2024-11-12,08:10,08:20,LONG,2607.28,2604.29,2604.29,2611.17,2604.29,2.99,8.98,26.84,-26.84,-1,LOSS,NO,10,2657.52
1070,2024-11-12,08:45,09:20,SHORT,2606.34,2609.1,2606.14,2602.75,2602.75,2.76,9.63,26.58,34.55,1.3,WIN,YES,35,2692.06
1071,2024-11-12,09:35,09:45,LONG,2597.77,2593.64,2597.97,2603.14,2597.97,4.13,6.52,26.92,1.3,0.05,BREAKEVEN,YES,10,2693.37
1072,2024-11-12,10:15,10:20,LONG,2603.16,2600.67,2603.36,2606.4,2603.36,2.49,10.82,26.93,2.16,0.08,BREAKEVEN,YES,5,2695.53
1073,2024-11-12,10:50,11:05,SHORT,2601.4,2604.58,2600.09,2597.27,2597.27,3.18,8.48,26.96,35.04,1.3,WIN,YES,15,2730.57
1074,2024-11-12,11:25,11:35,LONG,2594.57,2592.21,2592.21,2597.64,2592.21,2.36,11.57,27.31,-27.31,-1,LOSS,NO,10,2703.27
1075,2024-11-12,12:00,12:10,LONG,2592.34,2589.74,2592.54,2595.72,2595.72,2.6,10.4,27.03,35.14,1.3,WIN,YES,10,2738.41
1076,2024-11-12,12:35,12:45,SHORT,2590.94,2594.37,2594.37,2586.48,2594.37,3.43,7.98,27.38,-27.38,-1,LOSS,NO,10,2711.03
1077,2024-11-12,13:15,13:20,LONG,2595.63,2593.18,2593.18,2598.82,2593.18,2.45,11.07,27.11,-27.11,-1,LOSS,NO,5,2683.92
1078,2024-11-12,13:50,13:55,SHORT,2594.82,2597.21,2597.21,2591.71,2597.21,2.39,11.23,26.84,-26.84,-1,LOSS,NO,5,2657.08
1079,2024-11-12,14:30,14:35,LONG,2602.69,2599.28,2602.89,2607.12,2602.89,3.41,7.79,26.57,1.56,0.06,BREAKEVEN,YES,5,2658.63
1080,2024-11-12,15:40,15:55,SHORT,2606.23,2609.86,2609.86,2601.51,2609.86,3.63,7.32,26.59,-26.59,-1,LOSS,NO,15,2632.05
1081,2024-11-12,16:15,16:30,LONG,2614.75,2610.73,2610.73,2619.98,2610.73,4.02,6.55,26.32,-26.32,-1,LOSS,NO,15,2605.73
1082,2024-11-12,16:55,17:00,SHORT,2610.37,2613.6,2610.17,2606.17,2606.17,3.23,8.07,26.06,33.87,1.3,WIN,YES,5,2639.6
1083,2024-11-13,07:15,07:30,SHORT,2606.64,2608.58,2606.44,2604.12,2604.12,1.94,13.61,26.4,34.31,1.3,WIN,YES,15,2673.92
1084,2024-11-13,07:55,08:40,SHORT,2605.79,2608.32,2608.32,2602.5,2604.95,2.53,10.57,26.74,8.88,0.33,WIN,NO,45,2682.8
1085,2024-11-13,08:30,08:45,SHORT,2606.13,2608.19,2605.93,2603.45,2605.93,2.06,13.02,26.83,2.6,0.1,BREAKEVEN,YES,15,2685.4
1086,2024-11-13,09:05,09:50,SHORT,2605.61,2608.91,2608.91,2601.32,2606.98,3.3,8.14,26.85,-11.15,-0.42,LOSS,NO,45,2674.25
1087,2024-11-13,10:05,10:10,SHORT,2603.8,2606.35,2603.6,2600.49,2603.6,2.55,10.49,26.74,2.1,0.08,BREAKEVEN,YES,5,2676.35
1088,2024-11-13,10:40,11:25,SHORT,2608.91,2612.16,2612.16,2604.68,2609.51,3.25,8.23,26.76,-4.94,-0.18,BREAKEVEN,NO,45,2671.41
1089,2024-11-13,11:30,11:50,SHORT,2610.38,2613.1,2610.18,2606.84,2610.18,2.72,9.82,26.71,1.96,0.07,BREAKEVEN,YES,20,2673.37
1090,2024-11-13,12:05,12:50,SHORT,2608.29,2610.53,2610.53,2605.38,2609.65,2.24,11.93,26.73,-16.23,-0.61,LOSS,NO,45,2657.14
1091,2024-11-13,12:50,13:35,SHORT,2609.65,2611.94,2607.91,2606.67,2606.67,2.29,11.6,26.57,34.54,1.3,WIN,YES,45,2691.68
1092,2024-11-13,13:25,13:35,LONG,2608.7,2606.75,2606.75,2611.23,2606.75,1.95,13.8,26.92,-26.92,-1,LOSS,NO,10,2664.77
1093,2024-11-13,14:00,14:45,SHORT,2612.02,2614.21,2611.82,2609.17,2610.08,2.19,12.17,26.65,23.61,0.89,WIN,YES,45,2688.37
1094,2024-11-13,14:50,15:00,LONG,2609.4,2607.43,2609.6,2611.96,2609.6,1.97,13.65,26.88,2.73,0.1,BREAKEVEN,YES,10,2691.1
1095,2024-11-13,15:25,15:30,SHORT,2608.1,2610.89,2610.89,2604.47,2610.89,2.79,9.65,26.91,-26.91,-1,LOSS,NO,5,2664.19
1096,2024-11-13,16:00,16:10,SHORT,2611.79,2615.15,2615.15,2607.42,2615.15,3.36,7.93,26.64,-26.64,-1,LOSS,NO,10,2637.55
1097,2024-11-13,16:50,17:00,LONG,2603.26,2599.7,2599.7,2607.89,2599.7,3.56,7.41,26.38,-26.38,-1,LOSS,NO,10,2611.17
1098,2024-11-14,07:05,07:20,LONG,2562.71,2560.43,2560.43,2565.67,2560.43,2.28,11.45,26.11,-26.11,-1,LOSS,NO,15,2585.06
1099,2024-11-14,07:40,07:45,LONG,2556.23,2553.87,2556.43,2559.3,2556.43,2.36,10.95,25.85,2.19,0.08,BREAKEVEN,YES,5,2587.25
1100,2024-11-14,08:20,08:30,LONG,2558.78,2556.14,2556.14,2562.21,2556.14,2.64,9.8,25.87,-25.87,-1,LOSS,NO,10,2561.38
1101,2024-11-14,09:20,09:30,SHORT,2552.79,2555.75,2555.75,2548.94,2555.75,2.96,8.65,25.61,-25.61,-1,LOSS,NO,10,2535.77
1102,2024-11-14,10:00,10:15,LONG,2556.48,2552.98,2556.68,2561.03,2556.68,3.5,7.25,25.36,1.45,0.06,BREAKEVEN,YES,15,2537.22
1103,2024-11-14,10:35,10:45,SHORT,2557.19,2560.29,2556.99,2553.16,2556.99,3.1,8.18,25.37,1.64,0.06,BREAKEVEN,YES,10,2538.85
1104,2024-11-14,11:35,11:50,LONG,2544.31,2539.43,2539.43,2550.65,2539.43,4.88,5.2,25.39,-25.39,-1,LOSS,NO,15,2513.46
1105,2024-11-14,12:40,12:45,LONG,2544.77,2541.86,2544.97,2548.55,2544.97,2.91,8.64,25.13,1.73,0.07,BREAKEVEN,YES,5,2515.19
1106,2024-11-14,13:20,13:30,LONG,2546.35,2543.67,2546.55,2549.83,2546.55,2.68,9.39,25.15,1.88,0.07,BREAKEVEN,YES,10,2517.07
1107,2024-11-14,13:55,14:35,LONG,2553.63,2550.33,2553.83,2557.92,2553.83,3.3,7.63,25.17,1.53,0.06,BREAKEVEN,YES,40,2518.59
1108,2024-11-14,14:30,14:45,LONG,2555.34,2553.16,2553.16,2558.17,2553.16,2.18,11.55,25.19,-25.19,-1,LOSS,NO,15,2493.41
1109,2024-11-14,15:10,15:30,LONG,2555.24,2552.1,2552.1,2559.32,2552.1,3.14,7.94,24.93,-24.93,-1,LOSS,NO,20,2468.47
1110,2024-11-14,15:45,16:15,SHORT,2556.9,2561.4,2561.4,2551.05,2561.4,4.5,5.49,24.68,-24.68,-1,LOSS,NO,30,2443.79
1111,2024-11-14,16:20,16:40,LONG,2561.7,2557.7,2561.9,2566.9,2561.9,4,6.11,24.44,1.22,0.05,BREAKEVEN,YES,20,2445.01
1112,2024-11-14,16:55,17:05,SHORT,2559.63,2562.78,2562.78,2555.53,2562.78,3.15,7.76,24.45,-24.45,-1,LOSS,NO,10,2420.56
1113,2024-11-15,07:05,07:45,SHORT,2566.62,2568.73,2566.25,2563.88,2563.88,2.11,11.47,24.21,31.47,1.3,WIN,YES,40,2452.03
1114,2024-11-15,08:10,08:45,LONG,2557.66,2554.57,2560.21,2561.68,2561.68,3.09,7.94,24.52,31.88,1.3,WIN,YES,35,2483.9
1115,2024-11-15,08:50,09:00,LONG,2562.77,2560.76,2560.76,2565.38,2560.76,2.01,12.36,24.84,-24.84,-1,LOSS,NO,10,2459.07
1116,2024-11-15,09:40,10:15,LONG,2563.4,2560.7,2564.38,2566.91,2564.38,2.7,9.11,24.59,8.93,0.36,WIN,YES,35,2467.99
1117,2024-11-15,10:25,10:45,LONG,2563.3,2559.42,2566.01,2568.34,2568.34,3.88,6.36,24.68,32.08,1.3,WIN,YES,20,2500.07
1118,2024-11-15,11:00,11:15,LONG,2566.98,2564.27,2567.18,2570.5,2567.18,2.71,9.23,25,1.85,0.07,BREAKEVEN,YES,15,2501.92
1119,2024-11-15,11:45,12:00,LONG,2566.65,2563.73,2563.73,2570.45,2563.73,2.92,8.57,25.02,-25.02,-1,LOSS,NO,15,2476.9
1120,2024-11-15,12:30,12:35,LONG,2567.83,2565.42,2568.03,2570.96,2568.03,2.41,10.28,24.77,2.06,0.08,BREAKEVEN,YES,5,2478.96
1121,2024-11-15,13:05,13:25,LONG,2567.66,2565.12,2567.86,2570.96,2567.86,2.54,9.76,24.79,1.95,0.08,BREAKEVEN,YES,20,2480.91
1122,2024-11-15,13:40,14:00,LONG,2572.09,2569.01,2569.01,2576.09,2569.01,3.08,8.05,24.81,-24.81,-1,LOSS,NO,20,2456.1
1123,2024-11-15,14:40,14:50,SHORT,2567.21,2569.36,2569.36,2564.41,2569.36,2.15,11.42,24.56,-24.56,-1,LOSS,NO,10,2431.54
1124,2024-11-15,15:15,15:30,SHORT,2572.27,2576.56,2572.07,2566.69,2566.69,4.29,5.67,24.32,31.61,1.3,WIN,YES,15,2463.15
1125,2024-11-15,15:55,16:05,SHORT,2565.32,2568.96,2568.96,2560.59,2568.96,3.64,6.77,24.63,-24.63,-1,LOSS,NO,10,2438.52
1126,2024-11-15,16:30,16:35,SHORT,2571.98,2576.61,2571.78,2565.96,2571.78,4.63,5.27,24.39,1.05,0.04,BREAKEVEN,YES,5,2439.57
1127,2024-11-18,07:05,07:30,SHORT,2590.19,2592.94,2589.73,2586.62,2586.62,2.75,8.87,24.4,31.71,1.3,WIN,YES,25,2471.28
1128,2024-11-18,07:40,08:00,SHORT,2585.51,2589.45,2585.31,2580.39,2585.31,3.94,6.27,24.71,1.25,0.05,BREAKEVEN,YES,20,2472.54
1129,2024-11-18,08:15,09:00,SHORT,2584.33,2587.94,2587.94,2579.64,2584.34,3.61,6.85,24.73,-0.07,0,BREAKEVEN,NO,45,2472.47
1130,2024-11-18,09:05,09:50,SHORT,2584.61,2587.26,2584.41,2581.16,2584.41,2.65,9.33,24.72,1.87,0.08,BREAKEVEN,YES,45,2474.34
1131,2024-11-18,09:40,10:10,SHORT,2582.93,2585.61,2585.61,2579.45,2585.61,2.68,9.23,24.74,-24.74,-1,LOSS,NO,30,2449.59
1132,2024-11-18,10:25,10:40,SHORT,2587.29,2589.72,2587.09,2584.13,2587.09,2.43,10.08,24.5,2.02,0.08,BREAKEVEN,YES,15,2451.61
1133,2024-11-18,11:00,11:20,LONG,2586.06,2583.13,2587.76,2589.87,2589.87,2.93,8.37,24.52,31.87,1.3,WIN,YES,20,2483.48
1134,2024-11-18,11:35,12:05,LONG,2592.38,2588.21,2593.38,2597.8,2593.38,4.17,5.96,24.83,5.96,0.24,WIN,YES,30,2489.44
1135,2024-11-18,12:20,12:30,LONG,2591.83,2589.61,2589.61,2594.72,2589.61,2.22,11.21,24.89,-24.89,-1,LOSS,NO,10,2464.54
1136,2024-11-18,13:05,13:20,LONG,2591.82,2589.63,2592.02,2594.67,2594.67,2.19,11.25,24.65,32.04,1.3,WIN,YES,15,2496.58
1137,2024-11-18,13:50,13:55,LONG,2593.34,2590.9,2593.54,2596.51,2593.54,2.44,10.23,24.97,2.05,0.08,BREAKEVEN,YES,5,2498.63
1138,2024-11-18,14:25,14:35,LONG,2591,2589.03,2591.2,2593.56,2593.56,1.97,12.68,24.99,32.48,1.3,WIN,YES,10,2531.11
1139,2024-11-18,15:10,15:20,LONG,2597.02,2592.98,2592.98,2602.27,2592.98,4.04,6.27,25.31,-25.31,-1,LOSS,NO,10,2505.8
1140,2024-11-18,15:50,16:10,LONG,2604.7,2601.3,2604.9,2609.12,2604.9,3.4,7.37,25.06,1.47,0.06,BREAKEVEN,YES,20,2507.27
1141,2024-11-18,16:35,16:50,LONG,2609.81,2605.42,2605.42,2615.52,2605.42,4.39,5.71,25.07,-25.07,-1,LOSS,NO,15,2482.2
1142,2024-11-19,07:00,07:45,LONG,2622.32,2620.32,2620.32,2624.92,2622.28,2,12.41,24.82,-0.5,-0.02,BREAKEVEN,NO,45,2481.7
1143,2024-11-19,07:35,08:00,LONG,2622.78,2620.37,2622.98,2625.91,2622.98,2.41,10.3,24.82,2.06,0.08,BREAKEVEN,YES,25,2483.76
1144,2024-11-19,08:15,08:45,LONG,2622.57,2620.41,2622.77,2625.38,2622.77,2.16,11.5,24.84,2.3,0.09,BREAKEVEN,YES,30,2486.06
1145,2024-11-19,09:25,10:10,SHORT,2618.59,2621.16,2621.16,2615.25,2619.43,2.57,9.67,24.86,-8.13,-0.33,LOSS,NO,45,2477.94
1146,2024-11-19,10:05,10:15,LONG,2619.38,2617.2,2619.58,2622.21,2619.58,2.18,11.37,24.78,2.27,0.09,BREAKEVEN,YES,10,2480.21
1147,2024-11-19,10:45,10:50,LONG,2626.42,2624.41,2624.41,2629.03,2624.41,2.01,12.34,24.8,-24.8,-1,LOSS,NO,5,2455.41
1148,2024-11-19,11:20,11:40,LONG,2631.02,2626.81,2631.22,2636.49,2631.22,4.21,5.83,24.55,1.17,0.05,BREAKEVEN,YES,20,2456.57
1149,2024-11-19,11:55,12:05,SHORT,2630.28,2633.6,2633.6,2625.96,2633.6,3.32,7.4,24.57,-24.57,-1,LOSS,NO,10,2432.01
1150,2024-11-19,12:30,13:15,SHORT,2633.33,2637.15,2637.15,2628.36,2635.13,3.82,6.37,24.32,-11.46,-0.47,LOSS,NO,45,2420.55
1151,2024-11-19,13:05,13:30,SHORT,2634.88,2637.34,2634.68,2631.68,2634.68,2.46,9.84,24.21,1.97,0.08,BREAKEVEN,YES,25,2422.52
1152,2024-11-19,13:40,13:55,SHORT,2633.81,2636.09,2633.24,2630.85,2630.85,2.28,10.63,24.23,31.49,1.3,WIN,YES,15,2454.01
1153,2024-11-19,14:30,14:50,SHORT,2635.64,2638.19,2635.44,2632.32,2635.44,2.55,9.62,24.54,1.92,0.08,BREAKEVEN,YES,20,2455.93
1154,2024-11-19,15:05,15:15,LONG,2638.21,2635.46,2635.46,2641.78,2635.46,2.75,8.93,24.56,-24.56,-1,LOSS,NO,10,2431.37
1155,2024-11-19,15:40,15:45,SHORT,2634.81,2637.75,2634.61,2630.99,2634.61,2.94,8.27,24.31,1.65,0.07,BREAKEVEN,YES,5,2433.03
1156,2024-11-19,16:30,17:05,SHORT,2627.29,2631.33,2626.37,2622.04,2626.37,4.04,6.02,24.33,5.54,0.23,WIN,YES,35,2438.57
1157,2024-11-20,07:05,07:40,SHORT,2635.71,2638.07,2638.07,2632.64,2638.07,2.36,10.33,24.39,-24.39,-1,LOSS,NO,35,2414.18
1158,2024-11-20,07:40,07:50,SHORT,2637.82,2640,2637.62,2634.99,2637.62,2.18,11.07,24.14,2.21,0.09,BREAKEVEN,YES,10,2416.4
1159,2024-11-20,08:15,09:00,SHORT,2629.68,2633.67,2633.67,2624.49,2627.94,3.99,6.06,24.16,10.54,0.44,WIN,NO,45,2426.94
1160,2024-11-20,08:50,09:00,LONG,2629.9,2627.96,2627.96,2632.42,2627.96,1.94,12.51,24.27,-24.27,-1,LOSS,NO,10,2402.67
1161,2024-11-20,09:35,09:40,LONG,2624.02,2621.87,2624.22,2626.82,2624.22,2.15,11.18,24.03,2.24,0.09,BREAKEVEN,YES,5,2404.9
1162,2024-11-20,10:15,11:00,LONG,2622.85,2620.61,2623.05,2625.76,2624.64,2.24,10.74,24.05,19.22,0.8,WIN,YES,45,2424.12
1163,2024-11-20,11:00,11:25,LONG,2624.64,2621.73,2621.73,2628.42,2621.73,2.91,8.33,24.24,-24.24,-1,LOSS,NO,25,2399.88
1164,2024-11-20,11:35,12:20,SHORT,2622.7,2625.45,2625.45,2619.13,2624.99,2.75,8.73,24,-19.98,-0.83,LOSS,NO,45,2379.89
1165,2024-11-20,12:35,13:20,LONG,2624.12,2621.16,2621.16,2627.97,2622.89,2.96,8.04,23.8,-9.89,-0.42,LOSS,NO,45,2370
1166,2024-11-20,13:15,13:30,LONG,2622.13,2620,2622.76,2624.9,2624.9,2.13,11.13,23.7,30.81,1.3,WIN,YES,15,2400.81
1167,2024-11-20,13:50,14:05,LONG,2626.06,2622.98,2628.11,2630.06,2630.06,3.08,7.79,24.01,31.21,1.3,WIN,YES,15,2432.02
1168,2024-11-20,14:25,14:45,LONG,2628.4,2625.57,2630.24,2632.08,2632.08,2.83,8.59,24.32,31.62,1.3,WIN,YES,20,2463.64
1169,2024-11-20,15:25,16:05,SHORT,2637.58,2641.9,2637.38,2631.96,2637.38,4.32,5.7,24.64,1.14,0.05,BREAKEVEN,YES,40,2464.78
1170,2024-11-20,16:00,16:05,LONG,2635.12,2632.68,2635.32,2638.29,2635.32,2.44,10.1,24.65,2.02,0.08,BREAKEVEN,YES,5,2466.8
1171,2024-11-20,16:40,16:55,LONG,2645.67,2640.98,2640.98,2651.77,2640.98,4.69,5.26,24.67,-24.67,-1,LOSS,NO,15,2442.13
1172,2024-11-21,07:25,07:45,SHORT,2655.88,2657.85,2657.85,2653.32,2657.85,1.97,12.4,24.42,-24.42,-1,LOSS,NO,20,2417.71
1173,2024-11-21,08:00,08:15,SHORT,2657.45,2659.66,2659.66,2654.58,2659.66,2.21,10.94,24.18,-24.18,-1,LOSS,NO,15,2393.54
1174,2024-11-21,08:50,09:25,SHORT,2660.86,2663.08,2663.08,2657.97,2663.08,2.22,10.78,23.94,-23.94,-1,LOSS,NO,35,2369.6
1175,2024-11-21,09:30,10:15,SHORT,2663.16,2665.75,2665.75,2659.79,2664.65,2.59,9.15,23.7,-13.63,-0.58,LOSS,NO,45,2355.97
1176,2024-11-21,10:10,10:30,LONG,2663.55,2660.53,2666.04,2667.48,2667.48,3.02,7.8,23.56,30.63,1.3,WIN,YES,20,2386.6
1177,2024-11-21,10:45,10:50,SHORT,2668.41,2670.95,2668.21,2665.11,2668.21,2.54,9.4,23.87,1.88,0.08,BREAKEVEN,YES,5,2388.47
1178,2024-11-21,11:25,11:45,SHORT,2665.64,2668.21,2665.44,2662.3,2665.44,2.57,9.29,23.88,1.86,0.08,BREAKEVEN,YES,20,2390.33
1179,2024-11-21,12:10,12:55,LONG,2668.31,2663.59,2663.59,2674.45,2669.88,4.72,5.06,23.9,7.95,0.33,WIN,NO,45,2398.28
1180,2024-11-21,13:15,13:50,SHORT,2672.09,2674.49,2671.89,2668.97,2671.89,2.4,9.99,23.98,2,0.08,BREAKEVEN,YES,35,2400.28
1181,2024-11-21,13:55,14:00,SHORT,2671.51,2674.16,2671.31,2668.07,2671.31,2.65,9.06,24,1.81,0.08,BREAKEVEN,YES,5,2402.09
1182,2024-11-21,14:35,15:00,SHORT,2664.69,2667.51,2664.49,2661.02,2661.02,2.82,8.52,24.02,31.23,1.3,WIN,YES,25,2433.32
1183,2024-11-21,15:10,15:25,LONG,2666.98,2664.17,2664.17,2670.63,2664.17,2.81,8.66,24.33,-24.33,-1,LOSS,NO,15,2408.99
1184,2024-11-21,15:45,16:00,LONG,2666.09,2663.46,2666.29,2669.51,2666.29,2.63,9.16,24.09,1.83,0.08,BREAKEVEN,YES,15,2410.82
1185,2024-11-21,16:35,16:40,SHORT,2669.22,2672.49,2669.02,2664.97,2664.97,3.27,7.37,24.11,31.34,1.3,WIN,YES,5,2442.16
1186,2024-11-22,07:00,07:30,LONG,2688.37,2684.9,2684.9,2692.88,2684.9,3.47,7.04,24.42,-24.42,-1,LOSS,NO,30,2417.74
1187,2024-11-22,07:50,08:00,SHORT,2685.25,2687.39,2687.39,2682.47,2687.39,2.14,11.3,24.18,-24.18,-1,LOSS,NO,10,2393.56
1188,2024-11-22,08:25,08:55,LONG,2688.1,2684.4,2690.86,2692.91,2692.91,3.7,6.47,23.94,31.12,1.3,WIN,YES,30,2424.68
1189,2024-11-22,09:20,09:35,SHORT,2692.41,2694.71,2694.71,2689.42,2694.71,2.3,10.54,24.25,-24.25,-1,LOSS,NO,15,2400.43
1190,2024-11-22,10:00,10:15,SHORT,2695.15,2698.89,2698.89,2690.29,2698.89,3.74,6.42,24,-24,-1,LOSS,NO,15,2376.43
1191,2024-11-22,10:35,11:00,LONG,2699.6,2696.26,2696.26,2703.94,2696.26,3.34,7.12,23.76,-23.76,-1,LOSS,NO,25,2352.66
1192,2024-11-22,11:40,12:25,SHORT,2704.9,2708.94,2708.94,2699.65,2706.02,4.04,5.82,23.53,-6.52,-0.28,LOSS,NO,45,2346.14
1193,2024-11-22,12:15,12:20,LONG,2706.42,2703.89,2706.62,2709.71,2706.62,2.53,9.27,23.46,1.85,0.08,BREAKEVEN,YES,5,2348
1194,2024-11-22,12:50,13:05,LONG,2706.73,2704.08,2706.93,2710.18,2706.93,2.65,8.86,23.48,1.77,0.08,BREAKEVEN,YES,15,2349.77
1195,2024-11-22,14:00,14:40,SHORT,2698.93,2701.72,2701.72,2695.3,2701.72,2.79,8.42,23.5,-23.5,-1,LOSS,NO,40,2326.27
1196,2024-11-22,14:35,14:40,LONG,2700.58,2697.58,2700.78,2704.48,2700.78,3,7.75,23.26,1.55,0.07,BREAKEVEN,YES,5,2327.82
1197,2024-11-22,15:15,15:20,SHORT,2699.09,2702.08,2698.89,2695.2,2698.89,2.99,7.79,23.28,1.56,0.07,BREAKEVEN,YES,5,2329.38
1198,2024-11-22,15:50,16:00,SHORT,2693.73,2696.63,2693.53,2689.96,2693.53,2.9,8.03,23.29,1.61,0.07,BREAKEVEN,YES,10,2330.98
1199,2024-11-22,16:40,16:45,SHORT,2692.33,2694.92,2692.13,2688.96,2688.96,2.59,9,23.31,30.3,1.3,WIN,YES,5,2361.29
1200,2024-11-25,07:00,07:15,LONG,2671.94,2669.52,2672.14,2675.09,2672.14,2.42,9.76,23.61,1.95,0.08,BREAKEVEN,YES,15,2363.24
1201,2024-11-25,07:35,07:40,SHORT,2668.22,2671.87,2668.02,2663.47,2668.02,3.65,6.47,23.63,1.29,0.05,BREAKEVEN,YES,5,2364.53
1202,2024-11-25,08:10,08:20,SHORT,2667.31,2670.22,2667.11,2663.53,2667.11,2.91,8.13,23.65,1.63,0.07,BREAKEVEN,YES,10,2366.16
1203,2024-11-25,08:45,09:15,SHORT,2666.94,2670.26,2670.26,2662.62,2670.26,3.32,7.13,23.66,-23.66,-1,LOSS,NO,30,2342.5
1204,2024-11-25,09:30,09:45,SHORT,2665.93,2669.65,2669.65,2661.09,2669.65,3.72,6.3,23.42,-23.42,-1,LOSS,NO,15,2319.07
1205,2024-11-25,10:05,10:15,LONG,2669.21,2666.63,2669.41,2672.56,2672.56,2.58,8.99,23.19,30.15,1.3,WIN,YES,10,2349.22
1206,2024-11-25,11:25,12:00,LONG,2671.66,2668.34,2672.9,2675.98,2672.9,3.32,7.08,23.49,8.77,0.37,WIN,YES,35,2357.99
1207,2024-11-25,12:00,12:10,LONG,2673.56,2671,2671,2676.89,2671,2.56,9.21,23.58,-23.58,-1,LOSS,NO,10,2334.41
1208,2024-11-25,12:50,13:05,LONG,2675.7,2671.36,2677.2,2681.34,2681.34,4.34,5.38,23.34,30.35,1.3,WIN,YES,15,2364.76
1209,2024-11-25,13:35,14:10,LONG,2687.19,2682.6,2682.6,2693.16,2682.6,4.59,5.15,23.65,-23.65,-1,LOSS,NO,35,2341.11
1210,2024-11-25,14:10,14:15,LONG,2683.47,2680.78,2680.78,2686.97,2680.78,2.69,8.7,23.41,-23.41,-1,LOSS,NO,5,2317.7
1211,2024-11-25,14:45,14:55,LONG,2680.68,2678.6,2680.88,2683.38,2680.88,2.08,11.14,23.18,2.23,0.1,BREAKEVEN,YES,10,2319.93
1212,2024-11-25,15:25,15:30,LONG,2685.39,2682.87,2685.59,2688.67,2685.59,2.52,9.21,23.2,1.84,0.08,BREAKEVEN,YES,5,2321.77
1213,2024-11-25,16:25,16:35,SHORT,2645.01,2650.77,2644.81,2637.52,2637.52,5.76,4.03,23.22,30.18,1.3,WIN,YES,10,2351.96
1214,2024-11-26,07:15,07:30,SHORT,2622.29,2624.41,2622.09,2619.53,2619.53,2.12,11.09,23.52,30.58,1.3,WIN,YES,15,2382.53
1215,2024-11-26,07:50,07:55,LONG,2621.84,2618.36,2622.04,2626.36,2622.04,3.48,6.85,23.83,1.37,0.06,BREAKEVEN,YES,5,2383.9
1216,2024-11-26,08:25,09:10,LONG,2623.17,2619.7,2619.7,2627.68,2622.22,3.47,6.87,23.84,-6.53,-0.27,LOSS,NO,45,2377.37
1217,2024-11-26,09:05,09:20,SHORT,2621.86,2624.03,2621.66,2619.04,2621.66,2.17,10.96,23.77,2.19,0.09,BREAKEVEN,YES,15,2379.56
1218,2024-11-26,09:40,10:10,SHORT,2612.52,2617.16,2617.16,2606.49,2617.16,4.64,5.13,23.8,-23.8,-1,LOSS,NO,30,2355.77
1219,2024-11-26,10:45,10:55,SHORT,2614.97,2617.12,2614.77,2612.17,2614.77,2.15,10.96,23.56,2.19,0.09,BREAKEVEN,YES,10,2357.96
1220,2024-11-26,11:40,12:05,LONG,2625.82,2623.33,2626.02,2629.06,2626.02,2.49,9.47,23.58,1.89,0.08,BREAKEVEN,YES,25,2359.85
1221,2024-11-26,12:15,12:30,LONG,2629.13,2627.08,2629.33,2631.8,2631.8,2.05,11.51,23.6,30.68,1.3,WIN,YES,15,2390.53
1222,2024-11-26,12:55,13:00,LONG,2631.37,2629.43,2629.43,2633.89,2629.43,1.94,12.32,23.91,-23.91,-1,LOSS,NO,5,2366.63
1223,2024-11-26,13:30,14:15,LONG,2632.74,2627.32,2627.32,2639.79,2632.64,5.42,4.37,23.67,-0.44,-0.02,BREAKEVEN,NO,45,2366.19
1224,2024-11-26,14:05,14:15,LONG,2632.42,2629.51,2632.62,2636.2,2632.62,2.91,8.13,23.66,1.63,0.07,BREAKEVEN,YES,10,2367.82
1225,2024-11-26,14:45,15:00,SHORT,2630.9,2633.51,2633.51,2627.51,2633.51,2.61,9.07,23.68,-23.68,-1,LOSS,NO,15,2344.14
1226,2024-11-26,15:30,15:45,LONG,2633.31,2628.3,2628.3,2639.82,2628.3,5.01,4.68,23.44,-23.44,-1,LOSS,NO,15,2320.7
1227,2024-11-26,16:15,16:30,LONG,2631.55,2627.91,2627.91,2636.28,2627.91,3.64,6.38,23.21,-23.21,-1,LOSS,NO,15,2297.49
1228,2024-11-26,16:55,17:05,SHORT,2622.05,2624.85,2624.85,2618.41,2624.85,2.8,8.21,22.97,-22.97,-1,LOSS,NO,10,2274.52
1229,2024-11-27,07:00,07:30,LONG,2639.62,2637.07,2639.82,2642.93,2642.93,2.55,8.92,22.75,29.57,1.3,WIN,YES,30,2304.08
1230,2024-11-27,07:35,07:40,SHORT,2643.15,2645.43,2645.43,2640.19,2645.43,2.28,10.11,23.04,-23.04,-1,LOSS,NO,5,2281.04
1231,2024-11-27,08:15,08:20,LONG,2641.44,2638.76,2641.64,2644.92,2641.64,2.68,8.51,22.81,1.7,0.07,BREAKEVEN,YES,5,2282.75
1232,2024-11-27,09:10,09:55,SHORT,2647.13,2649.91,2649.91,2643.52,2646.6,2.78,8.21,22.83,4.35,0.19,BREAKEVEN,NO,45,2287.1
1233,2024-11-27,09:45,10:15,LONG,2646.76,2644.66,2646.96,2649.49,2646.96,2.1,10.89,22.87,2.18,0.1,BREAKEVEN,YES,30,2289.28
1234,2024-11-27,10:30,10:50,LONG,2647.75,2645.3,2647.95,2650.93,2650.93,2.45,9.34,22.89,29.76,1.3,WIN,YES,20,2319.04
1235,2024-11-27,11:10,11:30,LONG,2649.61,2647.35,2649.81,2652.55,2649.81,2.26,10.26,23.19,2.05,0.09,BREAKEVEN,YES,20,2321.09
1236,2024-11-27,11:45,11:55,SHORT,2649.25,2651.21,2649.05,2646.7,2649.05,1.96,11.84,23.21,2.37,0.1,BREAKEVEN,YES,10,2323.46
1237,2024-11-27,12:25,13:10,SHORT,2648.35,2651.22,2648.15,2644.62,2644.62,2.87,8.1,23.23,30.2,1.3,WIN,YES,45,2353.66
1238,2024-11-27,13:20,13:35,SHORT,2646.23,2650.23,2650.23,2641.03,2650.23,4,5.88,23.54,-23.54,-1,LOSS,NO,15,2330.13
1239,2024-11-27,13:55,14:10,SHORT,2651.11,2653.84,2653.84,2647.56,2653.84,2.73,8.54,23.3,-23.3,-1,LOSS,NO,15,2306.82
1240,2024-11-27,14:30,14:35,LONG,2652.57,2650.4,2652.77,2655.39,2652.77,2.17,10.63,23.07,2.13,0.09,BREAKEVEN,YES,5,2308.95
1241,2024-11-27,15:15,15:25,SHORT,2648.83,2651.78,2648.63,2644.99,2648.63,2.95,7.83,23.09,1.57,0.07,BREAKEVEN,YES,10,2310.52
1242,2024-11-27,16:05,16:30,SHORT,2650.06,2654.59,2654.59,2644.17,2654.59,4.53,5.1,23.11,-23.11,-1,LOSS,NO,25,2287.41
1243,2024-11-27,16:55,17:00,SHORT,2651.24,2654.02,2651.04,2647.63,2647.63,2.78,8.23,22.87,29.74,1.3,WIN,YES,5,2317.15
1244,2024-11-28,07:00,07:20,LONG,2631.2,2628.63,2631.4,2634.54,2631.4,2.57,9.02,23.17,1.8,0.08,BREAKEVEN,YES,20,2318.95
1245,2024-11-28,07:45,07:50,LONG,2631.88,2629.6,2632.08,2634.84,2632.08,2.28,10.17,23.19,2.03,0.09,BREAKEVEN,YES,5,2320.98
1246,2024-11-28,08:35,08:40,LONG,2634.02,2631.72,2634.22,2637.01,2637.01,2.3,10.09,23.21,30.17,1.3,WIN,YES,5,2351.16
1247,2024-11-28,09:10,09:15,SHORT,2636.46,2638.45,2638.45,2633.87,2638.45,1.99,11.81,23.51,-23.51,-1,LOSS,NO,5,2327.65
1248,2024-11-28,09:45,10:10,LONG,2636.66,2634.14,2636.86,2639.94,2636.86,2.52,9.24,23.28,1.85,0.08,BREAKEVEN,YES,25,2329.49
1249,2024-11-28,10:35,10:50,SHORT,2639.71,2642.08,2642.08,2636.63,2642.08,2.37,9.83,23.29,-23.29,-1,LOSS,NO,15,2306.2
1250,2024-11-28,11:15,12:00,SHORT,2645.42,2647.99,2647.99,2642.08,2646.61,2.57,8.97,23.06,-10.68,-0.46,LOSS,NO,45,2295.52
1251,2024-11-28,12:05,12:35,LONG,2646.46,2644.42,2646.66,2649.11,2649.11,2.04,11.25,22.96,29.84,1.3,WIN,YES,30,2325.36
1252,2024-11-28,12:40,13:20,LONG,2648.7,2646.5,2646.5,2651.56,2646.5,2.2,10.57,23.25,-23.25,-1,LOSS,NO,40,2302.11
1253,2024-11-28,13:15,13:25,LONG,2648.34,2646.07,2646.07,2651.29,2646.07,2.27,10.14,23.02,-23.02,-1,LOSS,NO,10,2279.09
1254,2024-11-28,13:50,14:15,SHORT,2646.87,2649.09,2646.67,2643.98,2646.67,2.22,10.27,22.79,2.05,0.09,BREAKEVEN,YES,25,2281.14
1255,2024-11-28,14:30,15:00,SHORT,2646.1,2647.92,2645.9,2643.73,2643.73,1.82,12.53,22.81,29.65,1.3,WIN,YES,30,2310.79
1256,2024-11-28,15:05,15:10,SHORT,2643.61,2645.97,2645.97,2640.54,2645.97,2.36,9.79,23.11,-23.11,-1,LOSS,NO,5,2287.69
1257,2024-11-28,15:45,16:30,SHORT,2646.11,2649.32,2649.32,2641.94,2645.71,3.21,7.13,22.88,2.85,0.12,BREAKEVEN,NO,45,2290.54
1258,2024-11-28,16:20,16:45,LONG,2646.31,2643.34,2643.34,2650.17,2643.34,2.97,7.71,22.91,-22.91,-1,LOSS,NO,25,2267.63
1259,2024-11-29,07:15,07:25,LONG,2661.12,2658.71,2661.32,2664.25,2661.32,2.41,9.41,22.68,1.88,0.08,BREAKEVEN,YES,10,2269.51
1260,2024-11-29,07:50,08:05,SHORT,2661.83,2664.44,2664.44,2658.44,2664.44,2.61,8.7,22.7,-22.7,-1,LOSS,NO,15,2246.82
1261,2024-11-29,08:30,09:15,SHORT,2663.62,2666.18,2663.42,2660.29,2661.74,2.56,8.78,22.47,16.5,0.73,WIN,YES,45,2263.32
1262,2024-11-29,09:10,09:30,LONG,2661.92,2659.71,2659.71,2664.79,2659.71,2.21,10.24,22.63,-22.63,-1,LOSS,NO,20,2240.69
1263,2024-11-29,10:00,10:05,SHORT,2661.39,2664.03,2661.19,2657.96,2661.19,2.64,8.49,22.41,1.7,0.08,BREAKEVEN,YES,5,2242.38
1264,2024-11-29,10:55,11:10,SHORT,2657.32,2661.33,2661.33,2652.11,2661.33,4.01,5.59,22.42,-22.42,-1,LOSS,NO,15,2219.96
1265,2024-11-29,11:30,11:40,SHORT,2659.94,2662.27,2659.74,2656.91,2659.74,2.33,9.53,22.2,1.91,0.09,BREAKEVEN,YES,10,2221.86
1266,2024-11-29,12:05,12:30,SHORT,2663.78,2666.79,2663.58,2659.87,2663.58,3.01,7.38,22.22,1.48,0.07,BREAKEVEN,YES,25,2223.34
1267,2024-11-29,12:40,13:25,SHORT,2661.82,2664.73,2664.73,2658.04,2662.47,2.91,7.64,22.23,-4.97,-0.22,BREAKEVEN,NO,45,2218.37
1268,2024-11-29,13:20,13:45,LONG,2662.32,2660.36,2662.52,2664.87,2662.52,1.96,11.32,22.18,2.26,0.1,BREAKEVEN,YES,25,2220.64
1269,2024-11-29,14:05,14:15,LONG,2660.16,2658.03,2660.36,2662.93,2660.36,2.13,10.43,22.21,2.09,0.09,BREAKEVEN,YES,10,2222.72
1270,2024-11-29,14:50,15:15,LONG,2660.23,2657.54,2657.54,2663.73,2657.54,2.69,8.26,22.23,-22.23,-1,LOSS,NO,25,2200.5
1271,2024-11-29,15:25,15:30,SHORT,2662.1,2664.79,2661.9,2658.6,2661.9,2.69,8.18,22,1.64,0.07,BREAKEVEN,YES,5,2202.13
1272,2024-11-29,16:15,16:20,LONG,2659.91,2657.23,2657.23,2663.39,2657.23,2.68,8.22,22.02,-22.02,-1,LOSS,NO,5,2180.11
1273,2024-11-29,16:55,17:40,SHORT,2653.47,2658.43,2658.43,2647.02,2655.18,4.96,4.4,21.8,-7.52,-0.34,LOSS,NO,45,2172.59
1274,2024-12-02,07:20,07:30,LONG,2623,2620.42,2623.2,2626.35,2623.2,2.58,8.42,21.73,1.68,0.08,BREAKEVEN,YES,10,2174.28
1275,2024-12-02,08:00,08:40,SHORT,2623.05,2626.12,2626.12,2619.06,2626.12,3.07,7.08,21.74,-21.74,-1,LOSS,NO,40,2152.54
1276,2024-12-02,08:40,08:50,LONG,2625.87,2623.38,2626.07,2629.11,2626.07,2.49,8.64,21.53,1.73,0.08,BREAKEVEN,YES,10,2154.27
1277,2024-12-02,09:20,09:25,SHORT,2628.98,2630.84,2630.84,2626.56,2630.84,1.86,11.58,21.54,-21.54,-1,LOSS,NO,5,2132.72
1278,2024-12-02,09:55,10:00,LONG,2629.89,2627.36,2627.36,2633.18,2627.36,2.53,8.43,21.33,-21.33,-1,LOSS,NO,5,2111.4
1279,2024-12-02,10:35,10:45,SHORT,2627.19,2630.6,2630.6,2622.76,2630.6,3.41,6.19,21.11,-21.11,-1,LOSS,NO,10,2090.28
1280,2024-12-02,11:20,11:25,LONG,2634.81,2632.46,2635.01,2637.86,2635.01,2.35,8.89,20.9,1.78,0.09,BREAKEVEN,YES,5,2092.06
1281,2024-12-02,12:05,12:25,LONG,2635.82,2633.63,2636.02,2638.67,2636.02,2.19,9.55,20.92,1.91,0.09,BREAKEVEN,YES,20,2093.97
1282,2024-12-02,13:05,13:10,LONG,2637.83,2634.93,2638.03,2641.6,2638.03,2.9,7.22,20.94,1.44,0.07,BREAKEVEN,YES,5,2095.42
1283,2024-12-02,13:55,14:00,LONG,2641.79,2639.86,2639.86,2644.3,2639.86,1.93,10.86,20.95,-20.95,-1,LOSS,NO,5,2074.46
1284,2024-12-02,14:30,14:45,LONG,2642.46,2639.42,2639.42,2646.41,2639.42,3.04,6.82,20.74,-20.74,-1,LOSS,NO,15,2053.72
1285,2024-12-02,15:05,15:20,SHORT,2639.16,2642.94,2642.94,2634.25,2642.94,3.78,5.43,20.54,-20.54,-1,LOSS,NO,15,2033.18
1286,2024-12-02,15:40,15:45,SHORT,2646.66,2650.31,2646.46,2641.91,2646.46,3.65,5.57,20.33,1.11,0.05,BREAKEVEN,YES,5,2034.29
1287,2024-12-02,16:15,16:30,LONG,2650.15,2646.23,2646.23,2655.25,2646.23,3.92,5.19,20.34,-20.34,-1,LOSS,NO,15,2013.95
1288,2024-12-02,16:55,17:00,SHORT,2645.17,2648.4,2644.97,2640.97,2644.97,3.23,6.24,20.14,1.25,0.06,BREAKEVEN,YES,5,2015.2
1289,2024-12-03,07:35,08:05,LONG,2640,2636.6,2641.19,2644.42,2644.42,3.4,5.93,20.15,26.2,1.3,WIN,YES,30,2041.39
1290,2024-12-03,08:10,08:15,SHORT,2645.53,2648.02,2648.02,2642.29,2648.02,2.49,8.2,20.41,-20.41,-1,LOSS,NO,5,2020.98
1291,2024-12-03,08:45,09:30,LONG,2646.57,2644.12,2644.12,2649.76,2645.64,2.45,8.25,20.21,-7.67,-0.38,LOSS,NO,45,2013.31
1292,2024-12-03,09:20,09:50,LONG,2646.99,2644.5,2644.5,2650.23,2644.5,2.49,8.09,20.13,-20.13,-1,LOSS,NO,30,1993.18
1293,2024-12-03,10:10,10:50,SHORT,2640.57,2642.9,2642.9,2637.54,2642.9,2.33,8.55,19.93,-19.93,-1,LOSS,NO,40,1973.24
1294,2024-12-03,10:45,10:50,LONG,2640.15,2637.99,2640.35,2642.96,2642.96,2.16,9.14,19.73,25.65,1.3,WIN,YES,5,1998.9
1295,2024-12-03,11:20,11:25,LONG,2646.19,2643.66,2646.39,2649.48,2646.39,2.53,7.9,19.99,1.58,0.08,BREAKEVEN,YES,5,2000.48
1296,2024-12-03,12:10,12:55,LONG,2645.42,2642.49,2642.49,2649.23,2642.81,2.93,6.83,20,-17.82,-0.89,LOSS,NO,45,1982.66
1297,2024-12-03,12:50,13:35,SHORT,2643.75,2646.34,2646.34,2640.38,2644.12,2.59,7.66,19.83,-2.83,-0.14,BREAKEVEN,NO,45,1979.82
1298,2024-12-03,13:35,14:15,SHORT,2644.12,2646.07,2643.51,2641.58,2641.58,1.95,10.15,19.8,25.74,1.3,WIN,YES,40,2005.56
1299,2024-12-03,14:10,14:20,SHORT,2642.3,2645,2642.1,2638.79,2638.79,2.7,7.43,20.06,26.07,1.3,WIN,YES,10,2031.63
1300,2024-12-03,14:45,15:00,LONG,2641.23,2638.31,2638.31,2645.03,2638.31,2.92,6.96,20.32,-20.32,-1,LOSS,NO,15,2011.32
1301,2024-12-03,15:20,15:40,SHORT,2644.38,2647.65,2647.65,2640.13,2647.65,3.27,6.15,20.11,-20.11,-1,LOSS,NO,20,1991.21
1302,2024-12-03,16:00,16:05,SHORT,2652.6,2655.94,2652.4,2648.26,2652.4,3.34,5.96,19.91,1.19,0.06,BREAKEVEN,YES,5,1992.4
1303,2024-12-03,16:35,16:50,LONG,2650.21,2647,2647,2654.38,2647,3.21,6.21,19.92,-19.92,-1,LOSS,NO,15,1972.47
1304,2024-12-04,07:05,07:30,SHORT,2648.56,2650.86,2650.86,2645.57,2650.86,2.3,8.58,19.72,-19.72,-1,LOSS,NO,25,1952.75
1305,2024-12-04,07:40,07:55,LONG,2648.42,2646.05,2648.62,2651.5,2648.62,2.37,8.24,19.53,1.65,0.08,BREAKEVEN,YES,15,1954.4
1306,2024-12-04,08:25,09:10,LONG,2649.52,2646.6,2646.6,2653.32,2646.83,2.92,6.69,19.54,-18,-0.92,LOSS,NO,45,1936.39
1307,2024-12-04,09:45,10:10,SHORT,2641.53,2643.63,2641.33,2638.8,2641.33,2.1,9.22,19.36,1.84,0.1,BREAKEVEN,YES,25,1938.24
1308,2024-12-04,10:25,10:35,SHORT,2638.88,2641.21,2638.68,2635.85,2638.68,2.33,8.32,19.38,1.66,0.09,BREAKEVEN,YES,10,1939.9
1309,2024-12-04,11:00,11:45,SHORT,2639.53,2643.86,2643.86,2633.9,2640.27,4.33,4.48,19.4,-3.32,-0.17,BREAKEVEN,NO,45,1936.58
1310,2024-12-04,11:35,11:45,LONG,2641.63,2639.25,2639.25,2644.72,2639.25,2.38,8.14,19.37,-19.37,-1,LOSS,NO,10,1917.22
1311,2024-12-04,12:10,12:55,LONG,2641.57,2638.77,2642.74,2645.21,2644.4,2.8,6.85,19.17,19.38,1.01,WIN,YES,45,1936.6
1312,2024-12-04,13:10,13:25,LONG,2645.15,2642.87,2645.35,2648.11,2645.35,2.28,8.49,19.37,1.7,0.09,BREAKEVEN,YES,15,1938.3
1313,2024-12-04,13:45,14:05,LONG,2644.69,2642.31,2644.89,2647.78,2644.89,2.38,8.14,19.38,1.63,0.08,BREAKEVEN,YES,20,1939.92
1314,2024-12-04,14:25,14:45,LONG,2643.27,2640.09,2640.09,2647.4,2640.09,3.18,6.1,19.4,-19.4,-1,LOSS,NO,20,1920.52
1315,2024-12-04,15:30,16:00,SHORT,2643.29,2649.53,2649.53,2635.18,2649.53,6.24,3.08,19.21,-19.21,-1,LOSS,NO,30,1901.32
1316,2024-12-04,16:05,16:15,LONG,2649.18,2646.39,2646.39,2652.81,2646.39,2.79,6.81,19.01,-19.01,-1,LOSS,NO,10,1882.31
1317,2024-12-04,16:40,16:50,SHORT,2651.22,2654.1,2651.02,2647.48,2651.02,2.88,6.54,18.82,1.31,0.07,BREAKEVEN,YES,10,1883.61
1318,2024-12-05,07:00,07:30,LONG,2646.74,2644.09,2647.72,2650.18,2650.18,2.65,7.11,18.84,24.49,1.3,WIN,YES,30,1908.1
1319,2024-12-05,07:35,08:20,SHORT,2651.95,2655.86,2655.86,2646.87,2649.93,3.91,4.88,19.08,9.86,0.52,WIN,NO,45,1917.96
1320,2024-12-05,08:15,08:30,SHORT,2650.27,2652.95,2650.07,2646.79,2650.07,2.68,7.16,19.18,1.43,0.07,BREAKEVEN,YES,15,1919.39
1321,2024-12-05,08:50,09:00,SHORT,2647.74,2649.95,2647.54,2644.87,2647.54,2.21,8.69,19.19,1.74,0.09,BREAKEVEN,YES,10,1921.13
1322,2024-12-05,09:50,10:05,SHORT,2648.36,2650.55,2648.16,2645.51,2648.16,2.19,8.77,19.21,1.75,0.09,BREAKEVEN,YES,15,1922.88
1323,2024-12-05,10:25,10:45,LONG,2644.77,2642.32,2644.97,2647.95,2644.97,2.45,7.85,19.23,1.57,0.08,BREAKEVEN,YES,20,1924.45
1324,2024-12-05,11:15,11:35,SHORT,2643.84,2646,2643.64,2641.03,2643.64,2.16,8.91,19.24,1.78,0.09,BREAKEVEN,YES,20,1926.23
1325,2024-12-05,12:10,12:40,SHORT,2647.59,2650.22,2650.22,2644.17,2650.22,2.63,7.32,19.26,-19.26,-1,LOSS,NO,30,1906.97
1326,2024-12-05,12:50,13:30,SHORT,2648.38,2650.84,2650.84,2645.18,2650.84,2.46,7.75,19.07,-19.07,-1,LOSS,NO,40,1887.9
1327,2024-12-05,13:25,13:50,SHORT,2648.76,2651.59,2651.59,2645.08,2651.59,2.83,6.67,18.88,-18.88,-1,LOSS,NO,25,1869.02
1328,2024-12-05,14:00,14:25,LONG,2651.08,2649.12,2649.12,2653.63,2649.12,1.96,9.54,18.69,-18.69,-1,LOSS,NO,25,1850.33
1329,2024-12-05,14:35,14:55,SHORT,2648.77,2651.21,2651.21,2645.6,2651.21,2.44,7.58,18.5,-18.5,-1,LOSS,NO,20,1831.83
1330,2024-12-05,15:10,15:20,SHORT,2652.35,2654.74,2652.15,2649.24,2649.24,2.39,7.66,18.32,23.81,1.3,WIN,YES,10,1855.64
1331,2024-12-05,16:00,16:45,SHORT,2647.19,2651.7,2646.99,2641.33,2646.99,4.51,4.11,18.56,0.82,0.04,BREAKEVEN,YES,45,1856.46
1332,2024-12-05,16:35,16:45,LONG,2646.12,2643.52,2643.52,2649.5,2643.52,2.6,7.14,18.56,-18.56,-1,LOSS,NO,10,1837.9
1333,2024-12-06,07:35,07:50,SHORT,2638.58,2642.31,2638.38,2633.73,2638.38,3.73,4.93,18.38,0.99,0.05,BREAKEVEN,YES,15,1838.89
1334,2024-12-06,08:15,08:25,SHORT,2638.25,2640.41,2640.41,2635.44,2640.41,2.16,8.51,18.39,-18.39,-1,LOSS,NO,10,1820.5
1335,2024-12-06,08:50,09:00,LONG,2639.38,2637.49,2637.49,2641.84,2637.49,1.89,9.63,18.2,-18.2,-1,LOSS,NO,10,1802.29
1336,2024-12-06,09:30,09:55,SHORT,2636.68,2639.45,2639.45,2633.08,2639.45,2.77,6.51,18.02,-18.02,-1,LOSS,NO,25,1784.27
1337,2024-12-06,10:10,10:25,SHORT,2640.56,2643,2640.36,2637.39,2640.36,2.44,7.31,17.84,1.46,0.08,BREAKEVEN,YES,15,1785.73
1338,2024-12-06,10:45,10:55,SHORT,2642.14,2644.97,2644.97,2638.46,2644.97,2.83,6.31,17.86,-17.86,-1,LOSS,NO,10,1767.87
1339,2024-12-06,11:25,12:05,LONG,2642.33,2639.28,2639.28,2646.29,2639.28,3.05,5.8,17.68,-17.68,-1,LOSS,NO,40,1750.2
1340,2024-12-06,12:00,12:10,LONG,2640.37,2638.48,2638.48,2642.83,2638.48,1.89,9.26,17.5,-17.5,-1,LOSS,NO,10,1732.69
1341,2024-12-06,13:25,13:35,LONG,2637.76,2635.72,2637.96,2640.41,2637.96,2.04,8.49,17.33,1.7,0.1,BREAKEVEN,YES,10,1734.39
1342,2024-12-06,14:00,14:45,LONG,2637.84,2634.23,2638.87,2642.53,2638.87,3.61,4.8,17.34,4.95,0.29,BREAKEVEN,YES,45,1739.34
1343,2024-12-06,14:40,14:50,LONG,2640.75,2638.17,2638.17,2644.1,2638.17,2.58,6.74,17.39,-17.39,-1,LOSS,NO,10,1721.95
1344,2024-12-06,15:30,15:35,LONG,2636.91,2629.51,2637.11,2646.53,2637.11,7.4,2.33,17.22,0.47,0.03,BREAKEVEN,YES,5,1722.41
1345,2024-12-06,16:15,16:45,SHORT,2628.37,2632.63,2632.63,2622.83,2632.63,4.26,4.04,17.22,-17.22,-1,LOSS,NO,30,1705.19
1346,2024-12-06,16:55,17:00,LONG,2635.07,2631.25,2635.27,2640.04,2635.27,3.82,4.46,17.05,0.89,0.05,BREAKEVEN,YES,5,1706.08
1347,2024-12-09,07:00,07:15,SHORT,2636.47,2638.63,2638.63,2633.66,2638.63,2.16,7.9,17.06,-17.06,-1,LOSS,NO,15,1689.02
1348,2024-12-09,07:40,08:15,LONG,2639.04,2636.63,2640.11,2642.17,2642.17,2.41,7.01,16.89,21.96,1.3,WIN,YES,35,1710.98
1349,2024-12-09,08:15,08:35,LONG,2641.92,2639.41,2642.12,2645.18,2642.12,2.51,6.82,17.11,1.36,0.08,BREAKEVEN,YES,20,1712.34
1350,2024-12-09,09:10,09:20,LONG,2644.02,2642.16,2644.22,2646.44,2644.22,1.86,9.21,17.12,1.84,0.11,BREAKEVEN,YES,10,1714.18
1351,2024-12-09,09:45,10:15,LONG,2648.83,2646.15,2649.03,2652.31,2649.03,2.68,6.4,17.14,1.28,0.07,BREAKEVEN,YES,30,1715.46
1352,2024-12-09,10:20,10:35,SHORT,2648.49,2651.5,2648.29,2644.58,2648.29,3.01,5.7,17.15,1.14,0.07,BREAKEVEN,YES,15,1716.6
1353,2024-12-09,10:55,11:40,LONG,2649.34,2645.47,2652.45,2654.37,2654.37,3.87,4.44,17.17,22.32,1.3,WIN,YES,45,1738.92
1354,2024-12-09,11:30,11:45,LONG,2653.31,2650.83,2653.51,2656.53,2653.51,2.48,7.01,17.39,1.4,0.08,BREAKEVEN,YES,15,1740.32
1355,2024-12-09,12:05,12:35,LONG,2656.94,2654.76,2654.76,2659.77,2654.76,2.18,7.98,17.4,-17.4,-1,LOSS,NO,30,1722.92
1356,2024-12-09,12:45,13:20,LONG,2656.16,2653.8,2656.36,2659.23,2659.23,2.36,7.3,17.23,22.4,1.3,WIN,YES,35,1745.31
1357,2024-12-09,13:30,14:15,LONG,2657.21,2653.21,2653.21,2662.41,2656.08,4,4.36,17.45,-4.93,-0.28,BREAKEVEN,NO,45,1740.38
1358,2024-12-09,14:05,14:45,LONG,2656.36,2653.45,2653.45,2660.14,2653.45,2.91,5.98,17.4,-17.4,-1,LOSS,NO,40,1722.98
1359,2024-12-09,15:00,15:45,LONG,2657.92,2653.43,2660.58,2663.76,2663.76,4.49,3.84,17.23,22.4,1.3,WIN,YES,45,1745.38
1360,2024-12-09,15:40,15:45,SHORT,2661.45,2664.22,2664.22,2657.85,2664.22,2.77,6.3,17.45,-17.45,-1,LOSS,NO,5,1727.92
1361,2024-12-09,16:15,16:25,SHORT,2664.88,2668.48,2668.48,2660.2,2668.48,3.6,4.8,17.28,-17.28,-1,LOSS,NO,10,1710.65
1362,2024-12-09,16:55,17:10,LONG,2673.84,2671.22,2674.04,2677.25,2674.04,2.62,6.53,17.11,1.31,0.08,BREAKEVEN,YES,15,1711.95
1363,2024-12-10,07:00,07:45,LONG,2670.43,2668.07,2668.07,2673.5,2670.84,2.36,7.25,17.12,2.97,0.17,BREAKEVEN,NO,45,1714.93
1364,2024-12-10,07:35,08:05,SHORT,2669.58,2671.85,2668.51,2666.63,2666.63,2.27,7.55,17.15,22.29,1.3,WIN,YES,30,1737.22
1365,2024-12-10,08:15,08:25,SHORT,2667.52,2669.86,2669.86,2664.48,2669.86,2.34,7.42,17.37,-17.37,-1,LOSS,NO,10,1719.85
1366,2024-12-10,08:55,09:20,SHORT,2670.04,2672.36,2669.84,2667.02,2669.84,2.32,7.41,17.2,1.48,0.09,BREAKEVEN,YES,25,1721.33
1367,2024-12-10,10:15,10:40,LONG,2662.93,2660.13,2663.13,2666.57,2663.13,2.8,6.15,17.21,1.23,0.07,BREAKEVEN,YES,25,1722.56
1368,2024-12-10,10:55,11:25,LONG,2663.24,2660.01,2663.44,2667.44,2663.44,3.23,5.33,17.23,1.07,0.06,BREAKEVEN,YES,30,1723.63
1369,2024-12-10,11:45,12:30,LONG,2665.66,2662.69,2667.5,2669.52,2669.52,2.97,5.8,17.24,22.41,1.3,WIN,YES,45,1746.03
1370,2024-12-10,12:20,12:25,LONG,2667.15,2664.99,2667.35,2669.96,2667.35,2.16,8.08,17.46,1.62,0.09,BREAKEVEN,YES,5,1747.65
1371,2024-12-10,12:55,13:00,SHORT,2675.47,2677.67,2675.27,2672.61,2672.61,2.2,7.94,17.48,22.72,1.3,WIN,YES,5,1770.37
1372,2024-12-10,13:30,13:55,SHORT,2671.77,2674.22,2674.22,2668.59,2674.22,2.45,7.23,17.7,-17.7,-1,LOSS,NO,25,1752.67
1373,2024-12-10,14:10,14:35,LONG,2677.94,2674.51,2674.51,2682.4,2674.51,3.43,5.11,17.53,-17.53,-1,LOSS,NO,25,1735.14
1374,2024-12-10,14:45,14:50,SHORT,2676.2,2678.5,2678.5,2673.21,2678.5,2.3,7.54,17.35,-17.35,-1,LOSS,NO,5,1717.79
1375,2024-12-10,15:20,15:45,SHORT,2674.99,2678.08,2678.08,2670.97,2678.08,3.09,5.56,17.18,-17.18,-1,LOSS,NO,25,1700.61
1376,2024-12-10,15:55,16:15,SHORT,2680.38,2683.47,2683.47,2676.36,2683.47,3.09,5.5,17.01,-17.01,-1,LOSS,NO,20,1683.6
1377,2024-12-10,16:35,16:45,LONG,2687.98,2684.71,2688.18,2692.23,2688.18,3.27,5.15,16.84,1.03,0.06,BREAKEVEN,YES,10,1684.63
1378,2024-12-11,07:05,07:45,LONG,2679.89,2673.44,2684.8,2688.27,2688.27,6.45,2.61,16.85,21.9,1.3,WIN,YES,40,1706.53
1379,2024-12-11,07:55,08:00,SHORT,2687.71,2691.08,2691.08,2683.33,2691.08,3.37,5.06,17.07,-17.07,-1,LOSS,NO,5,1689.47
1380,2024-12-11,08:45,08:55,LONG,2694.63,2691.77,2694.83,2698.35,2694.83,2.86,5.91,16.89,1.18,0.07,BREAKEVEN,YES,10,1690.65
1381,2024-12-11,09:35,10:00,LONG,2691.24,2688.47,2688.47,2694.84,2688.47,2.77,6.1,16.91,-16.91,-1,LOSS,NO,25,1673.74
1382,2024-12-11,10:15,10:25,LONG,2692.16,2690.07,2692.36,2694.88,2694.88,2.09,8.01,16.74,21.76,1.3,WIN,YES,10,1695.5
1383,2024-12-11,10:50,11:05,LONG,2691.59,2687.59,2687.59,2696.79,2687.59,4,4.24,16.96,-16.96,-1,LOSS,NO,15,1678.55
1384,2024-12-11,11:25,12:05,LONG,2691.47,2687.77,2692.76,2696.28,2696.28,3.7,4.54,16.79,21.82,1.3,WIN,YES,40,1700.37
1385,2024-12-11,12:00,12:10,LONG,2694.98,2691.59,2695.18,2699.39,2695.18,3.39,5.02,17,1,0.06,BREAKEVEN,YES,10,1701.37
1386,2024-12-11,13:15,13:20,LONG,2694.76,2691.94,2694.96,2698.43,2694.96,2.82,6.03,17.01,1.21,0.07,BREAKEVEN,YES,5,1702.58
1387,2024-12-11,14:05,14:50,LONG,2696.15,2692.54,2692.54,2700.84,2695.79,3.61,4.72,17.03,-1.7,-0.1,BREAKEVEN,NO,45,1700.88
1388,2024-12-11,14:50,15:00,LONG,2695.79,2693.74,2695.99,2698.46,2695.99,2.05,8.3,17.01,1.66,0.1,BREAKEVEN,YES,10,1702.54
1389,2024-12-11,15:30,16:15,LONG,2699.76,2691.9,2691.9,2709.98,2702.44,7.86,2.17,17.03,5.81,0.34,WIN,NO,45,1708.34
1390,2024-12-11,16:15,16:20,SHORT,2702.44,2705.29,2702.24,2698.74,2702.24,2.85,5.99,17.08,1.2,0.07,BREAKEVEN,YES,5,1709.54
1391,2024-12-12,07:45,08:10,LONG,2715.08,2711.77,2711.77,2719.38,2711.77,3.31,5.16,17.1,-17.1,-1,LOSS,NO,25,1692.45
1392,2024-12-12,08:20,08:30,SHORT,2711.67,2714.16,2714.16,2708.43,2714.16,2.49,6.8,16.92,-16.92,-1,LOSS,NO,10,1675.52
1393,2024-12-12,09:00,09:45,SHORT,2718.82,2720.92,2718.4,2716.09,2717.03,2.1,7.98,16.76,14.28,0.85,WIN,YES,45,1689.81
1394,2024-12-12,09:45,10:10,LONG,2717.03,2714.99,2714.99,2719.68,2714.99,2.04,8.28,16.9,-16.9,-1,LOSS,NO,25,1672.91
1395,2024-12-12,10:20,10:55,SHORT,2717.79,2721.02,2717.59,2713.59,2717.59,3.23,5.18,16.73,1.04,0.06,BREAKEVEN,YES,35,1673.94
1396,2024-12-12,11:00,11:05,LONG,2717.5,2715.18,2715.18,2720.52,2715.18,2.32,7.22,16.74,-16.74,-1,LOSS,NO,5,1657.2
1397,2024-12-12,12:20,12:45,LONG,2712.19,2708.78,2713.65,2716.62,2713.65,3.41,4.86,16.57,7.1,0.43,WIN,YES,25,1664.3
1398,2024-12-12,13:00,13:05,LONG,2710.34,2707.69,2707.69,2713.79,2707.69,2.65,6.28,16.64,-16.64,-1,LOSS,NO,5,1647.66
1399,2024-12-12,13:35,13:40,LONG,2710.36,2707.69,2710.56,2713.83,2710.56,2.67,6.17,16.48,1.23,0.07,BREAKEVEN,YES,5,1648.89
1400,2024-12-12,14:15,14:35,LONG,2711.76,2709.73,2709.73,2714.4,2709.73,2.03,8.12,16.49,-16.49,-1,LOSS,NO,20,1632.4
1401,2024-12-12,15:00,15:15,SHORT,2705.5,2710.59,2705.3,2698.88,2705.3,5.09,3.21,16.32,0.64,0.04,BREAKEVEN,YES,15,1633.04
1402,2024-12-12,15:40,15:45,SHORT,2706.17,2708.68,2705.97,2702.91,2702.91,2.51,6.51,16.33,21.23,1.3,WIN,YES,5,1654.27
1403,2024-12-12,16:20,16:25,LONG,2686.73,2683.58,2683.58,2690.83,2683.58,3.15,5.25,16.54,-16.54,-1,LOSS,NO,5,1637.73
1404,2024-12-12,16:55,17:05,LONG,2686.68,2683.56,2683.56,2690.74,2683.56,3.12,5.25,16.38,-16.38,-1,LOSS,NO,10,1621.35
1405,2024-12-13,07:25,07:40,SHORT,2686.82,2688.85,2688.85,2684.18,2688.85,2.03,7.99,16.21,-16.21,-1,LOSS,NO,15,1605.14
1406,2024-12-13,08:00,08:10,SHORT,2688.14,2690.49,2687.94,2685.09,2685.09,2.35,6.83,16.05,20.87,1.3,WIN,YES,10,1626.01
1407,2024-12-13,08:45,08:55,SHORT,2688.5,2690.46,2690.46,2685.95,2690.46,1.96,8.3,16.26,-16.26,-1,LOSS,NO,10,1609.75
1408,2024-12-13,09:30,09:40,LONG,2682.29,2680.03,2682.49,2685.23,2682.49,2.26,7.12,16.1,1.42,0.09,BREAKEVEN,YES,10,1611.17
1409,2024-12-13,10:15,10:30,SHORT,2683.63,2686.14,2683.43,2680.37,2683.43,2.51,6.42,16.11,1.28,0.08,BREAKEVEN,YES,15,1612.45
1410,2024-12-13,11:00,11:45,SHORT,2672.26,2678.44,2678.44,2664.23,2670.82,6.18,2.61,16.12,3.76,0.23,BREAKEVEN,NO,45,1616.21
1411,2024-12-13,11:35,11:40,SHORT,2672.64,2675.07,2672.44,2669.48,2672.44,2.43,6.65,16.16,1.33,0.08,BREAKEVEN,YES,5,1617.54
1412,2024-12-13,12:15,12:50,LONG,2669.58,2667.38,2667.38,2672.44,2667.38,2.2,7.35,16.18,-16.18,-1,LOSS,NO,35,1601.37
1413,2024-12-13,12:55,13:00,LONG,2666.7,2663.61,2666.9,2670.72,2666.9,3.09,5.18,16.01,1.04,0.06,BREAKEVEN,YES,5,1602.4
1414,2024-12-13,13:30,14:00,LONG,2666.55,2663.69,2663.69,2670.27,2663.69,2.86,5.6,16.02,-16.02,-1,LOSS,NO,30,1586.38
1415,2024-12-13,14:20,15:00,LONG,2670.28,2667.68,2670.48,2673.66,2670.48,2.6,6.1,15.86,1.22,0.08,BREAKEVEN,YES,40,1587.6
1416,2024-12-13,15:00,15:10,LONG,2669.89,2666.46,2666.46,2674.35,2666.46,3.43,4.63,15.88,-15.88,-1,LOSS,NO,10,1571.72
1417,2024-12-13,15:35,15:50,LONG,2664.05,2660.95,2660.95,2668.08,2660.95,3.1,5.07,15.72,-15.72,-1,LOSS,NO,15,1556.01
1418,2024-12-13,16:20,16:35,LONG,2660.95,2658.29,2658.29,2664.41,2658.29,2.66,5.85,15.56,-15.56,-1,LOSS,NO,15,1540.45
1419,2024-12-13,16:55,17:00,SHORT,2660.17,2663.02,2659.97,2656.47,2659.97,2.85,5.41,15.4,1.08,0.07,BREAKEVEN,YES,5,1541.53
1420,2024-12-16,07:15,08:00,LONG,2651.05,2648.08,2651.25,2654.91,2653.76,2.97,5.19,15.42,14.07,0.91,WIN,YES,45,1555.59
1421,2024-12-16,07:50,08:10,LONG,2652.15,2649.94,2652.35,2655.02,2652.35,2.21,7.04,15.56,1.41,0.09,BREAKEVEN,YES,20,1557
1422,2024-12-16,08:30,09:15,LONG,2653.87,2651.46,2651.46,2657,2653.92,2.41,6.46,15.57,0.32,0.02,BREAKEVEN,NO,45,1557.32
1423,2024-12-16,09:05,09:40,LONG,2653.09,2650.19,2653.29,2656.86,2653.29,2.9,5.37,15.57,1.07,0.07,BREAKEVEN,YES,35,1558.4
1424,2024-12-16,09:45,09:55,LONG,2655.28,2653.39,2653.39,2657.74,2653.39,1.89,8.25,15.58,-15.58,-1,LOSS,NO,10,1542.81
1425,2024-12-16,10:25,10:30,LONG,2658.4,2655.92,2658.6,2661.62,2658.6,2.48,6.22,15.43,1.24,0.08,BREAKEVEN,YES,5,1544.06
1426,2024-12-16,11:00,11:45,SHORT,2658.68,2661.09,2657.83,2655.55,2656.19,2.41,6.41,15.44,15.95,1.03,WIN,YES,45,1560.01
1427,2024-12-16,11:40,12:00,SHORT,2656.88,2658.91,2658.91,2654.24,2658.91,2.03,7.68,15.6,-15.6,-1,LOSS,NO,20,1544.41
1428,2024-12-16,12:15,12:45,SHORT,2658.34,2660.85,2660.85,2655.08,2660.85,2.51,6.15,15.44,-15.44,-1,LOSS,NO,30,1528.97
1429,2024-12-16,12:50,13:30,LONG,2659.93,2657.33,2661.05,2663.31,2663.31,2.6,5.88,15.29,19.88,1.3,WIN,YES,40,1548.84
1430,2024-12-16,13:25,14:10,LONG,2662.58,2659.34,2659.34,2666.79,2662.92,3.24,4.78,15.49,1.63,0.1,BREAKEVEN,NO,45,1550.47
1431,2024-12-16,14:15,14:30,SHORT,2662.75,2665.37,2662.55,2659.34,2659.34,2.62,5.92,15.5,20.16,1.3,WIN,YES,15,1570.62
1432,2024-12-16,14:50,15:00,LONG,2660.05,2657.93,2660.25,2662.81,2662.81,2.12,7.41,15.71,20.42,1.3,WIN,YES,10,1591.04
1433,2024-12-16,15:25,15:45,SHORT,2661.01,2663.68,2660.81,2657.54,2660.81,2.67,5.96,15.91,1.19,0.07,BREAKEVEN,YES,20,1592.23
1434,2024-12-16,16:05,16:15,LONG,2660.23,2658,2658,2663.13,2658,2.23,7.14,15.92,-15.92,-1,LOSS,NO,10,1576.31
1435,2024-12-17,07:05,07:25,SHORT,2649.99,2652.29,2652.29,2647,2652.29,2.3,6.85,15.76,-15.76,-1,LOSS,NO,20,1560.55
1436,2024-12-17,07:50,08:15,LONG,2653.96,2651.12,2651.12,2657.65,2651.12,2.84,5.49,15.61,-15.61,-1,LOSS,NO,25,1544.94
1437,2024-12-17,08:25,09:10,SHORT,2647.94,2650.99,2650.99,2643.98,2650.99,3.05,5.07,15.45,-15.45,-1,LOSS,NO,45,1529.49
1438,2024-12-17,09:00,09:20,LONG,2649.74,2646.66,2652.08,2653.74,2653.74,3.08,4.97,15.29,19.88,1.3,WIN,YES,20,1549.38
1439,2024-12-17,09:35,09:55,LONG,2656.56,2653.46,2653.46,2660.59,2653.46,3.1,5,15.49,-15.49,-1,LOSS,NO,20,1533.88
1440,2024-12-17,10:15,10:25,SHORT,2650.18,2652.66,2649.98,2646.96,2646.96,2.48,6.19,15.34,19.94,1.3,WIN,YES,10,1553.82
1441,2024-12-17,10:50,10:55,LONG,2647.91,2645.36,2645.36,2651.22,2645.36,2.55,6.09,15.54,-15.54,-1,LOSS,NO,5,1538.29
1442,2024-12-17,11:25,11:35,SHORT,2641.93,2643.91,2641.73,2639.36,2639.36,1.98,7.77,15.38,20,1.3,WIN,YES,10,1558.28
1443,2024-12-17,12:00,12:45,LONG,2640.74,2637.22,2637.22,2645.32,2638.2,3.52,4.43,15.58,-11.24,-0.72,LOSS,NO,45,1547.04
1444,2024-12-17,13:00,13:45,LONG,2638.05,2634.76,2638.25,2642.33,2639.7,3.29,4.7,15.47,7.76,0.5,WIN,YES,45,1554.8
1445,2024-12-17,13:35,14:00,LONG,2640.34,2637.56,2641.47,2643.95,2643.95,2.78,5.59,15.55,20.21,1.3,WIN,YES,25,1575.01
1446,2024-12-17,14:15,14:25,LONG,2641.6,2639.62,2641.8,2644.17,2641.8,1.98,7.95,15.75,1.59,0.1,BREAKEVEN,YES,10,1576.6
1447,2024-12-17,15:25,15:30,SHORT,2642.12,2645.79,2641.92,2637.35,2641.92,3.67,4.3,15.77,0.86,0.05,BREAKEVEN,YES,5,1577.46
1448,2024-12-17,16:10,16:15,LONG,2634.8,2631.53,2635,2639.05,2635,3.27,4.82,15.77,0.96,0.06,BREAKEVEN,YES,5,1578.42
1449,2024-12-17,16:55,17:05,LONG,2636.72,2633.14,2636.92,2641.37,2636.92,3.58,4.41,15.78,0.88,0.06,BREAKEVEN,YES,10,1579.31
1450,2024-12-18,07:00,07:10,LONG,2644.65,2642.6,2644.85,2647.32,2644.85,2.05,7.7,15.79,1.54,0.1,BREAKEVEN,YES,10,1580.85
1451,2024-12-18,07:35,07:50,LONG,2647.71,2645.68,2647.91,2650.35,2647.91,2.03,7.79,15.81,1.56,0.1,BREAKEVEN,YES,15,1582.4
1452,2024-12-18,08:20,09:05,SHORT,2645.68,2647.8,2647.8,2642.92,2647.11,2.12,7.46,15.82,-10.67,-0.67,LOSS,NO,45,1571.73
1453,2024-12-18,09:15,10:00,LONG,2646.95,2643.08,2643.08,2651.98,2643.08,3.87,4.06,15.72,-15.72,-1,LOSS,NO,45,1556.01
1454,2024-12-18,09:50,10:20,SHORT,2643.89,2646.72,2646.72,2640.21,2646.72,2.83,5.5,15.56,-15.56,-1,LOSS,NO,30,1540.45
1455,2024-12-18,10:25,10:30,LONG,2644.27,2641.57,2644.47,2647.78,2644.47,2.7,5.71,15.4,1.14,0.07,BREAKEVEN,YES,5,1541.59
1456,2024-12-18,11:00,11:45,LONG,2648.34,2645.65,2645.65,2651.84,2647.63,2.69,5.73,15.42,-4.07,-0.26,BREAKEVEN,NO,45,1537.53
1457,2024-12-18,11:40,11:50,SHORT,2648.33,2650.22,2648.13,2645.87,2648.13,1.89,8.14,15.38,1.63,0.11,BREAKEVEN,YES,10,1539.15
1458,2024-12-18,12:15,13:00,LONG,2648.54,2646.34,2646.34,2651.4,2648.48,2.2,7,15.39,-0.42,-0.03,BREAKEVEN,NO,45,1538.73
1459,2024-12-18,13:00,13:45,LONG,2648.48,2646.34,2646.34,2651.26,2647.13,2.14,7.19,15.39,-9.71,-0.63,LOSS,NO,45,1529.03
1460,2024-12-18,13:40,14:10,SHORT,2646.67,2648.81,2646.47,2643.89,2646.47,2.14,7.14,15.29,1.43,0.09,BREAKEVEN,YES,30,1530.45
1461,2024-12-18,14:20,14:55,SHORT,2646.79,2649.25,2645.43,2643.59,2643.59,2.46,6.22,15.3,19.9,1.3,WIN,YES,35,1550.35
1462,2024-12-18,14:55,15:05,LONG,2643.95,2641.97,2641.97,2646.52,2641.97,1.98,7.83,15.5,-15.5,-1,LOSS,NO,10,1534.85
1463,2024-12-18,15:35,16:10,SHORT,2643.64,2646.71,2643.44,2639.65,2643.44,3.07,5,15.35,1,0.07,BREAKEVEN,YES,35,1535.85
1464,2024-12-18,16:20,16:50,SHORT,2639.16,2642.06,2638.96,2635.39,2638.96,2.9,5.3,15.36,1.06,0.07,BREAKEVEN,YES,30,1536.91
1465,2024-12-18,16:55,17:00,LONG,2637.93,2636.06,2636.06,2640.36,2636.06,1.87,8.22,15.37,-15.37,-1,LOSS,NO,5,1521.54
1466,2024-12-19,07:00,07:45,SHORT,2608.32,2611.2,2611.2,2604.58,2608.64,2.88,5.28,15.22,-1.69,-0.11,BREAKEVEN,NO,45,1519.85
1467,2024-12-19,07:35,07:55,SHORT,2608.71,2611.22,2608.51,2605.45,2608.51,2.51,6.06,15.2,1.21,0.08,BREAKEVEN,YES,20,1521.06
1468,2024-12-19,08:15,08:25,SHORT,2605.79,2608.65,2608.65,2602.07,2608.65,2.86,5.32,15.21,-15.21,-1,LOSS,NO,10,1505.85
1469,2024-12-19,08:55,09:05,LONG,2612.97,2610.73,2613.17,2615.88,2613.17,2.24,6.72,15.06,1.34,0.09,BREAKEVEN,YES,10,1507.19
1470,2024-12-19,09:30,09:35,SHORT,2620.78,2623.49,2620.58,2617.26,2617.26,2.71,5.56,15.07,19.59,1.3,WIN,YES,5,1526.79
1471,2024-12-19,10:30,10:40,SHORT,2615.9,2618.83,2615.7,2612.09,2615.7,2.93,5.21,15.27,1.04,0.07,BREAKEVEN,YES,10,1527.83
1472,2024-12-19,11:05,11:40,LONG,2620.12,2616.88,2620.32,2624.33,2620.32,3.24,4.72,15.28,0.94,0.06,BREAKEVEN,YES,35,1528.77
1473,2024-12-19,11:40,12:10,SHORT,2621.21,2624.4,2620.41,2617.06,2620.41,3.19,4.79,15.29,3.83,0.25,BREAKEVEN,YES,30,1532.6
1474,2024-12-19,12:15,12:30,SHORT,2621.08,2623.8,2620.88,2617.54,2620.88,2.72,5.63,15.33,1.13,0.07,BREAKEVEN,YES,15,1533.73
1475,2024-12-19,12:55,13:40,SHORT,2619.58,2622.86,2618.53,2615.32,2616.79,3.28,4.68,15.34,13.05,0.85,WIN,YES,45,1546.78
1476,2024-12-19,13:35,14:15,SHORT,2617.73,2620.84,2616.12,2613.69,2613.69,3.11,4.97,15.47,20.11,1.3,WIN,YES,40,1566.89
1477,2024-12-19,15:10,15:30,SHORT,2602.61,2606.63,2602.41,2597.38,2602.41,4.02,3.9,15.67,0.78,0.05,BREAKEVEN,YES,20,1567.67
1478,2024-12-19,15:45,16:10,SHORT,2600.16,2605.63,2599.96,2593.05,2599.96,5.47,2.87,15.68,0.57,0.04,BREAKEVEN,YES,25,1568.24
1479,2024-12-19,16:25,16:35,SHORT,2596.48,2599.61,2599.61,2592.41,2599.61,3.13,5.01,15.68,-15.68,-1,LOSS,NO,10,1552.56
1480,2024-12-20,07:15,07:30,SHORT,2598.28,2600.31,2598.08,2595.64,2598.08,2.03,7.65,15.53,1.53,0.1,BREAKEVEN,YES,15,1554.09
1481,2024-12-20,07:50,08:20,SHORT,2600.43,2602.8,2602.8,2597.35,2602.8,2.37,6.56,15.54,-15.54,-1,LOSS,NO,30,1538.54
1482,2024-12-20,08:40,09:05,SHORT,2604.57,2606.86,2606.86,2601.59,2606.86,2.29,6.72,15.39,-15.39,-1,LOSS,NO,25,1523.16
1483,2024-12-20,09:15,09:30,LONG,2607.38,2603.64,2603.64,2612.24,2603.64,3.74,4.07,15.23,-15.23,-1,LOSS,NO,15,1507.93
1484,2024-12-20,09:50,10:00,LONG,2605.12,2602.86,2605.32,2608.06,2605.32,2.26,6.67,15.08,1.33,0.09,BREAKEVEN,YES,10,1509.26
1485,2024-12-20,10:30,11:15,LONG,2606.9,2602.87,2602.87,2612.14,2605.37,4.03,3.75,15.09,-5.73,-0.38,LOSS,NO,45,1503.53
1486,2024-12-20,11:15,11:25,SHORT,2605.37,2607.64,2605.17,2602.42,2605.17,2.27,6.62,15.04,1.32,0.09,BREAKEVEN,YES,10,1504.86
1487,2024-12-20,11:50,12:35,LONG,2605.79,2603.48,2603.48,2608.79,2605.22,2.31,6.51,15.05,-3.71,-0.25,BREAKEVEN,NO,45,1501.14
1488,2024-12-20,12:25,12:55,SHORT,2606.02,2608.28,2605.82,2603.08,2605.82,2.26,6.64,15.01,1.33,0.09,BREAKEVEN,YES,30,1502.47
1489,2024-12-20,13:05,13:10,SHORT,2603.5,2606.13,2603.3,2600.08,2603.3,2.63,5.71,15.02,1.14,0.08,BREAKEVEN,YES,5,1503.61
1490,2024-12-20,13:45,14:30,LONG,2603.2,2600.47,2604.37,2606.75,2605.46,2.73,5.51,15.04,12.45,0.83,WIN,YES,45,1516.06
1491,2024-12-20,14:25,14:45,LONG,2605.76,2602.99,2602.99,2609.36,2602.99,2.77,5.47,15.16,-15.16,-1,LOSS,NO,20,1500.9
1492,2024-12-20,15:00,15:25,SHORT,2604.28,2606.46,2604.08,2601.45,2601.45,2.18,6.88,15.01,19.51,1.3,WIN,YES,25,1520.41
1493,2024-12-20,15:35,15:45,SHORT,2606.08,2610.71,2610.71,2600.06,2610.71,4.63,3.28,15.2,-15.2,-1,LOSS,NO,10,1505.21
1494,2024-12-20,16:10,16:20,SHORT,2614.12,2616.51,2613.92,2611.01,2613.92,2.39,6.3,15.05,1.26,0.08,BREAKEVEN,YES,10,1506.47
1495,2024-12-20,16:45,16:50,LONG,2614.98,2611.29,2615.18,2619.78,2615.18,3.69,4.08,15.06,0.82,0.05,BREAKEVEN,YES,5,1507.29
1496,2024-12-23,07:25,07:30,LONG,2627.5,2625.19,2627.7,2630.5,2627.7,2.31,6.53,15.07,1.31,0.09,BREAKEVEN,YES,5,1508.59
1497,2024-12-23,08:00,08:10,SHORT,2626.37,2628.79,2626.17,2623.22,2626.17,2.42,6.23,15.09,1.25,0.08,BREAKEVEN,YES,10,1509.84
1498,2024-12-23,08:50,09:05,SHORT,2630.28,2632.72,2632.72,2627.11,2632.72,2.44,6.19,15.1,-15.1,-1,LOSS,NO,15,1494.74
1499,2024-12-23,09:25,10:00,SHORT,2630.65,2633,2630.45,2627.6,2627.6,2.35,6.36,14.95,19.43,1.3,WIN,YES,35,1514.17
1500,2024-12-23,10:25,11:10,LONG,2630.01,2626.96,2626.96,2633.98,2630.21,3.05,4.96,15.14,0.99,0.07,BREAKEVEN,NO,45,1515.16
1501,2024-12-23,11:00,11:20,SHORT,2629.72,2632.09,2629.52,2626.64,2629.52,2.37,6.39,15.15,1.28,0.08,BREAKEVEN,YES,20,1516.44
1502,2024-12-23,11:40,12:00,SHORT,2628.74,2631.42,2627.42,2625.26,2625.26,2.68,5.66,15.16,19.71,1.3,WIN,YES,20,1536.16
1503,2024-12-23,12:20,12:30,SHORT,2623.47,2625.53,2623.27,2620.79,2623.27,2.06,7.46,15.36,1.49,0.1,BREAKEVEN,YES,10,1537.65
1504,2024-12-23,13:05,13:35,LONG,2618.54,2615.43,2615.43,2622.58,2615.43,3.11,4.94,15.38,-15.38,-1,LOSS,NO,30,1522.27
1505,2024-12-23,13:45,14:30,LONG,2616.05,2611.51,2611.51,2621.95,2615.14,4.54,3.35,15.22,-3.05,-0.2,BREAKEVEN,NO,45,1519.22
1506,2024-12-23,14:20,14:35,SHORT,2617.37,2619.59,2616.53,2614.48,2614.48,2.22,6.84,15.19,19.75,1.3,WIN,YES,15,1538.97
1507,2024-12-23,14:55,15:05,LONG,2615.02,2613.13,2615.22,2617.48,2615.22,1.89,8.14,15.39,1.63,0.11,BREAKEVEN,YES,10,1540.6
1508,2024-12-23,15:35,16:20,SHORT,2618.02,2620.23,2620.23,2615.15,2618.3,2.21,6.97,15.41,-1.95,-0.13,BREAKEVEN,NO,45,1538.65
1509,2024-12-23,16:10,16:45,SHORT,2618.88,2621.32,2617.63,2615.71,2615.71,2.44,6.31,15.39,20,1.3,WIN,YES,35,1558.65
1510,2024-12-23,16:45,17:05,LONG,2616.04,2612.22,2612.22,2621.01,2612.22,3.82,4.08,15.59,-15.59,-1,LOSS,NO,20,1543.06
1511,2024-12-24,07:35,08:15,LONG,2619.27,2616.99,2616.99,2622.23,2616.99,2.28,6.77,15.43,-15.43,-1,LOSS,NO,40,1527.63
1512,2024-12-24,08:25,09:00,SHORT,2617.54,2619.94,2619.94,2614.42,2619.94,2.4,6.37,15.28,-15.28,-1,LOSS,NO,35,1512.35
1513,2024-12-24,09:05,09:35,SHORT,2620.56,2622.92,2620.36,2617.49,2620.36,2.36,6.41,15.12,1.28,0.08,BREAKEVEN,YES,30,1513.64
1514,2024-12-24,09:45,10:15,SHORT,2619.25,2621.88,2619.05,2615.83,2619.05,2.63,5.76,15.14,1.15,0.08,BREAKEVEN,YES,30,1514.79
1515,2024-12-24,10:20,10:45,SHORT,2618.95,2621.37,2618.75,2615.8,2618.75,2.42,6.26,15.15,1.25,0.08,BREAKEVEN,YES,25,1516.04
1516,2024-12-24,11:25,12:05,SHORT,2615.15,2617.84,2614.95,2611.65,2614.95,2.69,5.64,15.16,1.13,0.07,BREAKEVEN,YES,40,1517.17
1517,2024-12-24,12:20,12:30,LONG,2617.35,2615.41,2615.41,2619.87,2615.41,1.94,7.82,15.17,-15.17,-1,LOSS,NO,10,1501.99
1518,2024-12-24,13:05,13:35,SHORT,2614.65,2617.06,2614.45,2611.52,2614.45,2.41,6.23,15.02,1.25,0.08,BREAKEVEN,YES,30,1503.24
1519,2024-12-24,14:00,14:45,LONG,2615.17,2612.88,2612.88,2618.15,2614.96,2.29,6.56,15.03,-1.38,-0.09,BREAKEVEN,NO,45,1501.86
1520,2024-12-24,14:35,15:20,LONG,2614.86,2611.99,2611.99,2618.59,2613.32,2.87,5.23,15.02,-8.06,-0.54,LOSS,NO,45,1493.8
1521,2024-12-24,15:10,15:30,LONG,2613.93,2611.7,2611.7,2616.83,2611.7,2.23,6.7,14.94,-14.94,-1,LOSS,NO,20,1478.87
1522,2024-12-24,15:55,16:30,LONG,2614.3,2611.72,2614.5,2617.65,2614.5,2.58,5.73,14.79,1.15,0.08,BREAKEVEN,YES,35,1480.01
1523,2024-12-24,16:35,16:50,LONG,2613.48,2611.16,2611.16,2616.5,2611.16,2.32,6.38,14.8,-14.8,-1,LOSS,NO,15,1465.21
1524,2024-12-26,07:15,08:00,SHORT,2626.19,2628.46,2625.99,2623.24,2625.99,2.27,6.45,14.65,1.29,0.09,BREAKEVEN,YES,45,1466.5
1525,2024-12-26,07:50,08:10,SHORT,2627.4,2629.73,2626.81,2624.37,2626.81,2.33,6.29,14.67,3.71,0.25,BREAKEVEN,YES,20,1470.22
1526,2024-12-26,08:55,09:05,SHORT,2626.09,2628.01,2628.01,2623.59,2628.01,1.92,7.66,14.7,-14.7,-1,LOSS,NO,10,1455.51
1527,2024-12-26,09:45,10:00,SHORT,2625.03,2627.13,2627.13,2622.3,2627.13,2.1,6.93,14.56,-14.56,-1,LOSS,NO,15,1440.96
1528,2024-12-26,10:40,11:25,SHORT,2626.11,2628.33,2628.33,2623.22,2626.16,2.22,6.49,14.41,-0.32,-0.02,BREAKEVEN,NO,45,1440.63
1529,2024-12-26,11:55,12:35,LONG,2627.48,2625.63,2627.68,2629.88,2627.68,1.85,7.79,14.41,1.56,0.11,BREAKEVEN,YES,40,1442.19
1530,2024-12-26,12:35,13:20,LONG,2628.67,2626.1,2626.1,2632.01,2628.42,2.57,5.61,14.42,-1.4,-0.1,BREAKEVEN,NO,45,1440.79
1531,2024-12-26,13:10,13:55,LONG,2629.14,2626.61,2626.61,2632.43,2627.86,2.53,5.69,14.41,-7.29,-0.51,LOSS,NO,45,1433.5
1532,2024-12-26,13:50,14:10,LONG,2628.5,2626.19,2626.19,2631.5,2626.19,2.31,6.21,14.33,-14.33,-1,LOSS,NO,20,1419.16
1533,2024-12-26,14:40,15:00,SHORT,2626.22,2628.49,2628.49,2623.27,2628.49,2.27,6.25,14.19,-14.19,-1,LOSS,NO,20,1404.97
1534,2024-12-26,15:15,15:20,LONG,2629.22,2626.91,2626.91,2632.22,2626.91,2.31,6.08,14.05,-14.05,-1,LOSS,NO,5,1390.92
1535,2024-12-26,15:50,16:10,SHORT,2622.82,2625.01,2625.01,2619.97,2625.01,2.19,6.35,13.91,-13.91,-1,LOSS,NO,20,1377.01
1536,2024-12-26,16:25,16:50,LONG,2626.69,2624.19,2626.89,2629.94,2626.89,2.5,5.51,13.77,1.1,0.08,BREAKEVEN,YES,25,1378.12
1537,2024-12-27,07:00,07:45,LONG,2633.85,2631.44,2631.44,2636.98,2632.28,2.41,5.72,13.78,-8.98,-0.65,LOSS,NO,45,1369.14
1538,2024-12-27,07:45,08:10,LONG,2632.28,2630.27,2632.48,2634.89,2632.48,2.01,6.81,13.69,1.36,0.1,BREAKEVEN,YES,25,1370.5
1539,2024-12-27,08:20,09:05,SHORT,2635.62,2638.43,2638.43,2631.97,2637.28,2.81,4.88,13.71,-8.1,-0.59,LOSS,NO,45,1362.4
1540,2024-12-27,09:05,09:45,LONG,2637.28,2634.18,2634.18,2641.31,2634.18,3.1,4.39,13.62,-13.62,-1,LOSS,NO,40,1348.78
1541,2024-12-27,10:10,10:15,SHORT,2629.5,2631.64,2629.3,2626.72,2629.3,2.14,6.3,13.49,1.26,0.09,BREAKEVEN,YES,5,1350.04
1542,2024-12-27,10:45,11:10,LONG,2627.83,2625.32,2625.32,2631.09,2625.32,2.51,5.38,13.5,-13.5,-1,LOSS,NO,25,1336.54
1543,2024-12-27,11:25,11:35,LONG,2627.2,2624.62,2624.62,2630.55,2624.62,2.58,5.18,13.37,-13.37,-1,LOSS,NO,10,1323.17
1544,2024-12-27,12:15,12:40,SHORT,2626.14,2628.13,2625.94,2623.55,2623.55,1.99,6.65,13.23,17.2,1.3,WIN,YES,25,1340.38
1545,2024-12-27,12:50,13:35,LONG,2626.32,2623.98,2623.98,2629.36,2627.11,2.34,5.73,13.4,4.53,0.34,BREAKEVEN,NO,45,1344.9
1546,2024-12-27,13:45,14:20,LONG,2628.27,2625.85,2628.9,2631.42,2631.42,2.42,5.56,13.45,17.48,1.3,WIN,YES,35,1362.39
1547,2024-12-27,14:25,15:00,SHORT,2628.68,2632.26,2627.4,2624.03,2624.03,3.58,3.81,13.62,17.71,1.3,WIN,YES,35,1380.1
1548,2024-12-27,15:05,15:10,LONG,2623.14,2620.05,2623.34,2627.16,2623.34,3.09,4.47,13.8,0.89,0.06,BREAKEVEN,YES,5,1380.99
1549,2024-12-27,15:55,16:15,SHORT,2618.81,2623.72,2618.61,2612.43,2618.61,4.91,2.81,13.81,0.56,0.04,BREAKEVEN,YES,20,1381.55
1550,2024-12-27,16:30,17:10,LONG,2613.86,2610.19,2614.72,2618.63,2614.72,3.67,3.76,13.82,3.24,0.23,BREAKEVEN,YES,40,1384.79
1551,2024-12-30,07:00,07:30,LONG,2622.13,2620.17,2622.33,2624.68,2622.33,1.96,7.07,13.85,1.41,0.1,BREAKEVEN,YES,30,1386.2
1552,2024-12-30,07:35,08:00,LONG,2621.3,2619,2622.82,2624.29,2624.29,2.3,6.03,13.86,18.02,1.3,WIN,YES,25,1404.22
1553,2024-12-30,08:15,08:40,LONG,2622.84,2620.43,2620.43,2625.97,2620.43,2.41,5.83,14.04,-14.04,-1,LOSS,NO,25,1390.18
1554,2024-12-30,08:50,09:10,SHORT,2619.35,2621.56,2619.15,2616.48,2619.15,2.21,6.29,13.9,1.26,0.09,BREAKEVEN,YES,20,1391.44
1555,2024-12-30,09:30,09:40,LONG,2618.61,2616.58,2616.58,2621.25,2616.58,2.03,6.85,13.91,-13.91,-1,LOSS,NO,10,1377.52
1556,2024-12-30,10:05,10:10,SHORT,2616.72,2618.86,2616.52,2613.94,2616.52,2.14,6.44,13.78,1.29,0.09,BREAKEVEN,YES,5,1378.81
1557,2024-12-30,10:45,10:50,SHORT,2613.46,2615.69,2613.26,2610.56,2610.56,2.23,6.18,13.79,17.92,1.3,WIN,YES,5,1396.74
1558,2024-12-30,11:25,11:40,LONG,2616.37,2613.49,2613.49,2620.11,2613.49,2.88,4.85,13.97,-13.97,-1,LOSS,NO,15,1382.77
1559,2024-12-30,12:00,12:30,SHORT,2613.48,2615.57,2613.28,2610.76,2613.28,2.09,6.62,13.83,1.32,0.1,BREAKEVEN,YES,30,1384.09
1560,2024-12-30,12:35,13:00,LONG,2612.52,2610.25,2610.25,2615.47,2610.25,2.27,6.1,13.84,-13.84,-1,LOSS,NO,25,1370.25
1561,2024-12-30,13:25,13:55,LONG,2616.07,2612.94,2616.27,2620.14,2616.27,3.13,4.38,13.7,0.88,0.06,BREAKEVEN,YES,30,1371.13
1562,2024-12-30,14:00,14:45,LONG,2616.85,2613.95,2617.86,2620.62,2620.62,2.9,4.73,13.71,17.82,1.3,WIN,YES,45,1388.95
1563,2024-12-30,14:35,14:50,SHORT,2618.47,2621.06,2621.06,2615.1,2621.06,2.59,5.36,13.89,-13.89,-1,LOSS,NO,15,1375.06
1564,2024-12-30,15:15,15:30,LONG,2619.75,2616.39,2619.95,2624.12,2619.95,3.36,4.09,13.75,0.82,0.06,BREAKEVEN,YES,15,1375.88
1565,2024-12-30,16:00,16:05,LONG,2607.82,2603.94,2608.02,2612.86,2608.02,3.88,3.55,13.76,0.71,0.05,BREAKEVEN,YES,5,1376.59
1566,2024-12-30,16:35,16:40,SHORT,2607.33,2609.93,2607.13,2603.95,2607.13,2.6,5.29,13.77,1.06,0.08,BREAKEVEN,YES,5,1377.65
1567,2024-12-31,07:20,07:40,LONG,2608.14,2605.86,2605.86,2611.1,2605.86,2.28,6.04,13.78,-13.78,-1,LOSS,NO,20,1363.87
1568,2024-12-31,07:55,08:30,LONG,2604.36,2601.09,2606.43,2608.61,2606.43,3.27,4.17,13.64,8.63,0.63,WIN,YES,35,1372.51
1569,2024-12-31,08:35,09:10,LONG,2606.76,2604.48,2607.65,2609.72,2607.65,2.28,6.02,13.73,5.36,0.39,WIN,YES,35,1377.86
1570,2024-12-31,09:10,09:45,LONG,2608.47,2605.99,2610.55,2611.69,2611.69,2.48,5.56,13.78,17.91,1.3,WIN,YES,35,1395.78
1571,2024-12-31,09:45,10:05,SHORT,2612.15,2614.44,2614.44,2609.17,2614.44,2.29,6.1,13.96,-13.96,-1,LOSS,NO,20,1381.82
1572,2024-12-31,10:40,11:05,SHORT,2616.19,2618.47,2615.99,2613.23,2615.99,2.28,6.06,13.82,1.21,0.09,BREAKEVEN,YES,25,1383.03
1573,2024-12-31,11:15,11:30,SHORT,2613.78,2616.16,2616.16,2610.69,2616.16,2.38,5.81,13.83,-13.83,-1,LOSS,NO,15,1369.2
1574,2024-12-31,11:50,12:00,SHORT,2615.31,2617.73,2615.11,2612.16,2615.11,2.42,5.66,13.69,1.13,0.08,BREAKEVEN,YES,10,1370.33
1575,2024-12-31,12:25,12:30,SHORT,2612.93,2615.55,2612.73,2609.52,2612.73,2.62,5.23,13.7,1.05,0.08,BREAKEVEN,YES,5,1371.38
1576,2024-12-31,13:05,13:25,SHORT,2613.29,2615.76,2612.15,2610.08,2610.08,2.47,5.55,13.71,17.83,1.3,WIN,YES,20,1389.21
1577,2024-12-31,13:40,14:25,SHORT,2610.45,2613.44,2613.44,2606.56,2610.74,2.99,4.65,13.89,-1.35,-0.1,BREAKEVEN,NO,45,1387.86
1578,2024-12-31,14:15,15:00,LONG,2610.76,2608.03,2610.96,2614.31,2610.96,2.73,5.08,13.88,1.02,0.07,BREAKEVEN,YES,45,1388.87
1579,2024-12-31,14:50,15:00,SHORT,2611.88,2614.31,2611.68,2608.72,2608.72,2.43,5.72,13.89,18.06,1.3,WIN,YES,10,1406.93
1580,2024-12-31,15:25,15:55,SHORT,2613.78,2616.53,2613.58,2610.21,2613.58,2.75,5.12,14.07,1.02,0.07,BREAKEVEN,YES,30,1407.95
1581,2024-12-31,16:05,16:10,LONG,2611.79,2609.84,2611.99,2614.32,2611.99,1.95,7.22,14.08,1.44,0.1,BREAKEVEN,YES,5,1409.4
1582,2024-12-31,16:55,17:10,SHORT,2613.69,2615.97,2615.97,2610.73,2615.97,2.28,6.18,14.09,-14.09,-1,LOSS,NO,15,1395.3
1583,2025-01-02,07:25,08:00,SHORT,2634.9,2636.81,2634.7,2632.42,2632.42,1.91,7.31,13.95,18.14,1.3,WIN,YES,35,1413.44
1584,2025-01-02,08:05,08:45,LONG,2632.46,2630.32,2633.03,2635.24,2635.24,2.14,6.6,14.13,18.37,1.3,WIN,YES,40,1431.82
1585,2025-01-02,08:45,09:30,SHORT,2633.8,2636.93,2636.93,2629.73,2633.29,3.13,4.57,14.32,2.33,0.16,BREAKEVEN,NO,45,1434.15
1586,2025-01-02,09:20,10:05,LONG,2635.52,2632.85,2632.85,2638.99,2635.31,2.67,5.37,14.34,-1.13,-0.08,BREAKEVEN,NO,45,1433.02
1587,2025-01-02,10:00,10:20,LONG,2635.92,2633.65,2633.65,2638.87,2633.65,2.27,6.31,14.33,-14.33,-1,LOSS,NO,20,1418.69
1588,2025-01-02,10:45,11:00,SHORT,2635.94,2639.34,2639.34,2631.52,2639.34,3.4,4.17,14.19,-14.19,-1,LOSS,NO,15,1404.5
1589,2025-01-02,11:25,12:10,SHORT,2637.4,2641.47,2636.37,2632.11,2636.37,4.07,3.45,14.05,3.55,0.25,BREAKEVEN,YES,45,1408.06
1590,2025-01-02,12:25,12:50,SHORT,2644.86,2647.63,2644.59,2641.26,2641.26,2.77,5.08,14.08,18.3,1.3,WIN,YES,25,1426.36
1591,2025-01-02,13:00,13:30,SHORT,2643.14,2645.11,2642.89,2640.58,2640.58,1.97,7.24,14.26,18.54,1.3,WIN,YES,30,1444.91
1592,2025-01-02,13:40,14:25,LONG,2642.14,2639.44,2639.44,2645.65,2642.77,2.7,5.35,14.45,3.37,0.23,BREAKEVEN,NO,45,1448.28
1593,2025-01-02,14:20,14:30,LONG,2642.01,2639.54,2642.21,2645.22,2645.22,2.47,5.86,14.48,18.83,1.3,WIN,YES,10,1467.11
1594,2025-01-02,15:00,15:10,LONG,2641.84,2639.26,2639.26,2645.19,2639.26,2.58,5.69,14.67,-14.67,-1,LOSS,NO,10,1452.43
1595,2025-01-02,15:35,15:45,SHORT,2639.15,2642.58,2642.58,2634.69,2642.58,3.43,4.23,14.52,-14.52,-1,LOSS,NO,10,1437.91
1596,2025-01-02,16:15,16:45,SHORT,2646.81,2650.59,2650.59,2641.9,2650.59,3.78,3.8,14.38,-14.38,-1,LOSS,NO,30,1423.53
1597,2025-01-02,16:50,17:00,LONG,2648.95,2645.45,2645.45,2653.5,2645.45,3.5,4.07,14.24,-14.24,-1,LOSS,NO,10,1409.3
1598,2025-01-03,07:35,07:50,LONG,2659.24,2657.32,2657.32,2661.74,2657.32,1.92,7.34,14.09,-14.09,-1,LOSS,NO,15,1395.2
1599,2025-01-03,08:30,09:00,LONG,2658.03,2655.23,2658.23,2661.67,2658.23,2.8,4.98,13.95,1,0.07,BREAKEVEN,YES,30,1396.2
1600,2025-01-03,09:10,09:20,SHORT,2656.13,2658.55,2655.93,2652.98,2652.98,2.42,5.77,13.96,18.15,1.3,WIN,YES,10,1414.35
1601,2025-01-03,09:45,10:30,LONG,2654.38,2651.43,2651.43,2658.22,2651.85,2.95,4.79,14.14,-12.13,-0.86,LOSS,NO,45,1402.22
1602,2025-01-03,10:20,10:25,SHORT,2653.9,2656.32,2653.7,2650.75,2653.7,2.42,5.79,14.02,1.16,0.08,BREAKEVEN,YES,5,1403.38
1603,2025-01-03,10:55,11:00,LONG,2652.96,2650.67,2653.16,2655.94,2653.16,2.29,6.13,14.03,1.23,0.09,BREAKEVEN,YES,5,1404.6
1604,2025-01-03,11:45,12:00,LONG,2654.1,2652.14,2654.3,2656.65,2654.3,1.96,7.17,14.05,1.43,0.1,BREAKEVEN,YES,15,1406.04
1605,2025-01-03,12:35,12:40,LONG,2653.6,2651.59,2653.8,2656.21,2653.8,2.01,7,14.06,1.4,0.1,BREAKEVEN,YES,5,1407.44
1606,2025-01-03,13:10,13:20,SHORT,2657.9,2660.09,2657.7,2655.05,2657.7,2.19,6.43,14.07,1.29,0.09,BREAKEVEN,YES,10,1408.72
1607,2025-01-03,13:45,14:30,LONG,2657.72,2655.24,2655.24,2660.94,2655.24,2.48,5.68,14.09,-14.09,-1,LOSS,NO,45,1394.64
1608,2025-01-03,14:20,14:30,LONG,2657.37,2655.33,2655.33,2660.02,2655.33,2.04,6.84,13.95,-13.95,-1,LOSS,NO,10,1380.69
1609,2025-01-03,15:10,15:15,LONG,2655.48,2653.25,2653.25,2658.38,2653.25,2.23,6.19,13.81,-13.81,-1,LOSS,NO,5,1366.88
1610,2025-01-03,16:00,16:20,LONG,2649.2,2646.68,2646.68,2652.48,2646.68,2.52,5.42,13.67,-13.67,-1,LOSS,NO,20,1353.21
1611,2025-01-03,16:35,16:50,LONG,2651.28,2647.31,2647.31,2656.44,2647.31,3.97,3.41,13.53,-13.53,-1,LOSS,NO,15,1339.68
1612,2025-01-06,07:05,07:30,SHORT,2635.45,2637.7,2635.25,2632.52,2632.52,2.25,5.95,13.4,17.42,1.3,WIN,YES,25,1357.1
1613,2025-01-06,07:40,08:20,SHORT,2633.08,2635.98,2632.88,2629.31,2632.88,2.9,4.68,13.57,0.94,0.07,BREAKEVEN,YES,40,1358.03
1614,2025-01-06,08:15,08:20,SHORT,2633.25,2636.65,2633.05,2628.83,2633.05,3.4,3.99,13.58,0.8,0.06,BREAKEVEN,YES,5,1358.83
1615,2025-01-06,08:50,09:05,SHORT,2631.23,2633.63,2633.63,2628.11,2633.63,2.4,5.66,13.59,-13.59,-1,LOSS,NO,15,1345.24
1616,2025-01-06,09:25,09:30,LONG,2630.98,2628.61,2628.61,2634.06,2628.61,2.37,5.68,13.45,-13.45,-1,LOSS,NO,5,1331.79
1617,2025-01-06,10:00,10:30,LONG,2627.58,2624.33,2627.78,2631.8,2627.78,3.25,4.1,13.32,0.82,0.06,BREAKEVEN,YES,30,1332.61
1618,2025-01-06,10:35,10:55,LONG,2628.01,2625.75,2628.93,2630.95,2630.95,2.26,5.9,13.33,17.32,1.3,WIN,YES,20,1349.93
1619,2025-01-06,11:15,11:45,LONG,2635.12,2632.29,2632.29,2638.8,2632.29,2.83,4.77,13.5,-13.5,-1,LOSS,NO,30,1336.44
1620,2025-01-06,11:55,12:40,LONG,2632.72,2630.74,2630.74,2635.29,2632.98,1.98,6.75,13.36,1.75,0.13,BREAKEVEN,NO,45,1338.19
1621,2025-01-06,12:30,12:55,LONG,2631.99,2629.81,2632.19,2634.82,2634.82,2.18,6.14,13.38,17.4,1.3,WIN,YES,25,1355.59
1622,2025-01-06,13:05,13:10,LONG,2633.66,2631.08,2633.86,2637.01,2637.01,2.58,5.25,13.56,17.62,1.3,WIN,YES,5,1373.21
1623,2025-01-06,13:50,14:10,LONG,2645.88,2643.5,2643.5,2648.97,2643.5,2.38,5.77,13.73,-13.73,-1,LOSS,NO,20,1359.48
1624,2025-01-06,14:45,14:50,SHORT,2646.4,2649.26,2646.2,2642.68,2642.68,2.86,4.75,13.59,17.67,1.3,WIN,YES,5,1377.15
1625,2025-01-06,15:45,16:15,LONG,2625.12,2620.39,2625.74,2631.27,2625.74,4.73,2.91,13.77,1.81,0.13,BREAKEVEN,YES,30,1378.96
1626,2025-01-06,16:30,16:45,SHORT,2625.23,2629.92,2629.92,2619.13,2629.92,4.69,2.94,13.79,-13.79,-1,LOSS,NO,15,1365.17
1627,2025-01-07,07:25,08:05,LONG,2643.29,2640.98,2644.2,2646.29,2646.29,2.31,5.91,13.65,17.75,1.3,WIN,YES,40,1382.91
1628,2025-01-07,08:00,08:20,SHORT,2645.02,2647.14,2644.82,2642.26,2644.82,2.12,6.52,13.83,1.3,0.09,BREAKEVEN,YES,20,1384.22
1629,2025-01-07,08:40,08:50,LONG,2643.69,2641.18,2641.18,2646.95,2641.18,2.51,5.51,13.84,-13.84,-1,LOSS,NO,10,1370.38
1630,2025-01-07,09:30,09:55,SHORT,2640.1,2642.87,2639.9,2636.5,2639.9,2.77,4.95,13.7,0.99,0.07,BREAKEVEN,YES,25,1371.36
1631,2025-01-07,10:15,11:50,SHORT,2643.41,2645.8,2643.02,2640.3,2641.7,2.39,5.74,13.71,9.81,0.72,WIN,YES,45,1381.18
1632,2025-01-07,11:55,12:05,SHORT,2641.3,2643.7,2643.7,2638.18,2643.7,2.4,5.75,13.81,-13.81,-1,LOSS,NO,10,1367.36
1633,2025-01-07,12:30,13:05,SHORT,2643.38,2645.99,2645.99,2639.99,2645.99,2.61,5.24,13.67,-13.67,-1,LOSS,NO,35,1353.69
1634,2025-01-07,13:20,13:50,LONG,2644.05,2640.52,2646.04,2648.64,2648.64,3.53,3.83,13.54,17.6,1.3,WIN,YES,30,1371.29
1635,2025-01-07,13:55,14:05,LONG,2648.46,2645.62,2648.66,2652.15,2648.66,2.84,4.83,13.71,0.97,0.07,BREAKEVEN,YES,10,1372.26
1636,2025-01-07,14:35,14:40,LONG,2648.37,2646.18,2648.57,2651.22,2651.22,2.19,6.27,13.72,17.84,1.3,WIN,YES,5,1390.09
1637,2025-01-07,15:20,15:35,SHORT,2659.8,2662.49,2659.6,2656.3,2659.6,2.69,5.17,13.9,1.03,0.07,BREAKEVEN,YES,15,1391.13
1638,2025-01-07,15:55,16:00,SHORT,2662.45,2665.83,2662.25,2658.06,2662.25,3.38,4.12,13.91,0.82,0.06,BREAKEVEN,YES,5,1391.95
1639,2025-01-07,16:30,16:45,SHORT,2661.6,2664.14,2661.4,2658.3,2661.4,2.54,5.48,13.92,1.1,0.08,BREAKEVEN,YES,15,1393.05
1640,2025-01-08,07:25,08:10,SHORT,2649.2,2651.43,2651.43,2646.3,2651.01,2.23,6.25,13.93,-11.31,-0.81,LOSS,NO,45,1381.74
1641,2025-01-08,08:00,08:10,LONG,2649.39,2647.43,2649.59,2651.94,2649.59,1.96,7.05,13.82,1.41,0.1,BREAKEVEN,YES,10,1383.15
1642,2025-01-08,08:40,09:10,SHORT,2651.97,2653.9,2653.9,2649.46,2653.9,1.93,7.17,13.83,-13.83,-1,LOSS,NO,30,1369.32
1643,2025-01-08,09:20,10:00,LONG,2653.08,2651.11,2651.11,2655.64,2651.11,1.97,6.95,13.69,-13.69,-1,LOSS,NO,40,1355.63
1644,2025-01-08,10:10,10:25,SHORT,2651.18,2653.14,2650.98,2648.63,2650.98,1.96,6.92,13.56,1.38,0.1,BREAKEVEN,YES,15,1357.01
1645,2025-01-08,10:50,11:05,SHORT,2650.96,2653.55,2653.55,2647.59,2653.55,2.59,5.24,13.57,-13.57,-1,LOSS,NO,15,1343.44
1646,2025-01-08,11:25,12:10,LONG,2653.63,2651.34,2651.34,2656.61,2653.44,2.29,5.87,13.43,-1.11,-0.08,BREAKEVEN,NO,45,1342.32
1647,2025-01-08,12:00,12:45,SHORT,2653.45,2655.72,2655.72,2650.5,2653.9,2.27,5.91,13.42,-2.66,-0.2,BREAKEVEN,NO,45,1339.66
1648,2025-01-08,12:35,13:00,LONG,2654.36,2652.41,2652.41,2656.9,2652.41,1.95,6.87,13.4,-13.4,-1,LOSS,NO,25,1326.27
1649,2025-01-08,13:10,13:25,LONG,2651.45,2649.33,2649.33,2654.21,2649.33,2.12,6.26,13.26,-13.26,-1,LOSS,NO,15,1313
1650,2025-01-08,13:45,14:30,SHORT,2649.53,2652.48,2649.09,2645.7,2649.09,2.95,4.45,13.13,1.96,0.15,BREAKEVEN,YES,45,1314.96
1651,2025-01-08,14:20,14:35,SHORT,2646.56,2650.05,2650.05,2642.02,2650.05,3.49,3.77,13.15,-13.15,-1,LOSS,NO,15,1301.81
1652,2025-01-08,14:55,15:00,LONG,2651.92,2649.54,2652.12,2655.01,2655.01,2.38,5.47,13.02,16.92,1.3,WIN,YES,5,1318.74
1653,2025-01-08,15:30,15:40,SHORT,2653.44,2657.75,2657.75,2647.84,2657.75,4.31,3.06,13.19,-13.19,-1,LOSS,NO,10,1305.55
1654,2025-01-08,16:10,16:35,SHORT,2662.4,2665.91,2665.91,2657.84,2665.91,3.51,3.72,13.06,-13.06,-1,LOSS,NO,25,1292.49
1655,2025-01-08,16:45,16:55,LONG,2665.35,2660.57,2660.57,2671.56,2660.57,4.78,2.7,12.92,-12.92,-1,LOSS,NO,10,1279.57
1656,2025-01-09,07:05,07:35,LONG,2660.8,2658.09,2658.09,2664.32,2658.09,2.71,4.72,12.8,-12.8,-1,LOSS,NO,30,1266.77
1657,2025-01-09,07:40,08:25,SHORT,2658.26,2660.5,2660.5,2655.35,2660.5,2.24,5.66,12.67,-12.67,-1,LOSS,NO,45,1254.1
1658,2025-01-09,08:15,08:30,SHORT,2659.23,2661.68,2661.68,2656.05,2661.68,2.45,5.12,12.54,-12.54,-1,LOSS,NO,15,1241.56
1659,2025-01-09,08:50,08:55,LONG,2665.24,2663.03,2665.44,2668.11,2665.44,2.21,5.62,12.42,1.12,0.09,BREAKEVEN,YES,5,1242.69
1660,2025-01-09,09:25,09:55,LONG,2665.39,2663.44,2663.44,2667.92,2663.44,1.95,6.37,12.43,-12.43,-1,LOSS,NO,30,1230.26
1661,2025-01-09,10:05,10:20,SHORT,2661.84,2664.31,2664.31,2658.63,2664.31,2.47,4.98,12.3,-12.3,-1,LOSS,NO,15,1217.96
1662,2025-01-09,10:50,11:05,LONG,2665.23,2662.92,2662.92,2668.23,2662.92,2.31,5.27,12.18,-12.18,-1,LOSS,NO,15,1205.78
1663,2025-01-09,11:25,11:40,SHORT,2663.74,2665.99,2665.99,2660.81,2665.99,2.25,5.36,12.06,-12.06,-1,LOSS,NO,15,1193.72
1664,2025-01-09,12:20,12:40,SHORT,2665.88,2668.3,2668.3,2662.73,2668.3,2.42,4.93,11.94,-11.94,-1,LOSS,NO,20,1181.78
1665,2025-01-09,12:55,13:00,LONG,2667.51,2665.3,2665.3,2670.38,2665.3,2.21,5.35,11.82,-11.82,-1,LOSS,NO,5,1169.97
1666,2025-01-09,13:30,13:45,LONG,2669.85,2666.74,2670.05,2673.89,2670.05,3.11,3.76,11.7,0.75,0.06,BREAKEVEN,YES,15,1170.72
1667,2025-01-09,14:20,14:40,LONG,2672.63,2670.21,2672.83,2675.78,2672.83,2.42,4.84,11.71,0.97,0.08,BREAKEVEN,YES,20,1171.69
1668,2025-01-09,14:55,15:30,LONG,2674.04,2671.72,2674.24,2677.06,2674.24,2.32,5.05,11.72,1.01,0.09,BREAKEVEN,YES,35,1172.7
1669,2025-01-09,15:30,15:55,LONG,2676.81,2672.47,2672.47,2682.45,2672.47,4.34,2.7,11.73,-11.73,-1,LOSS,NO,25,1160.97
1670,2025-01-09,16:10,16:20,LONG,2672.56,2669.91,2669.91,2676.01,2669.91,2.65,4.38,11.61,-11.61,-1,LOSS,NO,10,1149.36
1671,2025-01-09,16:45,17:05,LONG,2674.79,2671.39,2671.39,2679.21,2671.39,3.4,3.38,11.49,-11.49,-1,LOSS,NO,20,1137.87
1672,2025-01-10,07:15,07:40,SHORT,2673.18,2675.29,2675.29,2670.44,2675.29,2.11,5.39,11.38,-11.38,-1,LOSS,NO,25,1126.49
1673,2025-01-10,08:00,08:40,SHORT,2674.57,2676.91,2676.91,2671.53,2676.91,2.34,4.81,11.26,-11.26,-1,LOSS,NO,40,1115.22
1674,2025-01-10,08:40,09:00,SHORT,2676.26,2678.51,2678.51,2673.34,2678.51,2.25,4.96,11.15,-11.15,-1,LOSS,NO,20,1104.07
1675,2025-01-10,09:15,10:00,LONG,2677.36,2672.99,2672.99,2683.04,2675.85,4.37,2.53,11.04,-3.81,-0.35,BREAKEVEN,NO,45,1100.25
1676,2025-01-10,09:55,10:05,LONG,2676.16,2674.17,2676.36,2678.75,2678.75,1.99,5.53,11,14.3,1.3,WIN,YES,10,1114.56
1677,2025-01-10,10:30,10:50,SHORT,2678.67,2681.72,2678.47,2674.71,2678.47,3.05,3.65,11.15,0.73,0.07,BREAKEVEN,YES,20,1115.29
1678,2025-01-10,11:10,11:25,LONG,2679.7,2677.53,2679.9,2682.52,2679.9,2.17,5.14,11.15,1.03,0.09,BREAKEVEN,YES,15,1116.32
1679,2025-01-10,11:50,11:55,SHORT,2679.87,2682.44,2679.67,2676.53,2679.67,2.57,4.34,11.16,0.87,0.08,BREAKEVEN,YES,5,1117.19
1680,2025-01-10,12:30,13:15,LONG,2680.4,2677.76,2680.6,2683.83,2680.6,2.64,4.23,11.17,0.85,0.08,BREAKEVEN,YES,45,1118.03
1681,2025-01-10,13:05,13:50,SHORT,2681.73,2684.03,2684.03,2678.74,2681.45,2.3,4.86,11.18,1.36,0.12,BREAKEVEN,NO,45,1119.39
1682,2025-01-10,13:45,14:00,LONG,2681.52,2679.15,2679.15,2684.6,2679.15,2.37,4.72,11.19,-11.19,-1,LOSS,NO,15,1108.2
1683,2025-01-10,14:30,14:45,SHORT,2676.56,2679.1,2679.1,2673.26,2679.1,2.54,4.36,11.08,-11.08,-1,LOSS,NO,15,1097.12
1684,2025-01-10,15:15,15:25,LONG,2679.75,2676.98,2676.98,2683.35,2676.98,2.77,3.96,10.97,-10.97,-1,LOSS,NO,10,1086.15
1685,2025-01-10,15:50,16:05,LONG,2680.81,2673.62,2681.01,2690.16,2681.01,7.19,1.51,10.86,0.3,0.03,BREAKEVEN,YES,15,1086.45
1686,2025-01-10,16:25,16:30,SHORT,2689.09,2692.31,2692.31,2684.9,2692.31,3.22,3.37,10.86,-10.86,-1,LOSS,NO,5,1075.58
1687,2025-01-13,07:00,07:30,SHORT,2686.19,2688.19,2685.99,2683.59,2683.59,2,5.38,10.76,13.98,1.3,WIN,YES,30,1089.57
1688,2025-01-13,07:35,07:55,SHORT,2684.64,2686.57,2686.57,2682.13,2686.57,1.93,5.65,10.9,-10.9,-1,LOSS,NO,20,1078.67
1689,2025-01-13,08:25,09:00,LONG,2690.39,2688.42,2688.42,2692.95,2688.42,1.97,5.48,10.79,-10.79,-1,LOSS,NO,35,1067.88
1690,2025-01-13,09:00,09:35,LONG,2689.57,2686.71,2686.71,2693.29,2686.71,2.86,3.73,10.68,-10.68,-1,LOSS,NO,35,1057.2
1691,2025-01-13,09:50,10:05,SHORT,2685.51,2688.77,2688.77,2681.27,2688.77,3.26,3.24,10.57,-10.57,-1,LOSS,NO,15,1046.63
1692,2025-01-13,10:35,11:00,LONG,2688.31,2685.58,2685.58,2691.86,2685.58,2.73,3.83,10.47,-10.47,-1,LOSS,NO,25,1036.17
1693,2025-01-13,11:20,12:00,SHORT,2684.95,2688.07,2684.75,2680.89,2680.89,3.12,3.32,10.36,13.47,1.3,WIN,YES,40,1049.64
1694,2025-01-13,11:55,12:00,SHORT,2684.87,2688.79,2684.67,2679.77,2679.77,3.92,2.68,10.5,13.65,1.3,WIN,YES,5,1063.28
1695,2025-01-13,12:35,12:40,SHORT,2680.98,2684.39,2680.78,2676.55,2680.78,3.41,3.12,10.63,0.62,0.06,BREAKEVEN,YES,5,1063.91
1696,2025-01-13,13:15,13:45,SHORT,2679.27,2682.08,2678.84,2675.62,2678.84,2.81,3.79,10.64,1.63,0.15,BREAKEVEN,YES,30,1065.53
1697,2025-01-13,13:50,13:55,LONG,2678.47,2676.2,2676.2,2681.42,2676.2,2.27,4.69,10.66,-10.66,-1,LOSS,NO,5,1054.88
1698,2025-01-13,14:30,15:00,LONG,2667.8,2663.09,2669.76,2673.92,2669.76,4.71,2.24,10.55,4.39,0.42,BREAKEVEN,YES,30,1059.27
1699,2025-01-13,15:05,15:20,LONG,2669.64,2666.59,2669.84,2673.6,2669.84,3.05,3.47,10.59,0.69,0.07,BREAKEVEN,YES,15,1059.96
1700,2025-01-13,15:40,15:45,LONG,2665.13,2662.37,2665.33,2668.72,2665.33,2.76,3.84,10.6,0.77,0.07,BREAKEVEN,YES,5,1060.73
1701,2025-01-13,16:15,16:35,LONG,2668.5,2665.85,2665.85,2671.95,2665.85,2.65,4,10.61,-10.61,-1,LOSS,NO,20,1050.12
1702,2025-01-13,16:55,17:10,LONG,2671.72,2668.77,2668.77,2675.55,2668.77,2.95,3.56,10.5,-10.5,-1,LOSS,NO,15,1039.62
1703,2025-01-14,07:10,07:20,LONG,2673.01,2670.92,2670.92,2675.73,2670.92,2.09,4.97,10.4,-10.4,-1,LOSS,NO,10,1029.23
1704,2025-01-14,07:45,08:30,LONG,2669.26,2667.09,2667.09,2672.08,2668.51,2.17,4.74,10.29,-3.56,-0.35,BREAKEVEN,NO,45,1025.67
1705,2025-01-14,08:20,09:00,LONG,2668.93,2666.75,2669.13,2671.76,2669.13,2.18,4.7,10.26,0.94,0.09,BREAKEVEN,YES,40,1026.61
1706,2025-01-14,08:55,09:30,SHORT,2669.04,2670.99,2668.84,2666.51,2668.84,1.95,5.26,10.27,1.05,0.1,BREAKEVEN,YES,35,1027.66
1707,2025-01-14,09:40,10:25,LONG,2669.65,2667.23,2670.39,2672.8,2672.8,2.42,4.25,10.28,13.36,1.3,WIN,YES,45,1041.02
1708,2025-01-14,10:15,10:25,SHORT,2670.73,2673.23,2673.23,2667.48,2673.23,2.5,4.16,10.41,-10.41,-1,LOSS,NO,10,1030.61
1709,2025-01-14,10:55,11:25,LONG,2671.1,2668.67,2668.67,2674.26,2668.67,2.43,4.24,10.31,-10.31,-1,LOSS,NO,30,1020.31
1710,2025-01-14,11:30,11:35,SHORT,2669.05,2671.09,2668.85,2666.4,2668.85,2.04,5,10.2,1,0.1,BREAKEVEN,YES,5,1021.31
1711,2025-01-14,12:15,13:00,SHORT,2665.8,2669.05,2669.05,2661.58,2666.89,3.25,3.14,10.21,-3.43,-0.34,BREAKEVEN,NO,45,1017.88
1712,2025-01-14,12:50,13:30,SHORT,2666.45,2668.56,2666.25,2663.71,2666.25,2.11,4.82,10.18,0.96,0.09,BREAKEVEN,YES,40,1018.85
1713,2025-01-14,13:25,13:30,SHORT,2665.62,2667.65,2667.65,2662.98,2667.65,2.03,5.02,10.19,-10.19,-1,LOSS,NO,5,1008.66
1714,2025-01-14,14:10,14:20,SHORT,2668.54,2670.68,2670.68,2665.76,2670.68,2.14,4.71,10.09,-10.09,-1,LOSS,NO,10,998.57
1715,2025-01-14,14:55,15:00,LONG,2668.33,2665.96,2668.53,2671.41,2668.53,2.37,4.21,9.99,0.84,0.08,BREAKEVEN,YES,5,999.41
1716,2025-01-14,15:35,16:20,LONG,2665.49,2659.16,2659.16,2673.72,2661.08,6.33,1.58,9.99,-6.96,-0.7,LOSS,NO,45,992.45
1717,2025-01-14,16:10,16:15,LONG,2661.25,2658.36,2661.45,2665.01,2661.45,2.89,3.43,9.92,0.69,0.07,BREAKEVEN,YES,5,993.14
1718,2025-01-14,16:45,16:50,LONG,2662.26,2659.36,2662.46,2666.03,2662.46,2.9,3.42,9.93,0.68,0.07,BREAKEVEN,YES,5,993.82
1719,2025-01-15,07:50,08:10,LONG,2678.45,2676.37,2679.04,2681.15,2681.15,2.08,4.78,9.94,12.92,1.3,WIN,YES,20,1006.74
1720,2025-01-15,08:25,09:10,SHORT,2681.93,2684.27,2684.27,2678.89,2681.81,2.34,4.3,10.07,0.52,0.05,BREAKEVEN,NO,45,1007.26
1721,2025-01-15,09:00,09:25,LONG,2681.38,2678.93,2681.58,2684.57,2681.58,2.45,4.11,10.07,0.82,0.08,BREAKEVEN,YES,25,1008.08
1722,2025-01-15,09:40,10:00,SHORT,2683.08,2685.52,2682.54,2679.91,2682.54,2.44,4.13,10.08,2.23,0.22,BREAKEVEN,YES,20,1010.31
1723,2025-01-15,10:15,11:00,SHORT,2683.4,2685.92,2685.92,2680.12,2684.25,2.52,4.01,10.1,-3.41,-0.34,BREAKEVEN,NO,45,1006.9
1724,2025-01-15,10:55,11:15,SHORT,2683.96,2685.92,2685.92,2681.41,2685.92,1.96,5.14,10.07,-10.07,-1,LOSS,NO,20,996.83
1725,2025-01-15,12:00,12:40,LONG,2686.02,2683.37,2686.89,2689.47,2686.89,2.65,3.76,9.97,3.27,0.33,BREAKEVEN,YES,40,1000.11
1726,2025-01-15,12:35,13:20,SHORT,2687.95,2690.38,2687.57,2684.79,2686.22,2.43,4.12,10,7.12,0.71,WIN,YES,45,1007.23
1727,2025-01-15,13:10,13:55,SHORT,2686.66,2688.96,2688.96,2683.67,2686.91,2.3,4.38,10.07,-1.09,-0.11,BREAKEVEN,NO,45,1006.13
1728,2025-01-15,13:45,14:25,SHORT,2686.71,2689.43,2686.51,2683.17,2686.51,2.72,3.7,10.06,0.74,0.07,BREAKEVEN,YES,40,1006.87
1729,2025-01-15,14:40,15:10,SHORT,2685.31,2688.16,2685.11,2681.61,2685.11,2.85,3.53,10.07,0.71,0.07,BREAKEVEN,YES,30,1007.58
1730,2025-01-15,15:15,15:20,SHORT,2685.56,2688.32,2685.36,2681.97,2685.36,2.76,3.65,10.08,0.73,0.07,BREAKEVEN,YES,5,1008.31
1731,2025-01-15,15:50,15:55,SHORT,2689.03,2692.03,2692.03,2685.13,2692.03,3,3.36,10.08,-10.08,-1,LOSS,NO,5,998.23
1732,2025-01-15,16:25,16:30,LONG,2689.59,2686.43,2686.43,2693.7,2686.43,3.16,3.16,9.98,-9.98,-1,LOSS,NO,5,988.24
1733,2025-01-16,07:30,08:10,LONG,2695.64,2692.16,2692.16,2700.16,2692.16,3.48,2.84,9.88,-9.88,-1,LOSS,NO,40,978.36
1734,2025-01-16,08:05,08:10,SHORT,2694.02,2696.25,2693.82,2691.12,2691.12,2.23,4.39,9.78,12.72,1.3,WIN,YES,5,991.08
1735,2025-01-16,08:45,09:10,LONG,2693.63,2691.21,2694.78,2696.78,2696.78,2.42,4.1,9.91,12.88,1.3,WIN,YES,25,1003.96
1736,2025-01-16,09:25,09:45,LONG,2697.16,2694.4,2697.36,2700.75,2697.36,2.76,3.64,10.04,0.73,0.07,BREAKEVEN,YES,20,1004.69
1737,2025-01-16,10:00,10:20,LONG,2698.58,2695.64,2700.92,2702.4,2702.4,2.94,3.42,10.05,13.06,1.3,WIN,YES,20,1017.75
1738,2025-01-16,10:35,11:05,SHORT,2700.02,2702.36,2699.82,2696.98,2699.82,2.34,4.35,10.18,0.87,0.09,BREAKEVEN,YES,30,1018.62
1739,2025-01-16,11:15,11:20,LONG,2702.8,2699.23,2703,2707.44,2703,3.57,2.85,10.19,0.57,0.06,BREAKEVEN,YES,5,1019.19
1740,2025-01-16,11:55,12:05,SHORT,2705.22,2707.58,2707.58,2702.15,2707.58,2.36,4.32,10.19,-10.19,-1,LOSS,NO,10,1009
1741,2025-01-16,12:30,13:05,LONG,2706.66,2704.46,2706.86,2709.52,2706.86,2.2,4.59,10.09,0.92,0.09,BREAKEVEN,YES,35,1009.92
1742,2025-01-16,13:05,13:40,LONG,2707.75,2705.05,2707.96,2711.26,2707.96,2.7,3.74,10.1,0.79,0.08,BREAKEVEN,YES,35,1010.7
1743,2025-01-16,13:40,14:00,LONG,2708.04,2705.59,2705.59,2711.22,2705.59,2.45,4.13,10.11,-10.11,-1,LOSS,NO,20,1000.6
1744,2025-01-16,14:15,14:20,SHORT,2704.95,2708.24,2704.75,2700.67,2704.75,3.29,3.04,10.01,0.61,0.06,BREAKEVEN,YES,5,1001.21
1745,2025-01-16,14:50,15:00,SHORT,2703.8,2706.49,2703.6,2700.3,2703.6,2.69,3.72,10.01,0.74,0.07,BREAKEVEN,YES,10,1001.95
1746,2025-01-16,15:25,15:30,SHORT,2710.09,2713.25,2713.25,2705.98,2713.25,3.16,3.17,10.02,-10.02,-1,LOSS,NO,5,991.93
1747,2025-01-16,16:00,16:10,SHORT,2716.13,2719.06,2715.93,2712.32,2715.93,2.93,3.39,9.92,0.68,0.07,BREAKEVEN,YES,10,992.61
1748,2025-01-16,16:35,17:05,LONG,2715.61,2711.45,2715.81,2721.02,2715.81,4.16,2.39,9.93,0.48,0.05,BREAKEVEN,YES,30,993.08
1749,2025-01-17,07:35,08:20,LONG,2712.65,2710.25,2710.25,2715.77,2711.23,2.4,4.14,9.93,-5.88,-0.59,LOSS,NO,45,987.21
1750,2025-01-17,08:10,08:30,SHORT,2712.72,2714.84,2712.52,2709.96,2712.52,2.12,4.66,9.87,0.93,0.09,BREAKEVEN,YES,20,988.14
1751,2025-01-17,08:45,09:10,LONG,2712.15,2709.2,2712.35,2715.99,2712.35,2.95,3.35,9.88,0.67,0.07,BREAKEVEN,YES,25,988.81
1752,2025-01-17,09:20,09:40,LONG,2712.33,2710.22,2710.22,2715.07,2710.22,2.11,4.69,9.89,-9.89,-1,LOSS,NO,20,978.92
1753,2025-01-17,09:55,10:40,LONG,2710.54,2708.15,2708.15,2713.65,2711.92,2.39,4.1,9.79,5.65,0.58,WIN,NO,45,984.57
1754,2025-01-17,10:35,11:00,LONG,2710.74,2708.04,2710.94,2714.25,2710.94,2.7,3.65,9.85,0.73,0.07,BREAKEVEN,YES,25,985.3
1755,2025-01-17,11:10,11:25,SHORT,2710.3,2713.52,2708.88,2706.11,2706.11,3.22,3.06,9.85,12.81,1.3,WIN,YES,15,998.11
1756,2025-01-17,11:45,12:25,SHORT,2706.22,2708.7,2705.86,2703,2705.86,2.48,4.02,9.98,1.45,0.15,BREAKEVEN,YES,40,999.56
1757,2025-01-17,12:40,13:25,LONG,2704.39,2701.32,2704.59,2708.38,2705.63,3.07,3.26,10,4.04,0.4,BREAKEVEN,YES,45,1003.6
1758,2025-01-17,13:35,13:55,LONG,2706.03,2704.1,2706.23,2708.54,2708.54,1.93,5.2,10.04,13.05,1.3,WIN,YES,20,1016.65
1759,2025-01-17,14:25,15:10,SHORT,2709.8,2712.06,2709.6,2706.86,2708.5,2.26,4.5,10.17,5.85,0.58,WIN,YES,45,1022.49
1760,2025-01-17,15:10,15:20,LONG,2708.5,2705.81,2708.7,2712,2712,2.69,3.8,10.22,13.29,1.3,WIN,YES,10,1035.79
1761,2025-01-17,15:50,16:00,SHORT,2705.95,2709.08,2705.75,2701.88,2705.75,3.13,3.31,10.36,0.66,0.06,BREAKEVEN,YES,10,1036.45
1762,2025-01-17,16:30,17:00,LONG,2706.74,2701.19,2710.64,2713.95,2713.95,5.55,1.87,10.36,13.47,1.3,WIN,YES,30,1049.92
1763,2025-01-20,07:10,07:55,SHORT,2705.26,2707.57,2707.57,2702.26,2707.4,2.31,4.55,10.5,-9.73,-0.93,LOSS,NO,45,1040.19
1764,2025-01-20,08:00,08:45,LONG,2707.62,2705.13,2709.33,2710.86,2710.86,2.49,4.18,10.4,13.52,1.3,WIN,YES,45,1053.72
1765,2025-01-20,08:35,08:50,LONG,2709.57,2707.3,2709.77,2712.52,2712.52,2.27,4.64,10.54,13.7,1.3,WIN,YES,15,1067.42
1766,2025-01-20,09:45,09:55,SHORT,2704.77,2706.81,2704.57,2702.12,2704.57,2.04,5.23,10.67,1.05,0.1,BREAKEVEN,YES,10,1068.46
1767,2025-01-20,10:20,10:35,SHORT,2704.55,2707,2707,2701.37,2707,2.45,4.36,10.68,-10.68,-1,LOSS,NO,15,1057.78
1768,2025-01-20,10:55,11:05,SHORT,2706.95,2709.44,2706.75,2703.71,2706.75,2.49,4.25,10.58,0.85,0.08,BREAKEVEN,YES,10,1058.63
1769,2025-01-20,11:35,11:55,SHORT,2705.44,2707.32,2707.32,2703,2707.32,1.88,5.63,10.59,-10.59,-1,LOSS,NO,20,1048.04
1770,2025-01-20,12:15,12:50,SHORT,2707.5,2709.73,2709.73,2704.6,2709.73,2.23,4.7,10.48,-10.48,-1,LOSS,NO,35,1037.56
1771,2025-01-20,12:55,13:05,SHORT,2708.42,2710.38,2710.38,2705.87,2710.38,1.96,5.29,10.38,-10.38,-1,LOSS,NO,10,1027.18
1772,2025-01-20,13:50,14:15,LONG,2708.05,2705.04,2708.25,2711.96,2708.25,3.01,3.41,10.27,0.68,0.07,BREAKEVEN,YES,25,1027.87
1773,2025-01-20,14:35,14:45,SHORT,2708.6,2710.66,2708.4,2705.92,2708.4,2.06,4.99,10.28,1,0.1,BREAKEVEN,YES,10,1028.87
1774,2025-01-20,15:20,15:30,LONG,2709.8,2707.42,2707.42,2712.89,2707.42,2.38,4.32,10.29,-10.29,-1,LOSS,NO,10,1018.58
1775,2025-01-20,15:55,16:00,SHORT,2705.15,2709.21,2709.21,2699.87,2709.21,4.06,2.51,10.19,-10.19,-1,LOSS,NO,5,1008.39
1776,2025-01-20,16:30,17:00,LONG,2709.9,2706.25,2706.25,2714.65,2706.25,3.65,2.76,10.08,-10.08,-1,LOSS,NO,30,998.31
1777,2025-01-21,07:25,08:10,LONG,2726.71,2724.5,2724.5,2729.58,2726.16,2.21,4.52,9.98,-2.48,-0.25,BREAKEVEN,NO,45,995.82
1778,2025-01-21,08:00,08:15,LONG,2726.58,2723.81,2726.78,2730.18,2726.78,2.77,3.6,9.96,0.72,0.07,BREAKEVEN,YES,15,996.54
1779,2025-01-21,08:35,08:45,SHORT,2724.3,2726.86,2726.86,2720.97,2726.86,2.56,3.89,9.97,-9.97,-1,LOSS,NO,10,986.58
1780,2025-01-21,09:10,09:35,LONG,2725.83,2721.92,2726.57,2730.91,2730.91,3.91,2.52,9.87,12.83,1.3,WIN,YES,25,999.4
1781,2025-01-21,09:50,10:00,LONG,2729.99,2727.83,2727.83,2732.8,2727.83,2.16,4.63,9.99,-9.99,-1,LOSS,NO,10,989.41
1782,2025-01-21,10:25,10:35,SHORT,2725.31,2728.12,2725.11,2721.66,2725.11,2.81,3.52,9.89,0.7,0.07,BREAKEVEN,YES,10,990.11
1783,2025-01-21,11:05,11:40,LONG,2720.95,2716.89,2721.15,2726.23,2721.15,4.06,2.44,9.9,0.49,0.05,BREAKEVEN,YES,35,990.6
1784,2025-01-21,11:40,11:55,SHORT,2722.65,2725.54,2722.45,2718.89,2722.45,2.89,3.43,9.91,0.69,0.07,BREAKEVEN,YES,15,991.29
1785,2025-01-21,12:15,12:30,LONG,2721.7,2718.73,2721.9,2725.56,2721.9,2.97,3.34,9.91,0.67,0.07,BREAKEVEN,YES,15,991.95
1786,2025-01-21,12:50,13:15,SHORT,2719.28,2721.81,2719.08,2715.99,2719.08,2.53,3.92,9.92,0.78,0.08,BREAKEVEN,YES,25,992.74
1787,2025-01-21,13:40,13:45,LONG,2721.62,2718.79,2721.82,2725.3,2721.82,2.83,3.51,9.93,0.7,0.07,BREAKEVEN,YES,5,993.44
1788,2025-01-21,14:15,14:50,LONG,2724.3,2721.66,2725.16,2727.73,2725.16,2.64,3.76,9.93,3.24,0.33,BREAKEVEN,YES,35,996.67
1789,2025-01-21,15:05,15:25,LONG,2728.26,2725.52,2725.52,2731.82,2725.52,2.74,3.64,9.97,-9.97,-1,LOSS,NO,20,986.71
1790,2025-01-21,15:40,15:55,SHORT,2727.86,2730.97,2727.66,2723.82,2727.66,3.11,3.17,9.87,0.63,0.06,BREAKEVEN,YES,15,987.34
1791,2025-01-21,16:15,16:25,SHORT,2729.89,2732.15,2732.15,2726.95,2732.15,2.26,4.37,9.87,-9.87,-1,LOSS,NO,10,977.47
1792,2025-01-21,16:50,16:55,LONG,2735.88,2732.33,2736.08,2740.5,2736.08,3.55,2.75,9.77,0.55,0.06,BREAKEVEN,YES,5,978.02
1793,2025-01-22,07:10,07:35,LONG,2751.47,2748.75,2752.86,2755.01,2755.01,2.72,3.6,9.78,12.71,1.3,WIN,YES,25,990.73
1794,2025-01-22,07:55,08:00,LONG,2758.03,2755.63,2755.63,2761.15,2755.63,2.4,4.13,9.91,-9.91,-1,LOSS,NO,5,980.83
1795,2025-01-22,08:30,09:05,SHORT,2748.24,2750.71,2748.04,2745.03,2748.04,2.47,3.97,9.81,0.79,0.08,BREAKEVEN,YES,35,981.62
1796,2025-01-22,09:15,09:30,SHORT,2749.78,2752.01,2752.01,2746.88,2752.01,2.23,4.4,9.82,-9.82,-1,LOSS,NO,15,971.8
1797,2025-01-22,10:15,10:50,SHORT,2751.34,2753.48,2753.48,2748.56,2753.48,2.14,4.54,9.72,-9.72,-1,LOSS,NO,35,962.09
1798,2025-01-22,10:55,11:00,LONG,2753.18,2751.09,2753.38,2755.9,2753.38,2.09,4.6,9.62,0.92,0.1,BREAKEVEN,YES,5,963.01
1799,2025-01-22,11:30,11:40,SHORT,2761.2,2763.74,2761,2757.9,2761,2.54,3.79,9.63,0.76,0.08,BREAKEVEN,YES,10,963.77
1800,2025-01-22,12:05,12:40,LONG,2761.06,2758.58,2761.26,2764.28,2761.26,2.48,3.89,9.64,0.78,0.08,BREAKEVEN,YES,35,964.54
1801,2025-01-22,12:45,13:05,LONG,2760.44,2758.19,2758.19,2763.37,2758.19,2.25,4.29,9.65,-9.65,-1,LOSS,NO,20,954.9
1802,2025-01-22,13:25,14:00,SHORT,2757.82,2760.08,2757.32,2754.88,2754.88,2.26,4.23,9.55,12.41,1.3,WIN,YES,35,967.31
1803,2025-01-22,14:05,14:30,SHORT,2754.41,2757.4,2754.21,2750.52,2754.21,2.99,3.24,9.67,0.65,0.07,BREAKEVEN,YES,25,967.96
1804,2025-01-22,14:45,14:50,LONG,2756.37,2754.3,2756.57,2759.06,2756.57,2.07,4.68,9.68,0.94,0.1,BREAKEVEN,YES,5,968.89
1805,2025-01-22,15:30,15:35,SHORT,2753.17,2756.38,2752.97,2749,2752.97,3.21,3.02,9.69,0.6,0.06,BREAKEVEN,YES,5,969.5
1806,2025-01-22,16:05,16:10,LONG,2756.81,2754.22,2754.22,2760.18,2754.22,2.59,3.74,9.69,-9.69,-1,LOSS,NO,5,959.8
1807,2025-01-23,07:00,07:45,SHORT,2751.66,2753.92,2753.92,2748.72,2752.33,2.26,4.25,9.6,-2.85,-0.3,BREAKEVEN,NO,45,956.96
1808,2025-01-23,07:35,08:20,LONG,2752.77,2749.89,2752.97,2756.51,2755.47,2.88,3.32,9.57,8.97,0.94,WIN,YES,45,965.93
1809,2025-01-23,08:15,09:00,LONG,2753.97,2751.63,2751.63,2757.01,2753.65,2.34,4.13,9.66,-1.32,-0.14,BREAKEVEN,NO,45,964.61
1810,2025-01-23,09:00,09:45,LONG,2753.65,2750.68,2750.68,2757.51,2752.96,2.97,3.25,9.65,-2.24,-0.23,BREAKEVEN,NO,45,962.37
1811,2025-01-23,09:40,10:25,LONG,2752.18,2750.12,2753.31,2754.86,2753.31,2.06,4.67,9.62,5.28,0.55,WIN,YES,45,967.64
1812,2025-01-23,10:25,11:10,LONG,2754.19,2751.77,2751.77,2757.34,2752.33,2.42,4,9.68,-7.44,-0.77,LOSS,NO,45,960.21
1813,2025-01-23,11:25,11:35,LONG,2743.81,2741.03,2741.03,2747.42,2741.03,2.78,3.45,9.6,-9.6,-1,LOSS,NO,10,950.61
1814,2025-01-23,12:00,12:35,SHORT,2745.93,2748.28,2748.28,2742.87,2748.28,2.35,4.05,9.51,-9.51,-1,LOSS,NO,35,941.1
1815,2025-01-23,12:40,12:50,SHORT,2749,2751.36,2751.36,2745.93,2751.36,2.36,3.99,9.41,-9.41,-1,LOSS,NO,10,931.69
1816,2025-01-23,13:15,13:25,LONG,2751.42,2749.44,2751.62,2753.99,2753.99,1.98,4.71,9.32,12.11,1.3,WIN,YES,10,943.8
1817,2025-01-23,13:50,14:10,LONG,2753.39,2750.18,2750.18,2757.56,2750.18,3.21,2.94,9.44,-9.44,-1,LOSS,NO,20,934.36
1818,2025-01-23,14:35,14:40,LONG,2743.57,2740.58,2743.77,2747.46,2743.77,2.99,3.12,9.34,0.62,0.07,BREAKEVEN,YES,5,934.99
1819,2025-01-23,15:15,15:20,SHORT,2742.83,2745.9,2742.63,2738.84,2742.63,3.07,3.05,9.35,0.61,0.07,BREAKEVEN,YES,5,935.6
1820,2025-01-23,15:50,15:55,LONG,2739.02,2736.55,2739.22,2742.23,2739.22,2.47,3.79,9.36,0.76,0.08,BREAKEVEN,YES,5,936.35
1821,2025-01-23,16:25,16:30,LONG,2744.93,2742.48,2745.13,2748.11,2745.13,2.45,3.82,9.36,0.76,0.08,BREAKEVEN,YES,5,937.12
1822,2025-01-24,07:05,07:25,LONG,2773.29,2771.29,2773.49,2775.89,2773.49,2,4.69,9.37,0.94,0.1,BREAKEVEN,YES,20,938.06
1823,2025-01-24,07:40,08:25,LONG,2775.96,2773.19,2776.16,2779.56,2776.16,2.77,3.39,9.38,0.68,0.07,BREAKEVEN,YES,45,938.73
1824,2025-01-24,08:20,08:45,SHORT,2776.77,2779.53,2776.44,2773.18,2773.18,2.76,3.4,9.39,12.2,1.3,WIN,YES,25,950.94
1825,2025-01-24,09:15,09:45,SHORT,2773.04,2775.15,2775.15,2770.3,2775.15,2.11,4.51,9.51,-9.51,-1,LOSS,NO,30,941.43
1826,2025-01-24,09:50,10:35,SHORT,2773.58,2776.83,2772.61,2769.36,2771.93,3.25,2.9,9.41,4.78,0.51,BREAKEVEN,YES,45,946.21
1827,2025-01-24,10:25,10:45,LONG,2772.11,2769.08,2772.31,2776.05,2772.31,3.03,3.12,9.46,0.62,0.07,BREAKEVEN,YES,20,946.83
1828,2025-01-24,11:25,11:30,LONG,2776.81,2774.57,2774.57,2779.72,2774.57,2.24,4.23,9.47,-9.47,-1,LOSS,NO,5,937.36
1829,2025-01-24,12:00,12:45,LONG,2773.53,2770.48,2770.48,2777.5,2773.73,3.05,3.07,9.37,0.61,0.07,BREAKEVEN,NO,45,937.98
1830,2025-01-24,12:35,12:45,SHORT,2772.65,2774.61,2774.61,2770.1,2774.61,1.96,4.79,9.38,-9.38,-1,LOSS,NO,10,928.6
1831,2025-01-24,13:20,13:30,SHORT,2776.14,2778.68,2778.68,2772.84,2778.68,2.54,3.66,9.29,-9.29,-1,LOSS,NO,10,919.31
1832,2025-01-24,13:55,14:40,LONG,2776.71,2774.02,2776.91,2780.21,2778.5,2.69,3.42,9.19,6.12,0.67,WIN,YES,45,925.43
1833,2025-01-24,14:35,14:40,LONG,2777.48,2775.47,2777.68,2780.09,2777.68,2.01,4.6,9.25,0.92,0.1,BREAKEVEN,YES,5,926.35
1834,2025-01-24,15:10,15:40,LONG,2781.98,2779.09,2782.18,2785.74,2782.18,2.89,3.21,9.26,0.64,0.07,BREAKEVEN,YES,30,926.99
1835,2025-01-24,15:45,15:50,LONG,2783.7,2781.66,2781.66,2786.35,2781.66,2.04,4.54,9.27,-9.27,-1,LOSS,NO,5,917.72
1836,2025-01-24,16:40,16:45,SHORT,2777.66,2780.37,2780.37,2774.14,2780.37,2.71,3.39,9.18,-9.18,-1,LOSS,NO,5,908.54
1837,2025-01-27,07:10,07:55,SHORT,2755.76,2758.18,2755.56,2752.61,2753.27,2.42,3.75,9.09,9.35,1.03,WIN,YES,45,917.89
1838,2025-01-27,07:50,08:00,LONG,2754.73,2752.51,2752.51,2757.62,2752.51,2.22,4.13,9.18,-9.18,-1,LOSS,NO,10,908.71
1839,2025-01-27,08:25,08:45,LONG,2752.63,2749.35,2752.83,2756.89,2752.83,3.28,2.77,9.09,0.55,0.06,BREAKEVEN,YES,20,909.27
1840,2025-01-27,09:05,09:20,SHORT,2753.35,2755.97,2753.15,2749.94,2753.15,2.62,3.47,9.09,0.69,0.08,BREAKEVEN,YES,15,909.96
1841,2025-01-27,09:40,09:55,SHORT,2751.78,2754.44,2751.58,2748.32,2751.58,2.66,3.42,9.1,0.68,0.08,BREAKEVEN,YES,15,910.65
1842,2025-01-27,10:20,10:25,LONG,2756.24,2753.98,2756.44,2759.18,2756.44,2.26,4.03,9.11,0.81,0.09,BREAKEVEN,YES,5,911.45
1843,2025-01-27,11:55,12:00,LONG,2763.33,2761.16,2763.53,2766.15,2763.53,2.17,4.2,9.11,0.84,0.09,BREAKEVEN,YES,5,912.29
1844,2025-01-27,12:30,12:50,LONG,2767.39,2765.13,2767.59,2770.33,2770.33,2.26,4.04,9.12,11.86,1.3,WIN,YES,20,924.15
1845,2025-01-27,13:05,13:15,LONG,2766.42,2763.44,2766.62,2770.29,2766.62,2.98,3.1,9.24,0.62,0.07,BREAKEVEN,YES,10,924.77
1846,2025-01-27,13:40,14:00,LONG,2769.88,2767.75,2770.08,2772.65,2770.08,2.13,4.34,9.25,0.87,0.09,BREAKEVEN,YES,20,925.64
1847,2025-01-27,14:25,15:00,LONG,2762.56,2759.2,2759.2,2766.93,2759.2,3.36,2.75,9.26,-9.26,-1,LOSS,NO,35,916.38
1848,2025-01-27,15:10,15:20,LONG,2761.58,2759.63,2759.63,2764.11,2759.63,1.95,4.7,9.16,-9.16,-1,LOSS,NO,10,907.22
1849,2025-01-27,15:50,16:00,SHORT,2756.86,2759.55,2756.66,2753.36,2753.36,2.69,3.37,9.07,11.79,1.3,WIN,YES,10,919.01
1850,2025-01-27,16:25,16:30,LONG,2750.78,2748.02,2748.02,2754.37,2748.02,2.76,3.33,9.19,-9.19,-1,LOSS,NO,5,909.82
1851,2025-01-28,07:00,07:45,SHORT,2742.62,2745.5,2745.5,2738.88,2741.52,2.88,3.16,9.1,3.48,0.38,BREAKEVEN,NO,45,913.3
1852,2025-01-28,07:40,08:25,LONG,2741.85,2739.88,2739.88,2744.41,2740.89,1.97,4.64,9.13,-4.45,-0.49,BREAKEVEN,NO,45,908.85
1853,2025-01-28,08:25,09:05,SHORT,2740.89,2743.18,2740.69,2737.91,2740.69,2.29,3.97,9.09,0.79,0.09,BREAKEVEN,YES,40,909.64
1854,2025-01-28,09:25,09:40,LONG,2742.24,2740.1,2740.1,2745.02,2740.1,2.14,4.25,9.1,-9.1,-1,LOSS,NO,15,900.55
1855,2025-01-28,10:00,10:30,SHORT,2738.6,2741.34,2737.79,2735.04,2735.04,2.74,3.29,9.01,11.71,1.3,WIN,YES,30,912.25
1856,2025-01-28,10:35,10:40,SHORT,2735.14,2737.87,2737.87,2731.59,2737.87,2.73,3.34,9.12,-9.12,-1,LOSS,NO,5,903.13
1857,2025-01-28,11:15,11:35,LONG,2742.92,2739.93,2743.12,2746.81,2743.12,2.99,3.02,9.03,0.6,0.07,BREAKEVEN,YES,20,903.73
1858,2025-01-28,11:50,12:05,LONG,2743.59,2741.65,2743.79,2746.11,2743.79,1.94,4.66,9.04,0.93,0.1,BREAKEVEN,YES,15,904.67
1859,2025-01-28,12:40,12:55,SHORT,2743.14,2745.51,2742.94,2740.06,2742.94,2.37,3.82,9.05,0.76,0.08,BREAKEVEN,YES,15,905.43
1860,2025-01-28,13:15,14:00,LONG,2743.49,2741.49,2741.49,2746.09,2742.52,2,4.53,9.05,-4.39,-0.48,BREAKEVEN,NO,45,901.04
1861,2025-01-28,13:55,14:40,SHORT,2742.78,2745.57,2745.57,2739.15,2743.79,2.79,3.23,9.01,-3.26,-0.36,BREAKEVEN,NO,45,897.78
1862,2025-01-28,14:30,15:00,SHORT,2743.64,2745.71,2745.71,2740.95,2745.71,2.07,4.34,8.98,-8.98,-1,LOSS,NO,30,888.8
1863,2025-01-28,15:05,15:30,LONG,2746.46,2743.84,2746.66,2749.87,2746.66,2.62,3.39,8.89,0.68,0.08,BREAKEVEN,YES,25,889.48
1864,2025-01-28,15:45,16:00,SHORT,2747.83,2750.03,2750.03,2744.97,2750.03,2.2,4.04,8.89,-8.89,-1,LOSS,NO,15,880.58
1865,2025-01-28,16:30,17:05,LONG,2755.72,2751.38,2751.38,2761.36,2751.38,4.34,2.03,8.81,-8.81,-1,LOSS,NO,35,871.78
1866,2025-01-29,07:00,07:40,LONG,2762.11,2760.19,2760.19,2764.61,2760.19,1.92,4.54,8.72,-8.72,-1,LOSS,NO,40,863.06
1867,2025-01-29,07:50,08:35,LONG,2760.77,2758.86,2758.86,2763.25,2761,1.91,4.52,8.63,1.04,0.12,BREAKEVEN,NO,45,864.1
1868,2025-01-29,08:25,09:00,LONG,2760.6,2758.63,2758.63,2763.16,2758.63,1.97,4.39,8.64,-8.64,-1,LOSS,NO,35,855.46
1869,2025-01-29,09:00,09:45,SHORT,2759.02,2762.07,2762.07,2755.05,2758.04,3.05,2.8,8.55,2.75,0.32,BREAKEVEN,NO,45,858.21
1870,2025-01-29,09:35,09:50,LONG,2758.13,2756,2758.33,2760.9,2758.33,2.13,4.03,8.58,0.81,0.09,BREAKEVEN,YES,15,859.01
1871,2025-01-29,10:35,11:10,SHORT,2764.55,2767.51,2762.78,2760.7,2760.7,2.96,2.9,8.59,11.17,1.3,WIN,YES,35,870.18
1872,2025-01-29,11:10,11:55,LONG,2762.05,2758.77,2758.77,2766.31,2762.84,3.28,2.65,8.7,2.1,0.24,BREAKEVEN,NO,45,872.27
1873,2025-01-29,11:45,12:15,LONG,2763.63,2761.15,2761.15,2766.85,2761.15,2.48,3.52,8.72,-8.72,-1,LOSS,NO,30,863.55
1874,2025-01-29,12:25,13:10,SHORT,2759.44,2762.01,2759.24,2756.1,2758.43,2.57,3.36,8.64,3.39,0.39,BREAKEVEN,YES,45,866.94
1875,2025-01-29,13:00,13:45,LONG,2758.37,2756.04,2756.04,2761.4,2758.84,2.33,3.72,8.67,1.75,0.2,BREAKEVEN,NO,45,868.69
1876,2025-01-29,13:35,14:05,LONG,2759.09,2756.79,2756.79,2762.08,2756.79,2.3,3.78,8.69,-8.69,-1,LOSS,NO,30,860.01
1877,2025-01-29,14:15,15:00,LONG,2757.37,2754.85,2754.85,2760.65,2757.35,2.52,3.41,8.6,-0.07,-0.01,BREAKEVEN,NO,45,859.94
1878,2025-01-29,14:50,15:00,LONG,2756.65,2754.31,2756.85,2759.69,2756.85,2.34,3.67,8.6,0.73,0.09,BREAKEVEN,YES,10,860.67
1879,2025-01-29,15:25,15:35,SHORT,2754.91,2757.87,2757.87,2751.06,2757.87,2.96,2.91,8.61,-8.61,-1,LOSS,NO,10,852.07
1880,2025-01-29,16:00,16:05,LONG,2758.87,2756.87,2759.07,2761.47,2759.07,2,4.26,8.52,0.85,0.1,BREAKEVEN,YES,5,852.92
1881,2025-01-29,16:45,17:20,SHORT,2758.18,2762.25,2757.98,2752.89,2757.98,4.07,2.1,8.53,0.42,0.05,BREAKEVEN,YES,35,853.34
1882,2025-01-30,07:00,07:45,LONG,2760.47,2758.52,2758.52,2763,2759.64,1.95,4.38,8.53,-3.63,-0.43,BREAKEVEN,NO,45,849.71
1883,2025-01-30,07:45,08:05,SHORT,2759.64,2761.7,2761.7,2756.96,2761.7,2.06,4.12,8.5,-8.5,-1,LOSS,NO,20,841.21
1884,2025-01-30,08:20,08:55,SHORT,2761.57,2763.93,2763.93,2758.5,2763.93,2.36,3.56,8.41,-8.41,-1,LOSS,NO,35,832.8
1885,2025-01-30,09:05,09:25,LONG,2765.91,2763.73,2766.34,2768.74,2766.34,2.18,3.82,8.33,1.64,0.2,BREAKEVEN,YES,20,834.44
1886,2025-01-30,09:40,09:50,SHORT,2767.11,2769.13,2769.13,2764.48,2769.13,2.02,4.13,8.34,-8.34,-1,LOSS,NO,10,826.09
1887,2025-01-30,10:15,10:45,LONG,2771.37,2768.59,2771.57,2774.98,2771.57,2.78,2.97,8.26,0.59,0.07,BREAKEVEN,YES,30,826.69
1888,2025-01-30,11:05,11:20,LONG,2774.56,2772.48,2772.48,2777.26,2772.48,2.08,3.97,8.27,-8.27,-1,LOSS,NO,15,818.42
1889,2025-01-30,11:40,12:15,LONG,2774.9,2772.83,2775.65,2777.59,2777.59,2.07,3.95,8.18,10.64,1.3,WIN,YES,35,829.06
1890,2025-01-30,12:15,13:00,SHORT,2777.01,2779.37,2779.37,2773.94,2777.3,2.36,3.51,8.29,-1.02,-0.12,BREAKEVEN,NO,45,828.04
1891,2025-01-30,12:50,13:35,SHORT,2777.36,2779.6,2779.6,2774.45,2779,2.24,3.7,8.28,-6.06,-0.73,LOSS,NO,45,821.98
1892,2025-01-30,13:50,14:35,LONG,2777.93,2775.82,2778.13,2780.67,2779.66,2.11,3.9,8.22,6.74,0.82,WIN,YES,45,828.72
1893,2025-01-30,14:35,15:00,SHORT,2779.66,2781.92,2781.92,2776.72,2781.92,2.26,3.67,8.29,-8.29,-1,LOSS,NO,25,820.43
1894,2025-01-30,15:10,15:20,SHORT,2781.85,2784.08,2781.65,2778.95,2781.65,2.23,3.68,8.2,0.74,0.09,BREAKEVEN,YES,10,821.17
1895,2025-01-30,15:45,15:55,LONG,2784,2781.46,2784.2,2787.3,2784.2,2.54,3.23,8.21,0.65,0.08,BREAKEVEN,YES,10,821.82
1896,2025-01-30,16:25,16:30,SHORT,2786.85,2789.7,2786.65,2783.14,2783.14,2.85,2.88,8.22,10.68,1.3,WIN,YES,5,832.5
1897,2025-01-31,07:00,07:45,LONG,2796.17,2793.82,2793.82,2799.22,2794.82,2.35,3.54,8.32,-4.78,-0.57,BREAKEVEN,NO,45,827.72
1898,2025-01-31,07:45,08:30,SHORT,2794.82,2796.88,2796.88,2792.14,2793.97,2.06,4.02,8.28,3.42,0.41,BREAKEVEN,NO,45,831.13
1899,2025-01-31,08:20,09:05,SHORT,2794.24,2796.43,2794.04,2791.39,2794.04,2.19,3.8,8.31,0.76,0.09,BREAKEVEN,YES,45,831.89
1900,2025-01-31,08:55,09:10,LONG,2792.94,2790.68,2793.14,2795.88,2795.88,2.26,3.68,8.32,10.81,1.3,WIN,YES,15,842.71
1901,2025-01-31,09:30,09:40,SHORT,2800.02,2802.65,2799.82,2796.6,2799.82,2.63,3.2,8.43,0.64,0.08,BREAKEVEN,YES,10,843.35
1902,2025-01-31,10:05,10:25,LONG,2797.77,2794.22,2794.22,2802.39,2794.22,3.55,2.38,8.43,-8.43,-1,LOSS,NO,20,834.91
1903,2025-01-31,10:40,10:50,SHORT,2794.09,2796.22,2793.89,2791.32,2793.89,2.13,3.92,8.35,0.78,0.09,BREAKEVEN,YES,10,835.7
1904,2025-01-31,11:20,12:05,LONG,2795.05,2792.24,2792.24,2798.7,2794.87,2.81,2.97,8.36,-0.54,-0.06,BREAKEVEN,NO,45,835.16
1905,2025-01-31,12:00,12:30,LONG,2794.05,2791.41,2791.41,2797.48,2791.41,2.64,3.16,8.35,-8.35,-1,LOSS,NO,30,826.81
1906,2025-01-31,12:35,12:45,LONG,2791.84,2789.52,2792.04,2794.86,2792.04,2.32,3.56,8.27,0.71,0.09,BREAKEVEN,YES,10,827.52
1907,2025-01-31,13:10,13:50,LONG,2795.23,2792.13,2797.25,2799.26,2799.26,3.1,2.67,8.28,10.76,1.3,WIN,YES,40,838.28
1908,2025-01-31,13:55,14:00,LONG,2800.19,2797.79,2800.39,2803.31,2800.39,2.4,3.49,8.38,0.7,0.08,BREAKEVEN,YES,5,838.98
1909,2025-01-31,14:30,14:35,LONG,2805.15,2803.1,2805.35,2807.82,2805.35,2.05,4.09,8.39,0.82,0.1,BREAKEVEN,YES,5,839.8
1910,2025-01-31,15:05,15:20,LONG,2804.81,2802.86,2805.01,2807.34,2805.01,1.95,4.31,8.4,0.86,0.1,BREAKEVEN,YES,15,840.66
1911,2025-01-31,15:40,16:00,SHORT,2807.14,2810.15,2806.94,2803.23,2806.94,3.01,2.79,8.41,0.56,0.07,BREAKEVEN,YES,20,841.22
1912,2025-01-31,16:15,16:45,LONG,2806.19,2803.04,2807.04,2810.29,2807.04,3.15,2.67,8.41,2.27,0.27,BREAKEVEN,YES,30,843.49
1913,2025-02-03,07:00,07:10,LONG,2780.51,2778.58,2780.71,2783.02,2780.71,1.93,4.37,8.43,0.87,0.1,BREAKEVEN,YES,10,844.36
1914,2025-02-03,07:40,08:10,LONG,2783.35,2781.24,2783.55,2786.09,2783.55,2.11,4,8.44,0.8,0.09,BREAKEVEN,YES,30,845.16
1915,2025-02-03,08:15,09:00,LONG,2786.82,2782.23,2782.23,2792.79,2787.92,4.59,1.84,8.45,2.03,0.24,BREAKEVEN,NO,45,847.19
1916,2025-02-03,09:05,09:50,LONG,2788.55,2784.78,2784.78,2793.45,2788.28,3.77,2.25,8.47,-0.61,-0.07,BREAKEVEN,NO,45,846.58
1917,2025-02-03,09:45,10:00,LONG,2788.4,2785.59,2788.6,2792.05,2788.6,2.81,3.01,8.47,0.6,0.07,BREAKEVEN,YES,15,847.18
1918,2025-02-03,10:30,11:15,LONG,2798.84,2795.88,2795.88,2802.69,2795.88,2.96,2.86,8.47,-8.47,-1,LOSS,NO,45,838.71
1919,2025-02-03,11:05,11:30,LONG,2797.3,2794.8,2797.5,2800.55,2797.5,2.5,3.35,8.39,0.67,0.08,BREAKEVEN,YES,25,839.38
1920,2025-02-03,11:40,11:45,LONG,2798.96,2796.9,2796.9,2801.64,2796.9,2.06,4.07,8.39,-8.39,-1,LOSS,NO,5,830.99
1921,2025-02-03,12:35,12:40,SHORT,2794.28,2796.58,2796.58,2791.29,2796.58,2.3,3.61,8.31,-8.31,-1,LOSS,NO,5,822.68
1922,2025-02-03,13:10,13:55,SHORT,2801.93,2805.81,2801.73,2796.89,2801.73,3.88,2.12,8.23,0.42,0.05,BREAKEVEN,YES,45,823.1
1923,2025-02-03,13:45,14:25,LONG,2800.46,2798,2801.17,2803.66,2803.66,2.46,3.35,8.23,10.7,1.3,WIN,YES,40,833.8
1924,2025-02-03,14:30,14:35,LONG,2803.38,2800.76,2803.58,2806.79,2806.79,2.62,3.18,8.34,10.84,1.3,WIN,YES,5,844.64
1925,2025-02-03,15:05,15:50,SHORT,2807.74,2813.24,2813.24,2800.59,2810.32,5.5,1.54,8.45,-3.96,-0.47,BREAKEVEN,NO,45,840.68
1926,2025-02-03,15:45,16:00,SHORT,2809.44,2811.62,2811.62,2806.61,2811.62,2.18,3.86,8.41,-8.41,-1,LOSS,NO,15,832.27
1927,2025-02-03,16:20,16:25,LONG,2813.97,2811.97,2814.17,2816.57,2814.17,2,4.16,8.32,0.83,0.1,BREAKEVEN,YES,5,833.11
1928,2025-02-03,16:55,17:00,LONG,2829.51,2826.23,2826.23,2833.77,2826.23,3.28,2.54,8.33,-8.33,-1,LOSS,NO,5,824.77
1929,2025-02-04,07:15,07:25,SHORT,2816.97,2819.42,2816.77,2813.78,2816.77,2.45,3.37,8.25,0.67,0.08,BREAKEVEN,YES,10,825.45
1930,2025-02-04,08:05,08:15,SHORT,2814.65,2816.98,2814.45,2811.62,2814.45,2.33,3.54,8.25,0.71,0.09,BREAKEVEN,YES,10,826.16
1931,2025-02-04,08:40,09:25,LONG,2812.86,2809.44,2809.44,2817.31,2809.44,3.42,2.42,8.26,-8.26,-1,LOSS,NO,45,817.89
1932,2025-02-04,09:15,09:20,SHORT,2813.61,2815.76,2813.41,2810.82,2810.82,2.15,3.8,8.18,10.63,1.3,WIN,YES,5,828.53
1933,2025-02-04,10:00,10:15,LONG,2812.46,2809.74,2813.17,2816,2816,2.72,3.05,8.29,10.77,1.3,WIN,YES,15,839.3
1934,2025-02-04,10:40,10:50,SHORT,2812.56,2815.79,2815.79,2808.36,2815.79,3.23,2.6,8.39,-8.39,-1,LOSS,NO,10,830.91
1935,2025-02-04,11:15,11:40,LONG,2816.95,2813.71,2817.15,2821.16,2817.15,3.24,2.56,8.31,0.51,0.06,BREAKEVEN,YES,25,831.42
1936,2025-02-04,11:50,12:05,SHORT,2821.11,2823.31,2820.48,2818.25,2818.25,2.2,3.78,8.31,10.81,1.3,WIN,YES,15,842.23
1937,2025-02-04,13:05,13:50,SHORT,2814.65,2817.72,2817.72,2810.66,2815.79,3.07,2.74,8.42,-3.13,-0.37,BREAKEVEN,NO,45,839.1
1938,2025-02-04,14:00,14:20,LONG,2815.85,2813.03,2817.39,2819.52,2819.52,2.82,2.98,8.39,10.91,1.3,WIN,YES,20,850.01
1939,2025-02-04,14:35,15:05,LONG,2820.24,2817.95,2820.88,2823.22,2823.22,2.29,3.71,8.5,11.05,1.3,WIN,YES,30,861.06
1940,2025-02-04,15:10,15:20,SHORT,2823.93,2826.41,2826.41,2820.71,2826.41,2.48,3.47,8.61,-8.61,-1,LOSS,NO,10,852.45
1941,2025-02-04,15:55,16:05,LONG,2831.69,2828.93,2831.89,2835.28,2831.89,2.76,3.09,8.52,0.62,0.07,BREAKEVEN,YES,10,853.06
1942,2025-02-04,16:35,17:00,LONG,2840.23,2835.79,2840.43,2846,2840.43,4.44,1.92,8.53,0.38,0.05,BREAKEVEN,YES,25,853.45
1943,2025-02-05,07:30,07:40,LONG,2856.21,2854.01,2856.41,2859.07,2856.41,2.2,3.88,8.53,0.78,0.09,BREAKEVEN,YES,10,854.22
1944,2025-02-05,08:05,08:20,SHORT,2857.3,2859.87,2859.87,2853.96,2859.87,2.57,3.32,8.54,-8.54,-1,LOSS,NO,15,845.68
1945,2025-02-05,08:40,09:00,LONG,2860.88,2858.22,2858.22,2864.34,2858.22,2.66,3.18,8.46,-8.46,-1,LOSS,NO,20,837.23
1946,2025-02-05,09:20,09:30,SHORT,2857.08,2859.15,2859.15,2854.39,2859.15,2.07,4.04,8.37,-8.37,-1,LOSS,NO,10,828.85
1947,2025-02-05,10:15,10:40,SHORT,2865.3,2867.64,2867.64,2862.26,2867.64,2.34,3.54,8.29,-8.29,-1,LOSS,NO,25,820.56
1948,2025-02-05,10:50,10:55,SHORT,2868.2,2870.4,2868,2865.34,2868,2.2,3.73,8.21,0.75,0.09,BREAKEVEN,YES,5,821.31
1949,2025-02-05,11:35,11:40,LONG,2869.77,2867.77,2869.97,2872.37,2869.97,2,4.11,8.21,0.82,0.1,BREAKEVEN,YES,5,822.13
1950,2025-02-05,12:10,12:15,LONG,2870.13,2867.9,2870.33,2873.03,2870.33,2.23,3.69,8.22,0.74,0.09,BREAKEVEN,YES,5,822.87
1951,2025-02-05,12:45,12:50,LONG,2870.05,2867.8,2867.8,2872.98,2867.8,2.25,3.66,8.23,-8.23,-1,LOSS,NO,5,814.64
1952,2025-02-05,13:25,13:55,SHORT,2869.51,2871.53,2869.31,2866.88,2869.31,2.02,4.03,8.15,0.81,0.1,BREAKEVEN,YES,30,815.45
1953,2025-02-05,14:05,14:50,SHORT,2868.88,2871.72,2871.72,2865.19,2869.83,2.84,2.87,8.15,-2.73,-0.33,BREAKEVEN,NO,45,812.72
1954,2025-02-05,14:55,15:15,LONG,2870.35,2867.4,2867.4,2874.18,2867.4,2.95,2.75,8.13,-8.13,-1,LOSS,NO,20,804.59
1955,2025-02-05,15:40,16:25,LONG,2862.27,2858.58,2862.47,2867.07,2862.47,3.69,2.18,8.05,0.44,0.05,BREAKEVEN,YES,45,805.03
1956,2025-02-05,16:15,16:30,SHORT,2863.23,2866.97,2866.97,2858.37,2866.97,3.74,2.15,8.05,-8.05,-1,LOSS,NO,15,796.98
1957,2025-02-05,16:50,17:00,SHORT,2870.23,2874.11,2874.11,2865.19,2874.11,3.88,2.05,7.97,-7.97,-1,LOSS,NO,10,789.01
1958,2025-02-06,07:05,07:45,LONG,2868.69,2866.81,2866.81,2871.13,2866.81,1.88,4.2,7.89,-7.89,-1,LOSS,NO,40,781.12
1959,2025-02-06,08:00,08:30,LONG,2869.07,2866.31,2869.27,2872.66,2869.27,2.76,2.83,7.81,0.57,0.07,BREAKEVEN,YES,30,781.68
1960,2025-02-06,08:50,09:35,LONG,2860.62,2857.56,2857.56,2864.6,2861.17,3.06,2.55,7.82,1.4,0.18,BREAKEVEN,NO,45,783.09
1961,2025-02-06,09:25,09:40,SHORT,2860.91,2863.21,2860.71,2857.92,2860.71,2.3,3.4,7.83,0.68,0.09,BREAKEVEN,YES,15,783.77
1962,2025-02-06,10:00,10:20,LONG,2855.2,2852.41,2852.41,2858.83,2852.41,2.79,2.81,7.84,-7.84,-1,LOSS,NO,20,775.93
1963,2025-02-06,10:50,11:00,SHORT,2855.93,2858.55,2858.55,2852.52,2858.55,2.62,2.96,7.76,-7.76,-1,LOSS,NO,10,768.17
1964,2025-02-06,11:25,11:35,SHORT,2856.52,2858.66,2858.66,2853.74,2858.66,2.14,3.59,7.68,-7.68,-1,LOSS,NO,10,760.49
1965,2025-02-06,12:00,12:05,SHORT,2858.28,2861.55,2858.08,2854.03,2858.08,3.27,2.33,7.6,0.47,0.06,BREAKEVEN,YES,5,760.96
1966,2025-02-06,12:45,13:05,SHORT,2860.78,2863.02,2860.58,2857.87,2860.58,2.24,3.4,7.61,0.68,0.09,BREAKEVEN,YES,20,761.64
1967,2025-02-06,13:25,13:35,LONG,2860.2,2856.8,2860.53,2864.62,2864.62,3.4,2.24,7.62,9.9,1.3,WIN,YES,10,771.54
1968,2025-02-06,14:10,14:15,SHORT,2867.6,2870.04,2867.4,2864.43,2867.4,2.44,3.16,7.72,0.63,0.08,BREAKEVEN,YES,5,772.17
1969,2025-02-06,14:45,14:55,LONG,2866.76,2864.34,2864.34,2869.91,2864.34,2.42,3.19,7.72,-7.72,-1,LOSS,NO,10,764.45
1970,2025-02-06,15:20,15:40,SHORT,2862.72,2866.46,2862.52,2857.86,2862.52,3.74,2.04,7.64,0.41,0.05,BREAKEVEN,YES,20,764.86
1971,2025-02-06,15:55,16:20,LONG,2856.69,2854.06,2856.89,2860.11,2856.89,2.63,2.91,7.65,0.58,0.08,BREAKEVEN,YES,25,765.44
1972,2025-02-06,16:35,16:45,SHORT,2855.65,2858.49,2855.45,2851.96,2851.96,2.84,2.7,7.65,9.95,1.3,WIN,YES,10,775.39
1973,2025-02-07,07:40,08:00,SHORT,2863.54,2865.7,2863.09,2860.73,2860.73,2.16,3.59,7.75,10.08,1.3,WIN,YES,20,785.47
1974,2025-02-07,08:15,08:25,LONG,2862.26,2860.23,2862.46,2864.9,2864.9,2.03,3.87,7.85,10.21,1.3,WIN,YES,10,795.68
1975,2025-02-07,09:00,09:10,LONG,2861.01,2858.57,2861.41,2864.18,2864.18,2.44,3.26,7.96,10.34,1.3,WIN,YES,10,806.02
1976,2025-02-07,09:35,10:20,LONG,2865.04,2861.96,2861.96,2869.04,2865.1,3.08,2.62,8.06,0.16,0.02,BREAKEVEN,NO,45,806.18
1977,2025-02-07,10:10,10:55,LONG,2865.3,2863.22,2863.22,2868,2866.29,2.08,3.88,8.06,3.84,0.48,BREAKEVEN,NO,45,810.02
1978,2025-02-07,10:45,10:50,LONG,2864.25,2861.9,2864.45,2867.3,2864.45,2.35,3.45,8.1,0.69,0.09,BREAKEVEN,YES,5,810.71
1979,2025-02-07,11:20,12:05,LONG,2868.8,2865.39,2865.39,2873.23,2867.09,3.41,2.38,8.11,-4.07,-0.5,BREAKEVEN,NO,45,806.64
1980,2025-02-07,12:10,12:15,SHORT,2867.15,2869.21,2866.95,2864.47,2864.47,2.06,3.92,8.07,10.49,1.3,WIN,YES,5,817.13
1981,2025-02-07,12:55,13:30,LONG,2867.55,2865.02,2865.02,2870.84,2865.02,2.53,3.23,8.17,-8.17,-1,LOSS,NO,35,808.96
1982,2025-02-07,13:35,14:20,SHORT,2866.47,2868.86,2866.27,2863.36,2866.27,2.39,3.38,8.09,0.68,0.08,BREAKEVEN,YES,45,809.63
1983,2025-02-07,14:30,15:10,SHORT,2865.99,2868.5,2864.9,2862.73,2862.73,2.51,3.23,8.1,10.53,1.3,WIN,YES,40,820.16
1984,2025-02-07,15:15,15:25,SHORT,2860.71,2863.96,2863.96,2856.49,2863.96,3.25,2.52,8.2,-8.2,-1,LOSS,NO,10,811.96
1985,2025-02-07,15:50,16:05,LONG,2861.81,2857.38,2857.38,2867.57,2857.38,4.43,1.83,8.12,-8.12,-1,LOSS,NO,15,803.84
1986,2025-02-07,16:30,16:35,SHORT,2872.47,2876.7,2876.7,2866.97,2876.7,4.23,1.9,8.04,-8.04,-1,LOSS,NO,5,795.8
1987,2025-02-10,07:05,07:50,SHORT,2879,2881.61,2878.8,2875.61,2877.55,2.61,3.05,7.96,4.42,0.56,BREAKEVEN,YES,45,800.22
1988,2025-02-10,07:45,07:55,LONG,2878.32,2876.04,2876.04,2881.28,2876.04,2.28,3.51,8,-8,-1,LOSS,NO,10,792.22
1989,2025-02-10,08:20,08:40,SHORT,2883.59,2885.78,2885.78,2880.74,2885.78,2.19,3.62,7.92,-7.92,-1,LOSS,NO,20,784.3
1990,2025-02-10,08:55,09:25,SHORT,2888.23,2891.6,2891.6,2883.85,2891.6,3.37,2.33,7.84,-7.84,-1,LOSS,NO,30,776.45
1991,2025-02-10,09:35,09:45,SHORT,2893.94,2897.16,2893.74,2889.75,2893.74,3.22,2.41,7.76,0.48,0.06,BREAKEVEN,YES,10,776.94
1992,2025-02-10,10:10,10:15,SHORT,2894.18,2896.2,2893.98,2891.55,2893.98,2.02,3.85,7.77,0.77,0.1,BREAKEVEN,YES,5,777.71
1993,2025-02-10,10:45,11:05,LONG,2897.72,2895.02,2897.92,2901.23,2897.92,2.7,2.88,7.78,0.58,0.07,BREAKEVEN,YES,20,778.28
1994,2025-02-10,11:35,12:00,SHORT,2901.24,2904.56,2904.56,2896.92,2904.56,3.32,2.34,7.78,-7.78,-1,LOSS,NO,25,770.5
1995,2025-02-10,12:15,12:20,LONG,2904.66,2902.15,2902.15,2907.92,2902.15,2.51,3.07,7.7,-7.7,-1,LOSS,NO,5,762.79
1996,2025-02-10,12:55,13:00,LONG,2902.44,2899.31,2902.64,2906.51,2902.64,3.13,2.44,7.63,0.49,0.06,BREAKEVEN,YES,5,763.28
1997,2025-02-10,13:40,14:10,SHORT,2904.15,2906.74,2906.74,2900.78,2906.74,2.59,2.95,7.63,-7.63,-1,LOSS,NO,30,755.65
1998,2025-02-10,14:15,14:20,LONG,2906.37,2904.06,2904.06,2909.37,2904.06,2.31,3.27,7.56,-7.56,-1,LOSS,NO,5,748.09
1999,2025-02-10,15:00,15:15,LONG,2904.4,2899.76,2904.6,2910.43,2904.6,4.64,1.61,7.48,0.32,0.04,BREAKEVEN,YES,15,748.41
2000,2025-02-10,15:45,15:55,SHORT,2900.56,2903.71,2903.71,2896.46,2903.71,3.15,2.38,7.48,-7.48,-1,LOSS,NO,10,740.93
2001,2025-02-10,16:30,16:35,LONG,2904.69,2902.07,2902.07,2908.1,2902.07,2.62,2.83,7.41,-7.41,-1,LOSS,NO,5,733.52
2002,2025-02-11,07:00,07:15,SHORT,2916.22,2918.5,2918.5,2913.26,2918.5,2.28,3.22,7.34,-7.34,-1,LOSS,NO,15,726.19
2003,2025-02-11,07:35,07:40,LONG,2919.96,2916.38,2920.16,2924.61,2920.16,3.58,2.03,7.26,0.41,0.06,BREAKEVEN,YES,5,726.59
2004,2025-02-11,08:10,08:15,SHORT,2926.45,2930.65,2926.25,2920.99,2926.25,4.2,1.73,7.27,0.35,0.05,BREAKEVEN,YES,5,726.94
2005,2025-02-11,08:45,09:00,SHORT,2917.18,2920.27,2916.98,2913.16,2913.16,3.09,2.35,7.27,9.45,1.3,WIN,YES,15,736.39
2006,2025-02-11,09:35,09:50,LONG,2909.48,2905.81,2909.68,2914.25,2909.68,3.67,2.01,7.36,0.4,0.05,BREAKEVEN,YES,15,736.79
2007,2025-02-11,10:10,10:30,SHORT,2911.22,2914.42,2914.42,2907.06,2914.42,3.2,2.3,7.37,-7.37,-1,LOSS,NO,20,729.42
2008,2025-02-11,10:45,10:50,SHORT,2911.18,2914.26,2910.98,2907.18,2910.98,3.08,2.37,7.29,0.47,0.06,BREAKEVEN,YES,5,729.89
2009,2025-02-11,11:25,11:30,SHORT,2909.98,2911.94,2909.78,2907.43,2907.43,1.96,3.72,7.3,9.49,1.3,WIN,YES,5,739.38
2010,2025-02-11,12:05,12:25,SHORT,2906.03,2908.59,2905.83,2902.7,2905.83,2.56,2.89,7.39,0.58,0.08,BREAKEVEN,YES,20,739.96
2011,2025-02-11,12:50,13:05,LONG,2903.13,2901.01,2903.33,2905.89,2905.89,2.12,3.49,7.4,9.62,1.3,WIN,YES,15,749.58
2012,2025-02-11,13:30,13:35,LONG,2905.05,2902.89,2902.89,2907.86,2902.89,2.16,3.47,7.5,-7.5,-1,LOSS,NO,5,742.08
2013,2025-02-11,14:15,14:25,SHORT,2901.43,2905.18,2901.23,2896.55,2901.23,3.75,1.98,7.42,0.4,0.05,BREAKEVEN,YES,10,742.48
2014,2025-02-11,14:55,15:00,LONG,2889.32,2885.39,2885.39,2894.43,2885.39,3.93,1.89,7.42,-7.42,-1,LOSS,NO,5,735.06
2015,2025-02-11,15:30,15:35,LONG,2890.65,2886.46,2890.85,2896.1,2896.1,4.19,1.75,7.35,9.56,1.3,WIN,YES,5,744.61
2016,2025-02-11,16:15,16:20,SHORT,2899.47,2901.73,2899.27,2896.53,2899.27,2.26,3.29,7.45,0.66,0.09,BREAKEVEN,YES,5,745.27
2017,2025-02-11,16:50,16:55,LONG,2900.23,2896.55,2896.55,2905.01,2896.55,3.68,2.03,7.45,-7.45,-1,LOSS,NO,5,737.82
2018,2025-02-12,07:00,07:30,LONG,2885.35,2882.56,2885.55,2888.98,2885.55,2.79,2.64,7.38,0.53,0.07,BREAKEVEN,YES,30,738.35
2019,2025-02-12,07:45,08:05,LONG,2886.75,2884.77,2886.95,2889.32,2886.95,1.98,3.73,7.38,0.75,0.1,BREAKEVEN,YES,20,739.09
2020,2025-02-12,08:25,08:40,LONG,2890.05,2887.36,2887.36,2893.55,2887.36,2.69,2.75,7.39,-7.39,-1,LOSS,NO,15,731.7
2021,2025-02-12,09:10,09:55,LONG,2893.68,2890.47,2890.47,2897.85,2892.8,3.21,2.28,7.32,-2.01,-0.27,BREAKEVEN,NO,45,729.7
2022,2025-02-12,09:50,10:00,LONG,2893.46,2891.14,2891.14,2896.48,2891.14,2.32,3.15,7.3,-7.3,-1,LOSS,NO,10,722.4
2023,2025-02-12,10:45,11:30,LONG,2892.27,2889.33,2889.33,2896.09,2889.33,2.94,2.46,7.22,-7.22,-1,LOSS,NO,45,715.17
2024,2025-02-12,11:25,12:10,SHORT,2889.7,2893.69,2889.5,2884.51,2887.17,3.99,1.79,7.15,4.53,0.63,BREAKEVEN,YES,45,719.71
2025,2025-02-12,12:00,12:30,SHORT,2887.59,2889.97,2887.39,2884.5,2884.5,2.38,3.02,7.2,9.36,1.3,WIN,YES,30,729.07
2026,2025-02-12,12:35,12:40,SHORT,2883.31,2886.55,2883.11,2879.1,2883.11,3.24,2.25,7.29,0.45,0.06,BREAKEVEN,YES,5,729.52
2027,2025-02-12,13:10,13:30,LONG,2880.35,2878.2,2880.55,2883.14,2883.14,2.15,3.39,7.3,9.48,1.3,WIN,YES,20,739
2028,2025-02-12,14:05,14:50,SHORT,2882.33,2884.46,2884.46,2879.56,2884.46,2.13,3.47,7.39,-7.39,-1,LOSS,NO,45,731.61
2029,2025-02-12,14:55,15:05,LONG,2885.03,2882.47,2882.47,2888.36,2882.47,2.56,2.86,7.32,-7.32,-1,LOSS,NO,10,724.29
2030,2025-02-12,15:30,15:35,LONG,2867.34,2862.04,2867.54,2874.23,2867.54,5.3,1.37,7.24,0.27,0.04,BREAKEVEN,YES,5,724.57
2031,2025-02-12,16:05,16:10,LONG,2886.78,2880.81,2886.98,2894.54,2886.98,5.97,1.21,7.25,0.24,0.03,BREAKEVEN,YES,5,724.81
2032,2025-02-13,07:10,07:20,SHORT,2919.91,2922.03,2922.03,2917.15,2922.03,2.12,3.42,7.25,-7.25,-1,LOSS,NO,10,717.56
2033,2025-02-13,07:55,08:00,SHORT,2917.98,2920.21,2917.78,2915.08,2915.08,2.23,3.22,7.18,9.33,1.3,WIN,YES,5,726.89
2034,2025-02-13,08:40,09:10,SHORT,2914.12,2917.22,2917.22,2910.09,2917.22,3.1,2.34,7.27,-7.27,-1,LOSS,NO,30,719.62
2035,2025-02-13,09:20,10:05,LONG,2917.34,2912.93,2912.93,2923.07,2913.9,4.41,1.63,7.2,-5.61,-0.78,LOSS,NO,45,714.01
2036,2025-02-13,10:00,10:10,SHORT,2915.91,2919.6,2915.71,2911.11,2911.11,3.69,1.93,7.14,9.28,1.3,WIN,YES,10,723.29
2037,2025-02-13,10:40,11:25,LONG,2911.78,2908.06,2911.98,2916.62,2913.84,3.72,1.94,7.23,4.01,0.55,BREAKEVEN,YES,45,727.29
2038,2025-02-13,11:30,11:35,LONG,2913.46,2911.28,2913.66,2916.29,2913.66,2.18,3.34,7.27,0.67,0.09,BREAKEVEN,YES,5,727.96
2039,2025-02-13,12:05,12:50,LONG,2917.3,2913.84,2913.84,2921.8,2918.22,3.46,2.1,7.28,1.94,0.27,BREAKEVEN,NO,45,729.9
2040,2025-02-13,12:55,13:40,LONG,2917.99,2915.6,2915.6,2921.1,2917.8,2.39,3.05,7.3,-0.58,-0.08,BREAKEVEN,NO,45,729.32
2041,2025-02-13,13:35,14:10,SHORT,2917.18,2919.76,2919.76,2913.83,2919.76,2.58,2.83,7.29,-7.29,-1,LOSS,NO,35,722.02
2042,2025-02-13,14:10,14:30,SHORT,2919.45,2921.97,2919.25,2916.17,2919.25,2.52,2.87,7.22,0.57,0.08,BREAKEVEN,YES,20,722.6
2043,2025-02-13,15:15,15:20,SHORT,2915.68,2918.23,2915.48,2912.36,2912.36,2.55,2.83,7.23,9.39,1.3,WIN,YES,5,731.99
2044,2025-02-13,15:55,16:10,SHORT,2908.54,2911.97,2911.97,2904.08,2911.97,3.43,2.13,7.32,-7.32,-1,LOSS,NO,15,724.67
2045,2025-02-13,16:30,16:35,SHORT,2910.07,2913.36,2913.36,2905.79,2913.36,3.29,2.2,7.25,-7.25,-1,LOSS,NO,5,717.42
2046,2025-02-14,07:00,07:30,LONG,2928.63,2926.68,2928.83,2931.17,2928.83,1.95,3.68,7.17,0.74,0.1,BREAKEVEN,YES,30,718.16
2047,2025-02-14,07:35,07:45,SHORT,2928.22,2930.76,2930.76,2924.92,2930.76,2.54,2.83,7.18,-7.18,-1,LOSS,NO,10,710.98
2048,2025-02-14,08:10,08:15,LONG,2931.23,2928.4,2931.43,2934.91,2931.43,2.83,2.51,7.11,0.5,0.07,BREAKEVEN,YES,5,711.48
2049,2025-02-14,08:45,08:50,LONG,2936.06,2934.11,2934.11,2938.59,2934.11,1.95,3.65,7.11,-7.11,-1,LOSS,NO,5,704.37
2050,2025-02-14,09:40,09:55,SHORT,2932.95,2935.45,2932.75,2929.7,2932.75,2.5,2.82,7.04,0.56,0.08,BREAKEVEN,YES,15,704.93
2051,2025-02-14,10:15,10:45,LONG,2937.21,2933.85,2933.85,2941.58,2933.85,3.36,2.1,7.05,-7.05,-1,LOSS,NO,30,697.88
2052,2025-02-14,10:50,11:30,LONG,2935.41,2933.05,2936.51,2938.48,2938.48,2.36,2.96,6.98,9.07,1.3,WIN,YES,40,706.95
2053,2025-02-14,11:25,11:35,SHORT,2937.94,2939.88,2937.74,2935.42,2935.42,1.94,3.64,7.07,9.19,1.3,WIN,YES,10,716.14
2054,2025-02-14,12:00,12:15,SHORT,2934.82,2937.63,2937.63,2931.17,2937.63,2.81,2.55,7.16,-7.16,-1,LOSS,NO,15,708.98
2055,2025-02-14,12:35,12:40,LONG,2939.01,2936.94,2936.94,2941.7,2936.94,2.07,3.43,7.09,-7.09,-1,LOSS,NO,5,701.89
2056,2025-02-14,13:20,13:45,SHORT,2935.17,2937.72,2934.81,2931.86,2931.86,2.55,2.75,7.02,9.12,1.3,WIN,YES,25,711.02
2057,2025-02-14,14:00,14:25,LONG,2931.11,2928.36,2931.31,2934.68,2931.31,2.75,2.59,7.11,0.52,0.07,BREAKEVEN,YES,25,711.53
2058,2025-02-14,14:45,15:00,SHORT,2929.55,2932.01,2929.35,2926.35,2929.35,2.46,2.89,7.12,0.58,0.08,BREAKEVEN,YES,15,712.11
2059,2025-02-14,15:20,15:30,SHORT,2927.92,2932.22,2932.22,2922.33,2932.22,4.3,1.66,7.12,-7.12,-1,LOSS,NO,10,704.99
2060,2025-02-14,15:55,16:00,LONG,2920.53,2917.85,2917.85,2924.01,2917.85,2.68,2.63,7.05,-7.05,-1,LOSS,NO,5,697.94
2061,2025-02-14,16:30,16:45,SHORT,2924.44,2930.02,2924.24,2917.19,2924.24,5.58,1.25,6.98,0.25,0.04,BREAKEVEN,YES,15,698.19
2062,2025-02-17,07:05,07:25,LONG,2900.43,2897.26,2900.92,2904.55,2904.55,3.17,2.2,6.98,9.08,1.3,WIN,YES,20,707.27
2063,2025-02-17,07:40,07:50,LONG,2901.96,2899.16,2899.16,2905.6,2899.16,2.8,2.53,7.07,-7.07,-1,LOSS,NO,10,700.19
2064,2025-02-17,08:15,08:30,SHORT,2892.08,2895.6,2891.88,2887.5,2891.88,3.52,1.99,7,0.4,0.06,BREAKEVEN,YES,15,700.59
2065,2025-02-17,08:50,09:00,SHORT,2895.41,2897.38,2897.38,2892.85,2897.38,1.97,3.56,7.01,-7.01,-1,LOSS,NO,10,693.59
2066,2025-02-17,09:25,09:40,LONG,2899.67,2897.31,2899.87,2902.74,2899.87,2.36,2.94,6.94,0.59,0.08,BREAKEVEN,YES,15,694.17
2067,2025-02-17,10:05,10:30,LONG,2901.34,2898.28,2898.28,2905.32,2898.28,3.06,2.27,6.94,-6.94,-1,LOSS,NO,25,687.23
2068,2025-02-17,10:55,11:00,LONG,2900.16,2897.85,2900.36,2903.16,2903.16,2.31,2.98,6.87,8.93,1.3,WIN,YES,5,696.17
2069,2025-02-17,11:30,12:15,SHORT,2902.62,2905.06,2905.06,2899.45,2902.25,2.44,2.85,6.96,1.06,0.15,BREAKEVEN,NO,45,697.22
2070,2025-02-17,12:05,12:25,LONG,2902.09,2900.14,2900.14,2904.63,2900.14,1.95,3.58,6.97,-6.97,-1,LOSS,NO,20,690.25
2071,2025-02-17,12:40,12:55,SHORT,2898.39,2902.26,2902.26,2893.36,2902.26,3.87,1.78,6.9,-6.9,-1,LOSS,NO,15,683.35
2072,2025-02-17,13:25,14:00,LONG,2900.05,2897.82,2900.25,2902.95,2900.25,2.23,3.06,6.83,0.61,0.09,BREAKEVEN,YES,35,683.96
2073,2025-02-17,14:20,14:25,SHORT,2895.7,2898.64,2898.64,2891.88,2898.64,2.94,2.33,6.84,-6.84,-1,LOSS,NO,5,677.12
2074,2025-02-17,15:00,15:20,SHORT,2897.78,2899.93,2897.58,2894.99,2897.58,2.15,3.15,6.77,0.63,0.09,BREAKEVEN,YES,20,677.75
2075,2025-02-17,15:45,16:00,SHORT,2897.09,2899.25,2896.89,2894.28,2896.89,2.16,3.14,6.78,0.63,0.09,BREAKEVEN,YES,15,678.38
2076,2025-02-17,16:20,16:50,LONG,2898.36,2896.17,2899.12,2901.21,2901.21,2.19,3.1,6.78,8.82,1.3,WIN,YES,30,687.2
2077,2025-02-18,07:00,07:30,SHORT,2910.76,2914.86,2914.86,2905.43,2914.86,4.1,1.68,6.87,-6.87,-1,LOSS,NO,30,680.33
2078,2025-02-18,07:35,07:40,SHORT,2914.57,2917.04,2914.37,2911.36,2914.37,2.47,2.75,6.8,0.55,0.08,BREAKEVEN,YES,5,680.88
2079,2025-02-18,08:10,08:55,LONG,2913.9,2910.32,2910.32,2918.55,2913.67,3.58,1.9,6.81,-0.44,-0.06,BREAKEVEN,NO,45,680.44
2080,2025-02-18,08:45,09:10,LONG,2912.32,2909.45,2913.18,2916.05,2913.18,2.87,2.37,6.8,2.04,0.3,BREAKEVEN,YES,25,682.48
2081,2025-02-18,09:25,09:30,SHORT,2913.53,2915.78,2913.33,2910.61,2913.33,2.25,3.03,6.82,0.61,0.09,BREAKEVEN,YES,5,683.08
2082,2025-02-18,10:10,10:55,SHORT,2911.47,2914.45,2914.45,2907.6,2912.38,2.98,2.29,6.83,-2.09,-0.31,BREAKEVEN,NO,45,681
2083,2025-02-18,10:45,11:20,LONG,2912.18,2910.09,2910.09,2914.9,2910.09,2.09,3.26,6.81,-6.81,-1,LOSS,NO,35,674.19
2084,2025-02-18,11:20,12:05,LONG,2911.74,2908.57,2908.57,2915.86,2911.89,3.17,2.13,6.74,0.32,0.05,BREAKEVEN,NO,45,674.51
2085,2025-02-18,11:55,12:25,LONG,2912.64,2910.14,2910.14,2915.89,2910.14,2.5,2.7,6.75,-6.75,-1,LOSS,NO,30,667.76
2086,2025-02-18,12:30,13:15,SHORT,2908.4,2912.49,2912.49,2903.08,2911.17,4.09,1.63,6.68,-4.52,-0.68,BREAKEVEN,NO,45,663.24
2087,2025-02-18,13:05,13:35,LONG,2910.93,2908.14,2911.13,2914.56,2911.13,2.79,2.38,6.63,0.48,0.07,BREAKEVEN,YES,30,663.72
2088,2025-02-18,13:50,13:55,LONG,2913.21,2910.74,2913.41,2916.42,2913.41,2.47,2.69,6.64,0.54,0.08,BREAKEVEN,YES,5,664.25
2089,2025-02-18,14:25,14:45,SHORT,2914.37,2916.9,2916.9,2911.08,2916.9,2.53,2.63,6.64,-6.64,-1,LOSS,NO,20,657.61
2090,2025-02-18,15:10,15:15,SHORT,2914.56,2917.08,2917.08,2911.28,2917.08,2.52,2.61,6.58,-6.58,-1,LOSS,NO,5,651.03
2091,2025-02-18,15:45,16:25,SHORT,2918.54,2922.85,2922.85,2912.94,2922.85,4.31,1.51,6.51,-6.51,-1,LOSS,NO,40,644.52
2092,2025-02-18,16:30,16:55,LONG,2924.2,2920.97,2925.64,2928.4,2928.4,3.23,2,6.45,8.38,1.3,WIN,YES,25,652.9
2093,2025-02-19,07:00,07:35,SHORT,2929.6,2931.83,2931.83,2926.7,2931.83,2.23,2.93,6.53,-6.53,-1,LOSS,NO,35,646.37
2094,2025-02-19,07:35,08:05,LONG,2931.27,2928.73,2933.24,2934.57,2934.57,2.54,2.54,6.46,8.4,1.3,WIN,YES,30,654.78
2095,2025-02-19,08:15,08:45,LONG,2935.21,2931.6,2931.6,2939.9,2931.6,3.61,1.81,6.55,-6.55,-1,LOSS,NO,30,648.23
2096,2025-02-19,09:10,09:55,LONG,2934.21,2930.68,2930.68,2938.8,2934.25,3.53,1.84,6.48,0.07,0.01,BREAKEVEN,NO,45,648.3
2097,2025-02-19,09:50,10:25,LONG,2935.14,2932.43,2936.54,2938.66,2938.66,2.71,2.39,6.48,8.43,1.3,WIN,YES,35,656.73
2098,2025-02-19,10:50,11:15,LONG,2938.29,2934.86,2938.59,2942.75,2942.75,3.43,1.91,6.57,8.54,1.3,WIN,YES,25,665.27
2099,2025-02-19,11:35,12:20,LONG,2945.44,2941.2,2941.2,2950.95,2943.08,4.24,1.57,6.65,-3.7,-0.56,BREAKEVEN,NO,45,661.56
2100,2025-02-19,12:25,13:10,SHORT,2944.14,2947.13,2947.13,2940.25,2943.58,2.99,2.21,6.62,1.24,0.19,BREAKEVEN,NO,45,662.8
2101,2025-02-19,13:00,13:35,LONG,2945.16,2942.42,2942.42,2948.72,2942.42,2.74,2.42,6.63,-6.63,-1,LOSS,NO,35,656.18
2102,2025-02-19,13:40,13:45,SHORT,2941.29,2943.73,2941.09,2938.12,2941.09,2.44,2.69,6.56,0.54,0.08,BREAKEVEN,YES,5,656.71
2103,2025-02-19,14:15,15:00,SHORT,2933.35,2937.58,2937.58,2927.85,2937.58,4.23,1.55,6.57,-6.57,-1,LOSS,NO,45,650.15
2104,2025-02-19,14:50,15:00,SHORT,2935.16,2938.19,2934.96,2931.22,2934.96,3.03,2.15,6.5,0.43,0.07,BREAKEVEN,YES,10,650.58
2105,2025-02-19,15:25,15:50,SHORT,2939.21,2942.08,2938.36,2935.48,2935.48,2.87,2.27,6.51,8.46,1.3,WIN,YES,25,659.03
2106,2025-02-19,16:00,16:10,SHORT,2936.56,2939.47,2939.47,2932.78,2939.47,2.91,2.26,6.59,-6.59,-1,LOSS,NO,10,652.44
2107,2025-02-19,16:35,16:40,LONG,2934.42,2929.8,2934.62,2940.43,2934.62,4.62,1.41,6.52,0.28,0.04,BREAKEVEN,YES,5,652.73
2108,2025-02-20,07:05,07:20,SHORT,2942.64,2944.58,2944.58,2940.12,2944.58,1.94,3.36,6.53,-6.53,-1,LOSS,NO,15,646.2
2109,2025-02-20,08:00,08:35,LONG,2946.53,2944.49,2944.49,2949.18,2944.49,2.04,3.17,6.46,-6.46,-1,LOSS,NO,35,639.74
2110,2025-02-20,08:35,08:50,LONG,2944.78,2942.45,2944.98,2947.81,2947.81,2.33,2.75,6.4,8.32,1.3,WIN,YES,15,648.05
2111,2025-02-20,09:10,09:30,SHORT,2948.61,2950.58,2950.58,2946.05,2950.58,1.97,3.29,6.48,-6.48,-1,LOSS,NO,20,641.57
2112,2025-02-20,09:45,10:00,LONG,2948.59,2945.56,2948.79,2952.53,2952.53,3.03,2.12,6.42,8.34,1.3,WIN,YES,15,649.91
2113,2025-02-20,10:20,11:05,LONG,2953.9,2951.9,2951.9,2956.5,2953.82,2,3.25,6.5,-0.26,-0.04,BREAKEVEN,NO,45,649.65
2114,2025-02-20,11:20,11:30,LONG,2954.17,2952.16,2952.16,2956.78,2952.16,2.01,3.23,6.5,-6.5,-1,LOSS,NO,10,643.16
2115,2025-02-20,11:55,12:20,SHORT,2951.61,2954.78,2954.78,2947.49,2954.78,3.17,2.03,6.43,-6.43,-1,LOSS,NO,25,636.72
2116,2025-02-20,12:30,12:40,LONG,2953.02,2950.57,2950.57,2956.2,2950.57,2.45,2.6,6.37,-6.37,-1,LOSS,NO,10,630.36
2117,2025-02-20,13:20,13:30,SHORT,2950.3,2952.4,2952.4,2947.57,2952.4,2.1,3,6.3,-6.3,-1,LOSS,NO,10,624.05
2118,2025-02-20,14:00,14:10,SHORT,2949.25,2951.64,2949.05,2946.14,2949.05,2.39,2.61,6.24,0.52,0.08,BREAKEVEN,YES,10,624.58
2119,2025-02-20,15:00,15:40,SHORT,2943.52,2948.64,2943.32,2936.86,2943.32,5.12,1.22,6.25,0.24,0.04,BREAKEVEN,YES,40,624.82
2120,2025-02-20,15:50,16:00,LONG,2936.65,2932.44,2932.44,2942.12,2932.44,4.21,1.48,6.25,-6.25,-1,LOSS,NO,10,618.57
2121,2025-02-20,16:50,16:55,SHORT,2937.74,2941.36,2937.54,2933.03,2937.54,3.62,1.71,6.19,0.34,0.06,BREAKEVEN,YES,5,618.91
2122,2025-02-21,07:00,07:10,LONG,2928.19,2926.05,2926.05,2930.97,2926.05,2.14,2.89,6.19,-6.19,-1,LOSS,NO,10,612.72
2123,2025-02-21,07:35,07:45,LONG,2929.82,2925.53,2930.02,2935.4,2930.02,4.29,1.43,6.13,0.29,0.05,BREAKEVEN,YES,10,613.01
2124,2025-02-21,08:10,08:15,SHORT,2928.92,2931.43,2928.72,2925.66,2928.72,2.51,2.44,6.13,0.49,0.08,BREAKEVEN,YES,5,613.5
2125,2025-02-21,08:45,08:50,LONG,2929.45,2927.42,2929.65,2932.09,2929.65,2.03,3.02,6.13,0.6,0.1,BREAKEVEN,YES,5,614.1
2126,2025-02-21,09:20,09:55,LONG,2931.62,2929.63,2929.63,2934.21,2929.63,1.99,3.09,6.14,-6.14,-1,LOSS,NO,35,607.96
2127,2025-02-21,09:55,10:05,LONG,2930.09,2927.66,2927.66,2933.25,2927.66,2.43,2.5,6.08,-6.08,-1,LOSS,NO,10,601.88
2128,2025-02-21,10:40,10:50,SHORT,2921.99,2924.59,2924.59,2918.61,2924.59,2.6,2.31,6.02,-6.02,-1,LOSS,NO,10,595.86
2129,2025-02-21,11:15,11:30,SHORT,2924.04,2927.59,2927.59,2919.42,2927.59,3.55,1.68,5.96,-5.96,-1,LOSS,NO,15,589.9
2130,2025-02-21,11:50,12:35,SHORT,2928.78,2931.13,2931.13,2925.73,2929.99,2.35,2.51,5.9,-3.04,-0.51,BREAKEVEN,NO,45,586.87
2131,2025-02-21,12:30,13:05,LONG,2929.74,2927.72,2929.94,2932.37,2929.94,2.02,2.91,5.87,0.58,0.1,BREAKEVEN,YES,35,587.45
2132,2025-02-21,13:35,13:55,LONG,2932.8,2929.3,2929.3,2937.35,2929.3,3.5,1.68,5.87,-5.87,-1,LOSS,NO,20,581.57
2133,2025-02-21,14:35,14:50,LONG,2934.33,2932.09,2932.09,2937.24,2932.09,2.24,2.6,5.82,-5.82,-1,LOSS,NO,15,575.76
2134,2025-02-21,15:10,15:30,LONG,2932.7,2929.47,2929.47,2936.9,2929.47,3.23,1.78,5.76,-5.76,-1,LOSS,NO,20,570
2135,2025-02-21,15:45,16:05,SHORT,2930.38,2932.96,2932.96,2927.03,2932.96,2.58,2.21,5.7,-5.7,-1,LOSS,NO,20,564.3
2136,2025-02-21,16:35,16:40,LONG,2929.64,2926.74,2929.84,2933.41,2929.84,2.9,1.95,5.64,0.39,0.07,BREAKEVEN,YES,5,564.69
2137,2025-02-24,07:00,07:40,LONG,2940.83,2938.52,2938.52,2943.83,2938.52,2.31,2.44,5.65,-5.65,-1,LOSS,NO,40,559.04
2138,2025-02-24,07:35,07:40,LONG,2939.94,2937.75,2937.75,2942.79,2937.75,2.19,2.55,5.59,-5.59,-1,LOSS,NO,5,553.45
2139,2025-02-24,08:30,08:55,SHORT,2938.97,2941.92,2938.77,2935.13,2938.77,2.95,1.88,5.53,0.38,0.07,BREAKEVEN,YES,25,553.83
2140,2025-02-24,09:05,09:30,LONG,2940.68,2938.62,2940.88,2943.36,2940.88,2.06,2.69,5.54,0.54,0.1,BREAKEVEN,YES,25,554.37
2141,2025-02-24,09:45,09:55,LONG,2944.04,2942.04,2942.04,2946.64,2942.04,2,2.77,5.54,-5.54,-1,LOSS,NO,10,548.82
2142,2025-02-24,10:20,10:40,LONG,2941.2,2938.99,2938.99,2944.07,2938.99,2.21,2.48,5.49,-5.49,-1,LOSS,NO,20,543.33
2143,2025-02-24,10:55,11:20,SHORT,2946.37,2950.24,2946.17,2941.34,2946.17,3.87,1.4,5.43,0.28,0.05,BREAKEVEN,YES,25,543.61
2144,2025-02-24,11:35,12:20,SHORT,2945.48,2948.2,2944.25,2941.94,2942.72,2.72,2,5.44,5.52,1.01,WIN,YES,45,549.13
2145,2025-02-24,12:25,12:30,SHORT,2942.15,2944.59,2941.95,2938.98,2941.95,2.44,2.25,5.49,0.45,0.08,BREAKEVEN,YES,5,549.58
2146,2025-02-24,13:05,13:20,SHORT,2938.93,2942.09,2942.09,2934.82,2942.09,3.16,1.74,5.5,-5.5,-1,LOSS,NO,15,544.08
2147,2025-02-24,13:40,14:00,LONG,2944.61,2940.76,2946.7,2949.61,2949.61,3.85,1.41,5.44,7.07,1.3,WIN,YES,20,551.16
2148,2025-02-24,14:15,14:45,SHORT,2946.79,2948.7,2946.59,2944.31,2946.59,1.91,2.89,5.51,0.58,0.1,BREAKEVEN,YES,30,551.73
2149,2025-02-24,14:50,15:00,SHORT,2946.79,2948.94,2948.94,2943.99,2948.94,2.15,2.57,5.52,-5.52,-1,LOSS,NO,10,546.22
2150,2025-02-24,15:30,15:35,LONG,2949.9,2947.43,2950.1,2953.11,2950.1,2.47,2.21,5.46,0.44,0.08,BREAKEVEN,YES,5,546.66
2151,2025-02-24,16:05,16:10,LONG,2954.48,2951.33,2951.33,2958.58,2951.33,3.15,1.74,5.47,-5.47,-1,LOSS,NO,5,541.19
2152,2025-02-25,07:15,07:55,SHORT,2938.74,2940.98,2938.54,2935.83,2938.54,2.24,2.42,5.41,0.48,0.09,BREAKEVEN,YES,40,541.68
2153,2025-02-25,07:50,08:00,LONG,2939.4,2936.67,2936.67,2942.95,2936.67,2.73,1.98,5.42,-5.42,-1,LOSS,NO,10,536.26
2154,2025-02-25,08:30,09:05,LONG,2935.42,2932.88,2935.62,2938.72,2935.62,2.54,2.11,5.36,0.42,0.08,BREAKEVEN,YES,35,536.68
2155,2025-02-25,09:10,09:40,SHORT,2939.05,2941.85,2938.1,2935.41,2935.41,2.8,1.92,5.37,6.98,1.3,WIN,YES,30,543.66
2156,2025-02-25,09:45,10:00,SHORT,2932.57,2936.27,2932.37,2927.76,2932.37,3.7,1.47,5.44,0.29,0.05,BREAKEVEN,YES,15,543.95
2157,2025-02-25,10:20,10:30,SHORT,2932.71,2935.26,2935.26,2929.39,2935.26,2.55,2.13,5.44,-5.44,-1,LOSS,NO,10,538.51
2158,2025-02-25,11:05,11:10,SHORT,2939.97,2942.62,2939.77,2936.52,2939.77,2.65,2.03,5.39,0.41,0.08,BREAKEVEN,YES,5,538.92
2159,2025-02-25,11:50,12:00,LONG,2940.78,2938.06,2938.06,2944.32,2938.06,2.72,1.98,5.39,-5.39,-1,LOSS,NO,10,533.53
2160,2025-02-25,12:25,13:00,SHORT,2939.32,2941.77,2939.12,2936.14,2939.12,2.45,2.18,5.34,0.44,0.08,BREAKEVEN,YES,35,533.97
2161,2025-02-25,13:05,13:50,SHORT,2938.95,2941.45,2941.45,2935.7,2937.92,2.5,2.14,5.34,2.2,0.41,BREAKEVEN,NO,45,536.17
2162,2025-02-25,14:15,14:20,LONG,2940.97,2938.53,2938.53,2944.14,2938.53,2.44,2.2,5.36,-5.36,-1,LOSS,NO,5,530.8
2163,2025-02-25,14:55,15:10,SHORT,2928.53,2931.87,2931.87,2924.19,2931.87,3.34,1.59,5.31,-5.31,-1,LOSS,NO,15,525.5
2164,2025-02-25,15:35,15:45,LONG,2933.64,2928.94,2933.84,2939.75,2933.84,4.7,1.12,5.25,0.22,0.04,BREAKEVEN,YES,10,525.72
2165,2025-02-25,16:20,16:40,LONG,2941.51,2938.35,2941.71,2945.62,2941.71,3.16,1.66,5.26,0.33,0.06,BREAKEVEN,YES,20,526.05
2166,2025-02-26,07:25,07:30,SHORT,2919.99,2922.52,2919.79,2916.7,2919.79,2.53,2.08,5.26,0.42,0.08,BREAKEVEN,YES,5,526.47
2167,2025-02-26,08:00,08:10,SHORT,2914.83,2917.73,2914.63,2911.06,2911.06,2.9,1.82,5.26,6.84,1.3,WIN,YES,10,533.31
2168,2025-02-26,08:35,09:00,LONG,2909.05,2906,2906,2913.02,2906,3.05,1.75,5.33,-5.33,-1,LOSS,NO,25,527.98
2169,2025-02-26,09:20,09:40,SHORT,2910.26,2913.59,2913.59,2905.93,2913.59,3.33,1.59,5.28,-5.28,-1,LOSS,NO,20,522.7
2170,2025-02-26,10:00,10:25,LONG,2914.38,2911.55,2911.55,2918.06,2911.55,2.83,1.85,5.23,-5.23,-1,LOSS,NO,25,517.47
2171,2025-02-26,10:35,10:40,LONG,2911,2908.21,2911.2,2914.63,2911.2,2.79,1.85,5.17,0.37,0.07,BREAKEVEN,YES,5,517.84
2172,2025-02-26,11:15,11:55,LONG,2915.67,2913.05,2913.05,2919.08,2913.05,2.62,1.98,5.18,-5.18,-1,LOSS,NO,40,512.66
2173,2025-02-26,11:50,12:05,SHORT,2913.99,2916.55,2916.55,2910.66,2916.55,2.56,2,5.13,-5.13,-1,LOSS,NO,15,507.54
2174,2025-02-26,12:25,12:50,SHORT,2914.07,2916.07,2913.87,2911.47,2911.47,2,2.54,5.08,6.6,1.3,WIN,YES,25,514.14
2175,2025-02-26,13:00,13:30,SHORT,2913.55,2915.67,2913.35,2910.79,2913.35,2.12,2.43,5.14,0.49,0.09,BREAKEVEN,YES,30,514.62
2176,2025-02-26,13:45,13:55,LONG,2915.03,2912.88,2912.88,2917.83,2912.88,2.15,2.39,5.15,-5.15,-1,LOSS,NO,10,509.48
2177,2025-02-26,14:25,14:30,LONG,2911.02,2908.54,2911.22,2914.24,2911.22,2.48,2.05,5.09,0.41,0.08,BREAKEVEN,YES,5,509.89
2178,2025-02-26,15:00,15:40,LONG,2912.85,2909.96,2909.96,2916.61,2909.96,2.89,1.76,5.1,-5.1,-1,LOSS,NO,40,504.79
2179,2025-02-26,15:40,15:55,LONG,2910.79,2907.93,2907.93,2914.51,2907.93,2.86,1.76,5.05,-5.05,-1,LOSS,NO,15,499.74
2180,2025-02-26,16:15,16:30,LONG,2894.73,2891.42,2891.42,2899.03,2891.42,3.31,1.51,5,-5,-1,BREAKEVEN,NO,15,494.74
2181,2025-02-27,07:00,07:15,LONG,2895.76,2891.71,2891.71,2901.03,2891.71,4.05,1.22,4.95,-4.95,-1,BREAKEVEN,NO,15,489.79
2182,2025-02-27,07:35,07:40,LONG,2890.74,2887.11,2890.94,2895.46,2890.94,3.63,1.35,4.9,0.27,0.06,BREAKEVEN,YES,5,490.06
2183,2025-02-27,08:10,08:20,LONG,2894.63,2892.44,2894.83,2897.48,2894.83,2.19,2.24,4.9,0.45,0.09,BREAKEVEN,YES,10,490.51
2184,2025-02-27,08:55,09:05,SHORT,2894.18,2897.06,2893.98,2890.44,2890.44,2.88,1.7,4.91,6.38,1.3,WIN,YES,10,496.89
2185,2025-02-27,09:30,10:05,LONG,2892.73,2887.88,2887.88,2899.03,2887.88,4.85,1.02,4.97,-4.97,-1,BREAKEVEN,NO,35,491.92
2186,2025-02-27,10:05,10:10,SHORT,2888.08,2892.96,2887.88,2881.74,2887.88,4.88,1.01,4.92,0.2,0.04,BREAKEVEN,YES,5,492.12
2187,2025-02-27,10:40,10:50,SHORT,2884.14,2887.3,2883.94,2880.03,2883.94,3.16,1.56,4.92,0.31,0.06,BREAKEVEN,YES,10,492.43
2188,2025-02-27,11:15,11:25,SHORT,2886.93,2889.86,2889.86,2883.12,2889.86,2.93,1.68,4.92,-4.92,-1,BREAKEVEN,NO,10,487.51
2189,2025-02-27,11:50,12:20,SHORT,2887.5,2889.64,2889.64,2884.72,2889.64,2.14,2.28,4.88,-4.88,-1,BREAKEVEN,NO,30,482.63
2190,2025-02-27,13:05,13:35,LONG,2891.96,2887.05,2887.05,2898.34,2887.05,4.91,0.98,4.83,-4.83,-1,BREAKEVEN,NO,30,477.81
2191,2025-02-27,13:40,13:50,LONG,2888.96,2885.09,2885.09,2893.99,2885.09,3.87,1.23,4.78,-4.78,-1,BREAKEVEN,NO,10,473.03
2192,2025-02-27,14:25,14:40,LONG,2885.15,2882.42,2885.35,2888.7,2888.7,2.73,1.73,4.73,6.15,1.3,WIN,YES,15,479.18
2193,2025-02-27,15:10,15:15,LONG,2886.47,2883.49,2886.67,2890.34,2886.67,2.98,1.61,4.79,0.32,0.07,BREAKEVEN,YES,5,479.5
2194,2025-02-27,15:45,15:50,LONG,2886.36,2880.05,2886.56,2894.56,2886.56,6.31,0.76,4.79,0.15,0.03,BREAKEVEN,YES,5,479.65
2195,2025-02-27,16:25,16:35,SHORT,2889.33,2893.01,2889.13,2884.55,2884.55,3.68,1.3,4.8,6.24,1.3,WIN,YES,10,485.89
2196,2025-02-28,07:00,07:15,SHORT,2862.81,2865.66,2865.66,2859.11,2865.66,2.85,1.7,4.86,-4.86,-1,BREAKEVEN,NO,15,481.03
2197,2025-02-28,07:45,07:50,LONG,2864.11,2861.48,2864.31,2867.53,2864.31,2.63,1.83,4.81,0.37,0.08,BREAKEVEN,YES,5,481.39
2198,2025-02-28,08:30,09:15,LONG,2864.84,2862.05,2862.05,2868.47,2862.05,2.79,1.73,4.81,-4.81,-1,BREAKEVEN,NO,45,476.58
2199,2025-02-28,09:05,09:20,LONG,2864.35,2861.21,2861.21,2868.43,2861.21,3.14,1.52,4.77,-4.77,-1,BREAKEVEN,NO,15,471.81
2200,2025-02-28,09:40,10:05,SHORT,2859.64,2862.64,2859.44,2855.74,2859.44,3,1.57,4.72,0.31,0.07,BREAKEVEN,YES,25,472.13
2201,2025-02-28,10:20,10:40,LONG,2855.02,2852.12,2855.22,2858.79,2855.22,2.9,1.63,4.72,0.33,0.07,BREAKEVEN,YES,20,472.45
2202,2025-02-28,10:55,11:00,LONG,2855.93,2853.27,2856.13,2859.39,2856.13,2.66,1.78,4.72,0.36,0.08,BREAKEVEN,YES,5,472.81
2203,2025-02-28,11:30,12:15,LONG,2862.58,2859.61,2859.61,2866.44,2862.15,2.97,1.59,4.73,-0.68,-0.14,BREAKEVEN,NO,45,472.13
2204,2025-02-28,12:15,12:35,LONG,2862.15,2860.1,2862.35,2864.82,2862.35,2.05,2.3,4.72,0.46,0.1,BREAKEVEN,YES,20,472.59
2205,2025-02-28,12:50,13:10,LONG,2863.53,2861.5,2861.5,2866.17,2861.5,2.03,2.33,4.73,-4.73,-1,BREAKEVEN,NO,20,467.86
2206,2025-02-28,13:30,13:55,LONG,2861.41,2859.34,2861.61,2864.1,2861.61,2.07,2.26,4.68,0.45,0.1,BREAKEVEN,YES,25,468.31
2207,2025-02-28,14:05,14:10,LONG,2864.54,2862.06,2862.06,2867.76,2862.06,2.48,1.89,4.68,-4.68,-1,BREAKEVEN,NO,5,463.63
2208,2025-02-28,15:00,15:15,SHORT,2857.62,2861.38,2861.38,2852.73,2861.38,3.76,1.23,4.64,-4.64,-1,BREAKEVEN,NO,15,458.99
2209,2025-02-28,15:35,15:55,SHORT,2855.62,2859.76,2854.08,2850.24,2850.24,4.14,1.11,4.59,5.97,1.3,WIN,YES,20,464.96
2210,2025-02-28,16:10,16:15,SHORT,2846.41,2849.74,2849.74,2842.08,2849.74,3.33,1.4,4.65,-4.65,-1,BREAKEVEN,NO,5,460.31
2211,2025-02-28,16:45,17:05,SHORT,2837.51,2842.28,2837.31,2831.31,2837.31,4.77,0.97,4.6,0.19,0.04,BREAKEVEN,YES,20,460.5
2212,2025-03-03,07:20,07:30,LONG,2866.59,2864.62,2864.62,2869.15,2864.62,1.97,2.34,4.61,-4.61,-1,BREAKEVEN,NO,10,455.9
2213,2025-03-03,08:35,08:50,SHORT,2862.54,2864.64,2864.64,2859.81,2864.64,2.1,2.17,4.56,-4.56,-1,BREAKEVEN,NO,15,451.34
2214,2025-03-03,09:15,10:00,LONG,2862.51,2859.9,2859.9,2865.9,2863.16,2.61,1.73,4.51,1.12,0.25,BREAKEVEN,NO,45,452.46
2215,2025-03-03,09:50,10:10,SHORT,2862.27,2864.77,2864.77,2859.02,2864.77,2.5,1.81,4.52,-4.52,-1,BREAKEVEN,NO,20,447.94
2216,2025-03-03,10:25,10:35,LONG,2860.13,2857.33,2860.61,2863.77,2863.77,2.8,1.6,4.48,5.82,1.3,WIN,YES,10,453.76
2217,2025-03-03,11:00,11:40,LONG,2869.11,2865.59,2865.59,2873.69,2865.59,3.52,1.29,4.54,-4.54,-1,BREAKEVEN,NO,40,449.22
2218,2025-03-03,11:35,11:40,SHORT,2868.09,2870.92,2867.89,2864.41,2864.41,2.83,1.59,4.49,5.84,1.3,WIN,YES,5,455.06
2219,2025-03-03,12:10,12:20,LONG,2868.34,2865.74,2868.54,2871.72,2868.54,2.6,1.75,4.55,0.35,0.08,BREAKEVEN,YES,10,455.41
2220,2025-03-03,13:00,13:15,LONG,2872.45,2869.75,2872.65,2875.96,2872.65,2.7,1.69,4.55,0.34,0.07,BREAKEVEN,YES,15,455.75
2221,2025-03-03,13:50,14:00,LONG,2874.47,2872.32,2874.67,2877.26,2874.67,2.15,2.12,4.56,0.42,0.09,BREAKEVEN,YES,10,456.18
2222,2025-03-03,14:35,15:05,LONG,2876.61,2873.99,2873.99,2880.02,2873.99,2.62,1.74,4.56,-4.56,-1,BREAKEVEN,NO,30,451.61
2223,2025-03-03,15:10,15:55,LONG,2874.81,2867.22,2867.22,2884.68,2872.63,7.59,0.6,4.52,-1.3,-0.29,BREAKEVEN,NO,45,450.32
2224,2025-03-03,15:45,16:10,LONG,2872.58,2869.8,2872.78,2876.19,2872.78,2.78,1.62,4.5,0.32,0.07,BREAKEVEN,YES,25,450.64
2225,2025-03-03,16:25,16:30,LONG,2873.81,2870.98,2874.01,2877.49,2877.49,2.83,1.59,4.51,5.86,1.3,WIN,YES,5,456.5
2226,2025-03-04,07:00,07:20,LONG,2891.88,2889.06,2892.08,2895.55,2892.08,2.82,1.62,4.56,0.32,0.07,BREAKEVEN,YES,20,456.82
2227,2025-03-04,07:55,08:15,LONG,2889.7,2887.1,2887.1,2893.08,2887.1,2.6,1.76,4.57,-4.57,-1,BREAKEVEN,NO,20,452.25
2228,2025-03-04,09:00,09:05,SHORT,2887.72,2889.84,2889.84,2884.96,2889.84,2.12,2.13,4.52,-4.52,-1,BREAKEVEN,NO,5,447.73
2229,2025-03-04,09:40,10:05,LONG,2898.51,2895.36,2898.71,2902.61,2898.71,3.15,1.42,4.48,0.28,0.06,BREAKEVEN,YES,25,448.02
2230,2025-03-04,10:30,10:35,LONG,2914.09,2911.07,2914.29,2918.02,2918.02,3.02,1.48,4.48,5.82,1.3,WIN,YES,5,453.84
2231,2025-03-04,11:05,11:10,LONG,2913.81,2911.02,2914.01,2917.44,2914.01,2.79,1.63,4.54,0.33,0.07,BREAKEVEN,YES,5,454.17
2232,2025-03-04,11:40,12:00,LONG,2919.48,2915.32,2915.32,2924.89,2915.32,4.16,1.09,4.54,-4.54,-1,BREAKEVEN,NO,20,449.62
2233,2025-03-04,12:15,12:30,LONG,2916.17,2913.19,2913.19,2920.04,2913.19,2.98,1.51,4.5,-4.5,-1,BREAKEVEN,NO,15,445.13
2234,2025-03-04,12:50,13:05,SHORT,2914.44,2916.63,2916.63,2911.59,2916.63,2.19,2.03,4.45,-4.45,-1,BREAKEVEN,NO,15,440.68
2235,2025-03-04,13:25,13:35,LONG,2917.2,2915.22,2917.4,2919.77,2917.4,1.98,2.23,4.41,0.45,0.1,BREAKEVEN,YES,10,441.12
2236,2025-03-04,14:00,14:10,LONG,2919.65,2917.64,2919.85,2922.26,2919.85,2.01,2.19,4.41,0.44,0.1,BREAKEVEN,YES,10,441.56
2237,2025-03-04,14:35,14:40,LONG,2919.81,2917.75,2920.01,2922.49,2922.49,2.06,2.14,4.42,5.74,1.3,WIN,YES,5,447.3
2238,2025-03-04,15:10,15:25,LONG,2926.59,2922.9,2922.9,2931.39,2922.9,3.69,1.21,4.47,-4.47,-1,BREAKEVEN,NO,15,442.83
2239,2025-03-04,15:45,16:10,LONG,2922.3,2918.38,2918.38,2927.4,2918.38,3.92,1.13,4.43,-4.43,-1,BREAKEVEN,NO,25,438.4
2240,2025-03-04,16:30,16:40,SHORT,2913.87,2920.55,2913.67,2905.19,2913.67,6.68,0.66,4.38,0.13,0.03,BREAKEVEN,YES,10,438.53
2241,2025-03-05,07:00,07:35,LONG,2911.16,2908.52,2911.36,2914.59,2911.36,2.64,1.66,4.39,0.33,0.08,BREAKEVEN,YES,35,438.86
2242,2025-03-05,07:35,07:45,LONG,2911.92,2909.67,2912.12,2914.85,2914.85,2.25,1.95,4.39,5.71,1.3,WIN,YES,10,444.57
2243,2025-03-05,08:15,08:20,SHORT,2920.27,2923.13,2920.07,2916.55,2920.07,2.86,1.55,4.45,0.31,0.07,BREAKEVEN,YES,5,444.88
2244,2025-03-05,09:05,09:20,SHORT,2918.57,2921.3,2918.37,2915.02,2915.02,2.73,1.63,4.45,5.78,1.3,WIN,YES,15,450.66
2245,2025-03-05,09:40,09:50,SHORT,2915.84,2919.19,2915.64,2911.49,2915.64,3.35,1.35,4.51,0.27,0.06,BREAKEVEN,YES,10,450.93
2246,2025-03-05,10:15,10:30,LONG,2921.23,2918.68,2918.68,2924.55,2918.68,2.55,1.77,4.51,-4.51,-1,BREAKEVEN,NO,15,446.42
2247,2025-03-05,10:50,11:00,SHORT,2920.19,2922.42,2922.42,2917.29,2922.42,2.23,2,4.46,-4.46,-1,BREAKEVEN,NO,10,441.96
2248,2025-03-05,11:50,12:20,SHORT,2918.35,2920.85,2918.15,2915.1,2915.1,2.5,1.77,4.42,5.75,1.3,WIN,YES,30,447.7
2249,2025-03-05,12:30,12:35,SHORT,2917.14,2919.8,2916.94,2913.68,2916.94,2.66,1.68,4.48,0.34,0.08,BREAKEVEN,YES,5,448.04
2250,2025-03-05,13:45,14:15,SHORT,2914.41,2918.73,2918.73,2908.79,2918.73,4.32,1.04,4.48,-4.48,-1,BREAKEVEN,NO,30,443.56
2251,2025-03-05,14:20,14:40,LONG,2918.12,2914.66,2914.66,2922.62,2914.66,3.46,1.28,4.44,-4.44,-1,BREAKEVEN,NO,20,439.12
2252,2025-03-05,15:15,15:30,SHORT,2913.31,2917.91,2913.11,2907.33,2907.33,4.6,0.95,4.39,5.71,1.3,WIN,YES,15,444.83
2253,2025-03-05,15:50,15:55,LONG,2896.91,2892.8,2897.11,2902.25,2897.11,4.11,1.08,4.45,0.22,0.05,BREAKEVEN,YES,5,445.05
2254,2025-03-05,16:40,16:55,LONG,2914.54,2910.64,2910.64,2919.61,2910.64,3.9,1.14,4.45,-4.45,-1,BREAKEVEN,NO,15,440.6
2255,2025-03-06,07:00,07:30,LONG,2917.25,2914.07,2917.45,2921.38,2917.45,3.18,1.39,4.41,0.28,0.06,BREAKEVEN,YES,30,440.88
2256,2025-03-06,07:50,07:55,LONG,2916.99,2913.92,2917.19,2920.98,2917.19,3.07,1.44,4.41,0.29,0.07,BREAKEVEN,YES,5,441.16
2257,2025-03-06,08:25,08:50,LONG,2921.44,2919.24,2921.64,2924.3,2921.64,2.2,2.01,4.41,0.4,0.09,BREAKEVEN,YES,25,441.56
2258,2025-03-06,09:05,09:20,LONG,2920.83,2917.89,2917.89,2924.65,2917.89,2.94,1.5,4.42,-4.42,-1,BREAKEVEN,NO,15,437.15
2259,2025-03-06,09:40,09:55,LONG,2915.18,2911.84,2911.84,2919.52,2911.84,3.34,1.31,4.37,-4.37,-1,BREAKEVEN,NO,15,432.78
2260,2025-03-06,10:15,10:35,LONG,2907.94,2903.7,2903.7,2913.45,2903.7,4.24,1.02,4.33,-4.33,-1,BREAKEVEN,NO,20,428.45
2261,2025-03-06,10:50,11:00,LONG,2904.29,2899.57,2899.57,2910.43,2899.57,4.72,0.91,4.28,-4.28,-1,BREAKEVEN,NO,10,424.16
2262,2025-03-06,11:30,11:35,SHORT,2898.92,2902.35,2898.72,2894.46,2898.72,3.43,1.24,4.24,0.25,0.06,BREAKEVEN,YES,5,424.41
2263,2025-03-06,12:05,12:15,LONG,2893,2890.43,2893.61,2896.34,2896.34,2.57,1.65,4.24,5.52,1.3,WIN,YES,10,429.93
2264,2025-03-06,13:40,14:25,LONG,2906.48,2901.39,2901.39,2913.1,2903.72,5.09,0.84,4.3,-2.33,-0.54,BREAKEVEN,NO,45,427.6
2265,2025-03-06,14:15,14:20,LONG,2903.84,2901.4,2904.04,2907.01,2904.04,2.44,1.75,4.28,0.35,0.08,BREAKEVEN,YES,5,427.95
2266,2025-03-06,15:00,15:05,LONG,2903.38,2899.53,2903.58,2908.39,2903.58,3.85,1.11,4.28,0.22,0.05,BREAKEVEN,YES,5,428.17
2267,2025-03-06,15:35,16:00,LONG,2904.29,2900.37,2904.49,2909.39,2904.49,3.92,1.09,4.28,0.22,0.05,BREAKEVEN,YES,25,428.39
2268,2025-03-06,16:10,16:30,LONG,2908.93,2904.93,2909.13,2914.13,2909.13,4,1.07,4.28,0.21,0.05,BREAKEVEN,YES,20,428.6
2269,2025-03-06,16:45,17:00,LONG,2914.49,2909.27,2914.69,2921.28,2921.28,5.22,0.82,4.29,5.57,1.3,WIN,YES,15,434.18
2270,2025-03-07,07:10,07:20,SHORT,2908.61,2911.2,2911.2,2905.24,2911.2,2.59,1.68,4.34,-4.34,-1,BREAKEVEN,NO,10,429.83
2271,2025-03-07,07:45,08:15,SHORT,2910.5,2913.14,2910.3,2907.07,2910.3,2.64,1.63,4.3,0.33,0.08,BREAKEVEN,YES,30,430.16
2272,2025-03-07,08:20,08:30,SHORT,2911.24,2913.49,2913.49,2908.31,2913.49,2.25,1.91,4.3,-4.3,-1,BREAKEVEN,NO,10,425.86
2273,2025-03-07,09:00,09:45,LONG,2914.24,2911.01,2911.01,2918.44,2915.5,3.23,1.32,4.26,1.66,0.39,BREAKEVEN,NO,45,427.52
2274,2025-03-07,09:45,10:00,SHORT,2915.5,2917.47,2917.47,2912.94,2917.47,1.97,2.17,4.28,-4.28,-1,BREAKEVEN,NO,15,423.24
2275,2025-03-07,10:20,11:05,LONG,2919.78,2916.22,2919.98,2924.41,2921.78,3.56,1.19,4.23,2.38,0.56,BREAKEVEN,YES,45,425.62
2276,2025-03-07,10:55,11:40,LONG,2922.44,2920.31,2920.31,2925.21,2922.02,2.13,2,4.26,-0.84,-0.2,BREAKEVEN,NO,45,424.78
2277,2025-03-07,11:30,12:05,LONG,2921.74,2919.77,2919.77,2924.3,2919.77,1.97,2.16,4.25,-4.25,-1,BREAKEVEN,NO,35,420.53
2278,2025-03-07,12:05,12:20,LONG,2920.68,2917.42,2917.42,2924.92,2917.42,3.26,1.29,4.21,-4.21,-1,BREAKEVEN,NO,15,416.33
2279,2025-03-07,12:40,12:45,SHORT,2919.87,2922.86,2919.67,2915.98,2919.67,2.99,1.39,4.16,0.28,0.07,BREAKEVEN,YES,5,416.61
2280,2025-03-07,13:20,13:50,LONG,2920.72,2917.73,2917.73,2924.61,2917.73,2.99,1.39,4.17,-4.17,-1,BREAKEVEN,NO,30,412.44
2281,2025-03-07,13:55,14:20,SHORT,2918.75,2920.91,2920.91,2915.94,2920.91,2.16,1.91,4.12,-4.12,-1,BREAKEVEN,NO,25,408.32
2282,2025-03-07,14:30,14:50,LONG,2921.57,2919.43,2919.43,2924.35,2919.43,2.14,1.91,4.08,-4.08,-1,BREAKEVEN,NO,20,404.23
2283,2025-03-07,15:25,15:30,LONG,2911.64,2908.87,2911.84,2915.24,2915.24,2.77,1.46,4.04,5.26,1.3,WIN,YES,5,409.49
2284,2025-03-07,16:10,16:15,LONG,2913.81,2910.23,2914.01,2918.46,2914.01,3.58,1.14,4.09,0.23,0.06,BREAKEVEN,YES,5,409.72
2285,2025-03-07,16:45,16:50,SHORT,2920.5,2924.94,2924.94,2914.73,2924.94,4.44,0.92,4.1,-4.1,-1,BREAKEVEN,NO,5,405.62
2286,2025-03-10,07:20,08:05,LONG,2908.73,2906.54,2910.4,2911.58,2911.58,2.19,1.85,4.06,5.27,1.3,WIN,YES,45,410.89
2287,2025-03-10,08:15,08:35,SHORT,2909.49,2913.24,2913.24,2904.61,2913.24,3.75,1.1,4.11,-4.11,-1,BREAKEVEN,NO,20,406.78
2288,2025-03-10,08:50,08:55,LONG,2912.63,2910.76,2912.83,2915.06,2912.83,1.87,2.18,4.07,0.44,0.11,BREAKEVEN,YES,5,407.22
2289,2025-03-10,09:30,09:45,LONG,2915.06,2912.61,2912.61,2918.24,2912.61,2.45,1.66,4.07,-4.07,-1,BREAKEVEN,NO,15,403.15
2290,2025-03-10,10:05,10:10,LONG,2910.24,2906.79,2906.79,2914.72,2906.79,3.45,1.17,4.03,-4.03,-1,BREAKEVEN,NO,5,399.12
2291,2025-03-10,10:45,11:00,LONG,2899.58,2896.37,2899.78,2903.75,2899.78,3.21,1.24,3.99,0.25,0.06,BREAKEVEN,YES,15,399.36
2292,2025-03-10,11:25,11:45,LONG,2912.63,2909.89,2912.83,2916.19,2912.83,2.74,1.46,3.99,0.29,0.07,BREAKEVEN,YES,20,399.66
2293,2025-03-10,12:00,12:20,LONG,2909.34,2904.99,2904.99,2915,2904.99,4.35,0.92,4,-4,-1,BREAKEVEN,NO,20,395.66
2294,2025-03-10,12:35,13:00,LONG,2900.95,2898.05,2901.52,2904.72,2901.52,2.9,1.36,3.96,0.78,0.2,BREAKEVEN,YES,25,396.44
2295,2025-03-10,13:10,13:20,LONG,2901.29,2898.07,2898.07,2905.48,2898.07,3.22,1.23,3.96,-3.96,-1,BREAKEVEN,NO,10,392.47
2296,2025-03-10,13:45,13:50,LONG,2898.32,2894.97,2898.52,2902.68,2902.68,3.35,1.17,3.92,5.1,1.3,WIN,YES,5,397.57
2297,2025-03-10,14:20,14:25,LONG,2902.71,2898.9,2902.91,2907.66,2902.91,3.81,1.04,3.98,0.21,0.05,BREAKEVEN,YES,5,397.78
2298,2025-03-10,15:05,15:20,LONG,2906.72,2903.9,2903.9,2910.39,2903.9,2.82,1.41,3.98,-3.98,-1,BREAKEVEN,NO,15,393.81
2299,2025-03-10,15:45,16:05,LONG,2900,2896.18,2900.34,2904.97,2904.97,3.82,1.03,3.94,5.12,1.3,WIN,YES,20,398.93
2300,2025-03-10,16:20,16:30,LONG,2906.44,2903.46,2903.46,2910.31,2903.46,2.98,1.34,3.99,-3.99,-1,BREAKEVEN,NO,10,394.94
2301,2025-03-11,07:00,07:40,SHORT,2897.8,2900.27,2897.6,2894.59,2897.6,2.47,1.6,3.95,0.32,0.08,BREAKEVEN,YES,40,395.26
2302,2025-03-11,07:35,07:40,SHORT,2897.81,2900.58,2897.61,2894.21,2897.61,2.77,1.43,3.95,0.29,0.07,BREAKEVEN,YES,5,395.54
2303,2025-03-11,08:40,08:50,SHORT,2900.13,2902.16,2902.16,2897.49,2902.16,2.03,1.95,3.96,-3.96,-1,BREAKEVEN,NO,10,391.59
2304,2025-03-11,09:25,09:35,LONG,2900.19,2898.04,2898.04,2902.99,2898.04,2.15,1.82,3.92,-3.92,-1,BREAKEVEN,NO,10,387.67
2305,2025-03-11,10:00,10:10,LONG,2901.89,2898.91,2902.09,2905.76,2902.09,2.98,1.3,3.88,0.26,0.07,BREAKEVEN,YES,10,387.93
2306,2025-03-11,10:45,11:30,LONG,2909.52,2905.84,2905.84,2914.3,2909.46,3.68,1.05,3.88,-0.06,-0.02,BREAKEVEN,NO,45,387.87
2307,2025-03-11,11:20,12:05,LONG,2910.51,2907.72,2910.71,2914.14,2911.5,2.79,1.39,3.88,1.38,0.35,BREAKEVEN,YES,45,389.24
2308,2025-03-11,11:55,12:25,SHORT,2911.75,2913.85,2913.85,2909.02,2913.85,2.1,1.85,3.89,-3.89,-1,BREAKEVEN,NO,30,385.35
2309,2025-03-11,12:30,13:15,SHORT,2911.92,2914.95,2914.95,2907.98,2912.68,3.03,1.27,3.85,-0.97,-0.25,BREAKEVEN,NO,45,384.38
2310,2025-03-11,13:10,13:30,SHORT,2912.5,2914.93,2914.93,2909.34,2914.93,2.43,1.58,3.84,-3.84,-1,BREAKEVEN,NO,20,380.54
2311,2025-03-11,13:45,14:15,SHORT,2914.29,2916.8,2913.43,2911.03,2911.03,2.51,1.52,3.81,4.95,1.3,BREAKEVEN,YES,30,385.49
2312,2025-03-11,14:20,14:25,SHORT,2911.59,2913.76,2913.76,2908.77,2913.76,2.17,1.78,3.85,-3.85,-1,BREAKEVEN,NO,5,381.63
2313,2025-03-11,14:55,15:05,LONG,2913.08,2909.81,2909.81,2917.33,2909.81,3.27,1.17,3.82,-3.82,-1,BREAKEVEN,NO,10,377.82
2314,2025-03-11,15:40,16:00,LONG,2919.7,2915.78,2915.78,2924.8,2915.78,3.92,0.96,3.78,-3.78,-1,BREAKEVEN,NO,20,374.04
2315,2025-03-11,16:15,16:45,SHORT,2917.83,2922.42,2915.96,2911.86,2915.96,4.59,0.81,3.74,1.52,0.41,BREAKEVEN,YES,30,375.56
2316,2025-03-12,07:05,07:50,SHORT,2913.29,2915.87,2915.87,2909.94,2915.87,2.58,1.46,3.76,-3.76,-1,BREAKEVEN,NO,45,371.81
2317,2025-03-12,07:40,08:05,LONG,2914.88,2912.32,2916.87,2918.21,2918.21,2.56,1.45,3.72,4.83,1.3,BREAKEVEN,YES,25,376.64
2318,2025-03-12,08:15,08:25,LONG,2919.99,2917.14,2917.14,2923.69,2917.14,2.85,1.32,3.77,-3.77,-1,BREAKEVEN,NO,10,372.87
2319,2025-03-12,08:50,08:55,SHORT,2914.02,2916.74,2913.82,2910.48,2913.82,2.72,1.37,3.73,0.27,0.07,BREAKEVEN,YES,5,373.15
2320,2025-03-12,09:25,09:35,SHORT,2911.15,2913.99,2913.99,2907.46,2913.99,2.84,1.31,3.73,-3.73,-1,BREAKEVEN,NO,10,369.42
2321,2025-03-12,10:10,10:30,LONG,2916.23,2914.03,2916.43,2919.09,2919.09,2.2,1.68,3.69,4.8,1.3,BREAKEVEN,YES,20,374.22
2322,2025-03-12,10:45,11:00,LONG,2920.11,2916.58,2920.31,2924.7,2924.7,3.53,1.06,3.74,4.86,1.3,BREAKEVEN,YES,15,379.08
2323,2025-03-12,11:20,11:35,SHORT,2920.01,2922.47,2919.81,2916.81,2919.81,2.46,1.54,3.79,0.31,0.08,BREAKEVEN,YES,15,379.39
2324,2025-03-12,11:55,12:40,SHORT,2914.82,2917.5,2914.62,2911.34,2914.62,2.68,1.42,3.79,0.28,0.07,BREAKEVEN,YES,45,379.67
2325,2025-03-12,12:40,13:25,SHORT,2914.18,2916.22,2916.22,2911.53,2913.34,2.04,1.86,3.8,1.56,0.41,BREAKEVEN,NO,45,381.24
2326,2025-03-12,13:15,13:30,SHORT,2914.95,2917.39,2914.75,2911.78,2914.75,2.44,1.56,3.81,0.31,0.08,BREAKEVEN,YES,15,381.55
2327,2025-03-12,13:50,14:00,LONG,2916.39,2914.28,2914.28,2919.13,2914.28,2.11,1.81,3.82,-3.82,-1,BREAKEVEN,NO,10,377.73
2328,2025-03-12,14:25,14:30,SHORT,2913.76,2916.67,2916.67,2909.98,2916.67,2.91,1.3,3.78,-3.78,-1,BREAKEVEN,NO,5,373.96
2329,2025-03-12,15:00,15:15,LONG,2917.45,2913.53,2913.53,2922.55,2913.53,3.92,0.95,3.74,-3.74,-1,BREAKEVEN,NO,15,370.22
2330,2025-03-12,15:35,15:45,LONG,2911.19,2908.31,2911.39,2914.93,2914.93,2.88,1.29,3.7,4.81,1.3,BREAKEVEN,YES,10,375.03
2331,2025-03-12,16:10,16:20,LONG,2915.9,2913.24,2916.1,2919.36,2916.1,2.66,1.41,3.75,0.28,0.08,BREAKEVEN,YES,10,375.31
2332,2025-03-12,16:55,17:00,LONG,2921.85,2918.09,2922.05,2926.74,2922.05,3.76,1,3.75,0.2,0.05,BREAKEVEN,YES,5,375.51
2333,2025-03-13,07:45,08:05,LONG,2939.5,2937.38,2937.38,2942.26,2937.38,2.12,1.77,3.76,-3.76,-1,BREAKEVEN,NO,20,371.76
2334,2025-03-13,08:20,09:05,SHORT,2938.35,2941.15,2938.15,2934.71,2936.7,2.8,1.33,3.72,2.19,0.59,BREAKEVEN,YES,45,373.95
2335,2025-03-13,09:00,09:45,SHORT,2936.49,2939.55,2935.28,2932.51,2933.88,3.06,1.22,3.74,3.19,0.85,BREAKEVEN,YES,45,377.14
2336,2025-03-13,09:40,10:00,SHORT,2933.83,2936.36,2936.36,2930.54,2936.36,2.53,1.49,3.77,-3.77,-1,BREAKEVEN,NO,20,373.37
2337,2025-03-13,10:40,10:55,LONG,2943.35,2941.4,2941.4,2945.88,2941.4,1.95,1.91,3.73,-3.73,-1,BREAKEVEN,NO,15,369.63
2338,2025-03-13,11:45,12:15,SHORT,2947.51,2950.33,2945.51,2943.84,2943.84,2.82,1.31,3.7,4.81,1.3,BREAKEVEN,YES,30,374.44
2339,2025-03-13,12:30,12:35,SHORT,2944.38,2946.5,2944.18,2941.62,2944.18,2.12,1.77,3.74,0.35,0.09,BREAKEVEN,YES,5,374.79
2340,2025-03-13,13:05,13:50,LONG,2946.71,2943.62,2943.62,2950.73,2947.09,3.09,1.21,3.75,0.46,0.12,BREAKEVEN,NO,45,375.25
2341,2025-03-13,13:45,14:00,LONG,2947.03,2944.61,2947.23,2950.18,2947.23,2.42,1.55,3.75,0.31,0.08,BREAKEVEN,YES,15,375.56
2342,2025-03-13,14:35,15:00,LONG,2945.62,2940.04,2940.04,2952.87,2940.04,5.58,0.67,3.76,-3.76,-1,BREAKEVEN,NO,25,371.81
2343,2025-03-13,15:10,15:30,SHORT,2942.56,2947.24,2947.24,2936.48,2947.24,4.68,0.79,3.72,-3.72,-1,BREAKEVEN,NO,20,368.09
2344,2025-03-13,15:55,16:00,LONG,2950.35,2947.98,2950.55,2953.43,2950.55,2.37,1.55,3.68,0.31,0.08,BREAKEVEN,YES,5,368.4
2345,2025-03-13,16:30,16:35,LONG,2954.54,2951.05,2954.74,2959.08,2954.74,3.49,1.06,3.68,0.21,0.06,BREAKEVEN,YES,5,368.61
2346,2025-03-14,07:00,07:25,SHORT,2985.24,2987.41,2985.04,2982.42,2982.42,2.17,1.7,3.69,4.79,1.3,BREAKEVEN,YES,25,373.4
2347,2025-03-14,07:35,07:50,SHORT,2984.7,2987.53,2984.5,2981.02,2984.5,2.83,1.32,3.73,0.26,0.07,BREAKEVEN,YES,15,373.67
2348,2025-03-14,08:20,08:45,LONG,2982.8,2979.75,2983.85,2986.77,2986.77,3.05,1.23,3.74,4.86,1.3,BREAKEVEN,YES,25,378.52
2349,2025-03-14,08:55,09:05,LONG,2985.62,2983.68,2983.68,2988.14,2983.68,1.94,1.95,3.79,-3.79,-1,BREAKEVEN,NO,10,374.74
2350,2025-03-14,09:45,09:55,SHORT,2983.9,2986.29,2986.29,2980.79,2986.29,2.39,1.57,3.75,-3.75,-1,BREAKEVEN,NO,10,370.99
2351,2025-03-14,10:25,10:30,SHORT,2992.38,2994.43,2992.18,2989.72,2989.72,2.05,1.81,3.71,4.82,1.3,BREAKEVEN,YES,5,375.81
2352,2025-03-14,11:20,11:40,LONG,2995.98,2993.9,2996.66,2998.68,2998.68,2.08,1.81,3.76,4.89,1.3,BREAKEVEN,YES,20,380.7
2353,2025-03-14,11:55,12:10,LONG,2998.81,2996.96,2999.01,3001.21,3001.21,1.85,2.06,3.81,4.95,1.3,BREAKEVEN,YES,15,385.65
2354,2025-03-14,12:40,13:00,SHORT,2990.21,2995.57,2995.57,2983.24,2995.57,5.36,0.72,3.86,-3.86,-1,BREAKEVEN,NO,20,381.79
2355,2025-03-14,13:15,13:30,LONG,2997.67,2994.98,2994.98,3001.17,2994.98,2.69,1.42,3.82,-3.82,-1,BREAKEVEN,NO,15,377.97
2356,2025-03-14,13:50,13:55,SHORT,2996.97,2999.82,2996.77,2993.26,2996.77,2.85,1.33,3.78,0.27,0.07,BREAKEVEN,YES,5,378.24
2357,2025-03-14,14:35,14:45,LONG,2998.13,2995.74,2995.74,3001.24,2995.74,2.39,1.58,3.78,-3.78,-1,BREAKEVEN,NO,10,374.46
2358,2025-03-14,15:10,15:20,SHORT,2992.97,2995.89,2995.89,2989.17,2995.89,2.92,1.28,3.74,-3.74,-1,BREAKEVEN,NO,10,370.71
2359,2025-03-14,16:00,16:05,SHORT,2986.38,2989.31,2989.31,2982.57,2989.31,2.93,1.27,3.71,-3.71,-1,BREAKEVEN,NO,5,367.01
2360,2025-03-14,16:40,16:50,SHORT,2985.31,2988.25,2985.11,2981.49,2985.11,2.94,1.25,3.67,0.25,0.07,BREAKEVEN,YES,10,367.25
2361,2025-03-17,07:15,07:20,SHORT,2983.23,2985.17,2985.17,2980.71,2985.17,1.94,1.89,3.67,-3.67,-1,BREAKEVEN,NO,5,363.58
2362,2025-03-17,08:05,08:15,LONG,2985.95,2983.88,2986.15,2988.64,2986.15,2.07,1.76,3.64,0.35,0.1,BREAKEVEN,YES,10,363.93
2363,2025-03-17,08:40,09:20,LONG,2990.25,2988.24,2988.24,2992.86,2988.24,2.01,1.81,3.64,-3.64,-1,BREAKEVEN,NO,40,360.29
2364,2025-03-17,09:20,09:40,LONG,2988.83,2986.61,2986.61,2991.72,2986.61,2.22,1.62,3.6,-3.6,-1,BREAKEVEN,NO,20,356.69
2365,2025-03-17,10:15,10:35,LONG,2983.81,2981.54,2984.31,2986.76,2986.76,2.27,1.57,3.57,4.64,1.3,BREAKEVEN,YES,20,361.33
2366,2025-03-17,11:00,11:35,LONG,2989.34,2986.07,2992.05,2993.59,2993.59,3.27,1.1,3.61,4.7,1.3,BREAKEVEN,YES,35,366.03
2367,2025-03-17,11:50,11:55,SHORT,2996.3,2998.34,2996.1,2993.65,2996.1,2.04,1.79,3.66,0.36,0.1,BREAKEVEN,YES,5,366.38
2368,2025-03-17,12:25,12:50,SHORT,2995.32,2998.42,2998.42,2991.29,2998.42,3.1,1.18,3.66,-3.66,-1,BREAKEVEN,NO,25,362.72
2369,2025-03-17,13:00,13:40,SHORT,2999.37,3001.39,2999.17,2996.74,2999.17,2.02,1.8,3.63,0.36,0.1,BREAKEVEN,YES,40,363.08
2370,2025-03-17,13:35,13:50,SHORT,2999.29,3002.1,2999.09,2995.64,2999.09,2.81,1.29,3.63,0.26,0.07,BREAKEVEN,YES,15,363.34
2371,2025-03-17,15:10,15:25,SHORT,2988.85,2992.17,2988.65,2984.53,2988.65,3.32,1.09,3.63,0.22,0.06,BREAKEVEN,YES,15,363.56
2372,2025-03-17,15:50,16:00,SHORT,2989.83,2992.9,2989.63,2985.84,2989.63,3.07,1.18,3.64,0.24,0.07,BREAKEVEN,YES,10,363.79
2373,2025-03-17,16:40,17:00,LONG,2999.97,2996.69,2996.69,3004.23,2996.69,3.28,1.11,3.64,-3.64,-1,BREAKEVEN,NO,20,360.16
2374,2025-03-18,07:50,08:00,LONG,3012.69,3010.68,3012.89,3015.3,3015.3,2.01,1.79,3.6,4.68,1.3,BREAKEVEN,YES,10,364.84
2375,2025-03-18,08:25,08:45,LONG,3011.86,3009.2,3012.61,3015.32,3015.32,2.66,1.37,3.65,4.74,1.3,BREAKEVEN,YES,20,369.58
2376,2025-03-18,09:00,09:05,LONG,3015.29,3012.94,3015.49,3018.34,3015.49,2.35,1.57,3.7,0.31,0.09,BREAKEVEN,YES,5,369.9
2377,2025-03-18,09:40,09:50,LONG,3017.92,3015.38,3015.38,3021.22,3015.38,2.54,1.46,3.7,-3.7,-1,BREAKEVEN,NO,10,366.2
2378,2025-03-18,10:15,10:20,SHORT,3020.37,3022.39,3022.39,3017.74,3022.39,2.02,1.81,3.66,-3.66,-1,BREAKEVEN,NO,5,362.53
2379,2025-03-18,10:50,11:00,LONG,3026.23,3023.56,3026.43,3029.7,3026.43,2.67,1.36,3.63,0.27,0.07,BREAKEVEN,YES,10,362.81
2380,2025-03-18,11:30,11:50,LONG,3021.82,3018.18,3018.18,3026.55,3018.18,3.64,1,3.63,-3.63,-1,BREAKEVEN,NO,20,359.18
2381,2025-03-18,12:05,12:50,LONG,3023.53,3019.92,3019.92,3028.22,3024.36,3.61,0.99,3.59,0.83,0.23,BREAKEVEN,NO,45,360
2382,2025-03-18,12:40,13:25,LONG,3023.37,3019.17,3019.17,3028.83,3024.53,4.2,0.86,3.6,0.99,0.28,BREAKEVEN,NO,45,361
2383,2025-03-18,13:20,13:40,SHORT,3025.19,3027.79,3027.79,3021.81,3027.79,2.6,1.39,3.61,-3.61,-1,BREAKEVEN,NO,20,357.39
2384,2025-03-18,14:05,14:50,LONG,3030.55,3026.26,3033.42,3036.13,3035.04,4.29,0.83,3.57,3.74,1.05,BREAKEVEN,YES,45,361.13
2385,2025-03-18,14:45,15:20,SHORT,3034.27,3036.66,3036.66,3031.16,3036.66,2.39,1.51,3.61,-3.61,-1,BREAKEVEN,NO,35,357.52
2386,2025-03-18,15:20,15:30,LONG,3037.36,3033.55,3033.55,3042.31,3033.55,3.81,0.94,3.58,-3.58,-1,BREAKEVEN,NO,10,353.94
2387,2025-03-18,16:00,16:05,LONG,3030.4,3027.05,3030.6,3034.76,3030.6,3.35,1.06,3.54,0.21,0.06,BREAKEVEN,YES,5,354.15
2388,2025-03-18,16:35,16:45,SHORT,3028.62,3032.33,3028.42,3023.8,3028.42,3.71,0.95,3.54,0.19,0.05,BREAKEVEN,YES,10,354.34
2389,2025-03-19,07:05,07:30,SHORT,3037.5,3039.41,3039.41,3035.02,3039.41,1.91,1.86,3.54,-3.54,-1,BREAKEVEN,NO,25,350.8
2390,2025-03-19,07:40,07:55,LONG,3041.51,3039.31,3041.99,3044.37,3044.37,2.2,1.59,3.51,4.56,1.3,BREAKEVEN,YES,15,355.36
2391,2025-03-19,08:15,08:50,SHORT,3037.71,3042.49,3042.49,3031.5,3042.49,4.78,0.74,3.55,-3.55,-1,BREAKEVEN,NO,35,351.81
2392,2025-03-19,08:55,09:10,LONG,3042.02,3039.38,3039.38,3045.45,3039.38,2.64,1.33,3.52,-3.52,-1,BREAKEVEN,NO,15,348.29
2393,2025-03-19,09:50,10:05,SHORT,3037.22,3039.63,3036.87,3034.09,3034.09,2.41,1.45,3.48,4.53,1.3,BREAKEVEN,YES,15,352.82
2394,2025-03-19,10:25,10:30,SHORT,3033.33,3035.63,3033.13,3030.34,3033.13,2.3,1.53,3.53,0.31,0.09,BREAKEVEN,YES,5,353.12
2395,2025-03-19,11:00,11:30,SHORT,3024.41,3028.87,3028.87,3018.61,3028.87,4.46,0.79,3.53,-3.53,-1,BREAKEVEN,NO,30,349.59
2396,2025-03-19,11:35,12:15,LONG,3029.19,3026,3029.39,3033.34,3033.34,3.19,1.1,3.5,4.54,1.3,BREAKEVEN,YES,40,354.14
2397,2025-03-19,12:10,12:15,LONG,3029.42,3026.92,3029.62,3032.67,3032.67,2.5,1.42,3.54,4.6,1.3,BREAKEVEN,YES,5,358.74
2398,2025-03-19,12:45,12:55,LONG,3036.3,3033.85,3033.85,3039.49,3033.85,2.45,1.46,3.59,-3.59,-1,BREAKEVEN,NO,10,355.15
2399,2025-03-19,13:20,14:05,LONG,3038.07,3035.1,3038.27,3041.93,3038.27,2.97,1.2,3.55,0.24,0.07,BREAKEVEN,YES,45,355.39
2400,2025-03-19,13:55,14:20,SHORT,3038.82,3041.4,3038.62,3035.47,3038.62,2.58,1.38,3.55,0.28,0.08,BREAKEVEN,YES,25,355.67
2401,2025-03-19,14:40,14:55,LONG,3039.64,3037.27,3037.27,3042.72,3037.27,2.37,1.5,3.56,-3.56,-1,BREAKEVEN,NO,15,352.11
2402,2025-03-19,15:25,15:30,SHORT,3034.06,3036.75,3033.86,3030.56,3030.56,2.69,1.31,3.52,4.58,1.3,BREAKEVEN,YES,5,356.69
2403,2025-03-19,16:10,16:25,LONG,3028.31,3025.61,3028.51,3031.82,3028.51,2.7,1.32,3.57,0.26,0.07,BREAKEVEN,YES,15,356.95
2404,2025-03-19,16:45,17:05,SHORT,3028.62,3032.31,3032.31,3023.82,3032.31,3.69,0.97,3.57,-3.57,-1,BREAKEVEN,NO,20,353.38
2405,2025-03-20,07:00,07:20,LONG,3052.47,3050.29,3050.29,3055.3,3050.29,2.18,1.62,3.53,-3.53,-1,BREAKEVEN,NO,20,349.85
2406,2025-03-20,07:40,08:20,LONG,3046.75,3043.41,3047.69,3051.09,3051.09,3.34,1.05,3.5,4.55,1.3,BREAKEVEN,YES,40,354.4
2407,2025-03-20,08:15,08:20,LONG,3049.29,3047.14,3049.49,3052.09,3049.49,2.15,1.65,3.54,0.33,0.09,BREAKEVEN,YES,5,354.73
2408,2025-03-20,08:50,09:00,LONG,3049.76,3047.29,3047.29,3052.97,3047.29,2.47,1.44,3.55,-3.55,-1,BREAKEVEN,NO,10,351.18
2409,2025-03-20,09:25,09:45,LONG,3046.86,3043.82,3043.82,3050.81,3043.82,3.04,1.16,3.51,-3.51,-1,BREAKEVEN,NO,20,347.67
2410,2025-03-20,10:00,10:25,SHORT,3042.5,3045.51,3041.42,3038.59,3038.59,3.01,1.16,3.48,4.52,1.3,BREAKEVEN,YES,25,352.19
2411,2025-03-20,10:45,11:30,LONG,3041.61,3037.51,3043.23,3046.94,3045.17,4.1,0.86,3.52,3.06,0.87,BREAKEVEN,YES,45,355.25
2412,2025-03-20,11:25,11:40,LONG,3044.69,3042.53,3044.89,3047.5,3044.89,2.16,1.64,3.55,0.33,0.09,BREAKEVEN,YES,15,355.58
2413,2025-03-20,12:20,12:25,SHORT,3033.02,3035.63,3032.82,3029.63,3032.82,2.61,1.36,3.56,0.27,0.08,BREAKEVEN,YES,5,355.85
2414,2025-03-20,12:55,13:00,SHORT,3034.18,3037.04,3033.98,3030.46,3033.98,2.86,1.24,3.56,0.25,0.07,BREAKEVEN,YES,5,356.1
2415,2025-03-20,13:30,13:40,LONG,3031.24,3028.75,3031.44,3034.48,3031.44,2.49,1.43,3.56,0.29,0.08,BREAKEVEN,YES,10,356.38
2416,2025-03-20,14:05,14:40,LONG,3035.66,3031.89,3038.1,3040.56,3040.56,3.77,0.95,3.56,4.63,1.3,BREAKEVEN,YES,35,361.02
2417,2025-03-20,14:40,15:00,SHORT,3040.68,3043.29,3040.48,3037.29,3037.29,2.61,1.38,3.61,4.69,1.3,BREAKEVEN,YES,20,365.71
2418,2025-03-20,15:15,15:30,LONG,3033.22,3029.92,3033.42,3037.51,3033.42,3.3,1.11,3.66,0.22,0.06,BREAKEVEN,YES,15,365.93
2419,2025-03-20,15:50,15:55,LONG,3034.16,3031.96,3031.96,3037.02,3031.96,2.2,1.66,3.66,-3.66,-1,BREAKEVEN,NO,5,362.27
2420,2025-03-20,16:25,16:35,LONG,3032.87,3030.42,3033.07,3036.05,3036.05,2.45,1.48,3.62,4.71,1.3,BREAKEVEN,YES,10,366.98
2421,2025-03-21,07:00,07:25,SHORT,3029.66,3031.91,3028.23,3026.73,3026.73,2.25,1.63,3.67,4.77,1.3,BREAKEVEN,YES,25,371.75
2422,2025-03-21,07:35,07:40,SHORT,3026.11,3028.56,3025.91,3022.93,3022.93,2.45,1.52,3.72,4.83,1.3,BREAKEVEN,YES,5,376.58
2423,2025-03-21,08:10,08:30,LONG,3031.03,3028.64,3031.23,3034.14,3031.23,2.39,1.58,3.77,0.32,0.08,BREAKEVEN,YES,20,376.9
2424,2025-03-21,08:50,09:10,SHORT,3028.46,3031.59,3031.59,3024.39,3031.59,3.13,1.2,3.77,-3.77,-1,BREAKEVEN,NO,20,373.13
2425,2025-03-21,09:30,10:00,LONG,3031.74,3029.29,3031.94,3034.92,3031.94,2.45,1.52,3.73,0.3,0.08,BREAKEVEN,YES,30,373.44
2426,2025-03-21,10:05,10:10,LONG,3033.94,3031.58,3031.58,3037.01,3031.58,2.36,1.58,3.73,-3.73,-1,BREAKEVEN,NO,5,369.7
2427,2025-03-21,10:45,11:10,LONG,3033.94,3031.02,3031.02,3037.74,3031.02,2.92,1.27,3.7,-3.7,-1,BREAKEVEN,NO,25,366
2428,2025-03-21,11:20,12:00,LONG,3030.11,3027.79,3030.31,3033.13,3030.31,2.32,1.58,3.66,0.32,0.09,BREAKEVEN,YES,40,366.32
2429,2025-03-21,11:55,12:00,LONG,3029.67,3027.64,3029.87,3032.31,3029.87,2.03,1.8,3.66,0.36,0.1,BREAKEVEN,YES,5,366.68
2430,2025-03-21,12:30,12:40,LONG,3031.16,3029.03,3031.36,3033.93,3031.36,2.13,1.72,3.67,0.34,0.09,BREAKEVEN,YES,10,367.02
2431,2025-03-21,13:20,13:35,SHORT,3030.62,3033.04,3033.04,3027.47,3033.04,2.42,1.52,3.67,-3.67,-1,BREAKEVEN,NO,15,363.35
2432,2025-03-21,14:15,14:55,LONG,3035.45,3032.42,3035.65,3039.39,3035.65,3.03,1.2,3.63,0.24,0.07,BREAKEVEN,YES,40,363.59
2433,2025-03-21,15:25,15:30,SHORT,3029.86,3033.89,3029.66,3024.62,3024.62,4.03,0.9,3.64,4.73,1.3,BREAKEVEN,YES,5,368.32
2434,2025-03-21,16:00,16:05,LONG,3005.41,3001.95,3001.95,3009.91,3001.95,3.46,1.06,3.68,-3.68,-1,BREAKEVEN,NO,5,364.64
2435,2025-03-21,16:35,16:40,LONG,3006.98,3004.21,3007.18,3010.58,3010.58,2.77,1.32,3.65,4.74,1.3,BREAKEVEN,YES,5,369.38
2436,2025-04-01,07:10,07:35,SHORT,3146.5,3149.42,3145.66,3142.7,3145.66,2.92,1.26,3.69,1.06,0.29,BREAKEVEN,YES,25,370.44
2437,2025-04-01,08:00,08:35,LONG,3143.69,3140.09,3145.98,3148.37,3148.37,3.6,1.03,3.7,4.82,1.3,BREAKEVEN,YES,35,375.26
2438,2025-04-01,08:35,08:40,SHORT,3146.88,3150.54,3146.68,3142.12,3146.68,3.66,1.03,3.75,0.21,0.05,BREAKEVEN,YES,5,375.46
2439,2025-04-01,09:15,09:25,SHORT,3132.93,3136.47,3136.47,3128.33,3136.47,3.54,1.06,3.75,-3.75,-1,BREAKEVEN,NO,10,371.71
2440,2025-04-01,09:50,10:10,SHORT,3134.23,3138.18,3134.03,3129.1,3134.03,3.95,0.94,3.72,0.19,0.05,BREAKEVEN,YES,20,371.9
2441,2025-04-01,10:25,10:30,LONG,3132.72,3129.52,3129.52,3136.88,3129.52,3.2,1.16,3.72,-3.72,-1,BREAKEVEN,NO,5,368.18
2442,2025-04-01,11:20,11:55,LONG,3132.63,3130.01,3130.01,3136.04,3130.01,2.62,1.41,3.68,-3.68,-1,BREAKEVEN,NO,35,364.49
2443,2025-04-01,11:55,12:35,LONG,3130.87,3127.97,3131.07,3134.64,3131.07,2.9,1.26,3.64,0.25,0.07,BREAKEVEN,YES,40,364.75
2444,2025-04-01,12:50,13:10,LONG,3132.4,3128.9,3132.6,3136.95,3132.6,3.5,1.04,3.65,0.21,0.06,BREAKEVEN,YES,20,364.95
2445,2025-04-01,13:35,14:20,LONG,3134.88,3130.41,3130.41,3140.69,3130.41,4.47,0.82,3.65,-3.65,-1,BREAKEVEN,NO,45,361.3
2446,2025-04-01,14:25,14:30,LONG,3130.78,3127.89,3130.98,3134.54,3130.98,2.89,1.25,3.61,0.25,0.07,BREAKEVEN,YES,5,361.55
2447,2025-04-01,15:10,15:20,LONG,3132.01,3129.25,3132.21,3135.6,3132.21,2.76,1.31,3.62,0.26,0.07,BREAKEVEN,YES,10,361.82
2448,2025-04-01,15:45,16:00,LONG,3133.21,3130.87,3133.41,3136.25,3133.41,2.34,1.55,3.62,0.31,0.09,BREAKEVEN,YES,15,362.13
2449,2025-04-01,16:20,17:00,LONG,3130.75,3127.37,3131.6,3135.14,3135.14,3.38,1.07,3.62,4.71,1.3,BREAKEVEN,YES,40,366.83
2450,2025-04-01,16:55,17:00,LONG,3133.82,3130.9,3130.9,3137.62,3130.9,2.92,1.26,3.67,-3.67,-1,BREAKEVEN,NO,5,363.17
2451,2025-04-02,07:00,07:30,SHORT,3125.82,3128.23,3125.45,3122.69,3122.69,2.41,1.51,3.63,4.72,1.3,BREAKEVEN,YES,30,367.89
2452,2025-04-02,07:40,07:50,LONG,3119.48,3116.74,3116.74,3123.04,3116.74,2.74,1.34,3.68,-3.68,-1,BREAKEVEN,NO,10,364.21
2453,2025-04-02,08:15,08:25,SHORT,3116.42,3119.37,3116.22,3112.59,3112.59,2.95,1.23,3.64,4.73,1.3,BREAKEVEN,YES,10,368.94
2454,2025-04-02,09:00,09:05,SHORT,3117.88,3120.46,3117.68,3114.53,3117.68,2.58,1.43,3.69,0.29,0.08,BREAKEVEN,YES,5,369.23
2455,2025-04-02,09:45,10:00,LONG,3117.98,3115.59,3115.59,3121.09,3115.59,2.39,1.54,3.69,-3.69,-1,BREAKEVEN,NO,15,365.54
2456,2025-04-02,10:30,10:40,SHORT,3115.97,3119.28,3119.28,3111.67,3119.28,3.31,1.1,3.66,-3.66,-1,BREAKEVEN,NO,10,361.88
2457,2025-04-02,11:10,11:30,LONG,3125.49,3121.85,3127.25,3130.22,3130.22,3.64,0.99,3.62,4.7,1.3,BREAKEVEN,YES,20,366.58
2458,2025-04-02,11:45,12:00,LONG,3132.8,3130.49,3130.49,3135.8,3130.49,2.31,1.59,3.67,-3.67,-1,BREAKEVEN,NO,15,362.92
2459,2025-04-02,12:20,12:25,LONG,3128.79,3126.31,3128.99,3132.01,3128.99,2.48,1.46,3.63,0.29,0.08,BREAKEVEN,YES,5,363.21
2460,2025-04-02,13:00,13:25,LONG,3129.99,3127.31,3127.31,3133.47,3127.31,2.68,1.36,3.63,-3.63,-1,BREAKEVEN,NO,25,359.58
2461,2025-04-02,14:05,14:25,SHORT,3118.91,3122.24,3122.24,3114.58,3122.24,3.33,1.08,3.6,-3.6,-1,BREAKEVEN,NO,20,355.98
2462,2025-04-02,14:40,15:00,SHORT,3121.57,3124.9,3121.37,3117.24,3121.37,3.33,1.07,3.56,0.21,0.06,BREAKEVEN,YES,20,356.2
2463,2025-04-02,15:35,16:00,LONG,3123.54,3121.15,3121.15,3126.65,3121.15,2.39,1.49,3.56,-3.56,-1,BREAKEVEN,NO,25,352.64
2464,2025-04-02,16:25,16:30,LONG,3125.77,3122.59,3125.97,3129.9,3129.9,3.18,1.11,3.53,4.58,1.3,BREAKEVEN,YES,5,357.22
2465,2025-04-03,07:00,07:45,SHORT,3147.72,3150.43,3146.96,3144.2,3144.2,2.71,1.32,3.57,4.64,1.3,BREAKEVEN,YES,45,361.86
2466,2025-04-03,07:40,07:45,SHORT,3146.03,3148.61,3145.83,3142.68,3142.68,2.58,1.4,3.62,4.7,1.3,BREAKEVEN,YES,5,366.57
2467,2025-04-03,08:20,08:25,SHORT,3131.66,3136.01,3131.46,3126,3131.46,4.35,0.84,3.67,0.17,0.05,BREAKEVEN,YES,5,366.74
2468,2025-04-03,08:55,09:00,LONG,3131.78,3129.43,3131.98,3134.84,3131.98,2.35,1.56,3.67,0.31,0.09,BREAKEVEN,YES,5,367.05
2469,2025-04-03,09:35,09:45,LONG,3125.44,3121.55,3125.64,3130.5,3125.64,3.89,0.94,3.67,0.19,0.05,BREAKEVEN,YES,10,367.24
2470,2025-04-03,10:10,10:15,LONG,3120.95,3118.36,3121.15,3124.32,3121.15,2.59,1.42,3.67,0.28,0.08,BREAKEVEN,YES,5,367.52
2471,2025-04-03,10:55,11:05,SHORT,3129.06,3131.68,3131.68,3125.65,3131.68,2.62,1.4,3.68,-3.68,-1,BREAKEVEN,NO,10,363.85
2472,2025-04-03,11:40,11:45,SHORT,3128.49,3131.58,3128.29,3124.47,3128.29,3.09,1.18,3.64,0.24,0.06,BREAKEVEN,YES,5,364.08
2473,2025-04-03,12:20,13:05,SHORT,3125.33,3130.71,3123.16,3118.34,3118.34,5.38,0.68,3.64,4.73,1.3,BREAKEVEN,YES,45,368.81
2474,2025-04-03,13:00,13:05,LONG,3121.73,3118.23,3118.23,3126.28,3118.23,3.5,1.05,3.69,-3.69,-1,BREAKEVEN,NO,5,365.13
2475,2025-04-03,13:40,13:45,LONG,3107.21,3103.4,3107.41,3112.16,3112.16,3.81,0.96,3.65,4.75,1.3,BREAKEVEN,YES,5,369.87
2476,2025-04-03,14:20,14:30,LONG,3095.48,3091.73,3091.73,3100.36,3091.73,3.75,0.99,3.7,-3.7,-1,BREAKEVEN,NO,10,366.17
2477,2025-04-03,15:00,15:05,LONG,3092.14,3088.95,3092.34,3096.29,3092.34,3.19,1.15,3.66,0.23,0.06,BREAKEVEN,YES,5,366.4
2478,2025-04-03,15:40,15:45,LONG,3065.57,3059.45,3065.77,3073.53,3073.53,6.12,0.6,3.66,4.76,1.3,BREAKEVEN,YES,5,371.17
2479,2025-04-03,16:20,16:30,LONG,3065.22,3058.14,3065.42,3074.42,3065.42,7.08,0.52,3.71,0.1,0.03,BREAKEVEN,YES,10,371.27
2480,2025-04-04,07:00,07:15,LONG,3098.21,3094.69,3098.41,3102.79,3098.41,3.52,1.05,3.71,0.21,0.06,BREAKEVEN,YES,15,371.48
2481,2025-04-04,07:55,08:00,LONG,3100.14,3096.65,3100.34,3104.68,3100.34,3.49,1.06,3.71,0.21,0.06,BREAKEVEN,YES,5,371.7
2482,2025-04-04,08:35,09:00,LONG,3104.05,3100.14,3106.82,3109.13,3109.13,3.91,0.95,3.72,4.83,1.3,BREAKEVEN,YES,25,376.53
2483,2025-04-04,09:10,09:15,SHORT,3107.57,3110.2,3107.37,3104.15,3104.15,2.63,1.43,3.77,4.89,1.3,BREAKEVEN,YES,5,381.42
2484,2025-04-04,09:45,10:00,SHORT,3100.66,3105.05,3100.46,3094.95,3100.46,4.39,0.87,3.81,0.17,0.05,BREAKEVEN,YES,15,381.6
2485,2025-04-04,10:25,10:30,SHORT,3100.39,3104.38,3100.19,3095.2,3100.19,3.99,0.96,3.82,0.19,0.05,BREAKEVEN,YES,5,381.79
2486,2025-04-04,11:00,11:05,LONG,3091.05,3086.82,3091.25,3096.55,3091.25,4.23,0.9,3.82,0.18,0.05,BREAKEVEN,YES,5,381.97
2487,2025-04-04,11:35,11:40,SHORT,3082.25,3085.69,3082.05,3077.78,3082.05,3.44,1.11,3.82,0.22,0.06,BREAKEVEN,YES,5,382.19
2488,2025-04-04,12:15,12:20,LONG,3091.04,3088.54,3091.24,3094.29,3091.24,2.5,1.53,3.82,0.31,0.08,BREAKEVEN,YES,5,382.5
2489,2025-04-04,13:05,13:25,SHORT,3095.31,3101.64,3101.64,3087.08,3101.64,6.33,0.6,3.82,-3.82,-1,BREAKEVEN,NO,20,378.67
2490,2025-04-04,13:40,13:55,SHORT,3111.19,3117.61,3110.99,3102.84,3110.99,6.42,0.59,3.79,0.12,0.03,BREAKEVEN,YES,15,378.79
2491,2025-04-04,14:15,14:25,LONG,3133.74,3126.45,3126.45,3143.22,3126.45,7.29,0.52,3.79,-3.79,-1,BREAKEVEN,NO,10,375
2492,2025-04-04,14:55,15:00,SHORT,3110.22,3113.69,3110.02,3105.71,3105.71,3.47,1.08,3.75,4.88,1.3,BREAKEVEN,YES,5,379.88
2493,2025-04-04,15:55,16:00,SHORT,3071.14,3077.57,3077.57,3062.78,3077.57,6.43,0.59,3.8,-3.8,-1,BREAKEVEN,NO,5,376.08
2494,2025-04-04,16:40,16:50,SHORT,3074.82,3081,3072.93,3066.79,3066.79,6.18,0.61,3.76,4.89,1.3,BREAKEVEN,YES,10,380.97
2495,2025-05-01,07:00,07:20,LONG,3229.39,3223.84,3223.84,3236.6,3223.84,5.55,0.69,3.81,-3.81,-1,BREAKEVEN,NO,20,377.16
2496,2025-05-01,07:35,07:40,LONG,3223.48,3219.74,3223.68,3228.34,3223.68,3.74,1.01,3.77,0.2,0.05,BREAKEVEN,YES,5,377.36
2497,2025-05-01,08:15,08:25,SHORT,3229.14,3232.87,3232.87,3224.29,3232.87,3.73,1.01,3.77,-3.77,-1,BREAKEVEN,NO,10,373.58
2498,2025-05-01,08:50,09:00,LONG,3237.14,3234.14,3237.34,3241.04,3241.04,3,1.25,3.74,4.86,1.3,BREAKEVEN,YES,10,378.44
2499,2025-05-01,09:25,09:30,LONG,3235.88,3233.6,3236.08,3238.84,3238.84,2.28,1.66,3.78,4.92,1.3,BREAKEVEN,YES,5,383.36
2500,2025-05-01,10:05,10:20,SHORT,3230.18,3235.73,3229.98,3222.96,3229.98,5.55,0.69,3.83,0.14,0.04,BREAKEVEN,YES,15,383.5
2501,2025-05-01,10:40,10:50,LONG,3234.75,3229.64,3229.64,3241.39,3229.64,5.11,0.75,3.83,-3.83,-1,BREAKEVEN,NO,10,379.66
2502,2025-05-01,11:35,12:00,SHORT,3232.76,3235.65,3235.65,3229,3235.65,2.89,1.31,3.8,-3.8,-1,BREAKEVEN,NO,25,375.87
2503,2025-05-01,12:10,12:30,SHORT,3230.29,3234.67,3227.36,3224.6,3224.6,4.38,0.86,3.76,4.89,1.3,BREAKEVEN,YES,20,380.75
2504,2025-05-01,12:55,13:15,LONG,3218.62,3214.35,3214.35,3224.17,3214.35,4.27,0.89,3.81,-3.81,-1,BREAKEVEN,NO,20,376.95
2505,2025-05-01,13:45,14:00,LONG,3222.98,3220.44,3223.18,3226.28,3226.28,2.54,1.48,3.77,4.9,1.3,BREAKEVEN,YES,15,381.85
2506,2025-05-01,14:20,14:35,LONG,3225.36,3222.28,3222.28,3229.36,3222.28,3.08,1.24,3.82,-3.82,-1,BREAKEVEN,NO,15,378.03
2507,2025-05-01,14:55,15:00,LONG,3205.56,3201.97,3205.76,3210.23,3205.76,3.59,1.05,3.78,0.21,0.06,BREAKEVEN,YES,5,378.24
2508,2025-05-01,15:35,15:45,LONG,3224.7,3218.77,3224.9,3232.41,3224.9,5.93,0.64,3.78,0.13,0.03,BREAKEVEN,YES,10,378.37
2509,2025-05-01,16:20,16:45,LONG,3225.89,3219.56,3226.67,3234.12,3226.67,6.33,0.6,3.78,0.47,0.12,BREAKEVEN,YES,25,378.83
2510,2025-05-02,07:00,07:45,LONG,3255.29,3251.86,3251.86,3259.75,3254.73,3.43,1.1,3.79,-0.62,-0.16,BREAKEVEN,NO,45,378.21
2511,2025-05-02,07:55,08:05,LONG,3251.81,3249.04,3252.01,3255.41,3252.01,2.77,1.37,3.78,0.27,0.07,BREAKEVEN,YES,10,378.49
2512,2025-05-02,08:50,08:55,LONG,3251.85,3249.18,3252.05,3255.32,3252.05,2.67,1.42,3.78,0.28,0.07,BREAKEVEN,YES,5,378.77
2513,2025-05-02,09:25,09:35,LONG,3258.16,3254.7,3254.7,3262.66,3254.7,3.46,1.09,3.79,-3.79,-1,BREAKEVEN,NO,10,374.98
2514,2025-05-02,10:00,10:25,SHORT,3253.59,3257.41,3257.41,3248.62,3257.41,3.82,0.98,3.75,-3.75,-1,BREAKEVEN,NO,25,371.23
2515,2025-05-02,10:35,10:50,SHORT,3260.78,3264.65,3260.58,3255.75,3260.58,3.87,0.96,3.71,0.19,0.05,BREAKEVEN,YES,15,371.42
2516,2025-05-02,11:10,11:20,SHORT,3256.5,3259.88,3259.88,3252.11,3259.88,3.38,1.1,3.71,-3.71,-1,BREAKEVEN,NO,10,367.71
2517,2025-05-02,11:45,12:00,LONG,3260.4,3257.33,3257.33,3264.39,3257.33,3.07,1.2,3.68,-3.68,-1,BREAKEVEN,NO,15,364.03
2518,2025-05-02,12:25,12:35,SHORT,3260.25,3264.27,3264.27,3255.02,3264.27,4.02,0.91,3.64,-3.64,-1,BREAKEVEN,NO,10,360.39
2519,2025-05-02,13:15,14:00,SHORT,3258.56,3263.28,3263.28,3252.42,3260.13,4.72,0.76,3.6,-1.2,-0.33,BREAKEVEN,NO,45,359.19
2520,2025-05-02,14:05,14:15,LONG,3259.81,3257.37,3260.01,3262.98,3262.98,2.44,1.47,3.59,4.67,1.3,BREAKEVEN,YES,10,363.86
2521,2025-05-02,14:55,15:20,SHORT,3262.65,3266.75,3262.45,3257.32,3262.45,4.1,0.89,3.64,0.18,0.05,BREAKEVEN,YES,25,364.04
2522,2025-05-02,15:30,15:35,LONG,3254.21,3249.2,3254.41,3260.72,3254.41,5.01,0.73,3.64,0.15,0.04,BREAKEVEN,YES,5,364.19
2523,2025-05-02,16:05,16:15,LONG,3243.17,3238.09,3243.37,3249.77,3243.37,5.08,0.72,3.64,0.14,0.04,BREAKEVEN,YES,10,364.33
2524,2025-05-02,16:40,16:45,LONG,3253.09,3246.8,3246.8,3261.27,3246.8,6.29,0.58,3.64,-3.64,-1,BREAKEVEN,NO,5,360.69
2525,2025-05-05,07:00,07:05,SHORT,3254,3257.32,3257.32,3249.68,3257.32,3.32,1.09,3.61,-3.61,-1,BREAKEVEN,NO,5,357.08
2526,2025-05-05,07:40,07:45,SHORT,3255.93,3258.89,3255.73,3252.08,3255.73,2.96,1.21,3.57,0.24,0.07,BREAKEVEN,YES,5,357.32
2527,2025-05-05,08:15,08:30,SHORT,3258.55,3261.11,3258.35,3255.22,3258.35,2.56,1.4,3.57,0.28,0.08,BREAKEVEN,YES,15,357.6
2528,2025-05-05,08:55,09:00,SHORT,3259.75,3262.51,3259.55,3256.16,3259.55,2.76,1.3,3.58,0.26,0.07,BREAKEVEN,YES,5,357.86
2529,2025-05-05,09:30,10:00,LONG,3260.39,3255.48,3260.88,3266.77,3260.88,4.91,0.73,3.58,0.36,0.1,BREAKEVEN,YES,30,358.22
2530,2025-05-05,10:05,10:25,LONG,3261.25,3257.22,3261.45,3266.49,3261.45,4.03,0.89,3.58,0.18,0.05,BREAKEVEN,YES,20,358.39
2531,2025-05-05,11:00,11:05,LONG,3264.42,3262.35,3264.62,3267.11,3267.11,2.07,1.73,3.58,4.66,1.3,BREAKEVEN,YES,5,363.05
2532,2025-05-05,11:35,11:40,SHORT,3273.04,3276.04,3276.04,3269.14,3276.04,3,1.21,3.63,-3.63,-1,BREAKEVEN,NO,5,359.42
2533,2025-05-05,12:30,12:55,SHORT,3299.94,3306.58,3306.58,3291.31,3306.58,6.64,0.54,3.59,-3.59,-1,BREAKEVEN,NO,25,355.83
2534,2025-05-05,13:10,13:15,LONG,3310.5,3307.02,3310.7,3315.02,3315.02,3.48,1.02,3.56,4.63,1.3,BREAKEVEN,YES,5,360.45
2535,2025-05-05,13:45,13:50,LONG,3313.04,3310.31,3313.24,3316.59,3313.24,2.73,1.32,3.6,0.26,0.07,BREAKEVEN,YES,5,360.72
2536,2025-05-05,14:20,14:45,LONG,3314.97,3311.53,3311.53,3319.44,3311.53,3.44,1.05,3.61,-3.61,-1,BREAKEVEN,NO,25,357.11
2537,2025-05-05,14:55,15:00,LONG,3312.92,3310.06,3313.12,3316.64,3313.12,2.86,1.25,3.57,0.25,0.07,BREAKEVEN,YES,5,357.36
2538,2025-05-05,15:30,15:40,LONG,3317.77,3314.34,3317.97,3322.23,3317.97,3.43,1.04,3.57,0.21,0.06,BREAKEVEN,YES,10,357.57
2539,2025-05-05,16:05,16:15,SHORT,3316.99,3320.92,3320.92,3311.88,3320.92,3.93,0.91,3.58,-3.58,-1,BREAKEVEN,NO,10,353.99
2540,2025-05-05,16:45,17:00,LONG,3317.9,3312.27,3312.27,3325.22,3312.27,5.63,0.63,3.54,-3.54,-1,BREAKEVEN,NO,15,350.45
2541,2025-05-06,07:05,07:15,SHORT,3358.1,3361.57,3361.57,3353.59,3361.57,3.47,1.01,3.5,-3.5,-1,BREAKEVEN,NO,10,346.95
2542,2025-05-06,07:50,08:10,LONG,3364.1,3358.42,3358.42,3371.48,3358.42,5.68,0.61,3.47,-3.47,-1,BREAKEVEN,NO,20,343.48
2543,2025-05-06,08:30,08:45,SHORT,3355.49,3361.37,3355.29,3347.85,3355.29,5.88,0.58,3.43,0.12,0.03,BREAKEVEN,YES,15,343.6
2544,2025-05-06,09:05,09:10,SHORT,3359.15,3362.87,3362.87,3354.31,3362.87,3.72,0.92,3.44,-3.44,-1,BREAKEVEN,NO,5,340.16
2545,2025-05-06,09:50,10:00,LONG,3365.07,3362.55,3365.27,3368.35,3368.35,2.52,1.35,3.4,4.42,1.3,BREAKEVEN,YES,10,344.58
2546,2025-05-06,10:35,10:40,LONG,3378.84,3374.54,3374.54,3384.43,3374.54,4.3,0.8,3.45,-3.45,-1,BREAKEVEN,NO,5,341.14
2547,2025-05-06,11:20,11:40,LONG,3382.01,3376.55,3376.55,3389.11,3376.55,5.46,0.62,3.41,-3.41,-1,BREAKEVEN,NO,20,337.73
2548,2025-05-06,11:55,12:05,LONG,3377.19,3374.55,3377.39,3380.62,3377.39,2.64,1.28,3.38,0.26,0.08,BREAKEVEN,YES,10,337.98
2549,2025-05-06,12:35,12:40,LONG,3376.6,3372.87,3376.8,3381.45,3376.8,3.73,0.91,3.38,0.18,0.05,BREAKEVEN,YES,5,338.16
2550,2025-05-06,13:15,13:20,LONG,3382.76,3379.66,3379.66,3386.79,3379.66,3.1,1.09,3.38,-3.38,-1,BREAKEVEN,NO,5,334.78
2551,2025-05-06,14:00,14:25,LONG,3383.28,3380.42,3380.42,3387,3380.42,2.86,1.17,3.35,-3.35,-1,BREAKEVEN,NO,25,331.43
2552,2025-05-06,14:50,15:00,SHORT,3378.65,3382.07,3378.45,3374.2,3374.2,3.42,0.97,3.31,4.31,1.3,BREAKEVEN,YES,10,335.74
2553,2025-05-06,15:25,15:30,SHORT,3376.25,3379.76,3379.76,3371.69,3379.76,3.51,0.96,3.36,-3.36,-1,BREAKEVEN,NO,5,332.38
2554,2025-05-06,16:00,16:10,SHORT,3391.3,3396.08,3396.08,3385.09,3396.08,4.78,0.7,3.32,-3.32,-1,BREAKEVEN,NO,10,329.06
2555,2025-05-06,16:40,16:45,SHORT,3392.27,3397.36,3397.36,3385.65,3397.36,5.09,0.65,3.29,-3.29,-1,BREAKEVEN,NO,5,325.77
2556,2025-05-07,07:05,07:50,LONG,3384.79,3380.13,3380.13,3390.85,3382.98,4.66,0.7,3.26,-1.27,-0.39,BREAKEVEN,NO,45,324.5
2557,2025-05-07,07:45,08:20,SHORT,3382.02,3387.44,3387.44,3374.97,3387.44,5.42,0.6,3.25,-3.25,-1,BREAKEVEN,NO,35,321.26
2558,2025-05-07,08:30,08:55,SHORT,3382.36,3389.27,3389.27,3373.38,3389.27,6.91,0.46,3.21,-3.21,-1,BREAKEVEN,NO,25,318.05
2559,2025-05-07,09:15,09:25,LONG,3392.54,3389.56,3389.56,3396.41,3389.56,2.98,1.07,3.18,-3.18,-1,BREAKEVEN,NO,10,314.87
2560,2025-05-07,09:55,10:05,LONG,3392.47,3387.85,3387.85,3398.48,3387.85,4.62,0.68,3.15,-3.15,-1,BREAKEVEN,NO,10,311.72
2561,2025-05-07,10:45,11:30,SHORT,3384.48,3389.69,3389.69,3377.71,3382.52,5.21,0.6,3.12,1.17,0.38,BREAKEVEN,NO,45,312.89
2562,2025-05-07,11:40,11:50,SHORT,3384.67,3388.08,3384.47,3380.24,3380.24,3.41,0.92,3.13,4.07,1.3,BREAKEVEN,YES,10,316.96
2563,2025-05-07,12:25,12:50,LONG,3374.17,3370.15,3375,3379.4,3375,4.02,0.79,3.17,0.65,0.21,BREAKEVEN,YES,25,317.61
2564,2025-05-07,13:25,14:10,LONG,3390.36,3386.09,3386.09,3395.91,3386.09,4.27,0.74,3.18,-3.18,-1,BREAKEVEN,NO,45,314.44
2565,2025-05-07,14:00,14:10,LONG,3389.7,3386.75,3386.75,3393.53,3386.75,2.95,1.07,3.14,-3.14,-1,BREAKEVEN,NO,10,311.29
2566,2025-05-07,14:35,14:40,SHORT,3385.97,3389.49,3389.49,3381.39,3389.49,3.52,0.88,3.11,-3.11,-1,BREAKEVEN,NO,5,308.18
2567,2025-05-07,15:20,15:25,LONG,3389.72,3385.64,3385.64,3395.02,3385.64,4.08,0.76,3.08,-3.08,-1,BREAKEVEN,NO,5,305.1
2568,2025-05-07,15:55,16:00,LONG,3390.76,3387.68,3387.68,3394.76,3387.68,3.08,0.99,3.05,-3.05,-1,BREAKEVEN,NO,5,302.05
2569,2025-05-07,16:30,16:35,SHORT,3387.39,3391.62,3391.62,3381.89,3391.62,4.23,0.71,3.02,-3.02,-1,BREAKEVEN,NO,5,299.03
2570,2025-05-08,07:10,07:45,LONG,3393.56,3387.68,3387.68,3401.2,3387.68,5.88,0.51,2.99,-2.99,-1,BREAKEVEN,NO,35,296.04
2571,2025-05-08,08:00,08:10,SHORT,3381.38,3385.75,3381.05,3375.7,3375.7,4.37,0.68,2.96,3.85,1.3,BREAKEVEN,YES,10,299.88
2572,2025-05-08,08:35,08:40,SHORT,3376.62,3380.04,3376.42,3372.17,3376.42,3.42,0.88,3,0.18,0.06,BREAKEVEN,YES,5,300.06
2573,2025-05-08,09:15,09:30,LONG,3342.26,3334.73,3334.73,3352.05,3334.73,7.53,0.4,3,-3,-1,BREAKEVEN,NO,15,297.06
2574,2025-05-08,09:55,10:00,LONG,3329.92,3325.84,3330.12,3335.22,3330.12,4.08,0.73,2.97,0.15,0.05,BREAKEVEN,YES,5,297.2
2575,2025-05-08,10:40,10:45,LONG,3346.76,3343.57,3346.96,3350.91,3346.96,3.19,0.93,2.97,0.19,0.06,BREAKEVEN,YES,5,297.39
2576,2025-05-08,11:15,12:00,LONG,3341.11,3335.69,3335.69,3348.16,3340.89,5.42,0.55,2.97,-0.12,-0.04,BREAKEVEN,NO,45,297.27
2577,2025-05-08,11:50,12:00,LONG,3339.28,3336.11,3339.48,3343.4,3339.48,3.17,0.94,2.97,0.19,0.06,BREAKEVEN,YES,10,297.46
2578,2025-05-08,12:30,12:55,SHORT,3337.38,3342.42,3337.18,3330.83,3337.18,5.04,0.59,2.97,0.12,0.04,BREAKEVEN,YES,25,297.58
2579,2025-05-08,13:10,13:15,LONG,3338.83,3335.67,3339.03,3342.94,3339.03,3.16,0.94,2.98,0.19,0.06,BREAKEVEN,YES,5,297.76
2580,2025-05-08,14:05,14:15,SHORT,3339.95,3343.07,3343.07,3335.89,3343.07,3.12,0.95,2.98,-2.98,-1,BREAKEVEN,NO,10,294.79
2581,2025-05-08,14:40,15:05,LONG,3343.44,3339.77,3343.64,3348.21,3343.64,3.67,0.8,2.95,0.16,0.05,BREAKEVEN,YES,25,294.95
2582,2025-05-08,15:25,15:30,LONG,3353.63,3351,3351,3357.05,3351,2.63,1.12,2.95,-2.95,-1,BREAKEVEN,NO,5,292
2583,2025-05-08,16:05,16:20,LONG,3360.52,3355.18,3360.72,3367.46,3360.72,5.34,0.55,2.92,0.11,0.04,BREAKEVEN,YES,15,292.11
2584,2025-05-08,16:40,16:45,LONG,3364.93,3361.45,3361.45,3369.45,3361.45,3.48,0.84,2.92,-2.92,-1,BREAKEVEN,NO,5,289.19
2585,2025-05-09,07:05,07:15,LONG,3313.45,3311.12,3313.65,3316.48,3316.48,2.33,1.24,2.89,3.76,1.3,BREAKEVEN,YES,10,292.95
2586,2025-05-09,07:55,08:10,SHORT,3324.64,3328.78,3328.78,3319.26,3328.78,4.14,0.71,2.93,-2.93,-1,BREAKEVEN,NO,15,290.02
2587,2025-05-09,08:40,08:55,LONG,3319.27,3314.1,3319.47,3325.99,3319.47,5.17,0.56,2.9,0.11,0.04,BREAKEVEN,YES,15,290.13
2588,2025-05-09,09:15,09:20,SHORT,3318.99,3323.65,3318.79,3312.93,3318.79,4.66,0.62,2.9,0.12,0.04,BREAKEVEN,YES,5,290.25
2589,2025-05-09,09:55,10:00,SHORT,3325.31,3328.25,3328.25,3321.49,3328.25,2.94,0.99,2.9,-2.9,-1,BREAKEVEN,NO,5,287.35
2590,2025-05-09,10:35,11:20,SHORT,3326.14,3331.29,3324.08,3319.44,3324.08,5.15,0.56,2.87,1.15,0.4,BREAKEVEN,YES,45,288.5
2591,2025-05-09,11:10,11:15,SHORT,3323.12,3326,3322.92,3319.38,3322.92,2.88,1,2.88,0.2,0.07,BREAKEVEN,YES,5,288.7
2592,2025-05-09,11:45,12:30,SHORT,3326.85,3330.12,3326.65,3322.6,3326.65,3.27,0.88,2.89,0.18,0.06,BREAKEVEN,YES,45,288.88
2593,2025-05-09,12:20,12:30,LONG,3326.21,3323.76,3323.76,3329.39,3323.76,2.45,1.18,2.89,-2.89,-1,BREAKEVEN,NO,10,285.99
2594,2025-05-09,13:30,14:00,SHORT,3323.61,3326.54,3326.54,3319.8,3326.54,2.93,0.98,2.86,-2.86,-1,BREAKEVEN,NO,30,283.13
2595,2025-05-09,14:05,14:25,SHORT,3328.56,3332.06,3332.06,3324.01,3332.06,3.5,0.81,2.83,-2.83,-1,BREAKEVEN,NO,20,280.3
2596,2025-05-09,14:40,14:45,SHORT,3332.49,3335.5,3332.29,3328.58,3332.29,3.01,0.93,2.8,0.19,0.07,BREAKEVEN,YES,5,280.48
2597,2025-05-09,15:15,15:20,LONG,3335.09,3331.91,3331.91,3339.22,3331.91,3.18,0.88,2.8,-2.8,-1,BREAKEVEN,NO,5,277.68
2598,2025-05-09,15:50,15:55,LONG,3331.92,3329.53,3332.12,3335.03,3332.12,2.39,1.16,2.78,0.23,0.08,BREAKEVEN,YES,5,277.91
2599,2025-05-09,16:35,16:40,LONG,3337.42,3333.49,3333.49,3342.53,3333.49,3.93,0.71,2.78,-2.78,-1,BREAKEVEN,NO,5,275.13
2600,2025-05-12,07:10,07:20,LONG,3282.38,3279.27,3279.27,3286.42,3279.27,3.11,0.88,2.75,-2.75,-1,BREAKEVEN,NO,10,272.38
2601,2025-05-12,08:00,08:10,SHORT,3278.67,3281.18,3278.47,3275.41,3275.41,2.51,1.09,2.72,3.54,1.3,BREAKEVEN,YES,10,275.92
2602,2025-05-12,08:40,08:50,LONG,3271.05,3267.04,3271.25,3276.26,3271.25,4.01,0.69,2.76,0.14,0.05,BREAKEVEN,YES,10,276.06
2603,2025-05-12,09:15,09:20,LONG,3280.69,3276.97,3276.97,3285.53,3276.97,3.72,0.74,2.76,-2.76,-1,BREAKEVEN,NO,5,273.3
2604,2025-05-12,09:55,10:00,SHORT,3277.52,3280.96,3277.32,3273.05,3273.05,3.44,0.79,2.73,3.55,1.3,BREAKEVEN,YES,5,276.85
2605,2025-05-12,10:30,10:40,SHORT,3231.22,3236.97,3231.02,3223.74,3223.74,5.75,0.48,2.77,3.6,1.3,BREAKEVEN,YES,10,280.45
2606,2025-05-12,11:10,11:15,LONG,3224.39,3219.24,3224.59,3231.09,3224.59,5.15,0.54,2.8,0.11,0.04,BREAKEVEN,YES,5,280.56
2607,2025-05-12,12:05,12:30,SHORT,3227.2,3232.27,3227,3220.61,3220.61,5.07,0.55,2.81,3.65,1.3,BREAKEVEN,YES,25,284.21
2608,2025-05-12,12:40,12:55,LONG,3221.92,3216.81,3216.81,3228.56,3216.81,5.11,0.56,2.84,-2.84,-1,BREAKEVEN,NO,15,281.36
2609,2025-05-12,13:15,13:20,LONG,3215.8,3210.99,3210.99,3222.05,3210.99,4.81,0.58,2.81,-2.81,-1,BREAKEVEN,NO,5,278.55
2610,2025-05-12,14:10,14:15,LONG,3222.3,3219.68,3219.68,3225.71,3219.68,2.62,1.06,2.79,-2.79,-1,BREAKEVEN,NO,5,275.76
2611,2025-05-12,14:45,14:50,LONG,3221.23,3216.14,3221.43,3227.85,3221.43,5.09,0.54,2.76,0.11,0.04,BREAKEVEN,YES,5,275.87
2612,2025-05-12,15:30,15:35,LONG,3228.95,3225.37,3225.37,3233.6,3225.37,3.58,0.77,2.76,-2.76,-1,BREAKEVEN,NO,5,273.11
2613,2025-05-12,16:10,16:30,LONG,3241.68,3236.1,3236.1,3248.93,3236.1,5.58,0.49,2.73,-2.73,-1,BREAKEVEN,NO,20,270.38
2614,2025-05-13,07:00,07:30,LONG,3236.54,3233.97,3237.55,3239.88,3239.88,2.57,1.05,2.7,3.51,1.3,BREAKEVEN,YES,30,273.9
2615,2025-05-13,07:45,07:50,LONG,3248.02,3244.63,3248.22,3252.43,3252.43,3.39,0.81,2.74,3.56,1.3,BREAKEVEN,YES,5,277.46
2616,2025-05-13,08:20,08:25,LONG,3258.28,3256.14,3256.14,3261.06,3256.14,2.14,1.3,2.77,-2.77,-1,BREAKEVEN,NO,5,274.68
2617,2025-05-13,09:00,09:05,LONG,3256.28,3252.53,3252.53,3261.16,3252.53,3.75,0.73,2.75,-2.75,-1,BREAKEVEN,NO,5,271.94
2618,2025-05-13,09:35,09:40,LONG,3255.3,3252.28,3255.5,3259.23,3255.5,3.02,0.9,2.72,0.18,0.07,BREAKEVEN,YES,5,272.12
2619,2025-05-13,10:15,10:30,LONG,3259.39,3255.59,3255.59,3264.33,3255.59,3.8,0.72,2.72,-2.72,-1,BREAKEVEN,NO,15,269.4
2620,2025-05-13,10:50,11:20,SHORT,3259.09,3261.51,3258.89,3255.94,3255.94,2.42,1.11,2.69,3.5,1.3,BREAKEVEN,YES,30,272.9
2621,2025-05-13,11:40,11:55,SHORT,3254.44,3256.67,3254.24,3251.54,3251.54,2.23,1.22,2.73,3.55,1.3,BREAKEVEN,YES,15,276.45
2622,2025-05-13,12:25,13:10,SHORT,3252.67,3256.22,3256.22,3248.06,3251.8,3.55,0.78,2.76,0.68,0.25,BREAKEVEN,NO,45,277.12
2623,2025-05-13,13:00,13:45,LONG,3254.45,3251.08,3251.08,3258.83,3254.19,3.37,0.82,2.77,-0.21,-0.08,BREAKEVEN,NO,45,276.91
2624,2025-05-13,13:35,14:15,SHORT,3252.77,3255.56,3252.57,3249.14,3252.57,2.79,0.99,2.77,0.2,0.07,BREAKEVEN,YES,40,277.11
2625,2025-05-13,14:15,14:55,LONG,3254.65,3248.94,3248.94,3262.07,3248.94,5.71,0.49,2.77,-2.77,-1,BREAKEVEN,NO,40,274.34
2626,2025-05-13,14:50,14:55,SHORT,3252.43,3256.04,3252.23,3247.74,3252.23,3.61,0.76,2.74,0.15,0.06,BREAKEVEN,YES,5,274.49
2627,2025-05-13,15:25,15:30,SHORT,3240.32,3244.13,3244.13,3235.37,3244.13,3.81,0.72,2.74,-2.74,-1,BREAKEVEN,NO,5,271.74
2628,2025-05-13,16:10,16:15,SHORT,3243.39,3247.25,3243.19,3238.37,3238.37,3.86,0.7,2.72,3.53,1.3,BREAKEVEN,YES,5,275.28
2629,2025-05-14,07:00,07:05,SHORT,3227.85,3231.47,3227.65,3223.14,3227.65,3.62,0.76,2.75,0.15,0.06,BREAKEVEN,YES,5,275.43
2630,2025-05-14,07:45,07:50,SHORT,3227.86,3230.89,3227.66,3223.92,3227.66,3.03,0.91,2.75,0.18,0.07,BREAKEVEN,YES,5,275.61
2631,2025-05-14,08:30,08:50,LONG,3225.84,3220.5,3229.89,3232.78,3232.78,5.34,0.52,2.76,3.58,1.3,BREAKEVEN,YES,20,279.19
2632,2025-05-14,09:15,09:20,LONG,3232.64,3229.63,3232.84,3236.55,3232.84,3.01,0.93,2.79,0.19,0.07,BREAKEVEN,YES,5,279.38
2633,2025-05-14,09:50,09:55,LONG,3231.01,3228.91,3228.91,3233.74,3228.91,2.1,1.33,2.79,-2.79,-1,BREAKEVEN,NO,5,276.59
2634,2025-05-14,10:30,10:35,LONG,3231.96,3227.93,3232.16,3237.2,3237.2,4.03,0.69,2.77,3.6,1.3,BREAKEVEN,YES,5,280.18
2635,2025-05-14,11:20,11:25,SHORT,3237.79,3240.96,3237.59,3233.67,3233.67,3.17,0.88,2.8,3.64,1.3,BREAKEVEN,YES,5,283.82
2636,2025-05-14,11:55,12:25,SHORT,3232.55,3237.01,3232.35,3226.75,3232.35,4.46,0.64,2.84,0.13,0.04,BREAKEVEN,YES,30,283.95
2637,2025-05-14,12:30,12:40,LONG,3230.99,3227.68,3231.19,3235.29,3235.29,3.31,0.86,2.84,3.69,1.3,BREAKEVEN,YES,10,287.64
2638,2025-05-14,13:15,13:30,LONG,3234.17,3231.59,3231.59,3237.52,3231.59,2.58,1.11,2.88,-2.88,-1,BREAKEVEN,NO,15,284.77
2639,2025-05-14,14:00,14:10,LONG,3235.51,3233.13,3235.71,3238.6,3235.71,2.38,1.2,2.85,0.24,0.08,BREAKEVEN,YES,10,285.01
2640,2025-05-14,14:50,14:55,SHORT,3225.96,3229.14,3225.76,3221.83,3221.83,3.18,0.9,2.85,3.71,1.3,BREAKEVEN,YES,5,288.71
2641,2025-05-14,15:30,15:35,SHORT,3212.07,3218.05,3211.87,3204.3,3204.3,5.98,0.48,2.89,3.75,1.3,BREAKEVEN,YES,5,292.46
2642,2025-05-14,16:05,16:15,SHORT,3181.06,3187.12,3180.86,3173.18,3180.86,6.06,0.48,2.92,0.1,0.03,BREAKEVEN,YES,10,292.56
2643,2025-05-14,16:40,16:50,LONG,3189.23,3183.32,3190.08,3196.91,3196.91,5.91,0.5,2.93,3.8,1.3,BREAKEVEN,YES,10,296.36
2644,2025-05-15,07:00,07:05,SHORT,3151.37,3154.03,3151.17,3147.91,3151.17,2.66,1.11,2.96,0.22,0.08,BREAKEVEN,YES,5,296.59
2645,2025-05-15,08:10,08:15,LONG,3139.65,3137.31,3139.85,3142.69,3139.85,2.34,1.27,2.97,0.25,0.09,BREAKEVEN,YES,5,296.84
2646,2025-05-15,08:45,08:50,LONG,3133.6,3129.54,3129.54,3138.88,3129.54,4.06,0.73,2.97,-2.97,-1,BREAKEVEN,NO,5,293.87
2647,2025-05-15,09:35,10:20,LONG,3148.84,3141.66,3141.66,3158.17,3144.85,7.18,0.41,2.94,-1.63,-0.56,BREAKEVEN,NO,45,292.24
2648,2025-05-15,10:10,10:20,LONG,3150.21,3144.55,3144.55,3157.57,3144.55,5.66,0.52,2.92,-2.92,-1,BREAKEVEN,NO,10,289.32
2649,2025-05-15,11:00,11:35,LONG,3145.4,3137.66,3151.18,3155.46,3155.46,7.74,0.37,2.89,3.76,1.3,BREAKEVEN,YES,35,293.08
2650,2025-05-15,11:45,11:50,SHORT,3159.25,3161.83,3161.83,3155.9,3161.83,2.58,1.14,2.93,-2.93,-1,BREAKEVEN,NO,5,290.15
2651,2025-05-15,12:20,12:25,LONG,3169.12,3165.91,3165.91,3173.29,3165.91,3.21,0.9,2.9,-2.9,-1,BREAKEVEN,NO,5,287.24
2652,2025-05-15,13:10,13:15,LONG,3174.1,3170.62,3174.3,3178.62,3174.3,3.48,0.83,2.87,0.17,0.06,BREAKEVEN,YES,5,287.41
2653,2025-05-15,13:45,14:20,LONG,3178.37,3174.76,3174.76,3183.06,3174.76,3.61,0.8,2.87,-2.87,-1,BREAKEVEN,NO,35,284.54
2654,2025-05-15,14:20,14:30,LONG,3175.48,3172.55,3175.68,3179.29,3175.68,2.93,0.97,2.85,0.19,0.07,BREAKEVEN,YES,10,284.73
2655,2025-05-15,15:10,15:20,LONG,3180.39,3177.43,3180.59,3184.24,3184.24,2.96,0.96,2.85,3.7,1.3,BREAKEVEN,YES,10,288.43
2656,2025-05-15,15:55,16:05,LONG,3188.87,3184.55,3189.07,3194.49,3189.07,4.32,0.67,2.88,0.13,0.05,BREAKEVEN,YES,10,288.56
2657,2025-05-15,16:30,16:35,LONG,3192.39,3187.85,3192.59,3198.29,3192.59,4.54,0.64,2.89,0.13,0.04,BREAKEVEN,YES,5,288.69
2658,2025-05-16,07:05,07:20,SHORT,3213.3,3216.56,3216.56,3209.06,3216.56,3.26,0.89,2.89,-2.89,-1,BREAKEVEN,NO,15,285.81
2659,2025-05-16,07:40,07:45,LONG,3217.44,3215.02,3217.64,3220.59,3217.64,2.42,1.18,2.86,0.24,0.08,BREAKEVEN,YES,5,286.04
2660,2025-05-16,08:35,09:00,SHORT,3216.18,3221.8,3221.8,3208.87,3221.8,5.62,0.51,2.86,-2.86,-1,BREAKEVEN,NO,25,283.18
2661,2025-05-16,09:10,09:15,SHORT,3228.5,3232.73,3228.3,3223,3228.3,4.23,0.67,2.83,0.13,0.05,BREAKEVEN,YES,5,283.31
2662,2025-05-16,09:50,10:00,SHORT,3214.67,3218.33,3214.47,3209.91,3214.47,3.66,0.77,2.83,0.15,0.05,BREAKEVEN,YES,10,283.47
2663,2025-05-16,10:25,10:40,SHORT,3209.53,3212.57,3212.57,3205.58,3212.57,3.04,0.93,2.83,-2.83,-1,BREAKEVEN,NO,15,280.63
2664,2025-05-16,11:00,11:10,LONG,3207.06,3203.87,3203.87,3211.21,3203.87,3.19,0.88,2.81,-2.81,-1,BREAKEVEN,NO,10,277.83
2665,2025-05-16,11:35,11:50,SHORT,3207.09,3210.17,3206.89,3203.09,3206.89,3.08,0.9,2.78,0.18,0.06,BREAKEVEN,YES,15,278.01
2666,2025-05-16,12:10,12:30,LONG,3206.65,3203.02,3207.87,3211.37,3211.37,3.63,0.77,2.78,3.61,1.3,BREAKEVEN,YES,20,281.62
2667,2025-05-16,12:50,13:00,LONG,3210.87,3207.78,3207.78,3214.89,3207.78,3.09,0.91,2.82,-2.82,-1,BREAKEVEN,NO,10,278.81
2668,2025-05-16,13:30,13:35,SHORT,3201.6,3205.88,3201.4,3196.04,3201.4,4.28,0.65,2.79,0.13,0.05,BREAKEVEN,YES,5,278.94
2669,2025-05-16,14:05,14:20,LONG,3173.05,3168.55,3173.25,3178.9,3173.25,4.5,0.62,2.79,0.12,0.04,BREAKEVEN,YES,15,279.06
2670,2025-05-16,14:45,14:50,SHORT,3173.62,3177.79,3173.42,3168.2,3168.2,4.17,0.67,2.79,3.63,1.3,BREAKEVEN,YES,5,282.69
2671,2025-05-16,15:25,15:35,LONG,3174.35,3170.09,3174.55,3179.89,3179.89,4.26,0.66,2.83,3.67,1.3,BREAKEVEN,YES,10,286.36
2672,2025-05-16,16:15,16:30,LONG,3174.58,3167.97,3174.78,3183.17,3174.78,6.61,0.43,2.86,0.09,0.03,BREAKEVEN,YES,15,286.45
2673,2025-05-19,07:05,07:30,LONG,3210.7,3205.19,3214.52,3217.86,3217.86,5.51,0.52,2.86,3.72,1.3,BREAKEVEN,YES,25,290.17
2674,2025-05-19,08:00,08:05,SHORT,3218.22,3222.47,3222.47,3212.69,3222.47,4.25,0.68,2.9,-2.9,-1,BREAKEVEN,NO,5,287.27
2675,2025-05-19,08:35,08:45,LONG,3218.85,3215.57,3215.57,3223.11,3215.57,3.28,0.88,2.87,-2.87,-1,BREAKEVEN,NO,10,284.4
2676,2025-05-19,09:20,09:25,LONG,3230.11,3226.54,3226.54,3234.75,3226.54,3.57,0.8,2.84,-2.84,-1,BREAKEVEN,NO,5,281.56
2677,2025-05-19,10:15,10:30,SHORT,3229.66,3231.97,3229.46,3226.66,3229.46,2.31,1.22,2.82,0.24,0.09,BREAKEVEN,YES,15,281.8
2678,2025-05-19,10:50,11:10,LONG,3232.68,3229.67,3232.88,3236.59,3232.88,3.01,0.94,2.82,0.19,0.07,BREAKEVEN,YES,20,281.99
2679,2025-05-19,11:25,11:50,LONG,3236.01,3232.27,3238.27,3240.87,3240.87,3.74,0.75,2.82,3.67,1.3,BREAKEVEN,YES,25,285.65
2680,2025-05-19,12:10,12:15,LONG,3240.73,3236.62,3236.62,3246.07,3236.62,4.11,0.7,2.86,-2.86,-1,BREAKEVEN,NO,5,282.8
2681,2025-05-19,12:45,13:00,LONG,3239.9,3236.28,3236.28,3244.61,3236.28,3.62,0.78,2.83,-2.83,-1,BREAKEVEN,NO,15,279.97
2682,2025-05-19,13:20,13:25,LONG,3238.74,3235.47,3238.94,3242.99,3238.94,3.27,0.86,2.8,0.17,0.06,BREAKEVEN,YES,5,280.14
2683,2025-05-19,14:00,14:10,LONG,3241.13,3237.68,3241.33,3245.62,3241.33,3.45,0.81,2.8,0.16,0.06,BREAKEVEN,YES,10,280.3
2684,2025-05-19,14:40,14:45,LONG,3246,3243.27,3246.2,3249.55,3246.2,2.73,1.03,2.8,0.21,0.07,BREAKEVEN,YES,5,280.51
2685,2025-05-19,15:15,15:45,SHORT,3240.58,3245.72,3240.38,3233.9,3240.38,5.14,0.55,2.81,0.11,0.04,BREAKEVEN,YES,30,280.62
2686,2025-05-19,16:20,16:25,SHORT,3233.85,3237.07,3233.65,3229.66,3233.65,3.22,0.87,2.81,0.17,0.06,BREAKEVEN,YES,5,280.79
2687,2025-05-19,16:55,17:00,SHORT,3229.93,3232.76,3229.73,3226.25,3226.25,2.83,0.99,2.81,3.65,1.3,BREAKEVEN,YES,5,284.44
2688,2025-05-20,07:05,07:50,SHORT,3212.69,3214.97,3214.97,3209.73,3214.97,2.28,1.25,2.84,-2.84,-1,BREAKEVEN,NO,45,281.6
2689,2025-05-20,07:40,07:50,SHORT,3212.75,3215.32,3215.32,3209.41,3215.32,2.57,1.1,2.82,-2.82,-1,BREAKEVEN,NO,10,278.78
2690,2025-05-20,08:25,08:30,LONG,3215.48,3212.49,3215.68,3219.37,3215.68,2.99,0.93,2.79,0.19,0.07,BREAKEVEN,YES,5,278.97
2691,2025-05-20,09:00,09:05,LONG,3211.13,3207.88,3211.33,3215.36,3215.36,3.25,0.86,2.79,3.63,1.3,BREAKEVEN,YES,5,282.59
2692,2025-05-20,09:40,10:10,LONG,3210.09,3207.3,3210.29,3213.72,3210.29,2.79,1.01,2.83,0.2,0.07,BREAKEVEN,YES,30,282.8
2693,2025-05-20,10:15,10:20,SHORT,3212.11,3215.08,3215.08,3208.25,3215.08,2.97,0.95,2.83,-2.83,-1,BREAKEVEN,NO,5,279.97
2694,2025-05-20,11:25,11:45,LONG,3222.17,3216.8,3226.9,3229.15,3229.15,5.37,0.52,2.8,3.64,1.3,BREAKEVEN,YES,20,283.61
2695,2025-05-20,12:20,12:25,LONG,3236.42,3233.86,3236.62,3239.75,3236.62,2.56,1.11,2.84,0.22,0.08,BREAKEVEN,YES,5,283.83
2696,2025-05-20,13:00,13:05,SHORT,3235.89,3238.29,3235.69,3232.77,3235.69,2.4,1.18,2.84,0.24,0.08,BREAKEVEN,YES,5,284.07
2697,2025-05-20,13:55,14:10,SHORT,3235.3,3238,3238,3231.79,3238,2.7,1.05,2.84,-2.84,-1,BREAKEVEN,NO,15,281.23
2698,2025-05-20,14:30,15:05,LONG,3239.16,3235.47,3239.36,3243.96,3239.36,3.69,0.76,2.81,0.15,0.05,BREAKEVEN,YES,35,281.38
2699,2025-05-20,15:35,15:45,LONG,3248.6,3243.5,3243.5,3255.23,3243.5,5.1,0.55,2.81,-2.81,-1,BREAKEVEN,NO,10,278.56
2700,2025-05-20,16:10,16:30,SHORT,3236.45,3239.4,3239.4,3232.61,3239.4,2.95,0.94,2.79,-2.79,-1,BREAKEVEN,NO,20,275.78
2701,2025-05-20,16:50,16:55,LONG,3247.92,3242.97,3248.12,3254.36,3254.36,4.95,0.56,2.76,3.59,1.3,BREAKEVEN,YES,5,279.36
2702,2025-05-21,07:05,07:20,LONG,3306.1,3302.72,3302.72,3310.49,3302.72,3.38,0.83,2.79,-2.79,-1,BREAKEVEN,NO,15,276.57
2703,2025-05-21,07:40,07:55,LONG,3304.69,3301.71,3301.71,3308.56,3301.71,2.98,0.93,2.77,-2.77,-1,BREAKEVEN,NO,15,273.8
2704,2025-05-21,08:30,08:40,SHORT,3301.48,3305.74,3305.74,3295.94,3305.74,4.26,0.64,2.74,-2.74,-1,BREAKEVEN,NO,10,271.07
2705,2025-05-21,09:15,09:25,LONG,3314.81,3311.98,3315.01,3318.49,3318.49,2.83,0.96,2.71,3.52,1.3,BREAKEVEN,YES,10,274.59
2706,2025-05-21,09:55,10:00,LONG,3320.02,3317.11,3317.11,3323.8,3317.11,2.91,0.94,2.75,-2.75,-1,BREAKEVEN,NO,5,271.84
2707,2025-05-21,10:30,10:45,SHORT,3312.53,3316.3,3312.33,3307.63,3312.33,3.77,0.72,2.72,0.14,0.05,BREAKEVEN,YES,15,271.99
2708,2025-05-21,11:20,11:25,SHORT,3309.22,3311.37,3309.02,3306.42,3309.02,2.15,1.27,2.72,0.25,0.09,BREAKEVEN,YES,5,272.24
2709,2025-05-21,11:55,12:30,SHORT,3308.48,3312.12,3312.12,3303.75,3312.12,3.64,0.75,2.72,-2.72,-1,BREAKEVEN,NO,35,269.52
2710,2025-05-21,12:30,12:40,LONG,3311.07,3308,3308,3315.06,3308,3.07,0.88,2.7,-2.7,-1,BREAKEVEN,NO,10,266.82
2711,2025-05-21,13:05,13:15,LONG,3312.1,3309.74,3312.3,3315.17,3312.3,2.36,1.13,2.67,0.23,0.08,BREAKEVEN,YES,10,267.05
2712,2025-05-21,14:20,14:35,LONG,3311.62,3308.75,3308.75,3315.35,3308.75,2.87,0.93,2.67,-2.67,-1,BREAKEVEN,NO,15,264.38
2713,2025-05-21,14:55,15:20,LONG,3311.19,3306.2,3306.2,3317.68,3306.2,4.99,0.53,2.64,-2.64,-1,BREAKEVEN,NO,25,261.74
2714,2025-05-21,15:30,15:35,LONG,3294.16,3290.3,3294.36,3299.18,3294.36,3.86,0.68,2.62,0.14,0.05,BREAKEVEN,YES,5,261.87
2715,2025-05-21,16:05,16:25,LONG,3303.06,3298.89,3303.26,3308.48,3303.26,4.17,0.63,2.62,0.13,0.05,BREAKEVEN,YES,20,262
2716,2025-05-21,16:40,16:45,LONG,3305.54,3300.68,3300.68,3311.86,3300.68,4.86,0.54,2.62,-2.62,-1,BREAKEVEN,NO,5,259.38
2717,2025-05-22,07:10,07:30,SHORT,3335.12,3337.47,3337.47,3332.07,3337.47,2.35,1.1,2.59,-2.59,-1,BREAKEVEN,NO,20,256.78
2718,2025-05-22,07:50,08:05,LONG,3337.88,3335.81,3338.08,3340.57,3338.08,2.07,1.24,2.57,0.25,0.1,BREAKEVEN,YES,15,257.03
2719,2025-05-22,08:30,08:45,SHORT,3337.3,3340.57,3336.76,3333.05,3333.05,3.27,0.79,2.57,3.34,1.3,BREAKEVEN,YES,15,260.37
2720,2025-05-22,09:10,09:25,SHORT,3333.2,3336.59,3332.63,3328.79,3328.79,3.39,0.77,2.6,3.38,1.3,BREAKEVEN,YES,15,263.76
2721,2025-05-22,09:55,10:05,SHORT,3326.46,3328.71,3326.26,3323.53,3326.26,2.25,1.17,2.64,0.23,0.09,BREAKEVEN,YES,10,263.99
2722,2025-05-22,10:35,10:55,SHORT,3327.51,3330.36,3330.36,3323.81,3330.36,2.85,0.93,2.64,-2.64,-1,BREAKEVEN,NO,20,261.35
2723,2025-05-22,11:10,11:15,SHORT,3326.97,3331.11,3326.77,3321.59,3326.77,4.14,0.63,2.61,0.13,0.05,BREAKEVEN,YES,5,261.48
2724,2025-05-22,11:45,11:55,LONG,3313.88,3310.61,3310.61,3318.13,3310.61,3.27,0.8,2.61,-2.61,-1,BREAKEVEN,NO,10,258.86
2725,2025-05-22,12:25,12:35,SHORT,3306.57,3309.13,3309.13,3303.24,3309.13,2.56,1.01,2.59,-2.59,-1,BREAKEVEN,NO,10,256.27
2726,2025-05-22,13:00,13:05,SHORT,3304.82,3308.96,3304.62,3299.44,3304.62,4.14,0.62,2.56,0.12,0.05,BREAKEVEN,YES,5,256.4
2727,2025-05-22,13:35,13:45,SHORT,3296.24,3300.15,3300.15,3291.16,3300.15,3.91,0.66,2.56,-2.56,-1,BREAKEVEN,NO,10,253.83
2728,2025-05-22,14:25,14:30,SHORT,3294.88,3298.31,3294.68,3290.42,3294.68,3.43,0.74,2.54,0.15,0.06,BREAKEVEN,YES,5,253.98
2729,2025-05-22,15:00,15:05,LONG,3312.83,3310.11,3310.11,3316.37,3310.11,2.72,0.93,2.54,-2.54,-1,BREAKEVEN,NO,5,251.44
2730,2025-05-22,15:50,16:00,LONG,3303.56,3299.44,3303.76,3308.92,3308.92,4.12,0.61,2.51,3.27,1.3,BREAKEVEN,YES,10,254.71
2731,2025-05-22,16:25,16:30,LONG,3311.14,3307.91,3307.91,3315.34,3307.91,3.23,0.79,2.55,-2.55,-1,BREAKEVEN,NO,5,252.16
2732,2025-05-23,07:05,07:15,LONG,3304.01,3300.82,3305.22,3308.16,3308.16,3.19,0.79,2.52,3.28,1.3,BREAKEVEN,YES,10,255.44
2733,2025-05-23,07:40,07:50,LONG,3313.85,3311.23,3314.05,3317.26,3314.05,2.62,0.97,2.55,0.19,0.08,BREAKEVEN,YES,10,255.64
2734,2025-05-23,08:15,08:20,LONG,3318.05,3315.19,3318.25,3321.77,3318.25,2.86,0.89,2.56,0.18,0.07,BREAKEVEN,YES,5,255.82
2735,2025-05-23,08:55,09:00,SHORT,3323.79,3327.19,3327.19,3319.37,3327.19,3.4,0.75,2.56,-2.56,-1,BREAKEVEN,NO,5,253.26
2736,2025-05-23,09:35,09:45,SHORT,3326.53,3330.05,3330.05,3321.95,3330.05,3.52,0.72,2.53,-2.53,-1,BREAKEVEN,NO,10,250.73
2737,2025-05-23,10:15,10:25,SHORT,3330.63,3332.73,3330.43,3327.9,3330.43,2.1,1.19,2.51,0.24,0.1,BREAKEVEN,YES,10,250.96
2738,2025-05-23,11:10,11:20,LONG,3329.1,3325.79,3325.79,3333.4,3325.79,3.31,0.76,2.51,-2.51,-1,BREAKEVEN,NO,10,248.45
2739,2025-05-23,11:45,12:00,SHORT,3324.61,3328.17,3328.17,3319.98,3328.17,3.56,0.7,2.48,-2.48,-1,BREAKEVEN,NO,15,245.97
2740,2025-05-23,12:25,13:00,LONG,3332.34,3327.36,3327.36,3338.81,3327.36,4.98,0.49,2.46,-2.46,-1,BREAKEVEN,NO,35,243.51
2741,2025-05-23,13:05,13:15,SHORT,3324.11,3328.34,3328.34,3318.61,3328.34,4.23,0.58,2.44,-2.44,-1,BREAKEVEN,NO,10,241.08
2742,2025-05-23,14:05,14:10,SHORT,3328.7,3331.43,3328.5,3325.15,3328.5,2.73,0.88,2.41,0.18,0.07,BREAKEVEN,YES,5,241.25
2743,2025-05-23,14:50,14:55,LONG,3343.44,3338.07,3343.64,3350.42,3343.64,5.37,0.45,2.41,0.09,0.04,BREAKEVEN,YES,5,241.34
2744,2025-05-23,15:40,15:50,LONG,3358.08,3354.01,3354.01,3363.37,3354.01,4.07,0.59,2.41,-2.41,-1,BREAKEVEN,NO,10,238.93
2745,2025-05-23,16:15,16:20,SHORT,3353.69,3359.65,3353.49,3345.94,3353.49,5.96,0.4,2.39,0.08,0.03,BREAKEVEN,YES,5,239.01
2746,2025-05-23,16:50,16:55,SHORT,3345.44,3348.86,3345.24,3340.99,3340.99,3.42,0.7,2.39,3.11,1.3,BREAKEVEN,YES,5,242.12
2747,2025-05-26,07:10,07:55,SHORT,3348.73,3352.4,3352.4,3343.96,3349.84,3.67,0.66,2.42,-0.73,-0.3,BREAKEVEN,NO,45,241.38
2748,2025-05-26,08:00,08:15,SHORT,3349.07,3352.9,3348.87,3344.09,3348.87,3.83,0.63,2.41,0.13,0.05,BREAKEVEN,YES,15,241.51
2749,2025-05-26,08:35,08:45,SHORT,3345.51,3348.8,3348.8,3341.23,3348.8,3.29,0.73,2.42,-2.42,-1,BREAKEVEN,NO,10,239.09
2750,2025-05-26,09:10,09:15,SHORT,3346.01,3348.42,3345.81,3342.88,3342.88,2.41,0.99,2.39,3.11,1.3,BREAKEVEN,YES,5,242.2
2751,2025-05-26,09:45,09:50,LONG,3341.52,3339.13,3339.13,3344.63,3339.13,2.39,1.01,2.42,-2.42,-1,BREAKEVEN,NO,5,239.78
2752,2025-05-26,10:30,10:50,LONG,3334.31,3331.54,3334.51,3337.91,3334.51,2.77,0.87,2.4,0.17,0.07,BREAKEVEN,YES,20,239.95
2753,2025-05-26,11:20,11:40,SHORT,3334.42,3338.27,3334.22,3329.41,3334.22,3.85,0.62,2.4,0.12,0.05,BREAKEVEN,YES,20,240.08
2754,2025-05-26,11:55,12:20,SHORT,3334.39,3337.11,3334.19,3330.85,3330.85,2.72,0.88,2.4,3.12,1.3,BREAKEVEN,YES,25,243.2
2755,2025-05-26,12:30,13:15,LONG,3327.71,3323.46,3331.03,3333.24,3332.85,4.25,0.57,2.43,2.94,1.21,BREAKEVEN,YES,45,246.14
2756,2025-05-26,13:20,13:30,LONG,3332.97,3330.48,3330.48,3336.21,3330.48,2.49,0.99,2.46,-2.46,-1,BREAKEVEN,NO,10,243.68
2757,2025-05-26,14:05,14:30,LONG,3331.81,3329.83,3329.83,3334.38,3329.83,1.98,1.23,2.44,-2.44,-1,BREAKEVEN,NO,25,241.24
2758,2025-05-26,14:55,15:05,LONG,3333.1,3330.56,3333.3,3336.4,3333.3,2.54,0.95,2.41,0.19,0.08,BREAKEVEN,YES,10,241.43
2759,2025-05-26,16:10,17:40,LONG,3334.17,3329.99,3337.51,3339.6,3337.51,4.18,0.58,2.41,1.93,0.8,BREAKEVEN,YES,15,243.36
2760,2025-05-27,07:00,07:30,LONG,3340.66,3337.76,3337.76,3344.43,3337.76,2.9,0.84,2.43,-2.43,-1,BREAKEVEN,NO,30,240.93
2761,2025-05-27,07:50,08:00,LONG,3334.31,3330.7,3330.7,3339,3330.7,3.61,0.67,2.41,-2.41,-1,BREAKEVEN,NO,10,238.52
2762,2025-05-27,08:25,08:35,LONG,3326.92,3324.74,3324.74,3329.75,3324.74,2.18,1.09,2.39,-2.39,-1,BREAKEVEN,NO,10,236.13
2763,2025-05-27,09:00,09:05,LONG,3323.46,3319.83,3323.66,3328.18,3323.66,3.63,0.65,2.36,0.13,0.06,BREAKEVEN,YES,5,236.26
2764,2025-05-27,09:40,09:45,SHORT,3316.22,3320.82,3316.02,3310.24,3310.24,4.6,0.51,2.36,3.07,1.3,BREAKEVEN,YES,5,239.33
2765,2025-05-27,10:15,10:45,LONG,3308.37,3304.31,3308.57,3313.65,3308.57,4.06,0.59,2.39,0.12,0.05,BREAKEVEN,YES,15,239.45
2766,2025-05-27,11:05,11:10,LONG,3307.91,3304.42,3308.11,3312.45,3308.11,3.49,0.69,2.39,0.14,0.06,BREAKEVEN,YES,5,239.59
2767,2025-05-27,11:40,12:00,LONG,3299.67,3295.89,3299.87,3304.58,3299.87,3.78,0.63,2.4,0.13,0.05,BREAKEVEN,YES,20,239.72
2768,2025-05-27,12:20,12:30,LONG,3304.15,3300.59,3300.59,3308.78,3300.59,3.56,0.67,2.4,-2.4,-1,BREAKEVEN,NO,10,237.32
2769,2025-05-27,13:05,13:15,LONG,3298.36,3294.97,3294.97,3302.77,3294.97,3.39,0.7,2.37,-2.37,-1,BREAKEVEN,NO,10,234.95
2770,2025-05-27,13:40,13:55,SHORT,3296.04,3299.06,3295.84,3292.11,3292.11,3.02,0.78,2.35,3.05,1.3,BREAKEVEN,YES,15,238
2771,2025-05-27,14:20,14:30,LONG,3290.98,3287.71,3291.18,3295.23,3291.18,3.27,0.73,2.38,0.15,0.06,BREAKEVEN,YES,10,238.15
2772,2025-05-27,15:20,15:35,LONG,3296.49,3292.64,3292.64,3301.49,3292.64,3.85,0.62,2.38,-2.38,-1,BREAKEVEN,NO,15,235.76
2773,2025-05-27,15:55,16:00,LONG,3293.81,3290.1,3294.01,3298.63,3294.01,3.71,0.64,2.36,0.13,0.05,BREAKEVEN,YES,5,235.89
2774,2025-05-27,16:55,17:00,LONG,3295.33,3290.84,3290.84,3301.17,3290.84,4.49,0.53,2.36,-2.36,-1,BREAKEVEN,NO,5,233.53
2775,2025-05-28,07:00,07:05,SHORT,3297.79,3299.93,3297.59,3295.01,3297.59,2.14,1.09,2.34,0.22,0.09,BREAKEVEN,YES,5,233.75
2776,2025-05-28,07:35,08:05,SHORT,3297.29,3300.82,3300.82,3292.7,3300.82,3.53,0.66,2.34,-2.34,-1,BREAKEVEN,NO,30,231.41
2777,2025-05-28,08:20,08:25,SHORT,3306.17,3309.51,3309.51,3301.83,3309.51,3.34,0.69,2.31,-2.31,-1,BREAKEVEN,NO,5,229.1
2778,2025-05-28,08:55,09:00,LONG,3307.24,3304.98,3304.98,3310.18,3304.98,2.26,1.01,2.29,-2.29,-1,BREAKEVEN,NO,5,226.81
2779,2025-05-28,09:50,10:00,LONG,3307.37,3305.22,3307.57,3310.16,3310.16,2.15,1.05,2.27,2.95,1.3,BREAKEVEN,YES,10,229.76
2780,2025-05-28,10:25,10:30,SHORT,3310.69,3312.97,3312.97,3307.73,3312.97,2.28,1.01,2.3,-2.3,-1,BREAKEVEN,NO,5,227.46
2781,2025-05-28,11:00,11:45,LONG,3320.72,3315.94,3315.94,3326.93,3315.94,4.78,0.48,2.27,-2.27,-1,BREAKEVEN,NO,45,225.18
2782,2025-05-28,11:35,11:45,LONG,3317.36,3314.49,3317.56,3321.09,3317.56,2.87,0.78,2.25,0.16,0.07,BREAKEVEN,YES,10,225.34
2783,2025-05-28,12:10,12:30,LONG,3321.62,3319.42,3321.82,3324.48,3321.82,2.2,1.02,2.25,0.2,0.09,BREAKEVEN,YES,20,225.55
2784,2025-05-28,12:45,13:10,SHORT,3323.91,3326.94,3323.71,3319.97,3319.97,3.03,0.74,2.26,2.93,1.3,BREAKEVEN,YES,25,228.48
2785,2025-05-28,13:40,13:45,SHORT,3315.84,3318.25,3315.64,3312.71,3312.71,2.41,0.95,2.28,2.97,1.3,BREAKEVEN,YES,5,231.45
2786,2025-05-28,14:20,14:25,LONG,3311.16,3308.38,3311.36,3314.77,3311.36,2.78,0.83,2.31,0.17,0.07,BREAKEVEN,YES,5,231.62
2787,2025-05-28,15:00,15:05,SHORT,3311.71,3315.06,3311.51,3307.36,3311.51,3.35,0.69,2.32,0.14,0.06,BREAKEVEN,YES,5,231.75
2788,2025-05-28,15:40,16:00,SHORT,3311.59,3315.26,3315.26,3306.82,3315.26,3.67,0.63,2.32,-2.32,-1,BREAKEVEN,NO,20,229.44
2789,2025-05-29,07:00,07:35,LONG,3274.36,3271.93,3271.93,3277.52,3271.93,2.43,0.94,2.29,-2.29,-1,BREAKEVEN,NO,35,227.14
2790,2025-05-29,07:35,07:50,LONG,3273.38,3270.39,3270.39,3277.27,3270.39,2.99,0.76,2.27,-2.27,-1,BREAKEVEN,NO,15,224.87
2791,2025-05-29,08:15,08:35,LONG,3271.08,3268.31,3268.31,3274.68,3268.31,2.77,0.81,2.25,-2.25,-1,BREAKEVEN,NO,20,222.62
2792,2025-05-29,09:20,10:05,LONG,3273.99,3269.36,3269.36,3280.01,3274.86,4.63,0.48,2.23,0.42,0.19,BREAKEVEN,NO,45,223.04
2793,2025-05-29,09:55,10:00,LONG,3271.61,3269.4,3271.81,3274.48,3274.48,2.21,1.01,2.23,2.9,1.3,BREAKEVEN,YES,5,225.94
2794,2025-05-29,10:35,10:45,SHORT,3277.85,3280.62,3280.62,3274.25,3280.62,2.77,0.82,2.26,-2.26,-1,BREAKEVEN,NO,10,223.68
2795,2025-05-29,11:35,12:05,LONG,3279.69,3277.25,3279.89,3282.86,3279.89,2.44,0.92,2.24,0.18,0.08,BREAKEVEN,YES,30,223.86
2796,2025-05-29,12:15,12:20,LONG,3279.46,3276.87,3276.87,3282.83,3276.87,2.59,0.86,2.24,-2.24,-1,BREAKEVEN,NO,5,221.62
2797,2025-05-29,12:55,13:00,LONG,3282.05,3278.72,3282.25,3286.38,3286.38,3.33,0.67,2.22,2.88,1.3,BREAKEVEN,YES,5,224.51
2798,2025-05-29,13:30,14:15,LONG,3298.54,3295.25,3295.25,3302.82,3296.56,3.29,0.68,2.25,-1.35,-0.6,BREAKEVEN,NO,45,223.15
2799,2025-05-29,14:05,14:25,SHORT,3297.39,3301.34,3301.34,3292.25,3301.34,3.95,0.56,2.23,-2.23,-1,BREAKEVEN,NO,20,220.92
2800,2025-05-29,15:05,15:10,LONG,3302.17,3298.54,3302.37,3306.89,3302.37,3.63,0.61,2.21,0.12,0.06,BREAKEVEN,YES,5,221.05
2801,2025-05-29,15:40,15:55,LONG,3313.64,3308.32,3313.84,3320.56,3313.84,5.32,0.42,2.21,0.08,0.04,BREAKEVEN,YES,15,221.13
2802,2025-05-29,16:30,16:50,SHORT,3317.6,3323.52,3317.4,3309.9,3317.4,5.92,0.37,2.21,0.07,0.03,BREAKEVEN,YES,20,221.2
2803,2025-05-30,07:05,07:50,SHORT,3292.55,3295.76,3295.76,3288.38,3294.22,3.21,0.69,2.21,-1.15,-0.52,BREAKEVEN,NO,45,220.05
2804,2025-05-30,07:40,07:55,SHORT,3292.45,3295.61,3295.61,3288.34,3295.61,3.16,0.7,2.2,-2.2,-1,BREAKEVEN,NO,15,217.85
2805,2025-05-30,08:15,08:20,LONG,3292.89,3289.95,3293.09,3296.71,3293.09,2.94,0.74,2.18,0.15,0.07,BREAKEVEN,YES,5,218
2806,2025-05-30,09:10,09:45,LONG,3294.2,3290.05,3295.03,3299.59,3295.03,4.15,0.53,2.18,0.44,0.2,BREAKEVEN,YES,35,218.44
2807,2025-05-30,09:45,09:50,LONG,3297.68,3293.08,3297.88,3303.66,3297.88,4.6,0.47,2.18,0.09,0.04,BREAKEVEN,YES,5,218.53
2808,2025-05-30,10:25,10:45,SHORT,3296.02,3298.94,3295.82,3292.22,3295.82,2.92,0.75,2.19,0.15,0.07,BREAKEVEN,YES,20,218.68
2809,2025-05-30,11:05,11:50,SHORT,3293.84,3300.75,3300.75,3284.86,3295.39,6.91,0.32,2.19,-0.49,-0.22,BREAKEVEN,NO,45,218.19
2810,2025-05-30,11:40,12:25,LONG,3296.81,3294.2,3297.01,3300.2,3297.01,2.61,0.84,2.18,0.17,0.08,BREAKEVEN,YES,45,218.36
2811,2025-05-30,12:15,12:30,LONG,3298.51,3295.48,3295.48,3302.45,3295.48,3.03,0.72,2.18,-2.18,-1,BREAKEVEN,NO,15,216.17
2812,2025-05-30,12:50,12:55,LONG,3297.55,3295.59,3295.59,3300.1,3295.59,1.96,1.1,2.16,-2.16,-1,BREAKEVEN,NO,5,214.01
2813,2025-05-30,13:40,14:15,SHORT,3294.36,3297.51,3294.16,3290.26,3294.16,3.15,0.68,2.14,0.14,0.06,BREAKEVEN,YES,35,214.15
2814,2025-05-30,14:15,14:50,SHORT,3292.24,3296.55,3292.04,3286.64,3292.04,4.31,0.5,2.14,0.1,0.05,BREAKEVEN,YES,35,214.25
2815,2025-05-30,14:50,15:10,LONG,3292.38,3287.17,3292.58,3299.15,3299.15,5.21,0.41,2.14,2.79,1.3,BREAKEVEN,YES,20,217.03
2816,2025-05-30,15:30,15:40,LONG,3299.44,3294.6,3300.87,3305.73,3305.73,4.84,0.45,2.17,2.82,1.3,BREAKEVEN,YES,10,219.85
2817,2025-05-30,16:05,16:15,LONG,3306.44,3300.79,3300.79,3313.79,3300.79,5.65,0.39,2.2,-2.2,-1,BREAKEVEN,NO,10,217.66
2818,2025-05-30,16:45,16:50,LONG,3286.9,3282.55,3282.55,3292.55,3282.55,4.35,0.5,2.18,-2.18,-1,BREAKEVEN,NO,5,215.48
2819,2025-06-02,07:05,07:30,LONG,3310.78,3308.01,3312.71,3314.38,3314.38,2.77,0.78,2.15,2.8,1.3,BREAKEVEN,YES,25,218.28
2820,2025-06-02,07:40,07:55,SHORT,3314.67,3317.2,3317.2,3311.38,3317.2,2.53,0.86,2.18,-2.18,-1,BREAKEVEN,NO,15,216.1
2821,2025-06-02,08:15,08:40,SHORT,3317.24,3321.3,3321.3,3311.96,3321.3,4.06,0.53,2.16,-2.16,-1,BREAKEVEN,NO,25,213.94
2822,2025-06-02,08:50,09:05,SHORT,3323.47,3327.11,3327.11,3318.74,3327.11,3.64,0.59,2.14,-2.14,-1,BREAKEVEN,NO,15,211.8
2823,2025-06-02,09:30,09:35,SHORT,3336.98,3340.19,3340.19,3332.81,3340.19,3.21,0.66,2.12,-2.12,-1,BREAKEVEN,NO,5,209.68
2824,2025-06-02,10:20,10:25,LONG,3356.31,3352.99,3356.51,3360.63,3356.51,3.32,0.63,2.1,0.13,0.06,BREAKEVEN,YES,5,209.81
2825,2025-06-02,10:55,11:00,LONG,3352.55,3349.46,3352.75,3356.57,3352.75,3.09,0.68,2.1,0.14,0.06,BREAKEVEN,YES,5,209.94
2826,2025-06-02,11:40,11:45,LONG,3353.73,3351.48,3353.93,3356.66,3353.93,2.25,0.93,2.1,0.19,0.09,BREAKEVEN,YES,5,210.13
2827,2025-06-02,13:00,13:40,LONG,3349.24,3345.42,3345.42,3354.21,3345.42,3.82,0.55,2.1,-2.1,-1,BREAKEVEN,NO,40,208.03
2828,2025-06-02,13:35,13:40,SHORT,3348.61,3351.01,3348.41,3345.49,3345.49,2.4,0.87,2.08,2.7,1.3,BREAKEVEN,YES,5,210.73
2829,2025-06-02,14:10,14:20,SHORT,3349.29,3351.48,3351.48,3346.44,3351.48,2.19,0.96,2.11,-2.11,-1,BREAKEVEN,NO,10,208.62
2830,2025-06-02,14:45,15:05,SHORT,3355.16,3359.93,3359.93,3348.96,3359.93,4.77,0.44,2.09,-2.09,-1,BREAKEVEN,NO,20,206.54
2831,2025-06-02,15:30,15:50,SHORT,3361.39,3365.14,3361.19,3356.51,3356.51,3.75,0.55,2.07,2.68,1.3,BREAKEVEN,YES,20,209.22
2832,2025-06-02,16:05,16:10,SHORT,3354.14,3356.82,3356.82,3350.66,3356.82,2.68,0.78,2.09,-2.09,-1,BREAKEVEN,NO,5,207.13
2833,2025-06-02,16:45,16:50,SHORT,3365.91,3371.8,3371.8,3358.25,3371.8,5.89,0.35,2.07,-2.07,-1,BREAKEVEN,NO,5,205.06
2834,2025-06-03,07:15,07:30,SHORT,3363.08,3366.33,3362.88,3358.86,3362.88,3.25,0.63,2.05,0.13,0.06,BREAKEVEN,YES,15,205.18
2835,2025-06-03,08:00,08:20,LONG,3362,3359.54,3362.2,3365.2,3362.2,2.46,0.83,2.05,0.17,0.08,BREAKEVEN,YES,20,205.35
2836,2025-06-03,08:35,08:45,LONG,3359.55,3354.89,3359.75,3365.61,3365.61,4.66,0.44,2.05,2.67,1.3,BREAKEVEN,YES,10,208.02
2837,2025-06-03,09:10,09:15,LONG,3361.94,3357.78,3362.14,3367.35,3362.14,4.16,0.5,2.08,0.1,0.05,BREAKEVEN,YES,5,208.12
2838,2025-06-03,09:45,09:50,LONG,3354.1,3349.74,3354.3,3359.77,3354.3,4.36,0.48,2.08,0.1,0.05,BREAKEVEN,YES,5,208.22
2839,2025-06-03,10:20,11:05,LONG,3358.16,3354.2,3360.74,3363.31,3363.31,3.96,0.53,2.08,2.71,1.3,BREAKEVEN,YES,45,210.92
2840,2025-06-03,10:55,11:00,LONG,3359.63,3356.23,3359.83,3364.05,3359.83,3.4,0.62,2.11,0.12,0.06,BREAKEVEN,YES,5,211.05
2841,2025-06-03,11:50,12:05,LONG,3362.52,3359.73,3359.73,3366.15,3359.73,2.79,0.76,2.11,-2.11,-1,BREAKEVEN,NO,15,208.94
2842,2025-06-03,12:30,13:15,LONG,3358.3,3353.49,3353.49,3364.55,3356.03,4.81,0.43,2.09,-0.99,-0.47,BREAKEVEN,NO,45,207.95
2843,2025-06-03,13:05,13:10,LONG,3356.33,3353.78,3356.53,3359.64,3356.53,2.55,0.82,2.08,0.16,0.08,BREAKEVEN,YES,5,208.11
2844,2025-06-03,13:40,14:00,SHORT,3357.36,3360.14,3357.16,3353.75,3357.16,2.78,0.75,2.08,0.15,0.07,BREAKEVEN,YES,20,208.26
2845,2025-06-03,14:15,14:50,LONG,3357.42,3355.13,3357.66,3360.4,3360.4,2.29,0.91,2.08,2.71,1.3,BREAKEVEN,YES,35,210.97
2846,2025-06-03,14:50,15:00,SHORT,3359.45,3362.01,3359.25,3356.12,3356.12,2.56,0.82,2.11,2.74,1.3,BREAKEVEN,YES,10,213.71
2847,2025-06-03,15:25,15:35,SHORT,3354.73,3357.13,3357.13,3351.61,3357.13,2.4,0.89,2.14,-2.14,-1,BREAKEVEN,NO,10,211.58
2848,2025-06-03,16:00,16:30,LONG,3361.08,3355.73,3355.73,3368.03,3355.73,5.35,0.4,2.12,-2.12,-1,BREAKEVEN,NO,30,209.46
2849,2025-06-03,16:35,16:40,SHORT,3353.4,3358.19,3353.2,3347.17,3353.2,4.79,0.44,2.09,0.09,0.04,BREAKEVEN,YES,5,209.55
2850,2025-06-04,07:05,07:40,LONG,3359.42,3356.54,3356.54,3363.16,3356.54,2.88,0.73,2.1,-2.1,-1,BREAKEVEN,NO,35,207.45
2851,2025-06-04,08:25,08:30,LONG,3351.63,3348.04,3351.83,3356.3,3351.83,3.59,0.58,2.07,0.12,0.06,BREAKEVEN,YES,5,207.57
2852,2025-06-04,09:05,09:15,LONG,3351.46,3347.5,3351.66,3356.61,3351.66,3.96,0.52,2.08,0.1,0.05,BREAKEVEN,YES,10,207.67
2853,2025-06-04,09:40,10:05,SHORT,3356.25,3359.78,3359.78,3351.66,3359.78,3.53,0.59,2.08,-2.08,-1,BREAKEVEN,NO,25,205.6
2854,2025-06-04,10:15,10:25,LONG,3359.45,3357.39,3359.65,3362.13,3359.65,2.06,1,2.06,0.2,0.1,BREAKEVEN,YES,10,205.8
2855,2025-06-04,11:05,11:50,LONG,3355.44,3350.3,3360.13,3362.12,3362.12,5.14,0.4,2.06,2.68,1.3,BREAKEVEN,YES,45,208.47
2856,2025-06-04,12:05,12:45,LONG,3363.78,3360.07,3360.07,3368.6,3360.07,3.71,0.56,2.08,-2.08,-1,BREAKEVEN,NO,40,206.39
2857,2025-06-04,12:40,12:55,LONG,3361.77,3358.7,3361.97,3365.76,3361.97,3.07,0.67,2.06,0.13,0.07,BREAKEVEN,YES,15,206.52
2858,2025-06-04,13:15,13:25,LONG,3359.77,3357.72,3357.72,3362.44,3357.72,2.05,1.01,2.07,-2.07,-1,BREAKEVEN,NO,10,204.46
2859,2025-06-04,13:50,14:25,LONG,3350.63,3345.87,3345.87,3356.82,3345.87,4.76,0.43,2.04,-2.04,-1,BREAKEVEN,NO,35,202.41
2860,2025-06-04,14:25,14:55,LONG,3346.71,3342.3,3346.91,3352.44,3346.91,4.41,0.46,2.02,0.09,0.05,BREAKEVEN,YES,30,202.5
2861,2025-06-04,15:00,15:05,SHORT,3346.27,3349.07,3349.07,3342.63,3349.07,2.8,0.72,2.03,-2.03,-1,BREAKEVEN,NO,5,200.48
2862,2025-06-04,15:50,16:05,SHORT,3357.67,3362.36,3362.36,3351.57,3362.36,4.69,0.43,2,-2,-1,BREAKEVEN,NO,15,198.47
2863,2025-06-04,16:25,16:30,LONG,3357.95,3353.58,3353.58,3363.63,3353.58,4.37,0.45,1.98,-1.98,-1,BREAKEVEN,NO,5,196.49
2864,2025-06-05,07:00,07:05,LONG,3369.2,3366.84,3369.4,3372.27,3372.27,2.36,0.83,1.96,2.55,1.3,BREAKEVEN,YES,5,199.04
2865,2025-06-05,07:40,08:00,LONG,3367.86,3365.43,3368.06,3371.02,3368.06,2.43,0.82,1.99,0.16,0.08,BREAKEVEN,YES,20,199.21
2866,2025-06-05,08:15,08:20,SHORT,3367.65,3370.75,3367.45,3363.62,3367.45,3.1,0.64,1.99,0.13,0.06,BREAKEVEN,YES,5,199.34
2867,2025-06-05,09:05,09:30,SHORT,3366.18,3368.95,3368.95,3362.58,3368.95,2.77,0.72,1.99,-1.99,-1,BREAKEVEN,NO,25,197.34
2868,2025-06-05,09:40,10:00,SHORT,3365.05,3368.49,3368.49,3360.58,3368.49,3.44,0.57,1.97,-1.97,-1,BREAKEVEN,NO,20,195.37
2869,2025-06-05,10:25,10:45,LONG,3372.43,3369.94,3369.94,3375.67,3369.94,2.49,0.78,1.95,-1.95,-1,BREAKEVEN,NO,20,193.41
2870,2025-06-05,11:00,11:45,LONG,3372.24,3368.26,3372.44,3377.41,3374.95,3.98,0.49,1.93,1.32,0.68,BREAKEVEN,YES,45,194.73
2871,2025-06-05,11:45,11:55,LONG,3374.95,3372.97,3375.15,3377.52,3375.15,1.98,0.98,1.95,0.2,0.1,BREAKEVEN,YES,10,194.93
2872,2025-06-05,12:35,12:50,SHORT,3384.06,3388.1,3388.1,3378.81,3388.1,4.04,0.48,1.95,-1.95,-1,BREAKEVEN,NO,15,192.98
2873,2025-06-05,13:15,13:25,SHORT,3391.35,3395.51,3395.51,3385.94,3395.51,4.16,0.46,1.93,-1.93,-1,BREAKEVEN,NO,10,191.05
2874,2025-06-05,13:50,14:15,LONG,3398.34,3394.44,3399.23,3403.41,3399.23,3.9,0.49,1.91,0.44,0.23,BREAKEVEN,YES,25,191.49
2875,2025-06-05,14:30,14:35,LONG,3395.5,3392.73,3392.73,3399.1,3392.73,2.77,0.69,1.91,-1.91,-1,BREAKEVEN,NO,5,189.57
2876,2025-06-05,15:05,15:10,SHORT,3395.29,3397.53,3395.09,3392.38,3395.09,2.24,0.85,1.9,0.17,0.09,BREAKEVEN,YES,5,189.74
2877,2025-06-05,15:40,15:45,SHORT,3393.78,3397.04,3393.58,3389.54,3389.54,3.26,0.58,1.9,2.47,1.3,BREAKEVEN,YES,5,192.21
2878,2025-06-05,16:20,16:35,SHORT,3380.13,3386.75,3386.75,3371.52,3386.75,6.62,0.29,1.92,-1.92,-1,BREAKEVEN,NO,15,190.28
2879,2025-06-05,16:55,17:00,SHORT,3378.06,3383.08,3377.86,3371.53,3377.86,5.02,0.38,1.9,0.08,0.04,BREAKEVEN,YES,5,190.36
2880,2025-06-06,07:00,07:05,LONG,3369.94,3367.63,3370.14,3372.94,3370.14,2.31,0.82,1.9,0.16,0.09,BREAKEVEN,YES,5,190.53
2881,2025-06-06,07:35,08:00,SHORT,3372.74,3374.9,3374.9,3369.93,3374.9,2.16,0.88,1.91,-1.91,-1,BREAKEVEN,NO,25,188.62
2882,2025-06-06,08:25,08:40,LONG,3369.4,3366.81,3366.81,3372.77,3366.81,2.59,0.73,1.89,-1.89,-1,BREAKEVEN,NO,15,186.73
2883,2025-06-06,09:10,09:15,LONG,3362.88,3360.14,3363.08,3366.44,3363.08,2.74,0.68,1.87,0.14,0.07,BREAKEVEN,YES,5,186.87
2884,2025-06-06,09:50,10:00,LONG,3360.78,3357.37,3357.37,3365.21,3357.37,3.41,0.55,1.87,-1.87,-1,BREAKEVEN,NO,10,185
2885,2025-06-06,10:25,10:30,SHORT,3360.49,3363.28,3360.29,3356.86,3360.29,2.79,0.66,1.85,0.13,0.07,BREAKEVEN,YES,5,185.13
2886,2025-06-06,11:00,11:25,SHORT,3359.97,3363.61,3363.61,3355.24,3363.61,3.64,0.51,1.85,-1.85,-1,BREAKEVEN,NO,25,183.28
2887,2025-06-06,11:45,12:05,LONG,3366.21,3363.6,3363.6,3369.6,3363.6,2.61,0.7,1.83,-1.83,-1,BREAKEVEN,NO,20,181.45
2888,2025-06-06,12:25,13:00,SHORT,3355.68,3360.21,3360.21,3349.79,3360.21,4.53,0.4,1.81,-1.81,-1,BREAKEVEN,NO,35,179.64
2889,2025-06-06,13:00,13:45,SHORT,3358.04,3361.8,3361.8,3353.15,3358.36,3.76,0.48,1.8,-0.15,-0.09,BREAKEVEN,NO,45,179.48
2890,2025-06-06,13:45,13:55,SHORT,3358.36,3360.59,3360.59,3355.46,3360.59,2.23,0.8,1.79,-1.79,-1,BREAKEVEN,NO,10,177.69
2891,2025-06-06,14:25,14:30,SHORT,3360.91,3363.32,3363.32,3357.78,3363.32,2.41,0.74,1.78,-1.78,-1,BREAKEVEN,NO,5,175.91
2892,2025-06-06,15:00,15:10,SHORT,3358.16,3360.96,3357.96,3354.52,3357.96,2.8,0.63,1.76,0.13,0.07,BREAKEVEN,YES,10,176.04
2893,2025-06-06,16:00,16:05,LONG,3349.14,3345.31,3349.34,3354.12,3354.12,3.83,0.46,1.76,2.29,1.3,BREAKEVEN,YES,5,178.32
2894,2025-06-06,16:40,16:55,SHORT,3346.83,3352.43,3346.63,3339.55,3346.63,5.6,0.32,1.78,0.06,0.04,BREAKEVEN,YES,15,178.39
2895,2025-06-09,07:00,07:45,LONG,3311.29,3307.79,3307.79,3315.84,3312.13,3.5,0.51,1.78,0.43,0.24,BREAKEVEN,NO,45,178.82
2896,2025-06-09,07:45,08:30,LONG,3312.13,3309.09,3309.09,3316.08,3312.03,3.04,0.59,1.79,-0.06,-0.03,BREAKEVEN,NO,45,178.76
2897,2025-06-09,08:20,08:30,LONG,3310.62,3308.25,3310.82,3313.7,3310.82,2.37,0.75,1.79,0.15,0.08,BREAKEVEN,YES,10,178.91
2898,2025-06-09,09:15,09:20,LONG,3316.96,3314.6,3317.16,3320.03,3320.03,2.36,0.76,1.79,2.33,1.3,BREAKEVEN,YES,5,181.23
2899,2025-06-09,09:50,09:55,SHORT,3321.32,3324.69,3324.69,3316.94,3324.69,3.37,0.54,1.81,-1.81,-1,BREAKEVEN,NO,5,179.42
2900,2025-06-09,10:30,10:40,LONG,3324.4,3321.88,3324.6,3327.68,3324.6,2.52,0.71,1.79,0.14,0.08,BREAKEVEN,YES,10,179.56
2901,2025-06-09,11:05,11:50,SHORT,3323.82,3326.99,3323.62,3319.7,3322.02,3.17,0.57,1.8,1.02,0.57,BREAKEVEN,YES,45,180.58
2902,2025-06-09,11:40,11:50,LONG,3323.34,3321.38,3321.38,3325.89,3321.38,1.96,0.92,1.81,-1.81,-1,BREAKEVEN,NO,10,178.78
2903,2025-06-09,12:40,12:55,LONG,3321.75,3319.52,3319.52,3324.65,3319.52,2.23,0.8,1.79,-1.79,-1,BREAKEVEN,NO,15,176.99
2904,2025-06-09,13:25,13:40,SHORT,3316.86,3319.12,3315.93,3313.92,3313.92,2.26,0.78,1.77,2.3,1.3,BREAKEVEN,YES,15,179.29
2905,2025-06-09,14:10,14:30,SHORT,3316.88,3319.15,3319.15,3313.93,3319.15,2.27,0.79,1.79,-1.79,-1,BREAKEVEN,NO,20,177.5
2906,2025-06-09,15:00,15:05,SHORT,3317.13,3320.09,3316.93,3313.28,3316.93,2.96,0.6,1.77,0.12,0.07,BREAKEVEN,YES,5,177.62
2907,2025-06-09,15:35,15:50,LONG,3321.45,3317.42,3317.42,3326.69,3317.42,4.03,0.44,1.78,-1.78,-1,BREAKEVEN,NO,15,175.84
2908,2025-06-09,16:20,16:25,LONG,3312.3,3309.23,3312.5,3316.29,3312.5,3.07,0.57,1.76,0.11,0.07,BREAKEVEN,YES,5,175.96
2909,2025-06-09,16:55,17:05,SHORT,3319.38,3323.15,3323.15,3314.48,3323.15,3.77,0.47,1.76,-1.76,-1,BREAKEVEN,NO,10,174.2
2910,2025-06-10,07:05,07:25,SHORT,3307,3310.19,3306.8,3302.85,3306.8,3.19,0.55,1.74,0.11,0.06,BREAKEVEN,YES,20,174.31
2911,2025-06-10,07:40,07:55,SHORT,3305.04,3307.79,3307.79,3301.47,3307.79,2.75,0.63,1.74,-1.74,-1,BREAKEVEN,NO,15,172.56
2912,2025-06-10,08:15,08:20,LONG,3311.18,3308.11,3311.38,3315.17,3311.38,3.07,0.56,1.73,0.11,0.07,BREAKEVEN,YES,5,172.68
2913,2025-06-10,08:55,09:10,SHORT,3317.61,3320.63,3320.63,3313.68,3320.63,3.02,0.57,1.73,-1.73,-1,BREAKEVEN,NO,15,170.95
2914,2025-06-10,09:30,09:35,SHORT,3326.78,3330.5,3330.5,3321.94,3330.5,3.72,0.46,1.71,-1.71,-1,BREAKEVEN,NO,5,169.24
2915,2025-06-10,10:10,10:15,SHORT,3328.09,3330.98,3327.89,3324.33,3327.89,2.89,0.59,1.69,0.12,0.07,BREAKEVEN,YES,5,169.36
2916,2025-06-10,10:45,11:05,SHORT,3329.7,3332.83,3329.5,3325.63,3329.5,3.13,0.54,1.69,0.11,0.06,BREAKEVEN,YES,20,169.46
2917,2025-06-10,11:30,11:40,LONG,3329.5,3327.11,3327.11,3332.61,3327.11,2.39,0.71,1.69,-1.69,-1,BREAKEVEN,NO,10,167.77
2918,2025-06-10,12:20,12:55,SHORT,3330.34,3333.25,3329.53,3326.56,3329.53,2.91,0.58,1.68,0.47,0.28,BREAKEVEN,YES,35,168.24
2919,2025-06-10,13:05,13:20,SHORT,3329.07,3331.48,3331.48,3325.94,3331.48,2.41,0.7,1.68,-1.68,-1,BREAKEVEN,NO,15,166.55
2920,2025-06-10,13:40,14:00,LONG,3333.91,3331.45,3334.11,3337.11,3334.11,2.46,0.68,1.67,0.14,0.08,BREAKEVEN,YES,20,166.69
2921,2025-06-10,14:25,14:30,LONG,3340.49,3337.73,3340.69,3344.08,3340.69,2.76,0.6,1.67,0.12,0.07,BREAKEVEN,YES,5,166.81
2922,2025-06-10,15:00,15:20,SHORT,3332.78,3337.37,3332.58,3326.81,3332.58,4.59,0.36,1.67,0.07,0.04,BREAKEVEN,YES,20,166.88
2923,2025-06-10,15:35,16:20,SHORT,3337.86,3341.63,3341.63,3332.96,3341.63,3.77,0.44,1.67,-1.67,-1,BREAKEVEN,NO,45,165.21
2924,2025-06-10,16:10,16:20,SHORT,3338.99,3341.7,3341.7,3335.47,3341.7,2.71,0.61,1.65,-1.65,-1,BREAKEVEN,NO,10,163.56
2925,2025-06-10,16:45,16:55,SHORT,3346.57,3350.58,3346.37,3341.36,3346.37,4.01,0.41,1.64,0.08,0.05,BREAKEVEN,YES,10,163.64
2926,2025-06-11,07:00,07:05,LONG,3338.05,3335.38,3338.25,3341.52,3338.25,2.67,0.61,1.64,0.12,0.07,BREAKEVEN,YES,5,163.77
2927,2025-06-11,07:35,07:45,SHORT,3339.71,3342.1,3342.1,3336.6,3342.1,2.39,0.69,1.64,-1.64,-1,BREAKEVEN,NO,10,162.13
2928,2025-06-11,08:15,08:30,LONG,3339.68,3337.45,3339.88,3342.58,3339.88,2.23,0.73,1.62,0.15,0.09,BREAKEVEN,YES,15,162.27
2929,2025-06-11,08:50,09:25,SHORT,3335.8,3340.47,3335.6,3329.73,3335.6,4.67,0.35,1.62,0.07,0.04,BREAKEVEN,YES,35,162.34
2930,2025-06-11,09:45,10:20,SHORT,3336.95,3340.14,3340.14,3332.8,3340.14,3.19,0.51,1.62,-1.62,-1,BREAKEVEN,NO,35,160.72
2931,2025-06-11,10:20,10:35,SHORT,3339.22,3342.03,3339.02,3335.57,3339.02,2.81,0.57,1.61,0.11,0.07,BREAKEVEN,YES,15,160.83
2932,2025-06-11,10:55,11:40,SHORT,3345.72,3350.04,3345.52,3340.1,3345.52,4.32,0.37,1.61,0.07,0.05,BREAKEVEN,YES,45,160.91
2933,2025-06-11,11:30,11:35,SHORT,3344.88,3347.92,3344.68,3340.93,3344.68,3.04,0.53,1.61,0.11,0.07,BREAKEVEN,YES,5,161.02
2934,2025-06-11,12:25,12:50,SHORT,3338.83,3342.37,3336.21,3334.23,3334.23,3.54,0.45,1.61,2.09,1.3,BREAKEVEN,YES,25,163.11
2935,2025-06-11,13:05,13:10,SHORT,3334.75,3337.5,3334.55,3331.18,3334.55,2.75,0.59,1.63,0.12,0.07,BREAKEVEN,YES,5,163.23
2936,2025-06-11,13:45,14:00,SHORT,3331.51,3334.55,3330.94,3327.56,3327.56,3.04,0.54,1.63,2.12,1.3,BREAKEVEN,YES,15,165.35
2937,2025-06-11,14:20,14:35,SHORT,3330.41,3332.76,3332.76,3327.35,3332.76,2.35,0.7,1.65,-1.65,-1,BREAKEVEN,NO,15,163.7
2938,2025-06-11,14:55,15:00,LONG,3333.16,3330.29,3333.36,3336.89,3333.36,2.87,0.57,1.64,0.11,0.07,BREAKEVEN,YES,5,163.81
2939,2025-06-11,15:35,15:40,SHORT,3357.35,3362.18,3357.15,3351.07,3357.15,4.83,0.34,1.64,0.07,0.04,BREAKEVEN,YES,5,163.88
2940,2025-06-11,16:10,16:30,LONG,3341.5,3335.34,3335.34,3349.51,3335.34,6.16,0.27,1.64,-1.64,-1,BREAKEVEN,NO,20,162.24
2941,2025-06-11,16:50,16:55,LONG,3334.17,3329.71,3329.71,3339.97,3329.71,4.46,0.36,1.62,-1.62,-1,BREAKEVEN,NO,5,160.62
2942,2025-06-12,07:05,07:40,SHORT,3370.83,3373.25,3373.25,3367.68,3373.25,2.42,0.66,1.61,-1.61,-1,BREAKEVEN,NO,35,159.01
2943,2025-06-12,07:45,08:00,LONG,3372.86,3369.68,3369.68,3376.99,3369.68,3.18,0.5,1.59,-1.59,-1,BREAKEVEN,NO,15,157.42
2944,2025-06-12,08:25,09:05,LONG,3374.6,3372.36,3372.36,3377.51,3372.36,2.24,0.7,1.57,-1.57,-1,BREAKEVEN,NO,40,155.85
2945,2025-06-12,09:00,09:10,LONG,3374.33,3371.56,3371.56,3377.93,3371.56,2.77,0.56,1.56,-1.56,-1,BREAKEVEN,NO,10,154.29
2946,2025-06-12,09:55,10:05,LONG,3374.98,3372.49,3372.49,3378.22,3372.49,2.49,0.62,1.54,-1.54,-1,BREAKEVEN,NO,10,152.74
2947,2025-06-12,10:45,10:50,LONG,3342.55,3338.9,3342.75,3347.3,3342.75,3.65,0.42,1.53,0.08,0.05,BREAKEVEN,YES,5,152.83
2948,2025-06-12,11:20,11:25,LONG,3356.53,3353.22,3356.73,3360.83,3356.73,3.31,0.46,1.53,0.09,0.06,BREAKEVEN,YES,5,152.92
2949,2025-06-12,12:00,12:05,SHORT,3357.07,3359.35,3359.35,3354.11,3359.35,2.28,0.67,1.53,-1.53,-1,BREAKEVEN,NO,5,151.39
2950,2025-06-12,12:35,12:45,LONG,3360.38,3356.6,3360.58,3365.29,3365.29,3.78,0.4,1.51,1.97,1.3,BREAKEVEN,YES,10,153.36
2951,2025-06-12,13:30,13:35,SHORT,3381.78,3384.95,3384.95,3377.66,3384.95,3.17,0.48,1.53,-1.53,-1,BREAKEVEN,NO,5,151.83
2952,2025-06-12,14:05,14:15,LONG,3385.66,3382.2,3382.2,3390.16,3382.2,3.46,0.44,1.52,-1.52,-1,BREAKEVEN,NO,10,150.31
2953,2025-06-12,14:45,15:05,LONG,3378.02,3373.93,3378.22,3383.34,3383.34,4.09,0.37,1.5,1.95,1.3,BREAKEVEN,YES,20,152.26
2954,2025-06-12,15:25,15:30,SHORT,3382.96,3385.24,3385.24,3380,3385.24,2.28,0.67,1.52,-1.52,-1,BREAKEVEN,NO,5,150.74
2955,2025-06-12,16:25,16:30,LONG,3382.74,3378,3382.94,3388.9,3382.94,4.74,0.32,1.51,0.06,0.04,BREAKEVEN,YES,5,150.8
2956,2025-06-13,07:10,07:35,SHORT,3427.96,3431.27,3427.76,3423.66,3427.76,3.31,0.46,1.51,0.09,0.06,BREAKEVEN,YES,25,150.89
2957,2025-06-13,08:05,08:10,SHORT,3427.04,3430.29,3426.84,3422.82,3426.84,3.25,0.46,1.51,0.09,0.06,BREAKEVEN,YES,5,150.99
2958,2025-06-13,08:40,08:55,SHORT,3423.54,3426.16,3426.16,3420.13,3426.16,2.62,0.58,1.51,-1.51,-1,BREAKEVEN,NO,15,149.48
2959,2025-06-13,09:15,09:30,LONG,3421.98,3418.66,3423.37,3426.3,3426.3,3.32,0.45,1.49,1.94,1.3,BREAKEVEN,YES,15,151.42
2960,2025-06-13,09:55,10:00,SHORT,3416.47,3419.98,3416.27,3411.91,3416.27,3.51,0.43,1.51,0.09,0.06,BREAKEVEN,YES,5,151.51
2961,2025-06-13,10:30,10:35,SHORT,3417.53,3420.49,3417.33,3413.68,3417.33,2.96,0.51,1.52,0.1,0.07,BREAKEVEN,YES,5,151.61
2962,2025-06-13,11:10,11:55,LONG,3422.57,3415.96,3415.96,3431.16,3424.3,6.61,0.23,1.52,0.4,0.26,BREAKEVEN,NO,45,152.01
2963,2025-06-13,11:50,12:20,LONG,3425.67,3421.67,3421.67,3430.87,3421.67,4,0.38,1.52,-1.52,-1,BREAKEVEN,NO,30,150.49
2964,2025-06-13,12:25,13:00,SHORT,3422.14,3426.32,3426.32,3416.71,3426.32,4.18,0.36,1.5,-1.5,-1,BREAKEVEN,NO,35,148.98
2965,2025-06-13,13:40,13:50,SHORT,3414.68,3418.73,3414.48,3409.41,3414.48,4.05,0.37,1.49,0.07,0.05,BREAKEVEN,YES,10,149.05
2966,2025-06-13,14:20,15:00,SHORT,3419.98,3423.17,3423.17,3415.83,3423.17,3.19,0.47,1.49,-1.49,-1,BREAKEVEN,NO,40,147.56
2967,2025-06-13,15:10,15:30,LONG,3424.21,3421.04,3425.86,3428.33,3428.33,3.17,0.47,1.48,1.92,1.3,BREAKEVEN,YES,20,149.48
2968,2025-06-13,15:55,16:00,SHORT,3436.78,3439.65,3439.65,3433.05,3439.65,2.87,0.52,1.49,-1.49,-1,BREAKEVEN,NO,5,147.99
2969,2025-06-13,16:30,16:35,LONG,3442.04,3438.12,3442.24,3447.14,3442.24,3.92,0.38,1.48,0.08,0.05,BREAKEVEN,YES,5,148.06
2970,2025-07-01,07:00,07:45,SHORT,3320.7,3323.3,3323.3,3317.32,3322.67,2.6,0.57,1.48,-1.12,-0.76,BREAKEVEN,NO,45,146.94
2971,2025-07-01,07:50,08:00,LONG,3322.52,3320.54,3322.72,3325.09,3325.09,1.98,0.74,1.47,1.91,1.3,BREAKEVEN,YES,10,148.85
2972,2025-07-01,08:35,09:05,SHORT,3330.77,3333.75,3329.88,3326.9,3326.9,2.98,0.5,1.49,1.94,1.3,BREAKEVEN,YES,30,150.79
2973,2025-07-01,09:25,09:40,SHORT,3328.19,3331.07,3331.07,3324.45,3331.07,2.88,0.52,1.51,-1.51,-1,BREAKEVEN,NO,15,149.28
2974,2025-07-01,10:00,10:05,LONG,3331.61,3329.27,3331.81,3334.65,3331.81,2.34,0.64,1.49,0.13,0.09,BREAKEVEN,YES,5,149.41
2975,2025-07-01,10:35,11:00,LONG,3335.98,3332.71,3338.06,3340.23,3340.23,3.27,0.46,1.49,1.94,1.3,BREAKEVEN,YES,25,151.35
2976,2025-07-01,11:15,11:35,SHORT,3338.16,3341.28,3341.28,3334.1,3341.28,3.12,0.49,1.51,-1.51,-1,BREAKEVEN,NO,20,149.83
2977,2025-07-01,11:55,12:20,LONG,3339.49,3337.27,3339.69,3342.38,3342.38,2.22,0.67,1.5,1.95,1.3,BREAKEVEN,YES,25,151.78
2978,2025-07-01,12:35,12:40,LONG,3344.39,3342.04,3344.59,3347.44,3344.59,2.35,0.65,1.52,0.13,0.09,BREAKEVEN,YES,5,151.91
2979,2025-07-01,13:15,13:45,LONG,3347.39,3345.2,3347.59,3350.24,3347.59,2.19,0.69,1.52,0.14,0.09,BREAKEVEN,YES,30,152.05
2980,2025-07-01,13:50,14:00,SHORT,3348.84,3351,3351,3346.03,3351,2.16,0.7,1.52,-1.52,-1,BREAKEVEN,NO,10,150.53
2981,2025-07-01,14:25,14:35,LONG,3351.81,3349.45,3349.45,3354.88,3349.45,2.36,0.64,1.51,-1.51,-1,BREAKEVEN,NO,10,149.02
2982,2025-07-01,15:00,15:15,SHORT,3349.36,3351.88,3351.88,3346.08,3351.88,2.52,0.59,1.49,-1.49,-1,BREAKEVEN,NO,15,147.53
2983,2025-07-01,15:35,15:40,SHORT,3353.5,3357.07,3357.07,3348.86,3357.07,3.57,0.41,1.48,-1.48,-1,BREAKEVEN,NO,5,146.06
2984,2025-07-01,16:10,16:45,SHORT,3347.82,3351.32,3347.62,3343.27,3347.62,3.5,0.42,1.46,0.08,0.06,BREAKEVEN,YES,35,146.14
2985,2025-07-01,16:55,17:00,SHORT,3351.18,3354.07,3350.98,3347.42,3350.98,2.89,0.51,1.46,0.1,0.07,BREAKEVEN,YES,5,146.24
2986,2025-07-02,07:05,07:50,SHORT,3340.48,3343.5,3343.5,3336.55,3340.96,3.02,0.48,1.46,-0.23,-0.16,BREAKEVEN,NO,45,146.01
2987,2025-07-02,07:40,08:10,SHORT,3340.05,3342.21,3339.85,3337.24,3339.85,2.16,0.68,1.46,0.14,0.09,BREAKEVEN,YES,30,146.15
2988,2025-07-02,08:20,08:35,LONG,3342.05,3339.15,3339.15,3345.82,3339.15,2.9,0.5,1.46,-1.46,-1,BREAKEVEN,NO,15,144.68
2989,2025-07-02,09:05,09:15,SHORT,3337.86,3340.04,3337.66,3335.03,3335.03,2.18,0.66,1.45,1.88,1.3,BREAKEVEN,YES,10,146.57
2990,2025-07-02,09:50,09:55,LONG,3331.46,3328.38,3331.66,3335.46,3331.66,3.08,0.48,1.47,0.1,0.06,BREAKEVEN,YES,5,146.66
2991,2025-07-02,10:25,10:45,LONG,3330.08,3326.11,3330.28,3335.24,3335.24,3.97,0.37,1.47,1.91,1.3,BREAKEVEN,YES,20,148.57
2992,2025-07-02,11:00,11:15,LONG,3334.13,3331.52,3334.56,3337.52,3337.52,2.61,0.57,1.49,1.93,1.3,BREAKEVEN,YES,15,150.5
2993,2025-07-02,11:35,11:40,LONG,3337.58,3335.1,3335.1,3340.8,3335.1,2.48,0.61,1.5,-1.5,-1,BREAKEVEN,NO,5,148.99
2994,2025-07-02,12:15,12:30,SHORT,3337.61,3340.52,3340.52,3333.83,3340.52,2.91,0.51,1.49,-1.49,-1,BREAKEVEN,NO,15,147.5
2995,2025-07-02,13:05,13:25,SHORT,3343.31,3345.79,3342.63,3340.09,3342.63,2.48,0.59,1.48,0.4,0.27,BREAKEVEN,YES,20,147.91
2996,2025-07-02,13:45,14:00,SHORT,3344.11,3346.33,3346.33,3341.22,3346.33,2.22,0.67,1.48,-1.48,-1,BREAKEVEN,NO,15,146.43
2997,2025-07-02,14:30,15:00,SHORT,3343.06,3346.39,3342.86,3338.73,3342.86,3.33,0.44,1.46,0.09,0.06,BREAKEVEN,YES,30,146.52
2998,2025-07-02,15:05,15:10,SHORT,3340.69,3344.25,3340.49,3336.06,3340.49,3.56,0.41,1.47,0.08,0.06,BREAKEVEN,YES,5,146.6
2999,2025-07-02,15:40,15:50,SHORT,3347.87,3350.72,3350.72,3344.16,3350.72,2.85,0.51,1.47,-1.47,-1,BREAKEVEN,NO,10,145.13
3000,2025-07-02,16:15,16:25,LONG,3343.3,3340.31,3343.5,3347.19,3343.5,2.99,0.49,1.45,0.1,0.07,BREAKEVEN,YES,10,145.23
3001,2025-07-02,16:50,17:20,SHORT,3336.51,3340.16,3336.31,3331.77,3336.31,3.65,0.4,1.45,0.08,0.05,BREAKEVEN,YES,30,145.31
3002,2025-07-03,12:20,12:30,LONG,3352.1,3349.69,3349.69,3355.23,3349.69,2.41,0.6,1.45,-1.45,-1,BREAKEVEN,NO,10,143.86
3003,2025-07-03,13:00,13:30,LONG,3346.35,3343.28,3348.19,3350.34,3350.34,3.07,0.47,1.44,1.87,1.3,BREAKEVEN,YES,30,145.73
3004,2025-07-03,14:10,14:55,SHORT,3347.97,3352.38,3346.71,3342.24,3346.05,4.41,0.33,1.46,0.63,0.44,BREAKEVEN,YES,45,146.36
3005,2025-07-03,14:50,15:20,LONG,3345.6,3341.54,3348.51,3350.88,3350.88,4.06,0.36,1.46,1.9,1.3,BREAKEVEN,YES,30,148.26
3006,2025-07-03,15:25,15:30,SHORT,3349.65,3353.23,3349.45,3345,3345,3.58,0.41,1.48,1.93,1.3,BREAKEVEN,YES,5,150.19
3007,2025-07-03,16:05,16:10,SHORT,3326.75,3332.2,3326.55,3319.67,3326.55,5.45,0.28,1.5,0.06,0.04,BREAKEVEN,YES,5,150.25
3008,2025-07-03,16:45,16:55,LONG,3336,3332.91,3332.91,3340.02,3332.91,3.09,0.49,1.5,-1.5,-1,BREAKEVEN,NO,10,148.74
3009,2025-07-04,10:40,11:05,SHORT,3341.57,3344.01,3344.01,3338.4,3344.01,2.44,0.61,1.49,-1.49,-1,BREAKEVEN,NO,25,147.26
3010,2025-07-04,11:20,12:00,LONG,3343.4,3341.49,3341.49,3345.88,3341.49,1.91,0.77,1.47,-1.47,-1,BREAKEVEN,NO,40,145.78
3011,2025-07-04,12:10,12:30,SHORT,3339.92,3342.38,3339.49,3336.72,3336.72,2.46,0.59,1.46,1.9,1.3,BREAKEVEN,YES,20,147.68
3012,2025-07-04,13:00,13:20,SHORT,3334.94,3336.98,3334.74,3332.29,3334.74,2.04,0.72,1.48,0.14,0.1,BREAKEVEN,YES,20,147.82
3013,2025-07-04,13:35,13:40,SHORT,3334.53,3337.41,3334.33,3330.79,3334.33,2.88,0.51,1.48,0.1,0.07,BREAKEVEN,YES,5,147.93
3014,2025-07-04,14:20,15:25,LONG,3336.31,3333.66,3333.66,3339.76,3335.13,2.65,0.56,1.48,-0.66,-0.45,BREAKEVEN,NO,45,147.27
3015,2025-07-04,15:15,15:35,SHORT,3335.99,3338.77,3335.79,3332.38,3335.79,2.78,0.53,1.47,0.11,0.07,BREAKEVEN,YES,20,147.37
3016,2025-07-04,15:50,16:35,SHORT,3334,3336.63,3336.63,3330.58,3335.59,2.63,0.56,1.47,-0.89,-0.6,BREAKEVEN,NO,45,146.48
3017,2025-07-04,16:30,16:40,SHORT,3334.36,3336.39,3336.39,3331.72,3336.39,2.03,0.72,1.46,-1.46,-1,BREAKEVEN,NO,10,145.02
3018,2025-07-07,07:00,07:25,LONG,3311.21,3307.27,3307.27,3316.33,3307.27,3.94,0.37,1.45,-1.45,-1,BREAKEVEN,NO,25,143.57
3019,2025-07-07,07:45,07:55,SHORT,3306.34,3308.49,3308.49,3303.55,3308.49,2.15,0.67,1.44,-1.44,-1,BREAKEVEN,NO,10,142.13
3020,2025-07-07,08:30,08:35,LONG,3310.29,3306.43,3310.49,3315.31,3310.49,3.86,0.37,1.42,0.07,0.05,BREAKEVEN,YES,5,142.21
3021,2025-07-07,09:05,09:25,LONG,3314.02,3310.1,3310.1,3319.12,3310.1,3.92,0.36,1.42,-1.42,-1,BREAKEVEN,NO,20,140.78
3022,2025-07-07,09:50,10:00,SHORT,3310.18,3312.65,3309.98,3306.97,3309.98,2.47,0.57,1.41,0.11,0.08,BREAKEVEN,YES,10,140.9
3023,2025-07-07,10:55,11:05,LONG,3302.24,3299.19,3302.44,3306.2,3302.44,3.05,0.46,1.41,0.09,0.07,BREAKEVEN,YES,10,140.99
3024,2025-07-07,11:30,12:15,LONG,3311.13,3308.16,3308.16,3314.99,3309.26,2.97,0.47,1.41,-0.89,-0.63,BREAKEVEN,NO,45,140.1
3025,2025-07-07,12:10,12:25,SHORT,3310.26,3313.37,3310.06,3306.22,3310.06,3.11,0.45,1.4,0.09,0.06,BREAKEVEN,YES,15,140.19
3026,2025-07-07,12:45,13:30,SHORT,3308.16,3311.23,3311.23,3304.17,3308.52,3.07,0.46,1.4,-0.16,-0.12,BREAKEVEN,NO,45,140.03
3027,2025-07-07,13:20,13:35,LONG,3309.22,3306.71,3306.71,3312.48,3306.71,2.51,0.56,1.4,-1.4,-1,BREAKEVEN,NO,15,138.63
3028,2025-07-07,13:55,14:05,LONG,3302.06,3298.61,3302.26,3306.54,3306.54,3.45,0.4,1.39,1.8,1.3,BREAKEVEN,YES,10,140.43
3029,2025-07-07,14:30,14:40,LONG,3302.4,3299.74,3299.74,3305.86,3299.74,2.66,0.53,1.4,-1.4,-1,BREAKEVEN,NO,10,139.03
3030,2025-07-07,15:15,15:35,LONG,3305.09,3299.1,3305.29,3312.88,3305.29,5.99,0.23,1.39,0.05,0.03,BREAKEVEN,YES,20,139.07
3031,2025-07-07,16:00,16:45,LONG,3310.12,3305.92,3305.92,3315.58,3310.54,4.2,0.33,1.39,0.14,0.1,BREAKEVEN,NO,45,139.21
3032,2025-07-08,07:35,07:45,LONG,3331.08,3328.31,3328.31,3334.68,3328.31,2.77,0.5,1.39,-1.39,-1,BREAKEVEN,NO,10,137.82
3033,2025-07-08,08:30,09:05,LONG,3335.4,3333.28,3333.28,3338.16,3333.28,2.12,0.65,1.38,-1.38,-1,BREAKEVEN,NO,35,136.44
3034,2025-07-08,09:05,09:50,SHORT,3332.78,3336.11,3336.11,3328.45,3334.65,3.33,0.41,1.36,-0.77,-0.56,BREAKEVEN,NO,45,135.68
3035,2025-07-08,09:40,09:55,LONG,3334.06,3331.88,3334.26,3336.89,3334.26,2.18,0.62,1.36,0.12,0.09,BREAKEVEN,YES,15,135.8
3036,2025-07-08,10:30,10:40,SHORT,3332.47,3335.15,3332.27,3328.99,3332.27,2.68,0.51,1.36,0.1,0.07,BREAKEVEN,YES,10,135.9
3037,2025-07-08,11:05,11:20,LONG,3328.74,3324.64,3324.64,3334.07,3324.64,4.1,0.33,1.36,-1.36,-1,BREAKEVEN,NO,15,134.54
3038,2025-07-08,11:50,12:00,SHORT,3324.83,3327.27,3324.63,3321.66,3324.63,2.44,0.55,1.35,0.11,0.08,BREAKEVEN,YES,10,134.65
3039,2025-07-08,12:25,12:30,LONG,3324.78,3322,3322,3328.39,3322,2.78,0.48,1.35,-1.35,-1,BREAKEVEN,NO,5,133.31
3040,2025-07-08,13:05,13:20,LONG,3323.86,3321.55,3321.55,3326.86,3321.55,2.31,0.58,1.33,-1.33,-1,BREAKEVEN,NO,15,131.97
3041,2025-07-08,13:40,14:25,LONG,3325.67,3322.85,3322.85,3329.34,3324.85,2.82,0.47,1.32,-0.38,-0.29,BREAKEVEN,NO,45,131.59
3042,2025-07-08,14:25,14:35,LONG,3324.85,3321.74,3321.74,3328.89,3321.74,3.11,0.42,1.32,-1.32,-1,BREAKEVEN,NO,10,130.27
3043,2025-07-08,15:05,15:20,SHORT,3328.27,3331.06,3328.07,3324.64,3328.07,2.79,0.47,1.3,0.09,0.07,BREAKEVEN,YES,15,130.37
3044,2025-07-08,16:00,16:05,LONG,3326.8,3324.29,3324.29,3330.06,3324.29,2.51,0.52,1.3,-1.3,-1,BREAKEVEN,NO,5,129.06
3045,2025-07-08,16:35,16:45,LONG,3324.95,3319.69,3319.69,3331.79,3319.69,5.26,0.25,1.29,-1.29,-1,BREAKEVEN,NO,10,127.77
3046,2025-07-09,07:00,07:05,LONG,3293.16,3289.8,3293.36,3297.53,3293.36,3.36,0.38,1.28,0.08,0.06,BREAKEVEN,YES,5,127.85
3047,2025-07-09,07:35,08:00,LONG,3295.68,3293.15,3293.15,3298.97,3293.15,2.53,0.51,1.28,-1.28,-1,BREAKEVEN,NO,25,126.57
3048,2025-07-09,08:30,08:55,LONG,3292.84,3289.55,3289.55,3297.12,3289.55,3.29,0.38,1.27,-1.27,-1,BREAKEVEN,NO,25,125.3
3049,2025-07-09,09:05,09:20,LONG,3290.03,3287.51,3287.51,3293.31,3287.51,2.52,0.5,1.25,-1.25,-1,BREAKEVEN,NO,15,124.05
3050,2025-07-09,09:40,10:00,SHORT,3289.34,3293.13,3293.13,3284.41,3293.13,3.79,0.33,1.24,-1.24,-1,BREAKEVEN,NO,20,122.81
3051,2025-07-09,10:25,10:50,SHORT,3290.81,3294.91,3294.91,3285.48,3294.91,4.1,0.3,1.23,-1.23,-1,BREAKEVEN,NO,25,121.58
3052,2025-07-09,11:00,11:15,LONG,3292.04,3287.52,3287.52,3297.92,3287.52,4.52,0.27,1.22,-1.22,-1,BREAKEVEN,NO,15,120.37
3053,2025-07-09,11:55,12:05,SHORT,3284.98,3287.61,3287.61,3281.56,3287.61,2.63,0.46,1.2,-1.2,-1,BREAKEVEN,NO,10,119.16
3054,2025-07-09,12:35,13:00,LONG,3289.26,3286.97,3289.46,3292.24,3289.46,2.29,0.52,1.19,0.1,0.09,BREAKEVEN,YES,25,119.27
3055,2025-07-09,13:20,13:30,LONG,3289.62,3286.8,3289.82,3293.29,3293.29,2.82,0.42,1.19,1.55,1.3,BREAKEVEN,YES,10,120.82
3056,2025-07-09,13:55,14:15,LONG,3295.31,3292.97,3292.97,3298.35,3292.97,2.34,0.52,1.21,-1.21,-1,BREAKEVEN,NO,20,119.61
3057,2025-07-09,14:30,15:05,SHORT,3285.99,3290.71,3290.71,3279.85,3290.71,4.72,0.25,1.2,-1.2,-1,BREAKEVEN,NO,35,118.41
3058,2025-07-09,15:10,15:50,LONG,3291.52,3287.8,3292.93,3296.36,3296.36,3.72,0.32,1.18,1.54,1.3,BREAKEVEN,YES,40,119.95
3059,2025-07-09,15:55,16:00,LONG,3296.42,3294.06,3296.62,3299.49,3296.62,2.36,0.51,1.2,0.1,0.08,BREAKEVEN,YES,5,120.05
3060,2025-07-09,16:45,16:50,LONG,3298.16,3291.77,3298.36,3306.47,3298.36,6.39,0.19,1.2,0.04,0.03,BREAKEVEN,YES,5,120.09
3061,2025-07-10,07:05,07:40,SHORT,3315.89,3318.3,3318.3,3312.76,3318.3,2.41,0.5,1.2,-1.2,-1,BREAKEVEN,NO,35,118.89
3062,2025-07-10,07:55,08:20,LONG,3322.22,3319.85,3322.96,3325.3,3322.96,2.37,0.5,1.19,0.37,0.31,BREAKEVEN,YES,25,119.26
3063,2025-07-10,08:30,09:10,LONG,3322.71,3320.08,3322.91,3326.13,3322.91,2.63,0.45,1.19,0.09,0.08,BREAKEVEN,YES,40,119.35
3064,2025-07-10,09:20,10:05,SHORT,3324.71,3329.82,3329.82,3318.07,3328.53,5.11,0.23,1.19,-0.89,-0.75,BREAKEVEN,NO,45,118.46
3065,2025-07-10,10:00,10:40,SHORT,3327.05,3329.61,3325.42,3323.72,3323.72,2.56,0.46,1.18,1.54,1.3,BREAKEVEN,YES,40,120
3066,2025-07-10,11:05,11:35,SHORT,3321.1,3323.8,3323.8,3317.59,3323.8,2.7,0.44,1.2,-1.2,-1,BREAKEVEN,NO,30,118.8
3067,2025-07-10,11:55,12:35,SHORT,3328.69,3331.61,3326.67,3324.89,3324.89,2.92,0.41,1.19,1.54,1.3,BREAKEVEN,YES,40,120.34
3068,2025-07-10,12:30,12:40,SHORT,3325.66,3328.63,3325.46,3321.8,3325.46,2.97,0.41,1.2,0.08,0.07,BREAKEVEN,YES,10,120.43
3069,2025-07-10,13:30,13:35,SHORT,3325.99,3328.01,3325.79,3323.36,3325.79,2.02,0.6,1.2,0.12,0.1,BREAKEVEN,YES,5,120.55
3070,2025-07-10,14:10,14:30,SHORT,3328.6,3330.87,3328.4,3325.65,3328.4,2.27,0.53,1.21,0.11,0.09,BREAKEVEN,YES,20,120.65
3071,2025-07-10,14:55,15:40,LONG,3320.42,3316.83,3320.62,3325.09,3322.78,3.59,0.34,1.21,0.79,0.66,BREAKEVEN,YES,45,121.44
3072,2025-07-10,15:30,16:00,LONG,3321.22,3316.73,3323.02,3327.06,3327.06,4.49,0.27,1.21,1.58,1.3,BREAKEVEN,YES,30,123.02
3073,2025-07-10,16:05,16:10,LONG,3326.06,3323.42,3326.26,3329.49,3326.26,2.64,0.47,1.23,0.09,0.08,BREAKEVEN,YES,5,123.12
3074,2025-07-11,07:05,07:25,SHORT,3334.55,3336.79,3333.56,3331.64,3331.64,2.24,0.55,1.23,1.6,1.3,BREAKEVEN,YES,20,124.72
3075,2025-07-11,07:40,08:00,SHORT,3330.49,3332.96,3332.96,3327.28,3332.96,2.47,0.5,1.25,-1.25,-1,BREAKEVEN,NO,20,123.47
3076,2025-07-11,08:25,08:30,SHORT,3340.27,3343.1,3340.07,3336.59,3340.07,2.83,0.44,1.23,0.09,0.07,BREAKEVEN,YES,5,123.56
3077,2025-07-11,09:00,09:10,SHORT,3333.54,3336.29,3336.29,3329.97,3336.29,2.75,0.45,1.24,-1.24,-1,BREAKEVEN,NO,10,122.32
3078,2025-07-11,09:40,09:45,LONG,3339.15,3336.9,3336.9,3342.08,3336.9,2.25,0.54,1.22,-1.22,-1,BREAKEVEN,NO,5,121.1
3079,2025-07-11,10:30,10:40,SHORT,3334.89,3336.98,3336.98,3332.17,3336.98,2.09,0.58,1.21,-1.21,-1,BREAKEVEN,NO,10,119.89
3080,2025-07-11,11:05,11:25,SHORT,3341.71,3344.87,3341.51,3337.6,3341.51,3.16,0.38,1.2,0.08,0.06,BREAKEVEN,YES,20,119.96
3081,2025-07-11,11:40,11:50,SHORT,3338.21,3340.83,3338.01,3334.8,3334.8,2.62,0.46,1.2,1.56,1.3,BREAKEVEN,YES,10,121.52
3082,2025-07-11,12:15,12:30,SHORT,3334.55,3337.06,3337.06,3331.29,3337.06,2.51,0.48,1.22,-1.22,-1,BREAKEVEN,NO,15,120.31
3083,2025-07-11,13:05,13:25,LONG,3341.82,3339.46,3342.54,3344.89,3344.89,2.36,0.51,1.2,1.56,1.3,BREAKEVEN,YES,20,121.87
3084,2025-07-11,13:40,14:00,SHORT,3347.26,3349.73,3347.06,3344.05,3347.06,2.47,0.49,1.22,0.1,0.08,BREAKEVEN,YES,20,121.97
3085,2025-07-11,14:20,14:30,SHORT,3343.96,3347.12,3347.12,3339.85,3347.12,3.16,0.39,1.22,-1.22,-1,BREAKEVEN,NO,10,120.75
3086,2025-07-11,14:55,15:10,SHORT,3347.58,3350.79,3347.38,3343.41,3347.38,3.21,0.38,1.21,0.08,0.06,BREAKEVEN,YES,15,120.83
3087,2025-07-11,15:35,15:45,SHORT,3350.35,3354.84,3354.84,3344.51,3354.84,4.49,0.27,1.21,-1.21,-1,BREAKEVEN,NO,10,119.62
3088,2025-07-11,16:15,16:20,LONG,3357.87,3353.57,3353.57,3363.46,3353.57,4.3,0.28,1.2,-1.2,-1,BREAKEVEN,NO,5,118.42
3089,2025-07-11,16:50,17:30,LONG,3353.74,3350.24,3354.4,3358.29,3358.29,3.5,0.34,1.18,1.54,1.3,BREAKEVEN,YES,40,119.96
