TradeNum,Date,EntryTime,ExitTime,Type,EntryPrice,InitialSL,FinalSL,HardTP,ExitPrice,RiskPerOz,LotOunces,RiskUSD,PnLUSD,RMultiple,Result,BELocked,RunningBalance
1,2024-08-01,09:00,10:00,SHORT,2447.47,2450.25,2445.51,2443.3,2443.3,2.78,35.97,100,150,1.5,WIN,YES,10150
2,2024-08-01,10:50,11:25,LONG,2441.39,2438.37,2438.37,2445.92,2438.37,3.02,33.61,101.5,-101.5,-1,LOSS,NO,10048.5
3,2024-08-01,12:40,12:50,LONG,2433.17,2430.49,2430.49,2437.19,2430.49,2.68,37.49,100.49,-100.49,-1,LOSS,NO,9948.02
4,2024-08-01,13:40,14:20,LONG,2435.14,2433.15,2435.44,2438.12,2435.44,1.99,49.99,99.48,15,0.15,WIN,YES,9963.01
5,2024-08-01,14:35,14:50,SHORT,2436.95,2439.56,2439.56,2433.03,2439.56,2.61,38.17,99.63,-99.63,-1,LOSS,NO,9863.38
6,2024-08-01,15:55,16:30,LONG,2450.64,2447.53,2451.46,2455.3,2455.3,3.11,31.72,98.63,147.95,1.5,WIN,YES,10011.33
7,2024-08-01,16:45,17:00,LONG,2450.36,2447.41,2451.94,2454.79,2454.79,2.95,33.94,100.11,150.17,1.5,WIN,YES,10161.5
8,2024-08-02,08:00,08:30,SHORT,2458.35,2460.45,2460.45,2455.2,2460.45,2.1,48.39,101.62,-101.62,-1,LOSS,NO,10059.89
9,2024-08-02,08:50,08:55,SHORT,2463.52,2466.56,2466.56,2458.96,2466.56,3.04,33.09,100.6,-100.6,-1,LOSS,NO,9959.29
10,2024-08-02,09:55,10:05,SHORT,2465.42,2467.81,2465.12,2461.84,2465.12,2.39,41.67,99.59,12.5,0.13,WIN,YES,9971.79
11,2024-08-02,10:45,11:25,SHORT,2461.4,2465.15,2465.15,2455.78,2465.15,3.75,26.59,99.72,-99.72,-1,LOSS,NO,9872.07
12,2024-08-02,11:40,11:40,LONG,2462.65,2460.35,2460.35,2466.1,2460.35,2.3,42.92,98.72,-98.72,-1,LOSS,NO,9773.35
13,2024-08-02,12:25,13:20,SHORT,2461.34,2464.11,2464.11,2457.19,2464.11,2.77,35.28,97.73,-97.73,-1,LOSS,NO,9675.62
14,2024-08-02,13:15,13:20,SHORT,2462.72,2464.75,2464.75,2459.67,2464.75,2.03,47.66,96.76,-96.76,-1,LOSS,NO,9578.86
15,2024-08-02,14:00,14:05,SHORT,2463.89,2466.1,2463.59,2460.57,2463.59,2.21,43.34,95.79,13,0.14,WIN,YES,9591.86
16,2024-08-02,14:45,15:10,LONG,2459.7,2457.49,2457.49,2463.01,2457.49,2.21,43.4,95.92,-95.92,-1,LOSS,NO,9495.95
17,2024-08-02,15:35,16:00,SHORT,2471.47,2479.11,2471.17,2460.01,2471.17,7.64,12.43,94.96,3.73,0.04,BREAKEVEN,YES,9499.67
18,2024-08-02,16:20,16:40,LONG,2464.75,2459.37,2465.05,2472.82,2465.05,5.38,17.66,95,5.3,0.06,BREAKEVEN,YES,9504.97
19,2024-08-05,08:20,08:25,SHORT,2446.56,2450.04,2446.26,2441.34,2446.26,3.48,27.31,95.05,8.19,0.09,BREAKEVEN,YES,9513.17
20,2024-08-05,09:10,09:15,LONG,2432.22,2428.53,2428.53,2437.75,2428.53,3.69,25.78,95.13,-95.13,-1,LOSS,NO,9418.03
21,2024-08-05,10:45,11:00,LONG,2434.72,2429.47,2429.47,2442.59,2429.47,5.25,17.94,94.18,-94.18,-1,LOSS,NO,9323.85
22,2024-08-05,11:50,11:50,SHORT,2424.6,2430.15,2430.15,2416.27,2430.15,5.55,16.8,93.24,-93.24,-1,LOSS,NO,9230.62
23,2024-08-05,12:40,13:20,SHORT,2426.62,2429.96,2423.17,2421.61,2421.61,3.34,27.64,92.31,138.46,1.5,WIN,YES,9369.07
24,2024-08-05,13:25,13:45,SHORT,2420.48,2423.03,2420.16,2416.65,2416.65,2.55,36.74,93.69,140.54,1.5,WIN,YES,9509.61
25,2024-08-05,14:25,14:35,LONG,2397.57,2392.93,2392.93,2404.53,2392.93,4.64,20.49,95.1,-95.1,-1,LOSS,NO,9414.51
26,2024-08-05,15:30,15:40,LONG,2367.55,2362.56,2369.15,2375.04,2375.04,4.99,18.87,94.15,141.22,1.5,WIN,YES,9555.73
27,2024-08-05,16:20,16:35,SHORT,2385.27,2390.37,2390.37,2377.62,2390.37,5.1,18.74,95.56,-95.56,-1,LOSS,NO,9460.17
28,2024-08-06,08:05,08:30,LONG,2409.83,2406.57,2406.57,2414.72,2406.57,3.26,29.02,94.6,-94.6,-1,LOSS,NO,9365.57
29,2024-08-06,09:00,09:20,SHORT,2398.67,2402.16,2398.37,2393.44,2398.37,3.49,26.84,93.66,8.05,0.09,BREAKEVEN,YES,9373.62
30,2024-08-06,09:50,10:40,LONG,2404.73,2400.59,2405.03,2410.94,2405.03,4.14,22.64,93.74,6.79,0.07,BREAKEVEN,YES,9380.42
31,2024-08-06,10:50,11:05,SHORT,2407.99,2412.04,2412.04,2401.91,2412.04,4.05,23.16,93.8,-93.8,-1,LOSS,NO,9286.61
32,2024-08-06,11:35,11:35,LONG,2410.82,2406.58,2411.12,2417.18,2406.58,4.24,21.9,92.87,-92.87,-1,LOSS,YES,9193.75
33,2024-08-06,13:55,14:30,LONG,2412.3,2410.01,2412.6,2415.74,2412.6,2.29,40.15,91.94,12.04,0.13,WIN,YES,9205.79
34,2024-08-06,15:05,15:10,LONG,2411.31,2409.22,2409.22,2414.45,2409.22,2.09,44.05,92.06,-92.06,-1,LOSS,NO,9113.73
35,2024-08-06,15:50,16:00,LONG,2393.58,2390.66,2393.88,2397.96,2397.96,2.92,31.21,91.14,136.71,1.5,WIN,YES,9250.44
36,2024-08-06,16:35,17:15,LONG,2395.54,2388.79,2395.84,2405.66,2395.84,6.75,13.7,92.5,4.11,0.04,BREAKEVEN,YES,9254.55
37,2024-08-07,08:50,09:25,LONG,2390.22,2387.03,2391.54,2395,2395,3.19,29.01,92.55,138.82,1.5,WIN,YES,9393.37
38,2024-08-07,10:10,10:30,LONG,2393.52,2390.37,2390.37,2398.24,2390.37,3.15,29.82,93.93,-93.93,-1,LOSS,NO,9299.43
39,2024-08-07,11:00,11:25,SHORT,2389.86,2392.54,2392.54,2385.84,2392.54,2.68,34.7,92.99,-92.99,-1,LOSS,NO,9206.44
40,2024-08-07,11:45,12:00,SHORT,2392.56,2394.79,2394.79,2389.22,2394.79,2.23,41.28,92.06,-92.06,-1,LOSS,NO,9114.38
41,2024-08-07,12:55,13:10,SHORT,2394.21,2396.39,2396.39,2390.94,2396.39,2.18,41.81,91.14,-91.14,-1,LOSS,NO,9023.23
42,2024-08-07,13:40,14:40,SHORT,2396.72,2399.12,2396.42,2393.12,2396.42,2.4,37.6,90.23,11.28,0.13,WIN,YES,9034.51
43,2024-08-07,14:25,14:40,SHORT,2397.4,2399.61,2397.1,2394.09,2397.1,2.21,40.88,90.35,12.26,0.14,WIN,YES,9046.77
44,2024-08-07,15:10,15:25,SHORT,2402.19,2404.82,2401.89,2398.24,2401.89,2.63,34.4,90.47,10.32,0.11,WIN,YES,9057.09
45,2024-08-07,15:55,16:50,SHORT,2403.74,2407.36,2401.26,2398.31,2398.31,3.62,25.02,90.57,135.86,1.5,WIN,YES,9192.95
46,2024-08-07,16:40,16:50,LONG,2400.27,2396.95,2396.95,2405.25,2396.95,3.32,27.69,91.93,-91.93,-1,LOSS,NO,9101.02
47,2024-08-08,09:25,10:35,SHORT,2398.92,2402.12,2396.7,2394.12,2396.7,3.2,28.44,91.01,63.14,0.69,WIN,YES,9164.16
48,2024-08-08,10:10,10:10,SHORT,2396.05,2399.01,2399.01,2391.61,2399.01,2.96,30.96,91.64,-91.64,-1,LOSS,NO,9072.52
49,2024-08-08,12:05,13:00,SHORT,2397.19,2400.3,2396.89,2392.52,2396.89,3.11,29.17,90.73,8.75,0.1,BREAKEVEN,YES,9081.27
50,2024-08-08,13:15,13:40,SHORT,2398.29,2400.84,2400.84,2394.46,2400.84,2.55,35.61,90.81,-90.81,-1,LOSS,NO,8990.46
51,2024-08-08,14:05,14:10,SHORT,2407.2,2409.64,2409.64,2403.54,2409.64,2.44,36.85,89.9,-89.9,-1,LOSS,NO,8900.55
52,2024-08-08,14:55,15:20,SHORT,2412.19,2414.49,2414.49,2408.74,2414.49,2.3,38.7,89.01,-89.01,-1,LOSS,NO,8811.55
53,2024-08-08,15:50,16:00,SHORT,2408.41,2410.81,2408.11,2404.81,2404.81,2.4,36.71,88.12,132.17,1.5,WIN,YES,8943.72
54,2024-08-08,16:55,17:05,LONG,2414,2409.71,2409.71,2420.43,2409.71,4.29,20.85,89.44,-89.44,-1,LOSS,NO,8854.28
55,2024-08-09,08:00,08:35,LONG,2422.47,2420.03,2420.03,2426.13,2420.03,2.44,36.29,88.54,-88.54,-1,LOSS,NO,8765.74
56,2024-08-09,08:50,09:35,SHORT,2417.68,2420.08,2420.08,2414.08,2420.08,2.4,36.52,87.66,-87.66,-1,LOSS,NO,8678.08
57,2024-08-09,09:40,10:15,SHORT,2419.93,2422.39,2422.39,2416.24,2422.39,2.46,35.28,86.78,-86.78,-1,LOSS,NO,8591.3
58,2024-08-09,13:35,13:40,SHORT,2427.77,2429.99,2429.99,2424.44,2429.99,2.22,38.7,85.91,-85.91,-1,LOSS,NO,8505.39
59,2024-08-09,14:35,15:20,SHORT,2427.17,2430.43,2426.87,2422.28,2426.87,3.26,26.09,85.05,7.83,0.09,BREAKEVEN,YES,8513.22
60,2024-08-09,15:40,16:15,SHORT,2428.37,2430.81,2430.81,2424.71,2430.81,2.44,34.89,85.13,-85.13,-1,LOSS,NO,8428.08
61,2024-08-09,16:25,16:35,LONG,2431.82,2428.27,2428.27,2437.15,2428.27,3.55,23.74,84.28,-84.28,-1,LOSS,NO,8343.8
62,2024-08-12,08:05,08:45,SHORT,2433.31,2435.94,2431.97,2429.36,2429.36,2.63,31.73,83.44,125.16,1.5,WIN,YES,8468.96
63,2024-08-12,09:00,10:10,SHORT,2435.09,2437.37,2437.37,2431.67,2437.37,2.28,37.14,84.69,-84.69,-1,LOSS,NO,8384.27
64,2024-08-12,10:15,10:50,SHORT,2438.25,2440.64,2440.64,2434.66,2440.64,2.39,35.08,83.84,-83.84,-1,LOSS,NO,8300.43
65,2024-08-12,11:00,11:45,SHORT,2441.84,2443.81,2441.54,2438.89,2441.54,1.97,42.13,83,12.64,0.15,WIN,YES,8313.07
66,2024-08-12,11:50,12:05,SHORT,2443.05,2445.22,2442.75,2439.8,2442.75,2.17,38.31,83.13,11.49,0.14,WIN,YES,8324.56
67,2024-08-12,12:40,13:40,SHORT,2442.08,2444.23,2444.23,2438.85,2444.23,2.15,38.72,83.25,-83.25,-1,LOSS,NO,8241.31
68,2024-08-12,13:35,14:35,SHORT,2443.57,2445.7,2442.63,2440.38,2440.38,2.13,38.69,82.41,123.62,1.5,WIN,YES,8364.93
69,2024-08-12,14:20,15:05,SHORT,2441.55,2444,2444,2437.88,2444,2.45,34.14,83.65,-83.65,-1,LOSS,NO,8281.29
70,2024-08-12,15:05,16:15,SHORT,2443.68,2445.63,2445.63,2440.75,2445.63,1.95,42.47,82.81,-82.81,-1,LOSS,NO,8198.47
71,2024-08-12,16:25,16:30,SHORT,2445.94,2447.96,2447.96,2442.91,2447.96,2.02,40.59,81.98,-81.98,-1,LOSS,NO,8116.49
72,2024-08-13,08:15,08:30,SHORT,2459.2,2461.6,2461.6,2455.6,2461.6,2.4,33.82,81.16,-81.16,-1,LOSS,NO,8035.32
73,2024-08-13,09:00,09:00,LONG,2462.9,2460.24,2460.24,2466.89,2460.24,2.66,30.21,80.35,-80.35,-1,LOSS,NO,7954.97
74,2024-08-13,11:15,11:40,LONG,2461.5,2458.84,2458.84,2465.49,2458.84,2.66,29.91,79.55,-79.55,-1,LOSS,NO,7875.42
75,2024-08-13,12:30,13:20,SHORT,2460.54,2462.64,2462.64,2457.39,2462.64,2.1,37.5,78.75,-78.75,-1,LOSS,NO,7796.67
76,2024-08-13,13:30,14:25,LONG,2461.56,2459.03,2463.49,2465.35,2465.35,2.53,30.82,77.97,116.95,1.5,WIN,YES,7913.62
77,2024-08-13,15:35,15:50,LONG,2471.01,2466.73,2466.73,2477.43,2466.73,4.28,18.49,79.14,-79.14,-1,LOSS,NO,7834.48
78,2024-08-13,16:20,17:00,LONG,2464.79,2457.36,2471.91,2475.93,2471.91,7.43,10.54,78.34,75.08,0.96,WIN,YES,7909.56
79,2024-08-14,08:10,08:50,LONG,2461.46,2459.42,2459.42,2464.52,2459.42,2.04,38.77,79.1,-79.1,-1,LOSS,NO,7830.46
80,2024-08-14,09:10,09:25,LONG,2461.61,2458.77,2463.44,2465.87,2465.87,2.84,27.57,78.3,117.46,1.5,WIN,YES,7947.92
81,2024-08-14,10:15,10:15,LONG,2469.79,2467.23,2467.23,2473.63,2467.23,2.56,31.05,79.48,-79.48,-1,LOSS,NO,7868.44
82,2024-08-14,11:20,11:30,SHORT,2469.75,2471.93,2471.93,2466.48,2471.93,2.18,36.09,78.68,-78.68,-1,LOSS,NO,7789.75
83,2024-08-14,12:10,12:25,SHORT,2474.49,2476.8,2474.19,2471.02,2474.19,2.31,33.72,77.9,10.12,0.13,WIN,YES,7799.87
84,2024-08-14,13:15,13:50,LONG,2471.6,2469.24,2472.87,2475.14,2475.14,2.36,33.05,78,117,1.5,WIN,YES,7916.87
85,2024-08-14,14:05,14:05,LONG,2473.29,2470.14,2470.14,2478.02,2470.14,3.15,25.13,79.17,-79.17,-1,LOSS,NO,7837.7
86,2024-08-14,15:05,15:30,SHORT,2473.46,2475.65,2473.16,2470.18,2470.18,2.19,35.79,78.38,117.57,1.5,WIN,YES,7955.26
87,2024-08-14,15:55,16:10,SHORT,2468.69,2472.11,2468.39,2463.56,2468.39,3.42,23.26,79.55,6.98,0.09,BREAKEVEN,YES,7962.24
88,2024-08-14,16:45,16:50,SHORT,2458.45,2462.43,2458.15,2452.48,2458.15,3.98,20.01,79.62,6,0.08,BREAKEVEN,YES,7968.24
89,2024-08-15,08:30,09:10,LONG,2451.54,2449.21,2453.9,2455.03,2455.03,2.33,34.2,79.68,119.52,1.5,WIN,YES,8087.77
90,2024-08-15,09:50,09:50,SHORT,2454.71,2457.17,2457.17,2451.02,2457.17,2.46,32.88,80.88,-80.88,-1,LOSS,NO,8006.89
91,2024-08-15,10:35,10:35,SHORT,2455.46,2457.87,2457.87,2451.85,2457.87,2.41,33.22,80.07,-80.07,-1,LOSS,NO,7926.82
92,2024-08-15,11:40,11:40,SHORT,2456.19,2458.63,2458.63,2452.53,2458.63,2.44,32.49,79.27,-79.27,-1,LOSS,NO,7847.55
93,2024-08-15,12:50,13:00,SHORT,2456.63,2458.64,2458.64,2453.62,2458.64,2.01,39.04,78.48,-78.48,-1,LOSS,NO,7769.08
94,2024-08-15,13:40,14:25,SHORT,2458.36,2460.37,2460.37,2455.35,2460.37,2.01,38.65,77.69,-77.69,-1,LOSS,NO,7691.39
95,2024-08-15,14:35,15:05,SHORT,2462.54,2465.04,2465.04,2458.79,2465.04,2.5,30.77,76.91,-76.91,-1,LOSS,NO,7614.47
96,2024-08-15,15:25,15:30,SHORT,2466.77,2471.45,2466.47,2459.75,2459.75,4.68,16.27,76.14,114.22,1.5,WIN,YES,7728.69
97,2024-08-15,16:30,16:40,LONG,2450.42,2445.03,2445.03,2458.51,2445.03,5.39,14.34,77.29,-77.29,-1,LOSS,NO,7651.4
98,2024-08-16,10:55,10:55,SHORT,2461.86,2465.87,2465.87,2455.85,2465.87,4.01,19.08,76.51,-76.51,-1,LOSS,NO,7574.89
99,2024-08-16,11:40,12:05,LONG,2461.84,2459.76,2462.14,2464.96,2462.14,2.08,36.42,75.75,10.93,0.14,WIN,YES,7585.81
100,2024-08-16,12:30,13:20,LONG,2462.7,2459.64,2465.32,2467.29,2467.29,3.06,24.79,75.86,113.79,1.5,WIN,YES,7699.6
101,2024-08-16,13:20,14:00,SHORT,2466.69,2469.57,2466.39,2462.37,2466.39,2.88,26.73,77,8.02,0.1,BREAKEVEN,YES,7707.62
102,2024-08-16,14:05,14:15,SHORT,2467.95,2470.41,2470.41,2464.26,2470.41,2.46,31.33,77.08,-77.08,-1,LOSS,NO,7630.55
103,2024-08-16,15:05,15:25,SHORT,2473.83,2476.05,2473.53,2470.5,2473.53,2.22,34.37,76.31,10.31,0.14,WIN,YES,7640.86
104,2024-08-16,16:05,16:25,SHORT,2488.97,2492.87,2488.25,2483.12,2488.25,3.9,19.59,76.41,14.11,0.18,WIN,YES,7654.96
105,2024-08-16,16:50,17:00,SHORT,2496.92,2501.44,2495.74,2490.14,2490.14,4.52,16.94,76.55,114.82,1.5,WIN,YES,7769.79
106,2024-08-19,08:00,09:05,LONG,2500.87,2498.69,2501.17,2504.14,2504.14,2.18,35.64,77.7,116.55,1.5,WIN,YES,7886.34
107,2024-08-19,08:50,09:05,LONG,2500.91,2498.71,2501.21,2504.21,2501.21,2.2,35.85,78.86,10.75,0.14,WIN,YES,7897.09
108,2024-08-19,09:50,10:30,LONG,2502.39,2499.64,2499.64,2506.51,2499.64,2.75,28.72,78.97,-78.97,-1,LOSS,NO,7818.12
109,2024-08-19,12:10,12:55,LONG,2502.24,2499.93,2499.93,2505.7,2499.93,2.31,33.84,78.18,-78.18,-1,LOSS,NO,7739.94
110,2024-08-19,13:00,13:10,LONG,2499.57,2496.83,2496.83,2503.68,2496.83,2.74,28.25,77.4,-77.4,-1,LOSS,NO,7662.54
111,2024-08-19,14:00,14:20,LONG,2489.88,2487.35,2487.35,2493.68,2487.35,2.53,30.29,76.63,-76.63,-1,LOSS,NO,7585.91
112,2024-08-19,14:50,15:45,LONG,2493.69,2490.92,2490.92,2497.85,2490.92,2.77,27.39,75.86,-75.86,-1,LOSS,NO,7510.05
113,2024-08-19,16:05,16:35,LONG,2490.03,2485.91,2485.91,2496.21,2485.91,4.12,18.23,75.1,-75.1,-1,LOSS,NO,7434.95
114,2024-08-19,16:55,17:00,LONG,2494.69,2492.07,2494.99,2498.62,2494.99,2.62,28.38,74.35,8.51,0.11,BREAKEVEN,YES,7443.47
115,2024-08-20,08:30,09:00,LONG,2502.25,2499.36,2499.36,2506.59,2499.36,2.89,25.76,74.43,-74.43,-1,LOSS,NO,7369.03
116,2024-08-20,09:15,09:25,LONG,2498.08,2495.97,2498.69,2501.24,2501.24,2.11,34.92,73.69,110.54,1.5,WIN,YES,7479.57
117,2024-08-20,11:40,11:45,LONG,2519.06,2516.66,2519.36,2522.66,2522.66,2.4,31.16,74.8,112.19,1.5,WIN,YES,7591.76
118,2024-08-20,12:35,12:35,SHORT,2522.35,2524.69,2524.69,2518.84,2524.69,2.34,32.44,75.92,-75.92,-1,LOSS,NO,7515.84
119,2024-08-20,13:20,13:20,LONG,2522.22,2519.63,2523.79,2526.1,2519.63,2.59,29.02,75.16,-75.16,-1,LOSS,YES,7440.68
120,2024-08-20,14:25,15:20,SHORT,2524.99,2527.46,2527.46,2521.28,2527.46,2.47,30.12,74.41,-74.41,-1,LOSS,NO,7366.28
121,2024-08-20,15:20,15:35,SHORT,2526.58,2529.12,2526.02,2522.77,2522.77,2.54,29,73.66,110.49,1.5,WIN,YES,7476.77
122,2024-08-20,16:20,16:30,SHORT,2526.51,2528.98,2528.98,2522.81,2528.98,2.47,30.27,74.77,-74.77,-1,LOSS,NO,7402
123,2024-08-21,09:10,09:20,LONG,2513.81,2510.21,2514.11,2519.21,2514.11,3.6,20.56,74.02,6.17,0.08,BREAKEVEN,YES,7408.17
124,2024-08-21,10:45,10:45,LONG,2509.67,2506.53,2506.53,2514.38,2506.53,3.14,23.59,74.08,-74.08,-1,LOSS,NO,7334.09
125,2024-08-21,11:30,11:55,LONG,2509.22,2507.13,2507.13,2512.35,2507.13,2.09,35.09,73.34,-73.34,-1,LOSS,NO,7260.75
126,2024-08-21,12:30,12:45,LONG,2508.3,2505.92,2505.92,2511.87,2505.92,2.38,30.51,72.61,-72.61,-1,LOSS,NO,7188.14
127,2024-08-21,13:35,14:35,LONG,2507.89,2505.74,2509.27,2511.11,2511.11,2.15,33.43,71.88,107.82,1.5,WIN,YES,7295.96
128,2024-08-21,14:35,14:45,SHORT,2510.64,2512.78,2512.78,2507.43,2512.78,2.14,34.09,72.96,-72.96,-1,LOSS,NO,7223
129,2024-08-21,15:25,15:35,LONG,2510.63,2508.43,2508.43,2513.93,2508.43,2.2,32.83,72.23,-72.23,-1,LOSS,NO,7150.77
130,2024-08-21,16:10,16:20,LONG,2509.28,2506.87,2506.87,2512.9,2506.87,2.41,29.67,71.51,-71.51,-1,LOSS,NO,7079.27
131,2024-08-22,08:05,08:55,LONG,2501.55,2499.09,2503.28,2505.24,2505.24,2.46,28.78,70.79,106.19,1.5,WIN,YES,7185.46
132,2024-08-22,09:20,09:25,SHORT,2507.33,2509.86,2509.86,2503.53,2509.86,2.53,28.4,71.85,-71.85,-1,LOSS,NO,7113.6
133,2024-08-22,10:10,10:15,SHORT,2508.42,2510.88,2508.12,2504.73,2508.12,2.46,28.92,71.14,8.68,0.12,BREAKEVEN,YES,7122.28
134,2024-08-22,12:10,12:15,LONG,2501.53,2499.53,2501.83,2504.53,2504.53,2,35.61,71.22,106.83,1.5,WIN,YES,7229.11
135,2024-08-22,13:00,14:00,SHORT,2507.41,2509.93,2506.13,2503.63,2503.63,2.52,28.69,72.29,108.44,1.5,WIN,YES,7337.55
136,2024-08-22,14:35,15:10,LONG,2499.94,2496.43,2496.43,2505.21,2496.43,3.51,20.9,73.38,-73.38,-1,LOSS,NO,7264.17
137,2024-08-22,15:25,15:30,LONG,2498.43,2496.17,2498.73,2501.82,2498.73,2.26,32.14,72.64,9.64,0.13,BREAKEVEN,YES,7273.81
138,2024-08-22,16:10,16:15,LONG,2498.62,2496.07,2496.07,2502.44,2496.07,2.55,28.52,72.74,-72.74,-1,LOSS,NO,7201.08
139,2024-08-22,16:55,17:00,LONG,2487.9,2484.31,2484.31,2493.29,2484.31,3.59,20.06,72.01,-72.01,-1,LOSS,NO,7129.07
140,2024-08-23,08:10,08:50,SHORT,2494.4,2496.57,2493.15,2491.14,2491.14,2.17,32.85,71.29,106.94,1.5,WIN,YES,7236
141,2024-08-23,09:00,09:30,LONG,2491.51,2489.02,2491.81,2495.25,2491.81,2.49,29.06,72.36,8.72,0.12,BREAKEVEN,YES,7244.72
142,2024-08-23,10:45,11:10,LONG,2492.54,2490.16,2494.01,2496.11,2496.11,2.38,30.44,72.45,108.67,1.5,WIN,YES,7353.39
143,2024-08-23,11:35,11:45,SHORT,2496.69,2498.85,2498.85,2493.45,2498.85,2.16,34.04,73.53,-73.53,-1,LOSS,NO,7279.86
144,2024-08-23,12:20,13:00,SHORT,2500.91,2503.02,2499.93,2497.74,2497.74,2.11,34.5,72.8,109.2,1.5,WIN,YES,7389.05
145,2024-08-23,13:05,13:35,SHORT,2497.91,2500.2,2497.61,2494.47,2497.61,2.29,32.27,73.89,9.68,0.13,BREAKEVEN,YES,7398.73
146,2024-08-23,13:50,14:50,SHORT,2498.37,2500.53,2500.53,2495.13,2500.53,2.16,34.25,73.99,-73.99,-1,LOSS,NO,7324.75
147,2024-08-23,14:55,15:40,SHORT,2501.46,2503.85,2501.16,2497.88,2501.16,2.39,30.65,73.25,9.19,0.13,BREAKEVEN,YES,7333.94
148,2024-08-23,15:40,16:15,SHORT,2500.69,2502.85,2502.85,2497.45,2502.85,2.16,33.95,73.34,-73.34,-1,LOSS,NO,7260.6
149,2024-08-23,16:25,16:30,LONG,2500.05,2497.64,2497.64,2503.67,2497.64,2.41,30.13,72.61,-72.61,-1,LOSS,NO,7188
150,2024-08-26,08:00,08:05,LONG,2508.97,2507.13,2509.27,2511.73,2509.27,1.84,39.07,71.88,11.72,0.16,WIN,YES,7199.72
151,2024-08-26,08:50,09:25,LONG,2509.84,2508,2510.14,2512.6,2512.6,1.84,39.13,72,108,1.5,WIN,YES,7307.71
152,2024-08-26,10:40,11:00,LONG,2520.44,2518.1,2520.74,2523.95,2523.95,2.34,31.23,73.08,109.62,1.5,WIN,YES,7417.33
153,2024-08-26,11:35,11:45,SHORT,2522.99,2525.34,2525.34,2519.46,2525.34,2.35,31.56,74.17,-74.17,-1,LOSS,NO,7343.15
154,2024-08-26,12:35,12:35,SHORT,2524.71,2526.91,2526.91,2521.41,2526.91,2.2,33.38,73.43,-73.43,-1,LOSS,NO,7269.72
155,2024-08-26,13:20,13:20,SHORT,2525.06,2528.04,2522.77,2520.59,2528.04,2.98,24.4,72.7,-72.7,-1,LOSS,YES,7197.02
156,2024-08-26,14:30,14:50,LONG,2521.81,2519.31,2522.88,2525.56,2525.56,2.5,28.79,71.97,107.96,1.5,WIN,YES,7304.98
157,2024-08-26,15:40,16:00,SHORT,2525.42,2527.88,2524.54,2521.73,2521.73,2.46,29.7,73.05,109.57,1.5,WIN,YES,7414.56
158,2024-08-26,16:25,16:35,SHORT,2525.46,2527.84,2525.16,2521.89,2525.16,2.38,31.15,74.15,9.35,0.13,BREAKEVEN,YES,7423.9
159,2024-08-27,08:15,08:45,LONG,2509.09,2506.79,2510.41,2512.54,2512.54,2.3,32.28,74.24,111.36,1.5,WIN,YES,7535.26
160,2024-08-27,10:40,10:55,SHORT,2508.65,2511.33,2508.35,2504.63,2504.63,2.68,28.12,75.35,113.03,1.5,WIN,YES,7648.29
161,2024-08-27,11:45,12:10,SHORT,2510.99,2513.48,2513.48,2507.25,2513.48,2.49,30.72,76.48,-76.48,-1,LOSS,NO,7571.81
162,2024-08-27,12:30,12:50,LONG,2511.52,2508.64,2508.64,2515.84,2508.64,2.88,26.29,75.72,-75.72,-1,LOSS,NO,7496.09
163,2024-08-27,13:35,13:45,SHORT,2507.59,2510.23,2510.23,2503.63,2510.23,2.64,28.39,74.96,-74.96,-1,LOSS,NO,7421.13
164,2024-08-27,14:35,15:00,SHORT,2510.98,2513.24,2513.24,2507.59,2513.24,2.26,32.84,74.21,-74.21,-1,LOSS,NO,7346.92
165,2024-08-27,15:25,15:30,SHORT,2510.62,2512.78,2510.32,2507.38,2510.32,2.16,34.01,73.47,10.2,0.14,WIN,YES,7357.12
166,2024-08-27,16:15,16:35,SHORT,2506.33,2510.45,2510.45,2500.15,2510.45,4.12,17.86,73.57,-73.57,-1,LOSS,NO,7283.55
167,2024-08-28,08:00,08:05,LONG,2511.11,2508.97,2508.97,2514.32,2508.97,2.14,34.04,72.84,-72.84,-1,LOSS,NO,7210.71
168,2024-08-28,09:00,09:25,LONG,2504.54,2501.7,2506.31,2508.8,2508.8,2.84,25.39,72.11,108.16,1.5,WIN,YES,7318.87
169,2024-08-28,09:55,10:15,LONG,2508.44,2506.14,2508.74,2511.89,2508.74,2.3,31.82,73.19,9.55,0.13,BREAKEVEN,YES,7328.42
170,2024-08-28,10:40,11:00,LONG,2509.69,2507.69,2507.69,2512.69,2507.69,2,36.64,73.28,-73.28,-1,LOSS,NO,7255.14
171,2024-08-28,11:25,12:15,LONG,2506.9,2505.02,2508.01,2509.72,2509.72,1.88,38.59,72.55,108.83,1.5,WIN,YES,7363.96
172,2024-08-28,12:10,13:00,LONG,2508.98,2507.09,2509.28,2511.81,2509.28,1.89,38.96,73.64,11.69,0.16,WIN,YES,7375.65
173,2024-08-28,13:15,13:35,LONG,2506.94,2504.75,2504.75,2510.23,2504.75,2.19,33.68,73.76,-73.76,-1,LOSS,NO,7301.89
174,2024-08-28,14:05,15:00,LONG,2503.43,2500.21,2500.21,2508.26,2500.21,3.22,22.68,73.02,-73.02,-1,LOSS,NO,7228.88
175,2024-08-28,15:05,15:10,SHORT,2500.03,2502.06,2499.73,2496.99,2499.73,2.03,35.61,72.29,10.68,0.15,WIN,YES,7239.56
176,2024-08-28,16:40,16:40,LONG,2503.84,2497.8,2497.8,2512.9,2497.8,6.04,11.99,72.4,-72.4,-1,LOSS,NO,7167.16
177,2024-08-29,08:55,08:55,SHORT,2518.71,2521.32,2518.41,2514.8,2521.32,2.61,27.46,71.67,-71.67,-1,LOSS,YES,7095.49
178,2024-08-29,11:15,12:10,SHORT,2518.55,2521.53,2518.25,2514.08,2518.25,2.98,23.81,70.95,7.14,0.1,BREAKEVEN,YES,7102.63
179,2024-08-29,12:35,12:50,SHORT,2518.49,2521.43,2521.43,2514.08,2521.43,2.94,24.16,71.03,-71.03,-1,LOSS,NO,7031.61
180,2024-08-29,13:25,13:50,SHORT,2521.14,2523.94,2523.94,2516.94,2523.94,2.8,25.11,70.32,-70.32,-1,LOSS,NO,6961.29
181,2024-08-29,14:10,14:30,LONG,2522.58,2520.09,2520.09,2526.31,2520.09,2.49,27.96,69.61,-69.61,-1,LOSS,NO,6891.68
182,2024-08-29,14:55,15:05,LONG,2519.82,2517.42,2517.42,2523.42,2517.42,2.4,28.72,68.92,-68.92,-1,LOSS,NO,6822.76
183,2024-08-29,15:45,15:50,LONG,2505.16,2502.05,2505.46,2509.82,2505.46,3.11,21.94,68.23,6.58,0.1,BREAKEVEN,YES,6829.34
184,2024-08-29,16:35,16:50,LONG,2512.09,2508.57,2512.78,2517.37,2517.37,3.52,19.4,68.29,102.44,1.5,WIN,YES,6931.78
185,2024-08-30,09:35,09:35,LONG,2521.49,2517.28,2517.28,2527.8,2517.28,4.21,16.47,69.32,-69.32,-1,LOSS,NO,6862.47
186,2024-08-30,10:20,11:05,SHORT,2519.22,2521.4,2521.4,2515.95,2521.4,2.18,31.48,68.62,-68.62,-1,LOSS,NO,6793.84
187,2024-08-30,11:40,12:10,SHORT,2523.63,2526.6,2526.6,2519.18,2526.6,2.97,22.87,67.94,-67.94,-1,LOSS,NO,6725.9
188,2024-08-30,12:25,13:15,SHORT,2524.08,2526.16,2522.38,2520.96,2520.96,2.08,32.34,67.26,100.89,1.5,WIN,YES,6826.79
189,2024-08-30,13:25,13:35,LONG,2519.55,2517.58,2517.58,2522.51,2517.58,1.97,34.65,68.27,-68.27,-1,LOSS,NO,6758.52
190,2024-08-30,14:15,14:20,LONG,2519.41,2517.55,2519.71,2522.2,2519.71,1.86,36.34,67.59,10.9,0.16,WIN,YES,6769.42
191,2024-08-30,15:20,15:35,LONG,2523.64,2518.93,2518.93,2530.7,2518.93,4.71,14.37,67.69,-67.69,-1,LOSS,NO,6701.73
192,2024-08-30,16:20,16:30,SHORT,2516.28,2519.62,2515.98,2511.27,2515.98,3.34,20.07,67.02,6.02,0.09,BREAKEVEN,YES,6707.75
193,2024-09-02,08:20,09:00,SHORT,2497.73,2499.89,2497.43,2494.49,2497.43,2.16,31.05,67.08,9.32,0.14,BREAKEVEN,YES,6717.07
194,2024-09-02,09:10,09:10,SHORT,2499.2,2501.34,2498.22,2495.99,2501.34,2.14,31.39,67.17,-67.17,-1,LOSS,YES,6649.9
195,2024-09-02,10:00,11:00,SHORT,2497.38,2499.64,2499.64,2493.99,2499.64,2.26,29.42,66.5,-66.5,-1,LOSS,NO,6583.4
196,2024-09-02,11:05,11:15,LONG,2499.64,2497.2,2497.2,2503.3,2497.2,2.44,26.98,65.83,-65.83,-1,LOSS,NO,6517.56
197,2024-09-02,11:55,12:10,SHORT,2506.2,2508.68,2505.77,2502.48,2502.48,2.48,26.28,65.18,97.76,1.5,WIN,YES,6615.33
198,2024-09-02,12:40,12:40,SHORT,2499.8,2502.3,2502.3,2496.05,2502.3,2.5,26.46,66.15,-66.15,-1,LOSS,NO,6549.17
199,2024-09-02,13:40,14:00,LONG,2500.58,2498.17,2498.17,2504.19,2498.17,2.41,27.17,65.49,-65.49,-1,LOSS,NO,6483.68
200,2024-09-02,14:25,15:35,LONG,2499.01,2496.87,2500.45,2502.22,2502.22,2.14,30.3,64.84,97.26,1.5,WIN,YES,6580.94
201,2024-09-02,15:10,15:55,LONG,2500.51,2498.57,2501.42,2503.42,2501.42,1.94,33.92,65.81,30.87,0.47,WIN,YES,6611.81
202,2024-09-02,16:00,16:25,LONG,2501.13,2498.6,2498.6,2504.93,2498.6,2.53,26.13,66.12,-66.12,-1,LOSS,NO,6545.69
203,2024-09-02,16:50,17:15,LONG,2500.24,2497.64,2497.64,2504.14,2497.64,2.6,25.18,65.46,-65.46,-1,LOSS,NO,6480.23
204,2024-09-03,09:55,10:25,SHORT,2497.78,2500.26,2500.26,2494.06,2500.26,2.48,26.13,64.8,-64.8,-1,LOSS,NO,6415.43
205,2024-09-03,10:40,11:15,LONG,2500.01,2497.75,2501.6,2503.4,2503.4,2.26,28.39,64.15,96.23,1.5,WIN,YES,6511.66
206,2024-09-03,11:30,11:30,SHORT,2505.05,2507.68,2504.75,2501.11,2507.68,2.63,24.76,65.12,-65.12,-1,LOSS,YES,6446.54
207,2024-09-03,12:20,12:30,SHORT,2502.52,2504.36,2504.36,2499.76,2504.36,1.84,35.04,64.47,-64.47,-1,LOSS,NO,6382.08
208,2024-09-03,13:05,13:20,LONG,2499.93,2497.15,2497.15,2504.1,2497.15,2.78,22.96,63.82,-63.82,-1,LOSS,NO,6318.26
209,2024-09-03,14:10,14:25,LONG,2499.39,2496.94,2496.94,2503.06,2496.94,2.45,25.79,63.18,-63.18,-1,LOSS,NO,6255.07
210,2024-09-03,15:00,15:05,SHORT,2488.28,2493.23,2493.23,2480.86,2493.23,4.95,12.64,62.55,-62.55,-1,LOSS,NO,6192.52
211,2024-09-03,16:20,16:30,LONG,2492.52,2489.32,2489.32,2497.32,2489.32,3.2,19.35,61.93,-61.93,-1,LOSS,NO,6130.6
212,2024-09-04,09:30,09:55,LONG,2488.45,2484.03,2484.03,2495.08,2484.03,4.42,13.87,61.31,-61.31,-1,LOSS,NO,6069.29
213,2024-09-04,10:40,11:00,LONG,2484.16,2481.38,2481.38,2488.33,2481.38,2.78,21.83,60.69,-60.69,-1,LOSS,NO,6008.6
214,2024-09-04,11:25,11:35,LONG,2480.7,2477.4,2477.4,2485.65,2477.4,3.3,18.21,60.09,-60.09,-1,LOSS,NO,5948.51
215,2024-09-04,12:10,12:40,LONG,2474.98,2471.9,2477.48,2479.6,2479.6,3.08,19.31,59.49,89.23,1.5,WIN,YES,6037.74
216,2024-09-04,13:15,13:40,LONG,2483.71,2480.93,2486.68,2487.88,2487.88,2.78,21.72,60.38,90.57,1.5,WIN,YES,6128.31
217,2024-09-04,14:00,14:00,LONG,2489.37,2485.87,2485.87,2494.62,2485.87,3.5,17.51,61.28,-61.28,-1,LOSS,NO,6067.02
218,2024-09-04,15:00,15:25,LONG,2489.41,2486.66,2486.66,2493.53,2486.66,2.75,22.06,60.67,-60.67,-1,LOSS,NO,6006.35
219,2024-09-04,15:45,16:00,LONG,2488.86,2485.32,2485.32,2494.17,2485.32,3.54,16.97,60.06,-60.06,-1,LOSS,NO,5946.29
220,2024-09-04,16:35,16:50,SHORT,2488.09,2491.4,2486.26,2483.13,2483.13,3.31,17.96,59.46,89.19,1.5,WIN,YES,6035.49
221,2024-09-05,08:50,09:10,SHORT,2500.98,2503.71,2503.71,2496.89,2503.71,2.73,22.11,60.35,-60.35,-1,LOSS,NO,5975.13
222,2024-09-05,09:40,10:15,SHORT,2502.99,2505.02,2505.02,2499.94,2505.02,2.03,29.43,59.75,-59.75,-1,LOSS,NO,5915.38
223,2024-09-05,10:45,11:10,SHORT,2506.24,2508.91,2508.91,2502.23,2508.91,2.67,22.15,59.15,-59.15,-1,LOSS,NO,5856.23
224,2024-09-05,11:30,11:35,SHORT,2514.02,2516.34,2516.34,2510.54,2516.34,2.32,25.24,58.56,-58.56,-1,LOSS,NO,5797.66
225,2024-09-05,12:25,12:25,SHORT,2515.73,2517.84,2515.43,2512.56,2517.84,2.11,27.48,57.98,-57.98,-1,LOSS,YES,5739.69
226,2024-09-05,13:45,14:00,SHORT,2514.37,2516.27,2516.27,2511.52,2516.27,1.9,30.21,57.4,-57.4,-1,LOSS,NO,5682.29
227,2024-09-05,14:40,15:15,SHORT,2514.63,2517.34,2517.34,2510.57,2517.34,2.71,20.97,56.82,-56.82,-1,LOSS,NO,5625.47
228,2024-09-05,15:35,15:45,SHORT,2521.76,2524.81,2521.46,2517.19,2521.46,3.05,18.44,56.25,5.53,0.1,BREAKEVEN,YES,5631
229,2024-09-05,16:50,17:00,SHORT,2513.91,2517.69,2513.61,2508.24,2513.61,3.78,14.9,56.31,4.47,0.08,BREAKEVEN,YES,5635.47
230,2024-09-06,08:00,08:30,SHORT,2518.81,2520.7,2520.7,2515.98,2520.7,1.89,29.82,56.35,-56.35,-1,LOSS,NO,5579.11
231,2024-09-06,08:55,09:35,LONG,2520,2517.5,2517.5,2523.75,2517.5,2.5,22.32,55.79,-55.79,-1,LOSS,NO,5523.32
232,2024-09-06,09:45,10:55,SHORT,2519.43,2521.38,2518.54,2516.5,2516.5,1.95,28.32,55.23,82.85,1.5,WIN,YES,5606.17
233,2024-09-06,10:30,10:55,LONG,2518.88,2516.77,2516.77,2522.05,2516.77,2.11,26.57,56.06,-56.06,-1,LOSS,NO,5550.11
234,2024-09-06,11:30,12:40,SHORT,2517.38,2519.54,2519.54,2514.14,2519.54,2.16,25.69,55.5,-55.5,-1,LOSS,NO,5494.61
235,2024-09-06,12:45,13:05,LONG,2519.59,2517.6,2517.6,2522.58,2517.6,1.99,27.61,54.95,-54.95,-1,LOSS,NO,5439.66
236,2024-09-06,13:30,13:30,SHORT,2518.38,2521.25,2521.25,2514.08,2521.25,2.87,18.95,54.4,-54.4,-1,LOSS,NO,5385.27
237,2024-09-06,14:30,15:05,SHORT,2517.93,2520.45,2515.72,2514.15,2514.15,2.52,21.37,53.85,80.78,1.5,WIN,YES,5466.05
238,2024-09-06,15:35,16:05,SHORT,2524.43,2530.58,2519.54,2515.2,2515.2,6.15,8.89,54.66,81.99,1.5,WIN,YES,5548.04
239,2024-09-06,16:20,16:25,LONG,2513.03,2506.79,2506.79,2522.39,2506.79,6.24,8.89,55.48,-55.48,-1,LOSS,NO,5492.56
240,2024-09-09,08:50,09:25,LONG,2488.5,2486.13,2486.13,2492.05,2486.13,2.37,23.18,54.93,-54.93,-1,LOSS,NO,5437.63
241,2024-09-09,09:45,10:25,LONG,2491.37,2488.26,2491.67,2496.03,2491.67,3.11,17.48,54.38,5.25,0.1,BREAKEVEN,YES,5442.88
242,2024-09-09,10:50,10:50,LONG,2493.44,2489.42,2489.42,2499.47,2489.42,4.02,13.54,54.43,-54.43,-1,LOSS,NO,5388.45
243,2024-09-09,11:40,12:00,SHORT,2491.29,2493.45,2493.45,2488.05,2493.45,2.16,24.95,53.88,-53.88,-1,LOSS,NO,5334.56
244,2024-09-09,13:05,13:15,SHORT,2497.84,2499.96,2497.32,2494.66,2494.66,2.12,25.16,53.35,80.02,1.5,WIN,YES,5414.58
245,2024-09-09,14:00,14:25,LONG,2493.93,2491.88,2495.44,2497,2497,2.05,26.41,54.15,81.22,1.5,WIN,YES,5495.8
246,2024-09-09,15:35,16:00,LONG,2503.17,2500.07,2500.07,2507.82,2500.07,3.1,17.73,54.96,-54.96,-1,LOSS,NO,5440.84
247,2024-09-09,16:30,17:00,LONG,2502.3,2498.54,2498.54,2507.94,2498.54,3.76,14.47,54.41,-54.41,-1,LOSS,NO,5386.43
248,2024-09-10,10:55,11:30,LONG,2502.76,2500.49,2500.49,2506.17,2500.49,2.27,23.73,53.86,-53.86,-1,LOSS,NO,5332.57
249,2024-09-10,11:40,11:40,LONG,2502.32,2499.91,2503.33,2505.94,2499.91,2.41,22.13,53.33,-53.33,-1,LOSS,YES,5279.24
250,2024-09-10,13:20,13:20,SHORT,2508.36,2511.06,2506.06,2504.31,2511.06,2.7,19.55,52.79,-52.79,-1,LOSS,YES,5226.45
251,2024-09-10,15:40,15:55,LONG,2510.32,2507.73,2510.62,2514.21,2510.62,2.59,20.18,52.26,6.05,0.12,BREAKEVEN,YES,5232.51
252,2024-09-10,16:40,16:50,LONG,2510.21,2506.8,2506.8,2515.32,2506.8,3.41,15.34,52.33,-52.33,-1,LOSS,NO,5180.18
253,2024-09-11,08:05,09:00,SHORT,2520.58,2522.56,2522.56,2517.61,2522.56,1.98,26.16,51.8,-51.8,-1,LOSS,NO,5128.38
254,2024-09-11,08:50,09:00,LONG,2520.95,2518.84,2521.25,2524.11,2521.25,2.11,24.31,51.28,7.29,0.14,BREAKEVEN,YES,5135.67
255,2024-09-11,09:40,09:40,SHORT,2525.04,2530.43,2530.43,2516.95,2530.43,5.39,9.53,51.36,-51.36,-1,LOSS,NO,5084.31
256,2024-09-11,10:55,11:40,LONG,2521.35,2519.18,2522.1,2524.61,2524.61,2.17,23.43,50.84,76.26,1.5,WIN,YES,5160.58
257,2024-09-11,11:45,11:45,SHORT,2525.13,2528.61,2528.61,2519.91,2528.61,3.48,14.83,51.61,-51.61,-1,LOSS,NO,5108.97
258,2024-09-11,12:35,13:15,SHORT,2523.58,2525.78,2522.29,2520.28,2520.28,2.2,23.22,51.09,76.63,1.5,WIN,YES,5185.61
259,2024-09-11,13:20,14:15,SHORT,2520.3,2522.84,2522.84,2516.49,2522.84,2.54,20.42,51.86,-51.86,-1,LOSS,NO,5133.75
260,2024-09-11,14:10,15:05,LONG,2522.25,2519.75,2519.75,2526,2519.75,2.5,20.54,51.34,-51.34,-1,LOSS,NO,5082.41
261,2024-09-11,15:20,15:30,LONG,2517.88,2515.27,2518.18,2521.8,2521.8,2.61,19.47,50.82,76.24,1.5,WIN,YES,5158.65
262,2024-09-11,16:20,16:25,LONG,2512.15,2509.13,2509.13,2516.68,2509.13,3.02,17.08,51.59,-51.59,-1,LOSS,NO,5107.06
263,2024-09-12,08:40,09:05,SHORT,2518.43,2520.59,2520.59,2515.19,2520.59,2.16,23.64,51.07,-51.07,-1,LOSS,NO,5055.99
264,2024-09-12,09:25,09:50,SHORT,2520.26,2522.33,2519.02,2517.16,2517.16,2.07,24.43,50.56,75.84,1.5,WIN,YES,5131.83
265,2024-09-12,10:30,11:25,SHORT,2516.79,2519.14,2519.14,2513.27,2519.14,2.35,21.84,51.32,-51.32,-1,LOSS,NO,5080.51
266,2024-09-12,11:35,11:35,SHORT,2517.9,2520.02,2520.02,2514.72,2520.02,2.12,23.96,50.81,-50.81,-1,LOSS,NO,5029.71
267,2024-09-12,12:50,13:15,SHORT,2518.23,2520.36,2520.36,2515.03,2520.36,2.13,23.61,50.3,-50.3,-1,LOSS,NO,4979.41
268,2024-09-12,14:20,14:40,SHORT,2516.34,2518.69,2518.69,2512.82,2518.69,2.35,21.19,49.79,-49.79,-1,LOSS,NO,4929.62
269,2024-09-12,15:05,15:20,SHORT,2520.54,2522.43,2522.43,2517.7,2522.43,1.89,26.08,49.3,-49.3,-1,LOSS,NO,4880.32
270,2024-09-12,16:10,16:15,SHORT,2538.01,2543.77,2537.71,2529.37,2537.71,5.76,8.47,48.8,2.54,0.05,BREAKEVEN,YES,4882.86
271,2024-09-12,16:55,17:45,SHORT,2545.33,2550.54,2550.54,2537.51,2550.54,5.21,9.37,48.83,-48.83,-1,LOSS,NO,4834.03
272,2024-09-13,08:25,08:45,SHORT,2569.79,2571.68,2569.16,2566.95,2566.95,1.89,25.58,48.34,72.51,1.5,WIN,YES,4906.54
273,2024-09-13,10:30,10:45,SHORT,2566.41,2569.58,2569.58,2561.65,2569.58,3.17,15.48,49.07,-49.07,-1,LOSS,NO,4857.48
274,2024-09-13,12:00,12:25,LONG,2568.94,2566.63,2569.67,2572.4,2572.4,2.31,21.03,48.57,72.86,1.5,WIN,YES,4930.34
275,2024-09-13,12:50,12:55,SHORT,2570.11,2573.08,2569.81,2565.66,2569.81,2.97,16.6,49.3,4.98,0.1,BREAKEVEN,YES,4935.32
276,2024-09-13,14:50,15:30,SHORT,2566.46,2569.5,2569.5,2561.9,2569.5,3.04,16.23,49.35,-49.35,-1,LOSS,NO,4885.97
277,2024-09-13,15:35,15:45,SHORT,2569.4,2572.21,2572.21,2565.19,2572.21,2.81,17.39,48.86,-48.86,-1,LOSS,NO,4837.11
278,2024-09-13,16:20,16:25,LONG,2580.81,2577.66,2577.66,2585.53,2577.66,3.15,15.36,48.37,-48.37,-1,LOSS,NO,4788.74
279,2024-09-16,08:25,08:25,SHORT,2587.43,2590,2590,2583.57,2590,2.57,18.63,47.89,-47.89,-1,LOSS,NO,4740.85
280,2024-09-16,09:35,09:55,SHORT,2588.68,2590.81,2588.01,2585.48,2585.48,2.13,22.26,47.41,71.11,1.5,WIN,YES,4811.96
281,2024-09-16,10:50,11:15,LONG,2581.79,2579.27,2582.09,2585.57,2585.57,2.52,19.1,48.12,72.18,1.5,WIN,YES,4884.14
282,2024-09-16,11:35,12:25,SHORT,2587.97,2589.92,2587.67,2585.04,2587.67,1.95,25.05,48.84,7.51,0.15,BREAKEVEN,YES,4891.66
283,2024-09-16,13:40,13:50,LONG,2579.14,2577.03,2577.03,2582.3,2577.03,2.11,23.18,48.92,-48.92,-1,LOSS,NO,4842.74
284,2024-09-16,14:40,14:50,SHORT,2580.34,2582.88,2582.88,2576.53,2582.88,2.54,19.07,48.43,-48.43,-1,LOSS,NO,4794.31
285,2024-09-16,15:25,15:35,LONG,2581.43,2579.12,2579.12,2584.89,2579.12,2.31,20.75,47.94,-47.94,-1,LOSS,NO,4746.37
286,2024-09-16,16:35,17:00,LONG,2584.36,2580.08,2584.66,2590.78,2584.66,4.28,11.09,47.46,3.33,0.07,BREAKEVEN,YES,4749.7
287,2024-09-17,08:05,09:00,LONG,2576.46,2574.1,2578.47,2580,2580,2.36,20.13,47.5,71.25,1.5,WIN,YES,4820.94
288,2024-09-17,08:50,09:00,SHORT,2578.88,2580.74,2580.74,2576.09,2580.74,1.86,25.92,48.21,-48.21,-1,LOSS,NO,4772.73
289,2024-09-17,11:10,11:40,LONG,2582.47,2580.49,2580.49,2585.44,2580.49,1.98,24.1,47.73,-47.73,-1,LOSS,NO,4725.01
290,2024-09-17,12:20,12:40,LONG,2574.73,2572.5,2572.5,2578.07,2572.5,2.23,21.19,47.25,-47.25,-1,LOSS,NO,4677.76
291,2024-09-17,13:15,13:25,LONG,2573.66,2571.64,2571.64,2576.69,2571.64,2.02,23.16,46.78,-46.78,-1,LOSS,NO,4630.98
292,2024-09-17,14:10,14:35,LONG,2573.68,2571.04,2574.92,2577.64,2577.64,2.64,17.54,46.31,69.46,1.5,WIN,YES,4700.44
293,2024-09-17,14:55,15:20,SHORT,2579.68,2582.56,2579.38,2575.36,2579.38,2.88,16.32,47,4.9,0.1,BREAKEVEN,YES,4705.34
294,2024-09-17,15:55,16:35,LONG,2577.64,2573.38,2573.38,2584.03,2573.38,4.26,11.05,47.05,-47.05,-1,LOSS,NO,4658.29
295,2024-09-18,08:15,09:15,LONG,2566.23,2564.24,2567.14,2569.22,2567.14,1.99,23.41,46.58,21.3,0.46,WIN,YES,4679.59
296,2024-09-18,09:05,09:05,LONG,2568.42,2566.44,2568.98,2571.39,2566.44,1.98,23.63,46.8,-46.8,-1,LOSS,YES,4632.79
297,2024-09-18,09:50,10:15,SHORT,2568.87,2571.09,2571.09,2565.54,2571.09,2.22,20.87,46.33,-46.33,-1,LOSS,NO,4586.46
298,2024-09-18,10:35,11:10,LONG,2569.55,2567.42,2569.85,2572.75,2569.85,2.13,21.53,45.86,6.46,0.14,BREAKEVEN,YES,4592.92
299,2024-09-18,11:30,11:30,LONG,2569.53,2567.46,2567.46,2572.64,2567.46,2.07,22.19,45.93,-45.93,-1,LOSS,NO,4546.99
300,2024-09-18,12:20,13:00,SHORT,2570.27,2572.6,2572.6,2566.78,2572.6,2.33,19.51,45.47,-45.47,-1,LOSS,NO,4501.52
301,2024-09-18,14:45,15:35,SHORT,2578.78,2582.12,2575.87,2573.77,2573.77,3.34,13.48,45.02,67.52,1.5,WIN,YES,4569.05
302,2024-09-18,16:25,16:35,SHORT,2577.38,2579.8,2576.35,2573.75,2573.75,2.42,18.88,45.69,68.54,1.5,WIN,YES,4637.58
303,2024-09-19,08:10,08:35,SHORT,2567.13,2569.57,2569.57,2563.47,2569.57,2.44,19.01,46.38,-46.38,-1,LOSS,NO,4591.21
304,2024-09-19,09:20,09:55,SHORT,2577.51,2580.16,2576.7,2573.54,2576.7,2.65,17.33,45.91,14.03,0.31,WIN,YES,4605.24
305,2024-09-19,10:50,10:55,LONG,2581.86,2579.76,2582.16,2585.01,2582.16,2.1,21.93,46.05,6.58,0.14,BREAKEVEN,YES,4611.82
306,2024-09-19,11:55,12:15,SHORT,2584.86,2588.02,2588.02,2580.12,2588.02,3.16,14.59,46.12,-46.12,-1,LOSS,NO,4565.7
307,2024-09-19,12:40,13:05,LONG,2592.93,2589.97,2589.97,2597.37,2589.97,2.96,15.42,45.66,-45.66,-1,LOSS,NO,4520.04
308,2024-09-19,13:45,14:10,SHORT,2588.06,2590.6,2587.24,2584.25,2584.25,2.54,17.8,45.2,67.8,1.5,WIN,YES,4587.84
309,2024-09-19,14:40,15:00,SHORT,2587.75,2590.05,2590.05,2584.3,2590.05,2.3,19.95,45.88,-45.88,-1,LOSS,NO,4541.97
310,2024-09-19,15:55,16:05,SHORT,2576.71,2580.39,2580.39,2571.19,2580.39,3.68,12.34,45.42,-45.42,-1,LOSS,NO,4496.55
311,2024-09-19,16:50,17:35,LONG,2574.57,2568.15,2581.11,2584.2,2584.2,6.42,7,44.97,67.45,1.5,WIN,YES,4563.99
312,2024-09-20,08:30,09:00,SHORT,2593.78,2596.23,2596.23,2590.11,2596.23,2.45,18.63,45.64,-45.64,-1,LOSS,NO,4518.35
313,2024-09-20,09:20,09:30,SHORT,2597.88,2600.02,2600.02,2594.67,2600.02,2.14,21.11,45.18,-45.18,-1,LOSS,NO,4473.17
314,2024-09-20,10:10,10:55,SHORT,2607.89,2611.14,2607.59,2603.01,2607.59,3.25,13.76,44.73,4.13,0.09,BREAKEVEN,YES,4477.3
315,2024-09-20,10:55,11:30,SHORT,2607.05,2609.47,2609.47,2603.42,2609.47,2.42,18.5,44.77,-44.77,-1,LOSS,NO,4432.53
316,2024-09-20,11:40,11:55,LONG,2612.32,2609.88,2609.88,2615.98,2609.88,2.44,18.17,44.33,-44.33,-1,LOSS,NO,4388.2
317,2024-09-20,12:25,12:55,SHORT,2607.72,2610.11,2606.95,2604.13,2604.13,2.39,18.36,43.88,65.82,1.5,WIN,YES,4454.02
318,2024-09-20,13:35,13:50,LONG,2609.36,2606.7,2610.59,2613.35,2613.35,2.66,16.74,44.54,66.81,1.5,WIN,YES,4520.84
319,2024-09-20,14:20,15:00,LONG,2611.84,2609.5,2612.67,2615.35,2615.35,2.34,19.32,45.21,67.81,1.5,WIN,YES,4588.65
320,2024-09-20,15:05,15:20,SHORT,2614.61,2617.81,2617.81,2609.81,2617.81,3.2,14.34,45.89,-45.89,-1,LOSS,NO,4542.76
321,2024-09-20,15:55,16:05,SHORT,2615.49,2618.86,2615.19,2610.43,2615.19,3.37,13.48,45.43,4.04,0.09,BREAKEVEN,YES,4546.81
322,2024-09-20,16:55,17:05,SHORT,2606.54,2609.44,2609.44,2602.19,2609.44,2.9,15.68,45.47,-45.47,-1,LOSS,NO,4501.34
323,2024-09-23,08:00,08:35,SHORT,2629.57,2631.72,2629.09,2626.35,2629.09,2.15,20.94,45.01,10.05,0.22,WIN,YES,4511.39
324,2024-09-23,08:55,09:25,LONG,2629.93,2627.09,2627.09,2634.19,2627.09,2.84,15.89,45.11,-45.11,-1,LOSS,NO,4466.27
325,2024-09-23,10:10,10:15,LONG,2621.34,2619.23,2619.23,2624.51,2619.23,2.11,21.17,44.66,-44.66,-1,LOSS,NO,4421.61
326,2024-09-23,12:20,12:45,SHORT,2618.24,2620.41,2620.41,2614.98,2620.41,2.17,20.38,44.22,-44.22,-1,LOSS,NO,4377.39
327,2024-09-23,13:05,13:05,LONG,2621.6,2619.16,2619.16,2625.26,2619.16,2.44,17.94,43.77,-43.77,-1,LOSS,NO,4333.62
328,2024-09-23,14:45,14:45,LONG,2624.17,2619.33,2619.33,2631.43,2619.33,4.84,8.95,43.34,-43.34,-1,LOSS,NO,4290.28
329,2024-09-23,16:05,16:25,SHORT,2627.69,2630.33,2630.33,2623.73,2630.33,2.64,16.25,42.9,-42.9,-1,LOSS,NO,4247.38
330,2024-09-24,08:10,08:35,SHORT,2638.12,2640.16,2637.72,2635.06,2635.06,2.04,20.82,42.47,63.71,1.5,WIN,YES,4311.09
331,2024-09-24,09:10,09:45,SHORT,2628.14,2631,2627.46,2623.85,2627.46,2.86,15.07,43.11,10.25,0.24,WIN,YES,4321.34
332,2024-09-24,09:55,10:35,SHORT,2628.62,2631.02,2626.72,2625.02,2625.02,2.4,18.01,43.21,64.82,1.5,WIN,YES,4386.16
333,2024-09-24,10:40,10:40,LONG,2625.21,2621.06,2625.51,2631.44,2621.06,4.15,10.57,43.86,-43.86,-1,LOSS,YES,4342.3
334,2024-09-24,11:35,11:35,SHORT,2628.67,2630.85,2630.85,2625.4,2630.85,2.18,19.92,43.42,-43.42,-1,LOSS,NO,4298.88
335,2024-09-24,12:35,13:00,LONG,2628.88,2626.96,2629.72,2631.76,2631.76,1.92,22.39,42.99,64.48,1.5,WIN,YES,4363.36
336,2024-09-24,14:05,14:35,LONG,2630.33,2627.19,2627.19,2635.04,2627.19,3.14,13.9,43.63,-43.63,-1,LOSS,NO,4319.73
337,2024-09-24,15:25,15:50,SHORT,2627.18,2630.4,2630.4,2622.35,2630.4,3.22,13.42,43.2,-43.2,-1,LOSS,NO,4276.53
338,2024-09-25,08:00,08:30,LONG,2659.13,2656.74,2656.74,2662.72,2656.74,2.39,17.89,42.77,-42.77,-1,LOSS,NO,4233.76
339,2024-09-25,08:55,09:25,SHORT,2657.12,2660.54,2656.82,2651.99,2656.82,3.42,12.38,42.34,3.71,0.09,BREAKEVEN,YES,4237.48
340,2024-09-25,10:05,10:10,LONG,2652.58,2649.97,2652.88,2656.49,2652.88,2.61,16.24,42.37,4.87,0.11,BREAKEVEN,YES,4242.35
341,2024-09-25,11:00,11:30,SHORT,2657.59,2660,2656.95,2653.98,2656.95,2.41,17.6,42.42,11.27,0.27,WIN,YES,4253.61
342,2024-09-25,12:10,12:55,LONG,2654.36,2651.78,2655.21,2658.23,2655.21,2.58,16.49,42.54,14.01,0.33,WIN,YES,4267.63
343,2024-09-25,13:55,15:00,LONG,2655.5,2652.79,2656.04,2659.57,2659.57,2.71,15.75,42.68,64.01,1.5,WIN,YES,4331.64
344,2024-09-25,15:05,16:00,SHORT,2658.36,2662.11,2662.11,2652.74,2662.11,3.75,11.55,43.32,-43.32,-1,LOSS,NO,4288.33
345,2024-09-25,15:50,16:00,SHORT,2659.05,2661.83,2661.83,2654.88,2661.83,2.78,15.43,42.88,-42.88,-1,LOSS,NO,4245.44
346,2024-09-25,16:45,17:45,SHORT,2663.88,2667.55,2662.69,2658.38,2658.38,3.67,11.57,42.45,63.68,1.5,WIN,YES,4309.13
347,2024-09-26,08:15,09:05,LONG,2662.08,2659.98,2659.98,2665.23,2659.98,2.1,20.52,43.09,-43.09,-1,LOSS,NO,4266.03
348,2024-09-26,09:00,09:10,LONG,2660.79,2658.63,2658.63,2664.03,2658.63,2.16,19.75,42.66,-42.66,-1,LOSS,NO,4223.37
349,2024-09-26,09:45,10:00,SHORT,2661,2663.38,2663.38,2657.43,2663.38,2.38,17.75,42.23,-42.23,-1,LOSS,NO,4181.14
350,2024-09-26,11:05,11:20,SHORT,2666.49,2669.11,2669.11,2662.56,2669.11,2.62,15.96,41.81,-41.81,-1,LOSS,NO,4139.33
351,2024-09-26,12:00,12:00,LONG,2668.69,2666.54,2666.54,2671.91,2666.54,2.15,19.25,41.39,-41.39,-1,LOSS,NO,4097.94
352,2024-09-26,13:00,13:20,SHORT,2668.83,2671.08,2671.08,2665.45,2671.08,2.25,18.21,40.98,-40.98,-1,LOSS,NO,4056.96
353,2024-09-26,13:50,14:00,SHORT,2674.77,2677.04,2674.47,2671.36,2674.47,2.27,17.87,40.57,5.36,0.13,BREAKEVEN,YES,4062.32
354,2024-09-26,14:50,15:05,SHORT,2683.88,2686.86,2682.72,2679.41,2679.41,2.98,13.63,40.62,60.93,1.5,WIN,YES,4123.25
355,2024-09-26,15:35,15:45,SHORT,2670.38,2675.96,2675.96,2662.01,2675.96,5.58,7.39,41.23,-41.23,-1,LOSS,NO,4082.02
356,2024-09-26,16:50,17:25,LONG,2659.95,2653.2,2663.95,2670.07,2663.95,6.75,6.05,40.82,24.19,0.59,WIN,YES,4106.21
357,2024-09-27,08:00,08:15,LONG,2670.41,2668.46,2668.46,2673.33,2668.46,1.95,21.06,41.06,-41.06,-1,LOSS,NO,4065.15
358,2024-09-27,09:05,09:20,LONG,2665.76,2663.41,2666.49,2669.29,2669.29,2.35,17.3,40.65,60.98,1.5,WIN,YES,4126.12
359,2024-09-27,09:50,10:10,LONG,2665.2,2662.8,2665.5,2668.8,2665.5,2.4,17.19,41.26,5.16,0.13,BREAKEVEN,YES,4131.28
360,2024-09-27,10:35,10:55,LONG,2662.66,2659.31,2665.55,2667.68,2665.55,3.35,12.33,41.31,35.64,0.86,WIN,YES,4166.92
361,2024-09-27,11:20,12:00,LONG,2663.58,2661.4,2661.4,2666.85,2661.4,2.18,19.11,41.67,-41.67,-1,LOSS,NO,4125.25
362,2024-09-27,12:05,12:20,LONG,2661.78,2658.59,2658.59,2666.57,2658.59,3.19,12.93,41.25,-41.25,-1,LOSS,NO,4084
363,2024-09-27,13:15,14:15,LONG,2663.55,2661.05,2665.41,2667.3,2667.3,2.5,16.34,40.84,61.26,1.5,WIN,YES,4145.26
364,2024-09-27,14:30,15:05,SHORT,2667.18,2669.67,2666,2663.44,2663.44,2.49,16.65,41.45,62.18,1.5,WIN,YES,4207.44
365,2024-09-27,15:15,15:30,LONG,2663.92,2660.73,2664.22,2668.7,2668.7,3.19,13.19,42.07,63.11,1.5,WIN,YES,4270.55
366,2024-09-27,16:05,16:30,SHORT,2668.24,2671.06,2667.94,2664.01,2667.94,2.82,15.14,42.71,4.54,0.11,BREAKEVEN,YES,4275.09
367,2024-09-30,08:50,09:05,SHORT,2658.23,2660.73,2657.93,2654.48,2657.93,2.5,17.1,42.75,5.13,0.12,BREAKEVEN,YES,4280.22
368,2024-09-30,10:10,10:35,SHORT,2658.98,2661.15,2658.26,2655.72,2655.72,2.17,19.72,42.8,64.2,1.5,WIN,YES,4344.43
369,2024-09-30,12:05,13:15,SHORT,2650.54,2652.92,2649.6,2646.97,2646.97,2.38,18.25,43.44,65.17,1.5,WIN,YES,4409.59
370,2024-09-30,12:55,13:15,SHORT,2649.62,2651.75,2649.32,2646.42,2646.42,2.13,20.7,44.1,66.14,1.5,WIN,YES,4475.74
371,2024-09-30,13:40,13:50,LONG,2639.41,2637.06,2637.06,2642.93,2637.06,2.35,19.05,44.76,-44.76,-1,LOSS,NO,4430.98
372,2024-09-30,14:25,14:35,SHORT,2638.43,2640.93,2640.93,2634.68,2640.93,2.5,17.72,44.31,-44.31,-1,LOSS,NO,4386.67
373,2024-09-30,15:20,15:20,LONG,2638.67,2634.59,2634.59,2644.79,2634.59,4.08,10.75,43.87,-43.87,-1,LOSS,NO,4342.8
374,2024-09-30,16:10,16:40,LONG,2638.9,2635.81,2635.81,2643.54,2635.81,3.09,14.05,43.43,-43.43,-1,LOSS,NO,4299.38
375,2024-09-30,16:55,17:00,SHORT,2635.62,2639.75,2635.32,2629.42,2629.42,4.13,10.41,42.99,64.49,1.5,WIN,YES,4363.87
376,2024-10-01,08:00,08:10,SHORT,2639.83,2641.68,2641.68,2637.06,2641.68,1.85,23.59,43.64,-43.64,-1,LOSS,NO,4320.23
377,2024-10-01,08:50,10:00,SHORT,2642.38,2645.74,2645.74,2637.34,2645.74,3.36,12.86,43.2,-43.2,-1,LOSS,NO,4277.03
378,2024-10-01,10:00,10:00,SHORT,2644.38,2647.35,2647.35,2639.93,2647.35,2.97,14.4,42.77,-42.77,-1,LOSS,NO,4234.26
379,2024-10-01,10:45,10:55,SHORT,2644.19,2646.53,2646.53,2640.68,2646.53,2.34,18.1,42.34,-42.34,-1,LOSS,NO,4191.91
380,2024-10-01,12:00,12:30,SHORT,2646.1,2648.76,2648.76,2642.11,2648.76,2.66,15.76,41.92,-41.92,-1,LOSS,NO,4149.99
381,2024-10-01,12:50,13:25,SHORT,2648.13,2650.39,2650.39,2644.74,2650.39,2.26,18.36,41.5,-41.5,-1,LOSS,NO,4108.49
382,2024-10-01,13:35,14:20,LONG,2648.84,2646.61,2649.75,2652.19,2649.75,2.23,18.42,41.08,16.77,0.41,WIN,YES,4125.26
383,2024-10-01,15:15,15:55,SHORT,2654.52,2656.75,2654.09,2651.18,2651.18,2.23,18.5,41.25,61.88,1.5,WIN,YES,4187.14
384,2024-10-01,16:40,16:50,SHORT,2662.47,2668.75,2668.75,2653.05,2668.75,6.28,6.67,41.87,-41.87,-1,LOSS,NO,4145.27
385,2024-10-02,08:30,08:35,SHORT,2648.61,2651.61,2648.31,2644.11,2648.31,3,13.82,41.45,4.15,0.1,BREAKEVEN,YES,4149.41
386,2024-10-02,09:15,10:00,SHORT,2647.91,2650.75,2650.75,2643.65,2650.75,2.84,14.61,41.49,-41.49,-1,LOSS,NO,4107.92
387,2024-10-02,10:15,11:00,LONG,2652.56,2650.43,2653.55,2655.76,2653.55,2.13,19.29,41.08,19.09,0.46,WIN,YES,4127.01
388,2024-10-02,11:05,11:10,LONG,2652.83,2650.7,2650.7,2656.03,2650.7,2.13,19.38,41.27,-41.27,-1,LOSS,NO,4085.74
389,2024-10-02,12:00,12:25,LONG,2652.18,2650.25,2652.53,2655.07,2655.07,1.93,21.17,40.86,61.29,1.5,WIN,YES,4147.03
390,2024-10-02,13:05,13:35,LONG,2653.23,2650.96,2650.96,2656.64,2650.96,2.27,18.27,41.47,-41.47,-1,LOSS,NO,4105.56
391,2024-10-02,14:00,14:25,LONG,2649.07,2646.84,2650.61,2652.41,2652.41,2.23,18.41,41.06,61.58,1.5,WIN,YES,4167.14
392,2024-10-02,15:00,15:15,LONG,2649.36,2647.21,2647.21,2652.59,2647.21,2.15,19.38,41.67,-41.67,-1,LOSS,NO,4125.47
393,2024-10-02,15:45,16:00,LONG,2649.08,2646.36,2649.38,2653.16,2649.38,2.72,15.17,41.25,4.55,0.11,BREAKEVEN,YES,4130.02
394,2024-10-02,16:30,16:40,SHORT,2657.84,2661.08,2657.54,2652.98,2657.54,3.24,12.75,41.3,3.82,0.09,BREAKEVEN,YES,4133.84
395,2024-10-03,08:25,09:15,LONG,2652.51,2650.67,2653.12,2655.27,2655.27,1.84,22.47,41.34,62.01,1.5,WIN,YES,4195.85
396,2024-10-03,10:30,10:40,LONG,2649.16,2645.83,2645.83,2654.15,2645.83,3.33,12.6,41.96,-41.96,-1,LOSS,NO,4153.89
397,2024-10-03,11:15,12:10,LONG,2643.87,2641.66,2641.66,2647.18,2641.66,2.21,18.8,41.54,-41.54,-1,LOSS,NO,4112.35
398,2024-10-03,12:05,12:30,LONG,2642.49,2640.33,2643,2645.73,2645.73,2.16,19.04,41.12,61.69,1.5,WIN,YES,4174.04
399,2024-10-03,13:10,14:15,LONG,2644.93,2642.44,2645.23,2648.66,2645.23,2.49,16.76,41.74,5.03,0.12,BREAKEVEN,YES,4179.07
400,2024-10-03,13:55,14:15,LONG,2646.66,2644.47,2644.47,2649.94,2644.47,2.19,19.08,41.79,-41.79,-1,LOSS,NO,4137.28
401,2024-10-03,14:50,15:30,LONG,2648.12,2644.74,2648.42,2653.19,2653.19,3.38,12.24,41.37,62.06,1.5,WIN,YES,4199.34
402,2024-10-03,15:35,16:00,SHORT,2647.26,2651.34,2644.68,2641.14,2644.68,4.08,10.29,41.99,26.55,0.63,WIN,YES,4225.89
403,2024-10-03,16:45,17:00,SHORT,2646.79,2652.21,2646.49,2638.66,2638.66,5.42,7.8,42.26,63.39,1.5,WIN,YES,4289.28
404,2024-10-04,08:05,08:25,SHORT,2664.58,2666.83,2666.83,2661.2,2666.83,2.25,19.06,42.89,-42.89,-1,LOSS,NO,4246.39
405,2024-10-04,10:05,10:20,SHORT,2659.03,2661.82,2661.82,2654.85,2661.82,2.79,15.22,42.46,-42.46,-1,LOSS,NO,4203.92
406,2024-10-04,11:05,11:05,SHORT,2659.54,2662,2662,2655.85,2662,2.46,17.09,42.04,-42.04,-1,LOSS,NO,4161.88
407,2024-10-04,11:55,13:00,SHORT,2658.93,2661.02,2658.63,2655.79,2658.63,2.09,19.91,41.62,5.97,0.14,BREAKEVEN,YES,4167.86
408,2024-10-04,12:45,13:40,SHORT,2658.02,2660.22,2660.22,2654.72,2660.22,2.2,18.94,41.68,-41.68,-1,LOSS,NO,4126.18
409,2024-10-04,13:30,13:30,LONG,2658.94,2656.84,2659.24,2662.09,2656.84,2.1,19.65,41.26,-41.26,-1,LOSS,YES,4084.92
410,2024-10-04,14:20,15:00,LONG,2659.13,2656.55,2660.37,2663,2660.37,2.58,15.83,40.85,19.63,0.48,WIN,YES,4104.55
411,2024-10-04,16:10,16:25,LONG,2648.81,2644.28,2649.11,2655.6,2649.11,4.53,9.06,41.05,2.72,0.07,BREAKEVEN,YES,4107.27
412,2024-10-07,08:40,08:50,LONG,2642.65,2640.58,2640.58,2645.76,2640.58,2.07,19.84,41.07,-41.07,-1,LOSS,NO,4066.2
413,2024-10-07,09:50,10:25,LONG,2643.06,2640.88,2644.5,2646.33,2646.33,2.18,18.65,40.66,60.99,1.5,WIN,YES,4127.19
414,2024-10-07,10:40,10:50,SHORT,2649.1,2651.16,2651.16,2646.01,2651.16,2.06,20.03,41.27,-41.27,-1,LOSS,NO,4085.92
415,2024-10-07,11:35,11:35,SHORT,2653.49,2656.36,2656.36,2649.18,2656.36,2.87,14.24,40.86,-40.86,-1,LOSS,NO,4045.06
416,2024-10-07,12:20,12:50,LONG,2652.43,2650.12,2653.51,2655.89,2655.89,2.31,17.51,40.45,60.68,1.5,WIN,YES,4105.73
417,2024-10-07,13:05,13:05,SHORT,2657.01,2659.54,2659.54,2653.22,2659.54,2.53,16.23,41.06,-41.06,-1,LOSS,NO,4064.68
418,2024-10-07,13:55,14:05,SHORT,2655.39,2658.01,2658.01,2651.46,2658.01,2.62,15.51,40.65,-40.65,-1,LOSS,NO,4024.03
419,2024-10-07,14:40,14:55,SHORT,2658.75,2660.77,2658.45,2655.72,2658.45,2.02,19.92,40.24,5.98,0.15,BREAKEVEN,YES,4030.01
420,2024-10-07,15:25,15:30,LONG,2649.5,2647.1,2647.1,2653.1,2647.1,2.4,16.79,40.3,-40.3,-1,LOSS,NO,3989.71
421,2024-10-07,16:45,17:10,SHORT,2645.78,2650.21,2645.48,2639.14,2645.48,4.43,9.01,39.9,2.7,0.07,BREAKEVEN,YES,3992.41
422,2024-10-08,08:05,08:50,LONG,2642.92,2640.04,2643.22,2647.24,2643.22,2.88,13.86,39.92,4.16,0.1,BREAKEVEN,YES,3996.57
423,2024-10-08,10:10,10:25,SHORT,2636.79,2639.52,2636.49,2632.69,2636.49,2.73,14.64,39.97,4.39,0.11,BREAKEVEN,YES,4000.96
424,2024-10-08,10:55,11:15,LONG,2634.01,2630.92,2630.92,2638.65,2630.92,3.09,12.95,40.01,-40.01,-1,LOSS,NO,3960.95
425,2024-10-08,12:00,12:45,SHORT,2638.02,2640.68,2640.68,2634.03,2640.68,2.66,14.89,39.61,-39.61,-1,LOSS,NO,3921.34
426,2024-10-08,12:50,13:35,SHORT,2641.25,2643.4,2643.4,2638.02,2643.4,2.15,18.24,39.21,-39.21,-1,LOSS,NO,3882.13
427,2024-10-08,13:40,13:45,LONG,2641.84,2639.69,2642.14,2645.07,2642.14,2.15,18.06,38.82,5.42,0.14,BREAKEVEN,YES,3887.54
428,2024-10-08,14:30,14:40,SHORT,2648.67,2651.56,2651.56,2644.34,2651.56,2.89,13.45,38.88,-38.88,-1,LOSS,NO,3848.67
429,2024-10-08,15:15,15:25,LONG,2652.04,2649.68,2649.68,2655.58,2649.68,2.36,16.31,38.49,-38.49,-1,LOSS,NO,3810.18
430,2024-10-08,16:10,16:20,LONG,2642.98,2639.68,2639.68,2647.93,2639.68,3.3,11.55,38.1,-38.1,-1,LOSS,NO,3772.08
431,2024-10-09,08:10,08:40,LONG,2620.74,2618.07,2621.53,2624.74,2621.53,2.67,14.13,37.72,11.16,0.3,WIN,YES,3783.24
432,2024-10-09,09:20,09:40,LONG,2615.39,2612.1,2612.1,2620.32,2612.1,3.29,11.5,37.83,-37.83,-1,LOSS,NO,3745.41
433,2024-10-09,10:10,10:10,LONG,2611.77,2607.68,2607.68,2617.91,2607.68,4.09,9.16,37.45,-37.45,-1,LOSS,NO,3707.95
434,2024-10-09,10:55,11:25,LONG,2611.65,2609.32,2612.35,2615.14,2615.14,2.33,15.91,37.08,55.62,1.5,WIN,YES,3763.57
435,2024-10-09,12:25,12:25,SHORT,2616.82,2619.96,2619.96,2612.11,2619.96,3.14,11.99,37.64,-37.64,-1,LOSS,NO,3725.94
436,2024-10-09,13:40,14:00,SHORT,2619.43,2621.6,2621.6,2616.17,2621.6,2.17,17.17,37.26,-37.26,-1,LOSS,NO,3688.68
437,2024-10-09,14:30,14:45,LONG,2620.35,2618,2618,2623.88,2618,2.35,15.7,36.89,-36.89,-1,LOSS,NO,3651.79
438,2024-10-09,15:25,16:15,SHORT,2617.97,2621.02,2616.89,2613.39,2613.39,3.05,11.97,36.52,54.78,1.5,WIN,YES,3706.57
439,2024-10-09,16:20,16:35,LONG,2612.33,2608.82,2608.82,2617.59,2608.82,3.51,10.56,37.07,-37.07,-1,LOSS,NO,3669.5
440,2024-10-10,09:45,10:20,LONG,2611.99,2609.86,2612.29,2615.18,2612.29,2.13,17.23,36.7,5.17,0.14,BREAKEVEN,YES,3674.67
441,2024-10-10,12:35,12:35,SHORT,2617.42,2619.91,2619.91,2613.69,2619.91,2.49,14.76,36.75,-36.75,-1,LOSS,NO,3637.92
442,2024-10-10,13:50,14:20,SHORT,2617.56,2619.43,2617.26,2614.76,2617.26,1.87,19.45,36.38,5.84,0.16,BREAKEVEN,YES,3643.76
443,2024-10-10,14:45,15:20,LONG,2612.45,2610.26,2613.2,2615.73,2613.2,2.19,16.64,36.44,12.48,0.34,WIN,YES,3656.24
444,2024-10-10,15:35,15:45,SHORT,2618.01,2625.93,2625.93,2606.13,2625.93,7.92,4.62,36.56,-36.56,-1,LOSS,NO,3619.68
445,2024-10-10,16:40,16:50,SHORT,2617.25,2624.63,2624.63,2606.18,2624.63,7.38,4.9,36.2,-36.2,-1,LOSS,NO,3583.48
446,2024-10-11,09:20,09:25,SHORT,2645.76,2648.62,2645.46,2641.47,2645.46,2.86,12.53,35.83,3.76,0.1,BREAKEVEN,YES,3587.24
447,2024-10-11,10:20,10:25,SHORT,2640.03,2642.31,2642.31,2636.61,2642.31,2.28,15.73,35.87,-35.87,-1,LOSS,NO,3551.37
448,2024-10-11,11:30,12:15,LONG,2641,2639.06,2639.06,2643.91,2639.06,1.94,18.31,35.51,-35.51,-1,LOSS,NO,3515.85
449,2024-10-11,12:30,13:35,SHORT,2637.1,2640.39,2640.39,2632.16,2640.39,3.29,10.69,35.16,-35.16,-1,LOSS,NO,3480.69
450,2024-10-11,13:20,13:30,SHORT,2638.12,2640.12,2640.12,2635.12,2640.12,2,17.4,34.81,-34.81,-1,LOSS,NO,3445.89
451,2024-10-11,14:15,14:45,SHORT,2640.18,2642.28,2642.28,2637.03,2642.28,2.1,16.41,34.46,-34.46,-1,LOSS,NO,3411.43
452,2024-10-11,15:20,15:30,SHORT,2646.56,2649.65,2649.65,2641.92,2649.65,3.09,11.04,34.11,-34.11,-1,LOSS,NO,3377.31
453,2024-10-11,16:50,17:00,LONG,2650.7,2647.7,2647.7,2655.2,2647.7,3,11.26,33.77,-33.77,-1,LOSS,NO,3343.54
454,2024-10-14,08:00,08:50,LONG,2659.26,2657.25,2657.25,2662.28,2657.25,2.01,16.63,33.44,-33.44,-1,LOSS,NO,3310.1
455,2024-10-14,09:15,09:20,SHORT,2658.8,2660.8,2660.8,2655.8,2660.8,2,16.55,33.1,-33.1,-1,LOSS,NO,3277
456,2024-10-14,10:00,10:30,SHORT,2664.09,2666.7,2661.46,2660.18,2660.18,2.61,12.56,32.77,49.16,1.5,WIN,YES,3326.16
457,2024-10-14,10:50,10:50,SHORT,2660.8,2664.04,2664.04,2655.94,2664.04,3.24,10.27,33.26,-33.26,-1,LOSS,NO,3292.9
458,2024-10-14,12:00,12:05,SHORT,2659.85,2661.78,2661.78,2656.95,2661.78,1.93,17.06,32.93,-32.93,-1,LOSS,NO,3259.97
459,2024-10-14,12:45,12:45,SHORT,2658.52,2661.49,2661.49,2654.07,2661.49,2.97,10.98,32.6,-32.6,-1,LOSS,NO,3227.37
460,2024-10-14,13:40,13:55,SHORT,2659.4,2661.27,2658.29,2656.6,2656.6,1.87,17.26,32.27,48.41,1.5,WIN,YES,3275.78
461,2024-10-14,14:40,14:50,LONG,2654.53,2652.26,2652.26,2657.94,2652.26,2.27,14.43,32.76,-32.76,-1,LOSS,NO,3243.02
462,2024-10-14,15:30,15:35,LONG,2653.35,2650.66,2650.66,2657.39,2650.66,2.69,12.06,32.43,-32.43,-1,LOSS,NO,3210.59
463,2024-10-14,16:15,16:40,LONG,2650.99,2646.19,2653.65,2658.19,2658.19,4.8,6.69,32.11,48.16,1.5,WIN,YES,3258.75
464,2024-10-15,08:25,08:35,SHORT,2639.42,2642.56,2642.56,2634.71,2642.56,3.14,10.38,32.59,-32.59,-1,LOSS,NO,3226.16
465,2024-10-15,09:20,09:50,LONG,2644.26,2641,2645.88,2649.15,2649.15,3.26,9.9,32.26,48.39,1.5,WIN,YES,3274.55
466,2024-10-15,10:15,10:30,LONG,2649.14,2646.52,2651.08,2653.07,2653.07,2.62,12.5,32.75,49.12,1.5,WIN,YES,3323.67
467,2024-10-15,11:20,12:20,SHORT,2654.07,2656.96,2653.77,2649.74,2653.77,2.89,11.5,33.24,3.45,0.1,BREAKEVEN,YES,3327.12
468,2024-10-15,12:30,12:55,SHORT,2653.2,2655.35,2655.35,2649.97,2655.35,2.15,15.47,33.27,-33.27,-1,LOSS,NO,3293.85
469,2024-10-15,13:20,14:20,SHORT,2655,2657.13,2653.43,2651.8,2651.8,2.13,15.46,32.94,49.41,1.5,WIN,YES,3343.26
470,2024-10-15,14:20,14:40,LONG,2652.36,2650.22,2650.22,2655.57,2650.22,2.14,15.62,33.43,-33.43,-1,LOSS,NO,3309.83
471,2024-10-15,15:25,15:50,SHORT,2654.44,2658.19,2653.31,2648.82,2648.82,3.75,8.83,33.1,49.65,1.5,WIN,YES,3359.47
472,2024-10-15,16:15,16:45,SHORT,2649.34,2652.7,2652.7,2644.3,2652.7,3.36,10,33.59,-33.59,-1,LOSS,NO,3325.88
473,2024-10-16,08:45,09:05,SHORT,2669.15,2671.65,2671.65,2665.4,2671.65,2.5,13.3,33.26,-33.26,-1,LOSS,NO,3292.62
474,2024-10-16,09:35,09:50,SHORT,2674.64,2677.39,2677.39,2670.51,2677.39,2.75,11.97,32.93,-32.93,-1,LOSS,NO,3259.69
475,2024-10-16,10:35,11:30,SHORT,2674.63,2677.21,2677.21,2670.76,2677.21,2.58,12.63,32.6,-32.6,-1,LOSS,NO,3227.1
476,2024-10-16,12:10,13:00,LONG,2679.42,2676.74,2679.72,2683.44,2679.72,2.68,12.04,32.27,3.61,0.11,BREAKEVEN,YES,3230.71
477,2024-10-16,13:05,13:40,SHORT,2678.13,2681.49,2675.73,2673.09,2675.73,3.36,9.62,32.31,23.08,0.71,WIN,YES,3253.79
478,2024-10-16,14:35,15:00,LONG,2678.72,2676.5,2679.02,2682.05,2679.02,2.22,14.66,32.54,4.4,0.14,BREAKEVEN,YES,3258.18
479,2024-10-16,15:25,15:40,SHORT,2680.42,2682.71,2680.12,2676.99,2680.12,2.29,14.23,32.58,4.27,0.13,BREAKEVEN,YES,3262.45
480,2024-10-16,16:10,16:50,LONG,2681.91,2678.38,2678.38,2687.2,2678.38,3.53,9.24,32.62,-32.62,-1,LOSS,NO,3229.83
481,2024-10-17,08:10,08:25,SHORT,2680.8,2682.75,2682.75,2677.88,2682.75,1.95,16.56,32.3,-32.3,-1,LOSS,NO,3197.53
482,2024-10-17,09:05,09:35,LONG,2681.03,2678.75,2681.44,2684.45,2684.45,2.28,14.02,31.98,47.96,1.5,WIN,YES,3245.49
483,2024-10-17,09:55,10:50,LONG,2681.18,2678.6,2681.48,2685.05,2681.48,2.58,12.58,32.45,3.77,0.12,BREAKEVEN,YES,3249.27
484,2024-10-17,11:15,11:55,LONG,2682.42,2680.18,2680.18,2685.78,2680.18,2.24,14.51,32.49,-32.49,-1,LOSS,NO,3216.77
485,2024-10-17,12:10,12:20,LONG,2679.99,2677.23,2677.23,2684.13,2677.23,2.76,11.65,32.17,-32.17,-1,LOSS,NO,3184.61
486,2024-10-17,12:55,13:10,LONG,2679.45,2677.64,2680.3,2682.16,2682.16,1.81,17.59,31.85,47.77,1.5,WIN,YES,3232.37
487,2024-10-17,13:40,13:40,SHORT,2686.8,2689.87,2684.77,2682.2,2689.87,3.07,10.53,32.32,-32.32,-1,LOSS,YES,3200.05
488,2024-10-17,14:30,14:40,SHORT,2687.52,2689.87,2687.22,2683.99,2687.22,2.35,13.62,32,4.09,0.13,BREAKEVEN,YES,3204.14
489,2024-10-17,15:20,15:30,SHORT,2679.4,2682.99,2679.1,2674.02,2674.02,3.59,8.93,32.04,48.06,1.5,WIN,YES,3252.2
490,2024-10-17,16:10,16:15,LONG,2682.31,2679.4,2682.61,2686.67,2682.61,2.91,11.18,32.52,3.35,0.1,BREAKEVEN,YES,3255.55
491,2024-10-17,16:55,17:05,SHORT,2688.78,2691.46,2688.48,2684.76,2684.76,2.68,12.15,32.56,48.83,1.5,WIN,YES,3304.38
492,2024-10-18,08:20,08:45,LONG,2710.62,2708.59,2711.3,2713.66,2713.66,2.03,16.28,33.04,49.57,1.5,WIN,YES,3353.95
493,2024-10-18,09:15,10:10,SHORT,2708,2711.95,2707.7,2702.08,2707.7,3.95,8.49,33.54,2.55,0.08,BREAKEVEN,YES,3356.5
494,2024-10-18,11:35,12:00,LONG,2702.83,2700.28,2705.43,2706.65,2706.65,2.55,13.16,33.56,50.35,1.5,WIN,YES,3406.84
495,2024-10-18,12:30,13:30,LONG,2712.25,2709.88,2709.88,2715.8,2709.88,2.37,14.37,34.07,-34.07,-1,LOSS,NO,3372.78
496,2024-10-18,13:40,13:55,SHORT,2710.7,2713.02,2713.02,2707.22,2713.02,2.32,14.54,33.73,-33.73,-1,LOSS,NO,3339.05
497,2024-10-18,14:40,15:20,SHORT,2710.03,2712.38,2712.38,2706.51,2712.38,2.35,14.21,33.39,-33.39,-1,LOSS,NO,3305.66
498,2024-10-18,15:25,15:55,LONG,2714.44,2710.33,2710.33,2720.61,2710.33,4.11,8.04,33.06,-33.06,-1,LOSS,NO,3272.6
499,2024-10-18,16:55,17:15,SHORT,2713.62,2717.23,2717.23,2708.2,2717.23,3.61,9.07,32.73,-32.73,-1,LOSS,NO,3239.88
500,2024-10-21,08:00,08:10,LONG,2730.05,2727.85,2727.85,2733.35,2727.85,2.2,14.73,32.4,-32.4,-1,LOSS,NO,3207.48
501,2024-10-21,08:45,09:15,SHORT,2726.57,2729.56,2726.27,2722.09,2726.27,2.99,10.73,32.07,3.22,0.1,BREAKEVEN,YES,3210.69
502,2024-10-21,10:15,10:20,LONG,2731.03,2728.94,2728.94,2734.17,2728.94,2.09,15.36,32.11,-32.11,-1,LOSS,NO,3178.59
503,2024-10-21,11:05,11:10,SHORT,2729.63,2731.95,2731.95,2726.15,2731.95,2.32,13.7,31.79,-31.79,-1,LOSS,NO,3146.8
504,2024-10-21,11:55,12:05,LONG,2731.39,2729.14,2731.69,2734.76,2731.69,2.25,13.99,31.47,4.2,0.13,BREAKEVEN,YES,3151
505,2024-10-21,12:40,13:00,SHORT,2736.24,2738.33,2735.71,2733.1,2733.1,2.09,15.08,31.51,47.26,1.5,WIN,YES,3198.26
506,2024-10-21,13:35,13:50,SHORT,2729.57,2732.21,2732.21,2725.61,2732.21,2.64,12.11,31.98,-31.98,-1,LOSS,NO,3166.28
507,2024-10-21,14:20,15:25,SHORT,2735.32,2738.32,2738.32,2730.82,2738.32,3,10.55,31.66,-31.66,-1,LOSS,NO,3134.62
508,2024-10-21,15:35,16:30,SHORT,2737.37,2740.78,2737.07,2732.25,2737.07,3.41,9.19,31.35,2.76,0.09,BREAKEVEN,YES,3137.37
509,2024-10-21,16:25,16:35,SHORT,2736.07,2739.15,2739.15,2731.45,2739.15,3.08,10.19,31.37,-31.37,-1,LOSS,NO,3106
510,2024-10-22,08:00,08:45,SHORT,2734.59,2736.63,2733.85,2731.53,2731.53,2.04,15.23,31.06,46.59,1.5,WIN,YES,3152.59
511,2024-10-22,08:50,09:15,LONG,2730.29,2727.52,2731.26,2734.44,2734.44,2.77,11.38,31.53,47.29,1.5,WIN,YES,3199.88
512,2024-10-22,09:40,09:40,SHORT,2734.11,2736.45,2736.45,2730.6,2736.45,2.34,13.67,32,-32,-1,LOSS,NO,3167.88
513,2024-10-22,10:55,11:20,SHORT,2733.62,2735.75,2735.75,2730.42,2735.75,2.13,14.87,31.68,-31.68,-1,LOSS,NO,3136.2
514,2024-10-22,12:10,12:25,SHORT,2735.7,2737.58,2735.35,2732.88,2732.88,1.88,16.68,31.36,47.04,1.5,WIN,YES,3183.25
515,2024-10-22,13:20,13:30,SHORT,2735.68,2738.07,2738.07,2732.09,2738.07,2.39,13.32,31.83,-31.83,-1,LOSS,NO,3151.41
516,2024-10-22,14:05,14:20,SHORT,2738.43,2740.72,2736.82,2734.99,2734.99,2.29,13.76,31.51,47.27,1.5,WIN,YES,3198.68
517,2024-10-22,15:50,16:05,SHORT,2736.08,2738.59,2738.59,2732.31,2738.59,2.51,12.74,31.99,-31.99,-1,LOSS,NO,3166.7
518,2024-10-22,16:45,16:55,SHORT,2740.59,2743.52,2740.29,2736.2,2736.2,2.93,10.81,31.67,47.5,1.5,WIN,YES,3214.2
519,2024-10-23,08:00,08:30,LONG,2750.18,2748.09,2750.48,2753.31,2750.48,2.09,15.38,32.14,4.61,0.14,BREAKEVEN,YES,3218.81
520,2024-10-23,08:55,09:35,LONG,2751.46,2749.25,2749.25,2754.78,2749.25,2.21,14.56,32.19,-32.19,-1,LOSS,NO,3186.62
521,2024-10-23,10:00,10:35,LONG,2750.47,2747.76,2751.62,2754.53,2754.53,2.71,11.76,31.87,47.8,1.5,WIN,YES,3234.42
522,2024-10-23,10:50,11:25,SHORT,2754.37,2756.83,2756.83,2750.68,2756.83,2.46,13.15,32.34,-32.34,-1,LOSS,NO,3202.08
523,2024-10-23,11:40,12:10,SHORT,2757.77,2759.97,2756.62,2754.47,2754.47,2.2,14.55,32.02,48.03,1.5,WIN,YES,3250.11
524,2024-10-23,12:25,12:40,LONG,2752.56,2750.05,2750.05,2756.32,2750.05,2.51,12.95,32.5,-32.5,-1,LOSS,NO,3217.61
525,2024-10-23,13:10,13:10,SHORT,2750.44,2753.16,2753.16,2746.36,2753.16,2.72,11.83,32.18,-32.18,-1,LOSS,NO,3185.43
526,2024-10-23,14:15,15:15,SHORT,2751.52,2754.36,2749.64,2747.26,2747.26,2.84,11.22,31.85,47.78,1.5,WIN,YES,3233.21
527,2024-10-23,15:00,15:20,SHORT,2749.31,2751.94,2748.79,2745.36,2745.36,2.63,12.29,32.33,48.5,1.5,WIN,YES,3281.71
528,2024-10-23,15:55,16:05,LONG,2743.32,2739.27,2739.27,2749.4,2739.27,4.05,8.1,32.82,-32.82,-1,LOSS,NO,3248.9
529,2024-10-24,08:40,09:05,SHORT,2727.93,2729.97,2729.97,2724.87,2729.97,2.04,15.93,32.49,-32.49,-1,LOSS,NO,3216.41
530,2024-10-24,09:30,10:10,SHORT,2734,2736.53,2736.53,2730.2,2736.53,2.53,12.71,32.16,-32.16,-1,LOSS,NO,3184.24
531,2024-10-24,10:20,10:45,SHORT,2735.29,2737.42,2734.99,2732.09,2734.99,2.13,14.95,31.84,4.48,0.14,BREAKEVEN,YES,3188.73
532,2024-10-24,11:15,11:55,SHORT,2735.82,2737.84,2737.84,2732.79,2737.84,2.02,15.79,31.89,-31.89,-1,LOSS,NO,3156.84
533,2024-10-24,12:15,13:10,SHORT,2738.07,2740.11,2737.77,2735.01,2737.77,2.04,15.47,31.57,4.64,0.15,BREAKEVEN,YES,3161.48
534,2024-10-24,13:00,13:40,SHORT,2736.62,2738.87,2738.87,2733.24,2738.87,2.25,14.05,31.61,-31.61,-1,LOSS,NO,3129.87
535,2024-10-24,13:45,13:55,LONG,2738.69,2736.77,2736.77,2741.57,2736.77,1.92,16.3,31.3,-31.3,-1,LOSS,NO,3098.57
536,2024-10-24,14:50,15:10,LONG,2739.29,2736.96,2736.96,2742.78,2736.96,2.33,13.3,30.99,-30.99,-1,LOSS,NO,3067.58
537,2024-10-24,16:10,16:30,SHORT,2739.8,2742.86,2742.86,2735.21,2742.86,3.06,10.02,30.68,-30.68,-1,LOSS,NO,3036.91
538,2024-10-24,16:55,17:15,LONG,2733.54,2729.38,2729.38,2739.78,2729.38,4.16,7.3,30.37,-30.37,-1,LOSS,NO,3006.54
539,2024-10-25,08:10,08:30,SHORT,2727.71,2729.55,2729.55,2724.95,2729.55,1.84,16.34,30.07,-30.07,-1,LOSS,NO,2976.47
540,2024-10-25,09:30,09:45,SHORT,2728.46,2730.95,2730.95,2724.73,2730.95,2.49,11.95,29.76,-29.76,-1,LOSS,NO,2946.71
541,2024-10-25,10:15,10:50,SHORT,2729.52,2731.8,2728.17,2726.1,2726.1,2.28,12.92,29.47,44.2,1.5,WIN,YES,2990.91
542,2024-10-25,11:40,12:25,LONG,2721.14,2717.39,2717.39,2726.76,2717.39,3.75,7.98,29.91,-29.91,-1,LOSS,NO,2961
543,2024-10-25,12:25,13:05,LONG,2718.42,2715.79,2719.99,2722.37,2719.99,2.63,11.26,29.61,17.68,0.6,WIN,YES,2978.68
544,2024-10-25,13:10,14:10,LONG,2719.36,2716.99,2721.27,2722.92,2722.92,2.37,12.57,29.79,44.68,1.5,WIN,YES,3023.36
545,2024-10-25,14:20,14:35,LONG,2723.41,2720.83,2725.45,2727.28,2727.28,2.58,11.72,30.23,45.35,1.5,WIN,YES,3068.71
546,2024-10-25,15:50,16:10,LONG,2731.97,2728.31,2728.31,2737.46,2728.31,3.66,8.38,30.69,-30.69,-1,LOSS,NO,3038.02
547,2024-10-25,16:40,16:50,SHORT,2729.92,2732.83,2729.62,2725.56,2729.62,2.91,10.44,30.38,3.13,0.1,BREAKEVEN,YES,3041.15
548,2024-10-28,08:05,08:30,LONG,2739.77,2736.77,2741.3,2744.27,2741.3,3,10.14,30.41,15.51,0.51,WIN,YES,3056.66
549,2024-10-28,08:55,09:20,LONG,2740.58,2738.34,2740.88,2743.94,2740.88,2.24,13.65,30.57,4.09,0.13,BREAKEVEN,YES,3060.75
550,2024-10-28,09:45,10:00,LONG,2739.94,2737.69,2737.69,2743.32,2737.69,2.25,13.6,30.61,-30.61,-1,LOSS,NO,3030.15
551,2024-10-28,11:05,11:25,LONG,2733.21,2729.4,2729.4,2738.93,2729.4,3.81,7.95,30.3,-30.3,-1,LOSS,NO,2999.85
552,2024-10-28,12:00,12:40,SHORT,2729.59,2732.19,2732.19,2725.69,2732.19,2.6,11.54,30,-30,-1,LOSS,NO,2969.85
553,2024-10-28,12:50,12:50,LONG,2731.29,2728.42,2728.42,2735.59,2728.42,2.87,10.35,29.7,-29.7,-1,LOSS,NO,2940.15
554,2024-10-28,14:30,14:55,LONG,2732.87,2730.33,2730.33,2736.68,2730.33,2.54,11.58,29.4,-29.4,-1,LOSS,NO,2910.75
555,2024-10-28,15:35,15:35,LONG,2742.68,2738.33,2738.33,2749.2,2738.33,4.35,6.69,29.11,-29.11,-1,LOSS,NO,2881.64
556,2024-10-28,16:20,16:50,SHORT,2742.91,2745.22,2745.22,2739.44,2745.22,2.31,12.47,28.82,-28.82,-1,LOSS,NO,2852.82
557,2024-10-29,08:00,08:20,SHORT,2750.09,2752.71,2752.71,2746.16,2752.71,2.62,10.89,28.53,-28.53,-1,LOSS,NO,2824.29
558,2024-10-29,10:05,10:20,LONG,2751.83,2749.63,2749.63,2755.13,2749.63,2.2,12.84,28.24,-28.24,-1,LOSS,NO,2796.05
559,2024-10-29,11:55,12:20,LONG,2752.48,2748.62,2748.62,2758.27,2748.62,3.86,7.24,27.96,-27.96,-1,LOSS,NO,2768.09
560,2024-10-29,12:40,13:25,LONG,2749.44,2746.91,2746.91,2753.24,2746.91,2.53,10.94,27.68,-27.68,-1,LOSS,NO,2740.41
561,2024-10-29,13:35,14:20,LONG,2750.53,2748.44,2751.5,2753.67,2751.5,2.09,13.11,27.4,12.72,0.46,WIN,YES,2753.13
562,2024-10-29,14:25,15:25,LONG,2751.65,2747.59,2754.11,2757.74,2754.11,4.06,6.78,27.53,16.68,0.61,WIN,YES,2769.81
563,2024-10-29,16:05,16:15,SHORT,2764.17,2768.21,2768.21,2758.11,2768.21,4.04,6.86,27.7,-27.7,-1,LOSS,NO,2742.11
564,2024-10-30,08:30,08:40,SHORT,2786.47,2788.63,2788.63,2783.23,2788.63,2.16,12.69,27.42,-27.42,-1,LOSS,NO,2714.69
565,2024-10-30,09:45,10:30,LONG,2781.32,2779.21,2782.42,2784.49,2784.49,2.11,12.87,27.15,40.72,1.5,WIN,YES,2755.41
566,2024-10-30,10:35,10:50,LONG,2782.1,2779.88,2779.88,2785.43,2779.88,2.22,12.41,27.55,-27.55,-1,LOSS,NO,2727.86
567,2024-10-30,11:40,12:10,LONG,2782.5,2780.25,2784.17,2785.88,2785.88,2.25,12.12,27.28,40.92,1.5,WIN,YES,2768.78
568,2024-10-30,13:20,14:05,SHORT,2780.52,2782.68,2778.87,2777.28,2777.28,2.16,12.82,27.69,41.53,1.5,WIN,YES,2810.31
569,2024-10-30,14:05,14:15,SHORT,2777.68,2779.57,2777.38,2774.84,2774.84,1.89,14.87,28.1,42.15,1.5,WIN,YES,2852.46
570,2024-10-30,14:50,15:05,SHORT,2782.69,2784.94,2784.94,2779.32,2784.94,2.25,12.68,28.52,-28.52,-1,LOSS,NO,2823.94
571,2024-10-30,15:35,15:35,LONG,2775.03,2769.37,2775.33,2783.52,2769.37,5.66,4.99,28.24,-28.24,-1,LOSS,YES,2795.7
572,2024-10-30,16:25,16:30,SHORT,2777.32,2780.03,2780.03,2773.26,2780.03,2.71,10.32,27.96,-27.96,-1,LOSS,NO,2767.74
573,2024-10-31,09:00,09:00,LONG,2780.82,2776.96,2776.96,2786.61,2776.96,3.86,7.17,27.68,-27.68,-1,LOSS,NO,2740.06
574,2024-10-31,09:55,10:10,LONG,2782.04,2779.53,2779.53,2785.8,2779.53,2.51,10.92,27.4,-27.4,-1,LOSS,NO,2712.66
575,2024-10-31,10:50,10:50,LONG,2779.47,2776.72,2776.72,2783.59,2776.72,2.75,9.86,27.13,-27.13,-1,LOSS,NO,2685.54
576,2024-10-31,11:35,12:05,SHORT,2778.29,2780.54,2777.99,2774.91,2774.91,2.25,11.94,26.86,40.28,1.5,WIN,YES,2725.82
577,2024-10-31,12:35,13:00,LONG,2779.34,2777.29,2779.95,2782.42,2782.42,2.05,13.3,27.26,40.89,1.5,WIN,YES,2766.71
578,2024-10-31,13:30,13:50,LONG,2777.42,2775.44,2777.72,2780.39,2777.72,1.98,13.97,27.67,4.19,0.15,BREAKEVEN,YES,2770.9
579,2024-10-31,14:15,14:20,LONG,2780.91,2778.66,2778.66,2784.28,2778.66,2.25,12.32,27.71,-27.71,-1,LOSS,NO,2743.19
580,2024-10-31,15:10,15:20,SHORT,2769.68,2772.95,2769.38,2764.77,2769.38,3.27,8.39,27.43,2.52,0.09,BREAKEVEN,YES,2745.71
581,2024-10-31,16:45,16:55,LONG,2739.43,2735.31,2735.31,2745.61,2735.31,4.12,6.66,27.46,-27.46,-1,LOSS,NO,2718.25
582,2024-11-01,08:00,08:30,SHORT,2755.78,2758.2,2754.98,2752.15,2752.15,2.42,11.23,27.18,40.77,1.5,WIN,YES,2759.02
583,2024-11-01,09:00,09:30,LONG,2752.67,2749.72,2749.72,2757.1,2749.72,2.95,9.35,27.59,-27.59,-1,LOSS,NO,2731.43
584,2024-11-01,10:05,10:45,LONG,2751.42,2748.86,2752.79,2755.26,2752.79,2.56,10.67,27.31,14.62,0.54,WIN,YES,2746.05
585,2024-11-01,11:20,11:30,SHORT,2753.17,2755.42,2752.87,2749.8,2752.87,2.25,12.2,27.46,3.66,0.13,BREAKEVEN,YES,2749.71
586,2024-11-01,12:20,12:35,SHORT,2749.06,2751.8,2747.78,2744.95,2744.95,2.74,10.04,27.5,41.25,1.5,WIN,YES,2790.96
587,2024-11-01,13:20,14:15,SHORT,2753.1,2755.56,2752.8,2749.41,2752.8,2.46,11.35,27.91,3.4,0.12,BREAKEVEN,YES,2794.36
588,2024-11-01,14:20,14:30,LONG,2751.48,2748.87,2751.78,2755.4,2755.4,2.61,10.71,27.94,41.92,1.5,WIN,YES,2836.28
589,2024-11-01,15:05,15:20,LONG,2761.22,2757.07,2757.07,2767.44,2757.07,4.15,6.83,28.36,-28.36,-1,LOSS,NO,2807.91
590,2024-11-01,15:50,16:00,SHORT,2757.92,2760.99,2757.62,2753.32,2757.62,3.07,9.15,28.08,2.74,0.1,BREAKEVEN,YES,2810.66
591,2024-11-01,16:50,16:50,LONG,2745.55,2739.44,2739.44,2754.72,2739.44,6.11,4.6,28.11,-28.11,-1,LOSS,NO,2782.55
592,2024-11-04,08:10,08:20,SHORT,2737.97,2740.06,2737.67,2734.83,2737.67,2.09,13.31,27.83,3.99,0.14,BREAKEVEN,YES,2786.54
593,2024-11-04,09:10,09:45,SHORT,2742.7,2746.25,2738.99,2737.37,2737.37,3.55,7.85,27.87,41.8,1.5,WIN,YES,2828.34
594,2024-11-04,11:50,12:35,LONG,2742.81,2740.38,2740.38,2746.45,2740.38,2.43,11.64,28.28,-28.28,-1,LOSS,NO,2800.06
595,2024-11-04,13:00,14:00,SHORT,2737.81,2741.6,2741.6,2732.13,2741.6,3.79,7.39,28,-28,-1,LOSS,NO,2772.06
596,2024-11-04,13:50,14:10,LONG,2740.5,2738.67,2740.9,2743.24,2740.9,1.83,15.15,27.72,6.06,0.22,BREAKEVEN,YES,2778.12
597,2024-11-04,15:00,15:20,SHORT,2743.52,2746.03,2743.22,2739.75,2743.22,2.51,11.07,27.78,3.32,0.12,BREAKEVEN,YES,2781.44
598,2024-11-04,15:45,16:05,SHORT,2744.48,2747.57,2747.57,2739.84,2747.57,3.09,9,27.81,-27.81,-1,LOSS,NO,2753.62
599,2024-11-04,16:30,16:35,SHORT,2741.98,2744.95,2741.68,2737.53,2741.68,2.97,9.27,27.54,2.78,0.1,BREAKEVEN,YES,2756.41
600,2024-11-05,08:50,09:05,SHORT,2738.12,2740.27,2740.27,2734.89,2740.27,2.15,12.82,27.56,-27.56,-1,LOSS,NO,2728.84
601,2024-11-05,09:35,10:00,SHORT,2737.7,2740.11,2737.17,2734.08,2734.08,2.41,11.32,27.29,40.93,1.5,WIN,YES,2769.77
602,2024-11-05,10:40,10:55,LONG,2738.93,2736.62,2740.88,2742.39,2742.39,2.31,11.99,27.7,41.55,1.5,WIN,YES,2811.32
603,2024-11-05,11:25,11:55,SHORT,2742.83,2745.02,2740.9,2739.55,2739.55,2.19,12.84,28.11,42.17,1.5,WIN,YES,2853.49
604,2024-11-05,12:30,13:40,SHORT,2738.2,2741.73,2741.73,2732.9,2741.73,3.53,8.08,28.53,-28.53,-1,LOSS,NO,2824.96
605,2024-11-05,13:15,13:45,LONG,2739.49,2737.11,2739.79,2743.06,2739.79,2.38,11.87,28.25,3.56,0.13,BREAKEVEN,YES,2828.52
606,2024-11-05,14:05,15:00,SHORT,2741.76,2744.65,2739.16,2737.43,2737.43,2.89,9.79,28.29,42.43,1.5,WIN,YES,2870.94
607,2024-11-05,14:55,15:20,SHORT,2737.92,2739.86,2739.86,2735.01,2739.86,1.94,14.8,28.71,-28.71,-1,LOSS,NO,2842.23
608,2024-11-05,16:00,16:30,SHORT,2743.53,2748.31,2748.31,2736.36,2748.31,4.78,5.95,28.42,-28.42,-1,LOSS,NO,2813.81
609,2024-11-05,16:45,17:05,LONG,2743.68,2740.04,2740.04,2749.14,2740.04,3.64,7.73,28.14,-28.14,-1,LOSS,NO,2785.67
610,2024-11-06,08:35,08:45,LONG,2705.53,2700,2705.83,2713.83,2713.83,5.53,5.04,27.86,41.79,1.5,WIN,YES,2827.46
611,2024-11-06,09:25,09:40,LONG,2725.71,2722.2,2722.2,2730.98,2722.2,3.51,8.06,28.27,-28.27,-1,LOSS,NO,2799.18
612,2024-11-06,10:40,10:50,SHORT,2729.73,2732.16,2729.43,2726.09,2726.09,2.43,11.52,27.99,41.99,1.5,WIN,YES,2841.17
613,2024-11-06,11:40,11:45,LONG,2717.89,2714.95,2718.19,2722.3,2722.3,2.94,9.66,28.41,42.62,1.5,WIN,YES,2883.79
614,2024-11-06,12:50,13:20,LONG,2720.74,2717.2,2717.2,2726.05,2717.2,3.54,8.15,28.84,-28.84,-1,LOSS,NO,2854.95
615,2024-11-06,13:35,13:50,LONG,2708.34,2702.91,2702.91,2716.49,2702.91,5.43,5.26,28.55,-28.55,-1,LOSS,NO,2826.4
616,2024-11-06,16:35,16:45,SHORT,2656.77,2661.46,2661.46,2649.73,2661.46,4.69,6.03,28.26,-28.26,-1,LOSS,NO,2798.14
617,2024-11-07,09:00,09:10,SHORT,2657.49,2660.76,2660.76,2652.58,2660.76,3.27,8.56,27.98,-27.98,-1,LOSS,NO,2770.16
618,2024-11-07,10:35,10:45,LONG,2661.74,2659.32,2659.32,2665.37,2659.32,2.42,11.45,27.7,-27.7,-1,LOSS,NO,2742.46
619,2024-11-07,11:25,11:55,SHORT,2664.58,2667.53,2664.28,2660.15,2664.28,2.95,9.3,27.42,2.79,0.1,BREAKEVEN,YES,2745.24
620,2024-11-07,12:55,12:55,SHORT,2666.59,2669.89,2669.89,2661.64,2669.89,3.3,8.32,27.45,-27.45,-1,LOSS,NO,2717.79
621,2024-11-07,13:55,14:40,SHORT,2666.18,2669.57,2669.57,2661.09,2669.57,3.39,8.02,27.18,-27.18,-1,LOSS,NO,2690.61
622,2024-11-07,14:45,14:50,SHORT,2670.44,2673.18,2673.18,2666.33,2673.18,2.74,9.82,26.91,-26.91,-1,LOSS,NO,2663.71
623,2024-11-07,15:30,16:20,LONG,2681.85,2676.61,2686.42,2689.71,2689.71,5.24,5.08,26.64,39.96,1.5,WIN,YES,2703.66
624,2024-11-07,16:25,16:40,LONG,2690,2686.56,2690.3,2695.16,2690.3,3.44,7.86,27.04,2.36,0.09,BREAKEVEN,YES,2706.02
625,2024-11-08,08:10,08:25,LONG,2690.69,2687.52,2687.52,2695.45,2687.52,3.17,8.54,27.06,-27.06,-1,LOSS,NO,2678.96
626,2024-11-08,09:00,09:15,LONG,2685,2682.72,2682.72,2688.42,2682.72,2.28,11.75,26.79,-26.79,-1,LOSS,NO,2652.17
627,2024-11-08,09:45,10:05,LONG,2686.81,2683.63,2683.63,2691.58,2683.63,3.18,8.34,26.52,-26.52,-1,LOSS,NO,2625.65
628,2024-11-08,10:50,10:50,LONG,2688.59,2685.7,2685.7,2692.93,2685.7,2.89,9.09,26.26,-26.26,-1,LOSS,NO,2599.39
629,2024-11-08,11:35,12:20,SHORT,2688.08,2690.53,2686.78,2684.4,2684.4,2.45,10.61,25.99,38.99,1.5,WIN,YES,2638.38
630,2024-11-08,12:35,12:40,LONG,2685.47,2683.39,2685.77,2688.59,2685.77,2.08,12.68,26.38,3.81,0.14,BREAKEVEN,YES,2642.19
631,2024-11-08,13:20,13:30,SHORT,2688.81,2690.69,2690.69,2685.99,2690.69,1.88,14.05,26.42,-26.42,-1,LOSS,NO,2615.77
632,2024-11-08,14:05,14:20,LONG,2690.37,2687.98,2687.98,2693.95,2687.98,2.39,10.94,26.16,-26.16,-1,LOSS,NO,2589.61
633,2024-11-08,15:05,15:25,LONG,2689.91,2686.42,2691.87,2695.14,2695.14,3.49,7.42,25.9,38.84,1.5,WIN,YES,2628.45
634,2024-11-08,16:20,16:25,SHORT,2699.69,2702.43,2699.39,2695.58,2699.39,2.74,9.59,26.28,2.88,0.11,BREAKEVEN,YES,2631.33
635,2024-11-11,08:40,09:05,LONG,2672.66,2670.5,2670.5,2675.9,2670.5,2.16,12.18,26.31,-26.31,-1,LOSS,NO,2605.02
636,2024-11-11,09:25,09:50,LONG,2672.36,2669.44,2669.44,2676.74,2669.44,2.92,8.92,26.05,-26.05,-1,LOSS,NO,2578.97
637,2024-11-11,10:15,10:35,SHORT,2670.45,2673.25,2670.15,2666.25,2670.15,2.8,9.21,25.79,2.76,0.11,BREAKEVEN,YES,2581.73
638,2024-11-11,11:00,11:20,SHORT,2669.22,2672.35,2668.15,2664.52,2664.52,3.13,8.25,25.82,38.73,1.5,WIN,YES,2620.46
639,2024-11-11,11:50,12:10,LONG,2666.27,2662.35,2669.88,2672.15,2672.15,3.92,6.68,26.2,39.31,1.5,WIN,YES,2659.76
640,2024-11-11,12:40,12:50,SHORT,2668.48,2670.94,2668.18,2664.79,2664.79,2.46,10.81,26.6,39.9,1.5,WIN,YES,2699.66
641,2024-11-11,13:45,14:00,LONG,2665.04,2662.12,2662.12,2669.42,2662.12,2.92,9.25,27,-27,-1,LOSS,NO,2672.66
642,2024-11-11,14:50,15:00,LONG,2658.74,2656.36,2656.36,2662.31,2656.36,2.38,11.23,26.73,-26.73,-1,LOSS,NO,2645.94
643,2024-11-11,15:45,16:00,SHORT,2638.28,2642.27,2636.43,2632.3,2632.3,3.99,6.63,26.46,39.69,1.5,WIN,YES,2685.63
644,2024-11-11,16:40,16:45,LONG,2620.09,2616.21,2620.39,2625.91,2620.39,3.88,6.92,26.86,2.08,0.08,BREAKEVEN,YES,2687.7
645,2024-11-12,08:10,08:20,LONG,2607.28,2604.29,2604.29,2611.77,2604.29,2.99,8.99,26.88,-26.88,-1,LOSS,NO,2660.83
646,2024-11-12,09:00,09:20,SHORT,2606.73,2610.55,2606.43,2601,2601,3.82,6.97,26.61,39.91,1.5,WIN,YES,2700.74
647,2024-11-12,10:15,10:30,LONG,2603.16,2600.67,2600.67,2606.89,2600.67,2.49,10.85,27.01,-27.01,-1,LOSS,NO,2673.73
648,2024-11-12,11:25,11:35,LONG,2594.57,2592.21,2592.21,2598.11,2592.21,2.36,11.33,26.74,-26.74,-1,LOSS,NO,2646.99
649,2024-11-12,12:30,12:45,LONG,2591.41,2589.05,2591.71,2594.95,2594.95,2.36,11.22,26.47,39.7,1.5,WIN,YES,2686.7
650,2024-11-12,13:15,13:20,LONG,2595.63,2593.18,2593.18,2599.31,2593.18,2.45,10.97,26.87,-26.87,-1,LOSS,NO,2659.83
651,2024-11-12,14:15,14:35,LONG,2602.72,2599.81,2603.02,2607.08,2603.02,2.91,9.14,26.6,2.74,0.1,BREAKEVEN,YES,2662.57
652,2024-11-12,15:40,15:55,SHORT,2606.23,2609.86,2609.86,2600.78,2609.86,3.63,7.33,26.63,-26.63,-1,LOSS,NO,2635.95
653,2024-11-12,16:25,16:30,LONG,2613.28,2610.3,2610.3,2617.75,2610.3,2.98,8.85,26.36,-26.36,-1,LOSS,NO,2609.59
654,2024-11-13,10:40,10:40,SHORT,2608.91,2612.16,2612.16,2604.03,2612.16,3.25,8.03,26.1,-26.1,-1,LOSS,NO,2583.49
655,2024-11-13,11:30,12:30,SHORT,2610.38,2613.1,2610.08,2606.3,2610.08,2.72,9.5,25.83,2.85,0.11,BREAKEVEN,YES,2586.34
656,2024-11-13,12:15,12:30,SHORT,2607.07,2610.05,2610.05,2602.6,2610.05,2.98,8.68,25.86,-25.86,-1,LOSS,NO,2560.48
657,2024-11-13,13:00,13:05,LONG,2608.77,2606.84,2609.07,2611.66,2609.07,1.93,13.27,25.6,3.98,0.16,BREAKEVEN,YES,2564.46
658,2024-11-13,13:50,13:50,LONG,2610.39,2607.74,2607.74,2614.36,2607.74,2.65,9.68,25.64,-25.64,-1,LOSS,NO,2538.81
659,2024-11-13,14:55,15:10,SHORT,2609.65,2611.65,2609.35,2606.65,2609.35,2,12.69,25.39,3.81,0.15,BREAKEVEN,YES,2542.62
660,2024-11-13,15:40,16:10,SHORT,2609.26,2615.19,2615.19,2600.37,2615.19,5.93,4.29,25.43,-25.43,-1,LOSS,NO,2517.2
661,2024-11-13,16:30,16:50,SHORT,2610.99,2616.71,2606.45,2602.41,2602.41,5.72,4.4,25.17,37.76,1.5,WIN,YES,2554.95
662,2024-11-14,08:00,08:30,SHORT,2559.6,2562,2558.95,2556,2556,2.4,10.65,25.55,38.32,1.5,WIN,YES,2593.28
663,2024-11-14,09:35,10:05,SHORT,2557.54,2560.37,2557.24,2553.3,2557.24,2.83,9.16,25.93,2.75,0.11,BREAKEVEN,YES,2596.03
664,2024-11-14,10:35,11:05,SHORT,2557.19,2560.29,2556.89,2552.54,2556.89,3.1,8.37,25.96,2.51,0.1,BREAKEVEN,YES,2598.54
665,2024-11-14,11:35,11:50,LONG,2544.31,2539.43,2539.43,2551.63,2539.43,4.88,5.32,25.99,-25.99,-1,LOSS,NO,2572.55
666,2024-11-14,12:40,13:35,LONG,2544.77,2541.86,2546.87,2549.13,2549.13,2.91,8.84,25.73,38.59,1.5,WIN,YES,2611.14
667,2024-11-14,13:25,13:30,LONG,2545.78,2543.65,2546.08,2548.98,2546.08,2.13,12.26,26.11,3.68,0.14,BREAKEVEN,YES,2614.82
668,2024-11-14,14:10,14:50,LONG,2554.42,2550.79,2550.79,2559.87,2550.79,3.63,7.2,26.15,-26.15,-1,LOSS,NO,2588.67
669,2024-11-14,15:00,15:15,LONG,2552.21,2549.77,2553.37,2555.87,2555.87,2.44,10.61,25.89,38.83,1.5,WIN,YES,2627.5
670,2024-11-14,15:45,16:15,SHORT,2556.9,2561.4,2561.4,2550.15,2561.4,4.5,5.84,26.28,-26.28,-1,LOSS,NO,2601.23
671,2024-11-14,16:30,16:35,LONG,2562.4,2559.31,2562.7,2567.04,2562.7,3.09,8.42,26.01,2.53,0.1,BREAKEVEN,YES,2603.75
672,2024-11-15,08:10,08:45,LONG,2557.66,2554.57,2560.21,2562.29,2562.29,3.09,8.43,26.04,39.06,1.5,WIN,YES,2642.81
673,2024-11-15,09:00,09:15,LONG,2560.91,2558.72,2561.21,2564.19,2564.19,2.19,12.07,26.43,39.64,1.5,WIN,YES,2682.45
674,2024-11-15,10:25,11:00,LONG,2563.3,2559.42,2566.01,2569.12,2566.01,3.88,6.91,26.82,18.74,0.7,WIN,YES,2701.19
675,2024-11-15,11:15,12:20,SHORT,2566.8,2570.38,2566.5,2561.43,2566.5,3.58,7.55,27.01,2.26,0.08,BREAKEVEN,YES,2703.45
676,2024-11-15,12:55,13:35,SHORT,2567.93,2570.49,2570.49,2564.09,2570.49,2.56,10.56,27.03,-27.03,-1,LOSS,NO,2676.42
677,2024-11-15,13:40,14:00,LONG,2572.09,2569.01,2569.01,2576.71,2569.01,3.08,8.69,26.76,-26.76,-1,LOSS,NO,2649.65
678,2024-11-15,14:45,15:00,SHORT,2566.05,2569.8,2569.8,2560.43,2569.8,3.75,7.07,26.5,-26.5,-1,LOSS,NO,2623.16
679,2024-11-15,15:35,15:45,SHORT,2566.43,2571.32,2571.32,2559.09,2571.32,4.89,5.36,26.23,-26.23,-1,LOSS,NO,2596.92
680,2024-11-15,16:30,16:35,SHORT,2571.98,2576.61,2571.68,2565.03,2571.68,4.63,5.61,25.97,1.68,0.06,BREAKEVEN,YES,2598.61
681,2024-11-18,08:05,08:05,LONG,2583.47,2578.91,2578.91,2590.31,2578.91,4.56,5.7,25.99,-25.99,-1,LOSS,NO,2572.62
682,2024-11-18,09:55,10:15,LONG,2582.9,2580.21,2585.16,2586.94,2586.94,2.69,9.56,25.73,38.59,1.5,WIN,YES,2611.21
683,2024-11-18,11:35,12:05,LONG,2592.38,2588.21,2592.68,2598.64,2592.68,4.17,6.26,26.11,1.88,0.07,BREAKEVEN,YES,2613.09
684,2024-11-18,12:20,12:30,LONG,2591.83,2589.61,2589.61,2595.16,2589.61,2.22,11.77,26.13,-26.13,-1,LOSS,NO,2586.96
685,2024-11-18,13:05,13:30,LONG,2591.82,2589.63,2592.51,2595.11,2595.11,2.19,11.81,25.87,38.8,1.5,WIN,YES,2625.76
686,2024-11-18,14:10,15:00,LONG,2592.44,2588.88,2593.88,2597.78,2597.78,3.56,7.38,26.26,39.39,1.5,WIN,YES,2665.15
687,2024-11-18,15:15,15:20,SHORT,2596.63,2599.97,2596.33,2591.62,2596.33,3.34,7.98,26.65,2.39,0.09,BREAKEVEN,YES,2667.54
688,2024-11-18,16:00,16:10,SHORT,2603.88,2606.91,2606.91,2599.34,2606.91,3.03,8.8,26.68,-26.68,-1,LOSS,NO,2640.87
689,2024-11-18,16:45,17:25,SHORT,2608.12,2611.39,2611.39,2603.22,2611.39,3.27,8.08,26.41,-26.41,-1,LOSS,NO,2614.46
690,2024-11-19,09:25,10:15,SHORT,2618.59,2621.16,2621.16,2614.74,2621.16,2.57,10.17,26.14,-26.14,-1,LOSS,NO,2588.31
691,2024-11-19,10:10,10:40,SHORT,2619.43,2622.11,2622.11,2615.41,2622.11,2.68,9.66,25.88,-25.88,-1,LOSS,NO,2562.43
692,2024-11-19,11:00,11:15,SHORT,2627.16,2629.72,2629.72,2623.32,2629.72,2.56,10.01,25.62,-25.62,-1,LOSS,NO,2536.81
693,2024-11-19,11:45,12:20,LONG,2631.09,2628.47,2632.87,2635.02,2632.87,2.62,9.68,25.37,17.23,0.68,WIN,YES,2554.04
694,2024-11-19,12:30,12:30,SHORT,2633.33,2637.15,2637.15,2627.6,2637.15,3.82,6.69,25.54,-25.54,-1,LOSS,NO,2528.5
695,2024-11-19,13:20,13:30,SHORT,2635.27,2637.17,2634.97,2632.42,2634.97,1.9,13.31,25.29,3.99,0.16,BREAKEVEN,YES,2532.49
696,2024-11-19,14:05,14:15,SHORT,2630.11,2632.37,2632.37,2626.72,2632.37,2.26,11.21,25.32,-25.32,-1,LOSS,NO,2507.17
697,2024-11-19,15:35,16:15,SHORT,2632.66,2637.37,2631.68,2625.59,2625.59,4.71,5.32,25.07,37.61,1.5,WIN,YES,2544.78
698,2024-11-19,16:30,16:55,SHORT,2627.29,2631.33,2626.99,2621.23,2626.99,4.04,6.3,25.45,1.89,0.07,BREAKEVEN,YES,2546.67
699,2024-11-20,08:25,09:00,LONG,2631.23,2628.22,2628.22,2635.75,2628.22,3.01,8.46,25.47,-25.47,-1,LOSS,NO,2521.2
700,2024-11-20,09:15,09:30,SHORT,2629.3,2631.68,2627.87,2625.73,2625.73,2.38,10.59,25.21,37.82,1.5,WIN,YES,2559.02
701,2024-11-20,10:00,10:00,LONG,2621.12,2617.41,2621.42,2626.68,2617.41,3.71,6.9,25.59,-25.59,-1,LOSS,YES,2533.43
702,2024-11-20,11:00,11:25,LONG,2624.64,2621.73,2621.73,2629,2621.73,2.91,8.71,25.33,-25.33,-1,LOSS,NO,2508.09
703,2024-11-20,11:50,12:35,LONG,2622.74,2619.64,2623.04,2627.39,2623.04,3.1,8.09,25.08,2.43,0.1,BREAKEVEN,YES,2510.52
704,2024-11-20,12:35,12:35,LONG,2624.12,2621.16,2621.16,2628.56,2621.16,2.96,8.48,25.11,-25.11,-1,LOSS,NO,2485.41
705,2024-11-20,14:00,14:40,SHORT,2629.02,2631.41,2631.41,2625.44,2631.41,2.39,10.4,24.85,-24.85,-1,LOSS,NO,2460.56
706,2024-11-20,14:50,15:00,LONG,2630.65,2628.66,2630.95,2633.64,2633.64,1.99,12.36,24.61,36.91,1.5,WIN,YES,2497.47
707,2024-11-21,08:00,08:15,SHORT,2657.45,2659.66,2659.66,2654.13,2659.66,2.21,11.3,24.97,-24.97,-1,LOSS,NO,2472.49
708,2024-11-21,08:50,09:25,SHORT,2660.86,2663.08,2663.08,2657.53,2663.08,2.22,11.14,24.72,-24.72,-1,LOSS,NO,2447.77
709,2024-11-21,09:35,10:20,SHORT,2663.23,2665.44,2665.44,2659.91,2665.44,2.21,11.08,24.48,-24.48,-1,LOSS,NO,2423.29
710,2024-11-21,10:20,10:30,SHORT,2665.87,2668.25,2668.25,2662.3,2668.25,2.38,10.18,24.23,-24.23,-1,LOSS,NO,2399.06
711,2024-11-21,11:25,11:55,SHORT,2665.64,2668.21,2668.21,2661.78,2668.21,2.57,9.33,23.99,-23.99,-1,LOSS,NO,2375.07
712,2024-11-21,12:15,13:10,SHORT,2668.57,2670.63,2670.63,2665.48,2670.63,2.06,11.53,23.75,-23.75,-1,LOSS,NO,2351.32
713,2024-11-21,13:15,14:00,SHORT,2672.09,2674.49,2671.79,2668.49,2668.49,2.4,9.8,23.51,35.27,1.5,WIN,YES,2386.59
714,2024-11-21,14:35,15:00,SHORT,2664.69,2667.51,2664.39,2660.46,2660.46,2.82,8.46,23.87,35.8,1.5,WIN,YES,2422.39
715,2024-11-21,15:20,16:00,SHORT,2664.4,2667.66,2667.66,2659.51,2667.66,3.26,7.43,24.22,-24.22,-1,LOSS,NO,2398.16
716,2024-11-21,16:35,16:40,SHORT,2669.22,2672.49,2668.92,2664.31,2668.92,3.27,7.33,23.98,2.2,0.09,BREAKEVEN,YES,2400.36
717,2024-11-22,08:05,08:50,SHORT,2688.12,2690.56,2690.56,2684.46,2690.56,2.44,9.84,24,-24,-1,LOSS,NO,2376.36
718,2024-11-22,09:25,09:45,LONG,2692.65,2690.29,2692.95,2696.19,2696.19,2.36,10.07,23.76,35.65,1.5,WIN,YES,2412
719,2024-11-22,10:25,10:40,SHORT,2696.9,2699.72,2699.72,2692.67,2699.72,2.82,8.55,24.12,-24.12,-1,LOSS,NO,2387.88
720,2024-11-22,11:40,11:40,SHORT,2704.9,2708.94,2708.94,2698.84,2708.94,4.04,5.91,23.88,-23.88,-1,LOSS,NO,2364
721,2024-11-22,12:35,13:00,SHORT,2706.83,2709.1,2709.1,2703.43,2709.1,2.27,10.41,23.64,-23.64,-1,LOSS,NO,2340.36
722,2024-11-22,13:20,13:25,SHORT,2703.2,2706.04,2702.9,2698.94,2702.9,2.84,8.24,23.4,2.47,0.11,BREAKEVEN,YES,2342.84
723,2024-11-22,14:05,14:40,SHORT,2698.79,2702.88,2702.88,2692.65,2702.88,4.09,5.73,23.43,-23.43,-1,LOSS,NO,2319.41
724,2024-11-22,14:50,15:00,SHORT,2703.44,2706.26,2703.14,2699.21,2703.14,2.82,8.22,23.19,2.47,0.11,BREAKEVEN,YES,2321.88
725,2024-11-22,15:35,16:25,SHORT,2693.17,2697.16,2690.82,2687.19,2687.19,3.99,5.82,23.22,34.83,1.5,WIN,YES,2356.7
726,2024-11-22,16:50,17:00,SHORT,2693.47,2696.68,2696.68,2688.65,2696.68,3.21,7.34,23.57,-23.57,-1,LOSS,NO,2333.14
727,2024-11-25,08:00,08:15,LONG,2664.31,2660.27,2664.61,2670.37,2664.61,4.04,5.78,23.33,1.73,0.07,BREAKEVEN,YES,2334.87
728,2024-11-25,08:45,09:15,SHORT,2666.94,2670.26,2670.26,2661.96,2670.26,3.32,7.03,23.35,-23.35,-1,LOSS,NO,2311.52
729,2024-11-25,10:05,10:15,LONG,2669.21,2666.63,2669.51,2673.08,2673.08,2.58,8.96,23.12,34.67,1.5,WIN,YES,2346.19
730,2024-11-25,11:25,12:05,LONG,2671.66,2668.34,2671.96,2676.64,2671.96,3.32,7.07,23.46,2.12,0.09,BREAKEVEN,YES,2348.31
731,2024-11-25,12:15,12:40,SHORT,2670.01,2673.02,2673.02,2665.5,2673.02,3.01,7.8,23.48,-23.48,-1,LOSS,NO,2324.83
732,2024-11-25,13:00,13:05,SHORT,2678.07,2681.19,2681.19,2673.39,2681.19,3.12,7.45,23.25,-23.25,-1,LOSS,NO,2301.58
733,2024-11-25,13:45,14:10,SHORT,2686.46,2688.84,2686.16,2682.89,2682.89,2.38,9.67,23.02,34.52,1.5,WIN,YES,2336.11
734,2024-11-25,14:45,15:00,SHORT,2680.68,2683.24,2680.38,2676.84,2676.84,2.56,9.13,23.36,35.04,1.5,WIN,YES,2371.15
735,2024-11-25,15:30,16:05,SHORT,2682.48,2689.3,2675.29,2672.25,2672.25,6.82,3.48,23.71,35.57,1.5,WIN,YES,2406.71
736,2024-11-25,16:25,16:35,SHORT,2645.01,2650.77,2644.71,2636.37,2636.37,5.76,4.18,24.07,36.1,1.5,WIN,YES,2442.82
737,2024-11-26,08:20,09:20,LONG,2622.72,2619.6,2619.6,2627.4,2619.6,3.12,7.83,24.43,-24.43,-1,LOSS,NO,2418.39
738,2024-11-26,09:45,10:10,LONG,2612.53,2609.39,2614.25,2617.24,2617.24,3.14,7.7,24.18,36.28,1.5,WIN,YES,2454.66
739,2024-11-26,12:00,12:20,SHORT,2626.56,2629.61,2629.61,2621.98,2629.61,3.05,8.05,24.55,-24.55,-1,LOSS,NO,2430.12
740,2024-11-26,12:45,13:10,LONG,2629.93,2627.75,2627.75,2633.2,2627.75,2.18,11.15,24.3,-24.3,-1,LOSS,NO,2405.82
741,2024-11-26,13:30,13:30,LONG,2632.74,2627.32,2627.32,2640.87,2627.32,5.42,4.44,24.06,-24.06,-1,LOSS,NO,2381.76
742,2024-11-26,14:15,15:00,SHORT,2632.64,2636.24,2636.24,2627.24,2636.24,3.6,6.62,23.82,-23.82,-1,LOSS,NO,2357.94
743,2024-11-26,15:05,15:20,SHORT,2638.6,2642.75,2638.3,2632.38,2638.3,4.15,5.68,23.58,1.7,0.07,BREAKEVEN,YES,2359.64
744,2024-11-26,16:15,16:30,LONG,2631.55,2627.91,2627.91,2637.01,2627.91,3.64,6.48,23.6,-23.6,-1,LOSS,NO,2336.05
745,2024-11-27,08:05,08:25,SHORT,2639.39,2644.18,2644.18,2632.2,2644.18,4.79,4.88,23.36,-23.36,-1,LOSS,NO,2312.69
746,2024-11-27,09:10,09:10,SHORT,2647.13,2649.91,2649.91,2642.96,2649.91,2.78,8.32,23.13,-23.13,-1,LOSS,NO,2289.56
747,2024-11-27,09:55,10:15,SHORT,2646.6,2648.76,2648.76,2643.36,2648.76,2.16,10.6,22.9,-22.9,-1,LOSS,NO,2266.66
748,2024-11-27,11:10,11:10,SHORT,2649.61,2652.52,2652.52,2645.25,2652.52,2.91,7.79,22.67,-22.67,-1,LOSS,NO,2244
749,2024-11-27,12:05,13:05,SHORT,2649.11,2651.35,2648.81,2645.75,2648.81,2.24,10.02,22.44,3.01,0.13,BREAKEVEN,YES,2247
750,2024-11-27,12:55,13:10,LONG,2648.58,2646.54,2646.54,2651.64,2646.54,2.04,11.01,22.47,-22.47,-1,LOSS,NO,2224.53
751,2024-11-27,13:55,14:10,SHORT,2651.11,2653.84,2653.84,2647.02,2653.84,2.73,8.15,22.25,-22.25,-1,LOSS,NO,2202.29
752,2024-11-27,14:40,15:00,SHORT,2653.57,2655.82,2652.28,2650.2,2652.28,2.25,9.79,22.02,12.63,0.57,WIN,YES,2214.91
753,2024-11-27,15:25,15:30,SHORT,2648.04,2651.35,2651.35,2643.07,2651.35,3.31,6.69,22.15,-22.15,-1,LOSS,NO,2192.77
754,2024-11-27,16:15,16:30,LONG,2651.34,2648.61,2651.64,2655.44,2651.64,2.73,8.03,21.93,2.41,0.11,BREAKEVEN,YES,2195.18
755,2024-11-28,08:45,08:45,SHORT,2636.24,2641.1,2641.1,2628.95,2641.1,4.86,4.52,21.95,-21.95,-1,LOSS,NO,2173.22
756,2024-11-28,09:50,10:30,SHORT,2637.18,2639.68,2639.68,2633.43,2639.68,2.5,8.69,21.73,-21.73,-1,LOSS,NO,2151.49
757,2024-11-28,10:35,10:50,SHORT,2639.71,2642.08,2642.08,2636.16,2642.08,2.37,9.08,21.51,-21.51,-1,LOSS,NO,2129.98
758,2024-11-28,11:40,12:35,SHORT,2646.72,2649.42,2649.42,2642.67,2649.42,2.7,7.89,21.3,-21.3,-1,LOSS,NO,2108.68
759,2024-11-28,12:40,13:20,LONG,2648.7,2646.5,2646.5,2652,2646.5,2.2,9.58,21.09,-21.09,-1,LOSS,NO,2087.59
760,2024-11-28,13:50,14:35,SHORT,2646.87,2649.09,2646.57,2643.54,2646.57,2.22,9.4,20.88,2.82,0.14,BREAKEVEN,YES,2090.41
761,2024-11-28,14:35,15:00,SHORT,2646.5,2648.73,2646.2,2643.15,2643.15,2.23,9.37,20.9,31.36,1.5,WIN,YES,2121.77
762,2024-11-28,15:20,15:35,SHORT,2645.64,2648.3,2645.34,2641.65,2645.34,2.66,7.98,21.22,2.39,0.11,BREAKEVEN,YES,2124.16
763,2024-11-28,16:05,16:20,SHORT,2647.61,2649.45,2647.18,2644.85,2644.85,1.84,11.54,21.24,31.86,1.5,WIN,YES,2156.02
764,2024-11-29,08:00,08:05,LONG,2662.42,2660.45,2662.72,2665.38,2665.38,1.97,10.94,21.56,32.34,1.5,WIN,YES,2188.36
765,2024-11-29,09:10,09:30,LONG,2661.92,2659.71,2659.71,2665.24,2659.71,2.21,9.9,21.88,-21.88,-1,LOSS,NO,2166.48
766,2024-11-29,10:55,11:10,SHORT,2657.32,2661.33,2661.33,2651.31,2661.33,4.01,5.4,21.66,-21.66,-1,LOSS,NO,2144.81
767,2024-11-29,11:50,12:10,LONG,2662.77,2660.39,2663.07,2666.34,2663.07,2.38,9.01,21.45,2.7,0.13,BREAKEVEN,YES,2147.52
768,2024-11-29,13:25,13:55,LONG,2662.47,2660.3,2660.3,2665.72,2660.3,2.17,9.9,21.48,-21.48,-1,LOSS,NO,2126.04
769,2024-11-29,14:15,14:20,LONG,2661.55,2658.8,2661.85,2665.68,2661.85,2.75,7.73,21.26,2.32,0.11,BREAKEVEN,YES,2128.36
770,2024-11-29,15:00,15:15,LONG,2660.91,2656.63,2656.63,2667.33,2656.63,4.28,4.97,21.28,-21.28,-1,LOSS,NO,2107.08
771,2024-11-29,16:45,16:45,LONG,2656.32,2650.36,2650.36,2665.26,2650.36,5.96,3.54,21.07,-21.07,-1,LOSS,NO,2086.01
772,2024-12-02,08:05,09:05,LONG,2623.58,2620.36,2625.54,2628.41,2628.41,3.22,6.48,20.86,31.29,1.5,WIN,YES,2117.3
773,2024-12-02,09:30,09:45,LONG,2631.3,2629.01,2631.6,2634.74,2631.6,2.29,9.25,21.17,2.77,0.13,BREAKEVEN,YES,2120.07
774,2024-12-02,10:15,10:25,LONG,2630.33,2627.95,2630.63,2633.9,2630.63,2.38,8.91,21.2,2.67,0.13,BREAKEVEN,YES,2122.74
775,2024-12-02,13:35,13:35,SHORT,2643.34,2647.6,2647.6,2636.95,2647.6,4.26,4.98,21.23,-21.23,-1,LOSS,NO,2101.52
776,2024-12-02,14:30,14:45,LONG,2642.46,2639.42,2639.42,2647.02,2639.42,3.04,6.91,21.02,-21.02,-1,LOSS,NO,2080.5
777,2024-12-02,15:30,15:40,SHORT,2644.56,2647.49,2647.49,2640.16,2647.49,2.93,7.1,20.81,-20.81,-1,LOSS,NO,2059.7
778,2024-12-02,16:55,17:00,SHORT,2645.17,2648.4,2644.87,2640.32,2644.87,3.23,6.38,20.6,1.91,0.09,BREAKEVEN,YES,2061.61
779,2024-12-03,08:10,08:15,SHORT,2645.53,2648.02,2648.02,2641.8,2648.02,2.49,8.28,20.62,-20.62,-1,LOSS,NO,2040.99
780,2024-12-03,09:05,10:05,SHORT,2645.75,2648.46,2643.95,2641.68,2641.68,2.71,7.53,20.41,30.61,1.5,WIN,YES,2071.61
781,2024-12-03,10:10,10:50,SHORT,2640.57,2642.9,2642.9,2637.08,2642.9,2.33,8.89,20.72,-20.72,-1,LOSS,NO,2050.89
782,2024-12-03,11:25,11:25,SHORT,2646.18,2649.47,2645.88,2641.24,2649.47,3.29,6.23,20.51,-20.51,-1,LOSS,YES,2030.38
783,2024-12-03,14:25,14:45,SHORT,2638.81,2640.97,2640.97,2635.57,2640.97,2.16,9.4,20.3,-20.3,-1,LOSS,NO,2010.08
784,2024-12-03,15:20,15:40,SHORT,2644.38,2647.65,2647.65,2639.48,2647.65,3.27,6.15,20.1,-20.1,-1,LOSS,NO,1989.98
785,2024-12-03,16:05,16:50,LONG,2652.27,2648.38,2648.38,2658.1,2648.38,3.89,5.12,19.9,-19.9,-1,LOSS,NO,1970.08
786,2024-12-03,16:55,17:00,SHORT,2645.95,2650.42,2645.65,2639.24,2645.65,4.47,4.41,19.7,1.32,0.07,BREAKEVEN,YES,1971.4
787,2024-12-04,08:05,08:10,LONG,2650.19,2648.22,2648.22,2653.15,2648.22,1.97,10.01,19.71,-19.71,-1,LOSS,NO,1951.69
788,2024-12-04,08:55,09:10,LONG,2649.23,2647.18,2647.18,2652.31,2647.18,2.05,9.52,19.52,-19.52,-1,LOSS,NO,1932.17
789,2024-12-04,10:10,10:10,SHORT,2639.72,2642.84,2642.84,2635.04,2642.84,3.12,6.19,19.32,-19.32,-1,LOSS,NO,1912.85
790,2024-12-04,10:55,11:00,LONG,2641.23,2638.98,2638.98,2644.61,2638.98,2.25,8.5,19.13,-19.13,-1,LOSS,NO,1893.72
791,2024-12-04,11:45,12:40,LONG,2640.27,2637.63,2640.57,2644.23,2640.57,2.64,7.17,18.94,2.15,0.11,BREAKEVEN,YES,1895.87
792,2024-12-04,12:30,13:00,LONG,2641.99,2639.78,2643.54,2645.3,2645.3,2.21,8.58,18.96,28.44,1.5,WIN,YES,1924.31
793,2024-12-04,14:25,14:45,LONG,2643.27,2640.09,2640.09,2648.04,2640.09,3.18,6.05,19.24,-19.24,-1,LOSS,NO,1905.07
794,2024-12-04,15:30,16:00,SHORT,2643.29,2649.53,2649.53,2633.93,2649.53,6.24,3.05,19.05,-19.05,-1,LOSS,NO,1886.02
795,2024-12-04,16:35,17:00,LONG,2650.83,2648.14,2648.14,2654.86,2648.14,2.69,7.01,18.86,-18.86,-1,LOSS,NO,1867.16
796,2024-12-05,08:00,08:55,SHORT,2652.03,2655.61,2648.92,2646.66,2646.66,3.58,5.22,18.67,28.01,1.5,WIN,YES,1895.16
797,2024-12-05,09:50,10:15,SHORT,2648.36,2650.55,2647.82,2645.07,2645.07,2.19,8.65,18.95,28.43,1.5,WIN,YES,1923.59
798,2024-12-05,10:55,11:10,LONG,2643.2,2640.52,2643.5,2647.22,2643.5,2.68,7.18,19.24,2.15,0.11,BREAKEVEN,YES,1925.74
799,2024-12-05,12:10,12:40,SHORT,2647.59,2650.22,2650.22,2643.65,2650.22,2.63,7.32,19.26,-19.26,-1,LOSS,NO,1906.49
800,2024-12-05,13:00,13:50,LONG,2648.95,2646.79,2649.8,2652.19,2652.19,2.16,8.83,19.06,28.6,1.5,WIN,YES,1935.08
801,2024-12-05,14:05,14:25,LONG,2650.88,2649.01,2649.01,2653.68,2649.01,1.87,10.35,19.35,-19.35,-1,LOSS,NO,1915.73
802,2024-12-05,14:50,14:55,LONG,2650.8,2648.7,2651.1,2653.95,2651.1,2.1,9.12,19.16,2.74,0.14,BREAKEVEN,YES,1918.47
803,2024-12-05,15:35,15:35,SHORT,2646.76,2650.68,2650.68,2640.88,2650.68,3.92,4.89,19.18,-19.18,-1,LOSS,NO,1899.28
804,2024-12-06,08:15,08:25,SHORT,2638.25,2640.41,2640.41,2635.01,2640.41,2.16,8.79,18.99,-18.99,-1,LOSS,NO,1880.29
805,2024-12-06,09:20,10:10,SHORT,2637.33,2641.1,2641.1,2631.68,2641.1,3.77,4.99,18.8,-18.8,-1,LOSS,NO,1861.49
806,2024-12-06,10:10,10:35,SHORT,2640.56,2643,2640.26,2636.9,2640.26,2.44,7.63,18.61,2.29,0.12,BREAKEVEN,YES,1863.78
807,2024-12-06,11:25,12:05,LONG,2642.33,2639.28,2639.28,2646.9,2639.28,3.05,6.11,18.64,-18.64,-1,LOSS,NO,1845.14
808,2024-12-06,13:25,14:15,SHORT,2637.76,2639.91,2639.91,2634.54,2639.91,2.15,8.58,18.45,-18.45,-1,LOSS,NO,1826.69
809,2024-12-06,14:15,15:00,LONG,2640.8,2637.03,2637.03,2646.45,2637.03,3.77,4.85,18.27,-18.27,-1,LOSS,NO,1808.42
810,2024-12-06,15:30,16:05,LONG,2636.91,2629.51,2629.51,2648.01,2629.51,7.4,2.44,18.08,-18.08,-1,LOSS,NO,1790.34
811,2024-12-06,16:15,16:45,SHORT,2628.37,2632.63,2632.63,2621.98,2632.63,4.26,4.2,17.9,-17.9,-1,LOSS,NO,1772.43
812,2024-12-09,08:15,09:20,LONG,2641.92,2639.41,2643.34,2645.69,2645.69,2.51,7.06,17.72,26.59,1.5,WIN,YES,1799.02
813,2024-12-09,10:00,10:15,LONG,2650.3,2647.98,2647.98,2653.78,2647.98,2.32,7.75,17.99,-17.99,-1,LOSS,NO,1781.03
814,2024-12-09,10:50,11:10,SHORT,2648.72,2651.95,2651.95,2643.88,2651.95,3.23,5.51,17.81,-17.81,-1,LOSS,NO,1763.22
815,2024-12-09,11:50,11:50,SHORT,2655.35,2658.97,2658.97,2649.92,2658.97,3.62,4.87,17.63,-17.63,-1,LOSS,NO,1745.59
816,2024-12-09,12:45,13:20,SHORT,2656.16,2658.63,2658.63,2652.45,2658.63,2.47,7.07,17.46,-17.46,-1,LOSS,NO,1728.13
817,2024-12-09,13:50,13:50,SHORT,2655.59,2658.44,2658.44,2651.32,2658.44,2.85,6.06,17.28,-17.28,-1,LOSS,NO,1710.85
818,2024-12-09,15:10,15:30,SHORT,2655.81,2658.56,2658.56,2651.68,2658.56,2.75,6.22,17.11,-17.11,-1,LOSS,NO,1693.74
819,2024-12-09,16:30,16:40,SHORT,2668.85,2672.23,2672.23,2663.78,2672.23,3.38,5.01,16.94,-16.94,-1,LOSS,NO,1676.8
820,2024-12-10,08:15,08:25,SHORT,2667.52,2669.86,2669.86,2664.01,2669.86,2.34,7.17,16.77,-16.77,-1,LOSS,NO,1660.04
821,2024-12-10,09:00,09:55,SHORT,2669.11,2672.29,2666.18,2664.34,2664.34,3.18,5.22,16.6,24.9,1.5,WIN,YES,1684.94
822,2024-12-10,10:55,11:55,LONG,2663.24,2660.01,2663.54,2668.08,2663.54,3.23,5.22,16.85,1.56,0.09,BREAKEVEN,YES,1686.5
823,2024-12-10,12:30,12:35,SHORT,2669.27,2671.98,2671.98,2665.2,2671.98,2.71,6.22,16.87,-16.87,-1,LOSS,NO,1669.64
824,2024-12-10,13:20,13:55,SHORT,2670.38,2673.43,2673.43,2665.81,2673.43,3.05,5.47,16.7,-16.7,-1,LOSS,NO,1652.94
825,2024-12-10,14:45,14:50,SHORT,2676.2,2678.5,2678.5,2672.75,2678.5,2.3,7.19,16.53,-16.53,-1,LOSS,NO,1636.41
826,2024-12-10,15:30,15:40,SHORT,2673.74,2677.53,2677.53,2668.05,2677.53,3.79,4.32,16.36,-16.36,-1,LOSS,NO,1620.05
827,2024-12-10,16:15,16:45,LONG,2683.81,2679.54,2687.16,2690.22,2690.22,4.27,3.79,16.2,24.3,1.5,WIN,YES,1644.35
828,2024-12-11,08:15,08:20,LONG,2693.12,2690.1,2693.42,2697.65,2697.65,3.02,5.44,16.44,24.67,1.5,WIN,YES,1669.01
829,2024-12-11,09:10,09:25,LONG,2691.08,2687.51,2687.51,2696.43,2687.51,3.57,4.68,16.69,-16.69,-1,LOSS,NO,1652.32
830,2024-12-11,09:55,10:05,SHORT,2689,2692.12,2692.12,2684.32,2692.12,3.12,5.3,16.52,-16.52,-1,LOSS,NO,1635.8
831,2024-12-11,10:50,11:05,LONG,2691.59,2687.59,2687.59,2697.59,2687.59,4,4.09,16.36,-16.36,-1,LOSS,NO,1619.44
832,2024-12-11,11:35,12:05,LONG,2693.23,2690.18,2693.53,2697.81,2693.53,3.05,5.31,16.19,1.59,0.1,BREAKEVEN,YES,1621.03
833,2024-12-11,15:35,16:00,SHORT,2697.82,2703.46,2703.46,2689.36,2703.46,5.64,2.87,16.21,-16.21,-1,LOSS,NO,1604.82
834,2024-12-11,16:25,16:30,LONG,2700.56,2698.09,2698.09,2704.26,2698.09,2.47,6.5,16.05,-16.05,-1,LOSS,NO,1588.78
835,2024-12-12,09:05,09:50,SHORT,2719.22,2721.37,2717.84,2715.99,2715.99,2.15,7.39,15.89,23.83,1.5,WIN,YES,1612.61
836,2024-12-12,10:20,10:20,SHORT,2717.79,2721.02,2717.49,2712.94,2721.02,3.23,4.99,16.13,-16.13,-1,LOSS,YES,1596.48
837,2024-12-12,12:20,12:45,LONG,2712.19,2708.78,2712.49,2717.3,2712.49,3.41,4.68,15.96,1.4,0.09,BREAKEVEN,YES,1597.89
838,2024-12-12,13:05,13:30,LONG,2709.22,2706.17,2709.52,2713.79,2709.52,3.05,5.24,15.98,1.57,0.1,BREAKEVEN,YES,1599.46
839,2024-12-12,13:55,14:50,SHORT,2710.89,2713.44,2709.49,2707.06,2707.06,2.55,6.27,15.99,23.99,1.5,WIN,YES,1623.45
840,2024-12-12,14:40,15:00,SHORT,2708.91,2711.52,2708.61,2704.99,2704.99,2.61,6.22,16.23,24.35,1.5,WIN,YES,1647.8
841,2024-12-12,15:30,15:55,SHORT,2707.54,2712.45,2702.73,2700.18,2700.18,4.91,3.36,16.48,24.72,1.5,WIN,YES,1672.52
842,2024-12-12,16:20,16:25,LONG,2686.73,2683.58,2683.58,2691.45,2683.58,3.15,5.31,16.73,-16.73,-1,LOSS,NO,1655.79
843,2024-12-13,08:00,08:30,SHORT,2688.14,2690.49,2686.5,2684.61,2684.61,2.35,7.05,16.56,24.84,1.5,WIN,YES,1680.63
844,2024-12-13,08:45,08:55,SHORT,2688.5,2690.46,2690.46,2685.56,2690.46,1.96,8.57,16.81,-16.81,-1,LOSS,NO,1663.82
845,2024-12-13,09:30,09:40,LONG,2682.29,2680.03,2682.59,2685.68,2682.59,2.26,7.36,16.64,2.21,0.13,BREAKEVEN,YES,1666.03
846,2024-12-13,10:30,10:45,LONG,2683.03,2680.15,2680.15,2687.35,2680.15,2.88,5.78,16.66,-16.66,-1,LOSS,NO,1649.37
847,2024-12-13,11:20,11:50,LONG,2672.28,2669.09,2669.09,2677.07,2669.09,3.19,5.17,16.49,-16.49,-1,LOSS,NO,1632.88
848,2024-12-13,12:05,12:55,LONG,2668.26,2665.12,2665.12,2672.97,2665.12,3.14,5.2,16.33,-16.33,-1,LOSS,NO,1616.55
849,2024-12-13,12:55,14:00,LONG,2666.7,2663.61,2663.61,2671.33,2663.61,3.09,5.23,16.17,-16.17,-1,LOSS,NO,1600.38
850,2024-12-13,13:45,14:00,LONG,2665.6,2663.1,2663.1,2669.35,2663.1,2.5,6.4,16,-16,-1,LOSS,NO,1584.38
851,2024-12-13,14:45,15:00,LONG,2671.36,2669.13,2669.13,2674.7,2669.13,2.23,7.1,15.84,-15.84,-1,LOSS,NO,1568.54
852,2024-12-13,15:30,15:50,LONG,2664.72,2660.84,2660.84,2670.54,2660.84,3.88,4.04,15.69,-15.69,-1,LOSS,NO,1552.85
853,2024-12-13,16:20,16:35,LONG,2660.95,2658.29,2658.29,2664.94,2658.29,2.66,5.84,15.53,-15.53,-1,LOSS,NO,1537.32
854,2024-12-16,09:05,09:05,LONG,2653.09,2650.19,2653.39,2657.44,2650.19,2.9,5.3,15.37,-15.37,-1,LOSS,YES,1521.95
855,2024-12-16,10:35,10:35,SHORT,2659.34,2663.53,2663.53,2653.06,2663.53,4.19,3.63,15.22,-15.22,-1,LOSS,NO,1506.73
856,2024-12-16,12:00,12:00,SHORT,2659.13,2661.34,2661.34,2655.82,2661.34,2.21,6.82,15.07,-15.07,-1,LOSS,NO,1491.66
857,2024-12-16,12:45,13:25,SHORT,2659.45,2662.63,2662.63,2654.68,2662.63,3.18,4.69,14.92,-14.92,-1,LOSS,NO,1476.75
858,2024-12-16,13:30,13:30,SHORT,2661.86,2665.65,2661.56,2656.18,2665.65,3.79,3.9,14.77,-14.77,-1,LOSS,YES,1461.98
859,2024-12-16,14:15,14:35,SHORT,2662.75,2665.37,2661.17,2658.82,2658.82,2.62,5.58,14.62,21.93,1.5,WIN,YES,1483.91
860,2024-12-16,15:05,15:50,SHORT,2662.32,2665.52,2662.02,2657.52,2662.02,3.2,4.64,14.84,1.39,0.09,BREAKEVEN,YES,1485.3
861,2024-12-16,15:50,16:10,SHORT,2661.62,2664.31,2661.32,2657.59,2661.32,2.69,5.52,14.85,1.66,0.11,BREAKEVEN,YES,1486.96
862,2024-12-17,08:15,08:20,SHORT,2651.12,2653.45,2650.82,2647.63,2647.63,2.33,6.38,14.87,22.3,1.5,WIN,YES,1509.26
863,2024-12-17,09:00,09:20,LONG,2649.74,2646.66,2652.08,2654.36,2654.36,3.08,4.9,15.09,22.64,1.5,WIN,YES,1531.9
864,2024-12-17,10:15,10:25,SHORT,2650.18,2652.66,2649.88,2646.46,2649.88,2.48,6.18,15.32,1.85,0.12,BREAKEVEN,YES,1533.75
865,2024-12-17,11:05,11:35,LONG,2642.85,2639.83,2639.83,2647.38,2639.83,3.02,5.08,15.34,-15.34,-1,LOSS,NO,1518.41
866,2024-12-17,12:05,12:40,LONG,2640.35,2638.08,2640.65,2643.76,2640.65,2.27,6.69,15.18,2.01,0.13,BREAKEVEN,YES,1520.42
867,2024-12-17,13:00,14:00,LONG,2638.05,2634.76,2641.47,2642.99,2642.99,3.29,4.62,15.2,22.81,1.5,WIN,YES,1543.23
868,2024-12-17,13:45,14:00,LONG,2639.7,2637.68,2641.47,2642.73,2642.73,2.02,7.64,15.43,23.15,1.5,WIN,YES,1566.38
869,2024-12-17,14:55,15:05,LONG,2642.89,2640.79,2643.82,2646.04,2646.04,2.1,7.46,15.66,23.5,1.5,WIN,YES,1589.87
870,2024-12-17,16:35,16:50,SHORT,2639.2,2642.31,2638.9,2634.53,2638.9,3.11,5.11,15.9,1.53,0.1,BREAKEVEN,YES,1591.41
871,2024-12-18,10:55,10:55,SHORT,2647.95,2651.16,2651.16,2643.13,2651.16,3.21,4.96,15.91,-15.91,-1,LOSS,NO,1575.49
872,2024-12-18,11:40,12:05,SHORT,2648.33,2650.22,2647.69,2645.49,2647.69,1.89,8.34,15.75,5.33,0.34,BREAKEVEN,YES,1580.83
873,2024-12-18,12:45,12:45,SHORT,2647.81,2649.96,2649.96,2644.59,2649.96,2.15,7.35,15.81,-15.81,-1,LOSS,NO,1565.02
874,2024-12-18,13:30,14:10,SHORT,2647.54,2649.73,2646.45,2644.26,2646.45,2.19,7.15,15.65,7.79,0.5,BREAKEVEN,YES,1572.81
875,2024-12-18,15:05,15:40,LONG,2643,2639.38,2643.3,2648.43,2643.3,3.62,4.34,15.73,1.3,0.08,BREAKEVEN,YES,1574.11
876,2024-12-18,16:05,16:15,LONG,2643.16,2640,2640,2647.9,2640,3.16,4.98,15.74,-15.74,-1,LOSS,NO,1558.37
877,2024-12-19,09:00,09:20,LONG,2613.06,2610.32,2614.83,2617.17,2617.17,2.74,5.69,15.58,23.38,1.5,WIN,YES,1581.75
878,2024-12-19,11:00,11:40,SHORT,2619.79,2622.8,2622.8,2615.27,2622.8,3.01,5.25,15.82,-15.82,-1,LOSS,NO,1565.93
879,2024-12-19,11:45,12:00,LONG,2620.8,2617.91,2617.91,2625.14,2617.91,2.89,5.42,15.66,-15.66,-1,LOSS,NO,1550.27
880,2024-12-19,12:30,12:45,LONG,2619.87,2616.83,2621.73,2624.43,2624.43,3.04,5.1,15.5,23.25,1.5,WIN,YES,1573.52
881,2024-12-19,13:20,13:30,LONG,2620.33,2617.84,2617.84,2624.06,2617.84,2.49,6.32,15.74,-15.74,-1,LOSS,NO,1557.79
882,2024-12-19,15:15,15:20,LONG,2602.23,2599.31,2602.53,2606.61,2602.53,2.92,5.33,15.58,1.6,0.1,BREAKEVEN,YES,1559.39
883,2024-12-19,16:10,16:15,LONG,2599.16,2595.52,2595.52,2604.62,2595.52,3.64,4.28,15.59,-15.59,-1,LOSS,NO,1543.79
884,2024-12-20,08:00,08:40,LONG,2600.58,2597.4,2602.89,2605.35,2605.35,3.18,4.85,15.44,23.16,1.5,WIN,YES,1566.95
885,2024-12-20,08:55,09:05,SHORT,2604.67,2606.78,2606.78,2601.51,2606.78,2.11,7.43,15.67,-15.67,-1,LOSS,NO,1551.28
886,2024-12-20,10:00,10:00,SHORT,2605.61,2609.04,2609.04,2600.47,2609.04,3.43,4.52,15.51,-15.51,-1,LOSS,NO,1535.77
887,2024-12-20,10:50,11:45,SHORT,2606.2,2608.78,2605.9,2602.33,2605.9,2.58,5.95,15.36,1.79,0.12,BREAKEVEN,YES,1537.55
888,2024-12-20,11:50,11:50,SHORT,2605.79,2608.19,2605.22,2602.19,2608.19,2.4,6.41,15.38,-15.38,-1,LOSS,YES,1522.18
889,2024-12-20,12:35,13:10,SHORT,2605.22,2607.39,2604.37,2601.96,2601.96,2.17,7.01,15.22,22.83,1.5,WIN,YES,1545.01
890,2024-12-20,13:20,13:40,LONG,2600.95,2598.62,2601.25,2604.44,2601.25,2.33,6.63,15.45,1.99,0.13,BREAKEVEN,YES,1547
891,2024-12-20,14:30,14:40,SHORT,2605.46,2607.7,2605.16,2602.1,2605.16,2.24,6.91,15.47,2.07,0.13,BREAKEVEN,YES,1549.07
892,2024-12-20,15:20,15:25,LONG,2603.07,2600.29,2600.29,2607.24,2600.29,2.78,5.57,15.49,-15.49,-1,LOSS,NO,1533.58
893,2024-12-20,16:10,16:30,SHORT,2614.12,2616.51,2616.51,2610.53,2616.51,2.39,6.42,15.34,-15.34,-1,LOSS,NO,1518.25
894,2024-12-23,08:50,09:05,SHORT,2630.28,2632.72,2632.72,2626.62,2632.72,2.44,6.22,15.18,-15.18,-1,LOSS,NO,1503.06
895,2024-12-23,09:40,10:00,LONG,2631.48,2629.19,2629.19,2634.91,2629.19,2.29,6.56,15.03,-15.03,-1,LOSS,NO,1488.03
896,2024-12-23,10:25,10:25,LONG,2630.01,2626.96,2626.96,2634.59,2626.96,3.05,4.88,14.88,-14.88,-1,LOSS,NO,1473.15
897,2024-12-23,11:30,11:55,SHORT,2629.28,2631.37,2628.41,2626.15,2626.15,2.09,7.05,14.73,22.1,1.5,WIN,YES,1495.25
898,2024-12-23,12:30,12:45,LONG,2623.65,2620.15,2620.15,2628.9,2620.15,3.5,4.27,14.95,-14.95,-1,LOSS,NO,1480.3
899,2024-12-23,13:30,13:45,LONG,2616.08,2614.06,2614.06,2619.11,2614.06,2.02,7.33,14.8,-14.8,-1,LOSS,NO,1465.49
900,2024-12-23,14:20,14:45,SHORT,2617.37,2619.59,2616.49,2614.04,2614.04,2.22,6.6,14.65,21.98,1.5,WIN,YES,1487.48
901,2024-12-23,15:25,15:40,LONG,2615.42,2612.79,2616.72,2619.37,2619.37,2.63,5.66,14.87,22.31,1.5,WIN,YES,1509.79
902,2024-12-23,16:10,16:45,SHORT,2618.88,2621.32,2617.63,2615.22,2615.22,2.44,6.19,15.1,22.65,1.5,WIN,YES,1532.44
903,2024-12-24,08:25,09:00,SHORT,2617.54,2619.94,2619.94,2613.94,2619.94,2.4,6.39,15.32,-15.32,-1,LOSS,NO,1517.11
904,2024-12-24,09:10,09:10,SHORT,2619.74,2622.96,2622.96,2614.91,2622.96,3.22,4.71,15.17,-15.17,-1,LOSS,NO,1501.94
905,2024-12-24,09:55,09:55,LONG,2618.52,2616.56,2616.56,2621.46,2616.56,1.96,7.66,15.02,-15.02,-1,LOSS,NO,1486.92
906,2024-12-24,10:40,11:10,SHORT,2618.85,2620.87,2618.02,2615.82,2615.82,2.02,7.36,14.87,22.3,1.5,WIN,YES,1509.23
907,2024-12-24,16:55,17:20,LONG,2610.89,2608.62,2611.19,2614.3,2611.19,2.27,6.65,15.09,1.99,0.13,BREAKEVEN,YES,1511.22
908,2024-12-26,09:10,09:10,SHORT,2627.18,2631.11,2631.11,2621.28,2631.11,3.93,3.85,15.11,-15.11,-1,LOSS,NO,1496.11
909,2024-12-26,10:10,10:40,SHORT,2628.09,2630.21,2626.82,2624.91,2626.82,2.12,7.06,14.96,8.96,0.6,BREAKEVEN,YES,1505.07
910,2024-12-26,11:10,11:10,SHORT,2627.73,2629.61,2629.61,2624.91,2629.61,1.88,8.01,15.05,-15.05,-1,LOSS,NO,1490.02
911,2024-12-26,12:05,13:05,SHORT,2627.4,2629.74,2629.74,2623.89,2629.74,2.34,6.37,14.9,-14.9,-1,LOSS,NO,1475.12
912,2024-12-26,13:10,14:05,LONG,2629.14,2626.61,2626.61,2632.93,2626.61,2.53,5.83,14.75,-14.75,-1,LOSS,NO,1460.37
913,2024-12-26,14:00,15:00,SHORT,2627.26,2629.92,2629.92,2623.27,2629.92,2.66,5.49,14.6,-14.6,-1,LOSS,NO,1445.76
914,2024-12-26,15:05,15:20,LONG,2629.68,2627.05,2627.05,2633.62,2627.05,2.63,5.5,14.46,-14.46,-1,LOSS,NO,1431.31
915,2024-12-27,09:15,10:00,SHORT,2636.38,2638.86,2634.26,2632.66,2632.66,2.48,5.77,14.31,21.47,1.5,WIN,YES,1452.78
916,2024-12-27,10:15,11:00,LONG,2628.38,2626.04,2626.04,2631.89,2626.04,2.34,6.21,14.53,-14.53,-1,LOSS,NO,1438.25
917,2024-12-27,11:35,11:35,LONG,2625.57,2623,2623,2629.43,2623,2.57,5.6,14.38,-14.38,-1,LOSS,NO,1423.87
918,2024-12-27,12:50,12:50,LONG,2626.32,2623.98,2627.41,2629.83,2623.98,2.34,6.08,14.24,-14.24,-1,LOSS,YES,1409.63
919,2024-12-27,13:45,14:25,LONG,2628.27,2625.85,2628.9,2631.9,2628.9,2.42,5.82,14.1,3.67,0.26,BREAKEVEN,YES,1413.3
920,2024-12-27,14:30,14:55,LONG,2628.53,2626.05,2626.05,2632.25,2626.05,2.48,5.7,14.13,-14.13,-1,LOSS,NO,1399.16
921,2024-12-27,15:25,16:00,SHORT,2620.64,2623.39,2620.19,2616.51,2616.51,2.75,5.09,13.99,20.99,1.5,WIN,YES,1420.15
922,2024-12-27,16:15,16:30,SHORT,2617.86,2620.47,2615.57,2613.95,2613.95,2.61,5.44,14.2,21.3,1.5,WIN,YES,1441.45
923,2024-12-30,08:15,08:40,LONG,2622.84,2620.43,2620.43,2626.46,2620.43,2.41,5.98,14.41,-14.41,-1,LOSS,NO,1427.04
924,2024-12-30,09:05,10:10,LONG,2618.83,2615.39,2615.39,2623.99,2615.39,3.44,4.15,14.27,-14.27,-1,LOSS,NO,1412.77
925,2024-12-30,10:00,10:35,LONG,2616.91,2614.52,2614.52,2620.49,2614.52,2.39,5.91,14.13,-14.13,-1,LOSS,NO,1398.64
926,2024-12-30,10:50,11:30,LONG,2611.54,2607.73,2614.97,2617.26,2617.26,3.81,3.67,13.99,20.98,1.5,WIN,YES,1419.62
927,2024-12-30,11:45,12:30,LONG,2612.58,2610.45,2612.88,2615.78,2612.88,2.13,6.66,14.2,2,0.14,BREAKEVEN,YES,1421.62
928,2024-12-30,12:35,13:00,LONG,2612.52,2610.25,2610.25,2615.93,2610.25,2.27,6.26,14.22,-14.22,-1,LOSS,NO,1407.4
929,2024-12-30,13:30,13:30,LONG,2616.43,2612.9,2616.73,2621.72,2612.9,3.53,3.99,14.07,-14.07,-1,LOSS,YES,1393.33
930,2024-12-30,14:20,14:55,LONG,2617.23,2614.01,2620.53,2622.06,2622.06,3.22,4.33,13.93,20.9,1.5,WIN,YES,1414.23
931,2024-12-30,15:15,15:35,LONG,2619.75,2616.39,2616.39,2624.79,2616.39,3.36,4.21,14.14,-14.14,-1,LOSS,NO,1400.09
932,2024-12-30,16:00,16:15,LONG,2607.82,2603.94,2610.97,2613.64,2613.64,3.88,3.61,14,21,1.5,WIN,YES,1421.09
933,2024-12-31,08:55,09:35,SHORT,2607.92,2610.08,2610.08,2604.68,2610.08,2.16,6.58,14.21,-14.21,-1,LOSS,NO,1406.88
934,2024-12-31,09:45,10:05,SHORT,2612.15,2614.44,2614.44,2608.72,2614.44,2.29,6.14,14.07,-14.07,-1,LOSS,NO,1392.81
935,2024-12-31,10:40,11:10,SHORT,2616.19,2618.47,2615.89,2612.77,2615.89,2.28,6.11,13.93,1.83,0.13,BREAKEVEN,YES,1394.64
936,2024-12-31,11:50,12:30,SHORT,2615.31,2617.73,2614.39,2611.68,2611.68,2.42,5.76,13.95,20.92,1.5,WIN,YES,1415.56
937,2024-12-31,12:40,13:25,LONG,2612.4,2610.15,2610.15,2615.78,2610.15,2.25,6.29,14.16,-14.16,-1,LOSS,NO,1401.41
938,2024-12-31,13:30,13:30,SHORT,2610.19,2612.64,2612.64,2606.52,2612.64,2.45,5.72,14.01,-14.01,-1,LOSS,NO,1387.39
939,2024-12-31,14:15,15:10,LONG,2610.76,2608.03,2608.03,2614.86,2608.03,2.73,5.08,13.87,-13.87,-1,LOSS,NO,1373.52
940,2024-12-31,15:05,15:15,LONG,2608.84,2606.69,2606.69,2612.07,2606.69,2.15,6.39,13.74,-13.74,-1,LOSS,NO,1359.78
941,2024-12-31,15:50,16:30,LONG,2612.28,2609.79,2612.58,2616.02,2612.58,2.49,5.46,13.6,1.64,0.12,BREAKEVEN,YES,1361.42
942,2024-12-31,16:55,17:10,SHORT,2613.69,2615.97,2615.97,2610.27,2615.97,2.28,5.97,13.61,-13.61,-1,LOSS,NO,1347.81
943,2025-01-02,08:05,08:05,LONG,2632.46,2630.32,2632.97,2635.67,2630.32,2.14,6.3,13.48,-13.48,-1,LOSS,YES,1334.33
944,2025-01-02,10:25,11:00,LONG,2633.32,2629.75,2635.56,2638.68,2638.68,3.57,3.74,13.34,20.01,1.5,WIN,YES,1354.34
945,2025-01-02,11:10,12:00,SHORT,2638.22,2640.65,2636.9,2634.57,2634.57,2.43,5.57,13.54,20.32,1.5,WIN,YES,1374.66
946,2025-01-02,11:55,12:10,SHORT,2636.09,2638.88,2635.79,2631.91,2635.79,2.79,4.93,13.75,1.48,0.11,BREAKEVEN,YES,1376.14
947,2025-01-02,12:40,12:50,SHORT,2644,2646.78,2643.7,2639.83,2643.7,2.78,4.95,13.76,1.49,0.11,BREAKEVEN,YES,1377.62
948,2025-01-02,13:25,13:25,LONG,2641.82,2639.14,2642.66,2645.84,2639.14,2.68,5.14,13.78,-13.78,-1,LOSS,YES,1363.85
949,2025-01-02,14:20,14:30,LONG,2642.01,2639.54,2642.31,2645.72,2642.31,2.47,5.52,13.64,1.66,0.12,BREAKEVEN,YES,1365.5
950,2025-01-02,15:05,15:10,SHORT,2641.87,2644.86,2641.57,2637.38,2641.57,2.99,4.57,13.66,1.37,0.1,BREAKEVEN,YES,1366.87
951,2025-01-02,15:55,16:15,SHORT,2642.99,2648.88,2648.88,2634.15,2648.88,5.89,2.32,13.67,-13.67,-1,LOSS,NO,1353.2
952,2025-01-02,16:40,17:00,SHORT,2648.7,2651.13,2648.4,2645.05,2648.4,2.43,5.57,13.53,1.67,0.12,BREAKEVEN,YES,1354.87
953,2025-01-03,08:00,08:00,SHORT,2658.07,2661.24,2661.24,2653.32,2661.24,3.17,4.27,13.55,-13.55,-1,LOSS,NO,1341.33
954,2025-01-03,08:45,09:15,SHORT,2659.13,2661.57,2657.16,2655.47,2655.47,2.44,5.5,13.41,20.12,1.5,WIN,YES,1361.45
955,2025-01-03,09:45,10:35,LONG,2654.38,2651.43,2651.43,2658.81,2651.43,2.95,4.62,13.61,-13.61,-1,LOSS,NO,1347.83
956,2025-01-03,10:35,11:20,LONG,2652.21,2649.87,2652.98,2655.72,2655.72,2.34,5.76,13.48,20.22,1.5,WIN,YES,1368.05
957,2025-01-03,11:45,12:00,LONG,2654.1,2652.14,2654.4,2657.04,2654.4,1.96,6.98,13.68,2.09,0.15,BREAKEVEN,YES,1370.14
958,2025-01-03,12:35,12:55,LONG,2653.6,2651.59,2655.3,2656.61,2656.61,2.01,6.82,13.7,20.55,1.5,WIN,YES,1390.69
959,2025-01-03,13:35,14:25,SHORT,2657.5,2659.5,2657.2,2654.5,2657.2,2,6.95,13.91,2.09,0.15,BREAKEVEN,YES,1392.78
960,2025-01-03,14:30,15:15,LONG,2655.92,2653.31,2653.31,2659.84,2653.31,2.61,5.34,13.93,-13.93,-1,LOSS,NO,1378.85
961,2025-01-03,15:20,15:35,LONG,2650.23,2646.52,2646.52,2655.8,2646.52,3.71,3.72,13.79,-13.79,-1,LOSS,NO,1365.06
962,2025-01-03,16:05,16:20,LONG,2648.34,2645.72,2645.72,2652.27,2645.72,2.62,5.21,13.65,-13.65,-1,LOSS,NO,1351.41
963,2025-01-03,16:55,17:00,SHORT,2647.11,2650.26,2646.81,2642.39,2646.81,3.15,4.29,13.51,1.29,0.1,BREAKEVEN,YES,1352.7
964,2025-01-06,08:30,09:15,LONG,2630.95,2628.75,2631.25,2634.25,2631.25,2.2,6.15,13.53,1.84,0.14,BREAKEVEN,YES,1354.55
965,2025-01-06,09:20,09:30,LONG,2631.12,2628.53,2628.53,2635,2628.53,2.59,5.23,13.55,-13.55,-1,LOSS,NO,1341
966,2025-01-06,10:05,10:30,LONG,2627.7,2625.08,2628,2631.63,2628,2.62,5.12,13.41,1.54,0.11,BREAKEVEN,YES,1342.54
967,2025-01-06,10:50,10:55,SHORT,2629.66,2631.98,2631.98,2626.18,2631.98,2.32,5.79,13.43,-13.43,-1,LOSS,NO,1329.11
968,2025-01-06,11:55,12:55,LONG,2632.72,2630.74,2633.02,2635.69,2633.02,1.98,6.71,13.29,2.01,0.15,BREAKEVEN,YES,1331.12
969,2025-01-06,13:05,13:10,LONG,2633.66,2631.08,2633.96,2637.53,2633.96,2.58,5.16,13.31,1.55,0.12,BREAKEVEN,YES,1332.67
970,2025-01-06,13:55,14:15,SHORT,2645.62,2648.58,2645.32,2641.18,2645.32,2.96,4.5,13.33,1.35,0.1,BREAKEVEN,YES,1334.02
971,2025-01-06,14:45,14:50,SHORT,2646.4,2649.26,2646.1,2642.11,2646.1,2.86,4.66,13.34,1.4,0.1,BREAKEVEN,YES,1335.42
972,2025-01-06,15:45,16:15,LONG,2625.12,2620.39,2625.42,2632.22,2625.42,4.73,2.82,13.35,0.85,0.06,BREAKEVEN,YES,1336.27
973,2025-01-06,16:30,16:45,SHORT,2625.23,2629.92,2629.92,2618.19,2629.92,4.69,2.85,13.36,-13.36,-1,LOSS,NO,1322.91
974,2025-01-07,08:00,08:45,SHORT,2645.02,2647.14,2644.65,2641.84,2641.84,2.12,6.24,13.23,19.84,1.5,WIN,YES,1342.75
975,2025-01-07,09:05,09:20,LONG,2641.62,2639.7,2639.7,2644.5,2639.7,1.92,6.99,13.43,-13.43,-1,LOSS,NO,1329.32
976,2025-01-07,09:50,10:00,SHORT,2638.27,2640.87,2640.87,2634.37,2640.87,2.6,5.11,13.29,-13.29,-1,LOSS,NO,1316.03
977,2025-01-07,10:40,12:05,SHORT,2643.14,2645.73,2642.84,2639.25,2642.84,2.59,5.08,13.16,1.52,0.12,BREAKEVEN,YES,1317.55
978,2025-01-07,12:25,12:40,SHORT,2642.6,2644.59,2644.59,2639.61,2644.59,1.99,6.62,13.18,-13.18,-1,LOSS,NO,1304.38
979,2025-01-07,13:45,14:05,SHORT,2647.18,2649.54,2649.54,2643.64,2649.54,2.36,5.53,13.04,-13.04,-1,LOSS,NO,1291.33
980,2025-01-07,14:40,15:00,SHORT,2649.66,2653.55,2653.55,2643.82,2653.55,3.89,3.32,12.91,-12.91,-1,LOSS,NO,1278.42
981,2025-01-07,15:25,16:00,LONG,2660.37,2656.81,2660.67,2665.71,2660.67,3.56,3.59,12.78,1.08,0.08,BREAKEVEN,YES,1279.5
982,2025-01-07,16:10,17:00,SHORT,2658.65,2663.22,2655.34,2651.8,2651.8,4.57,2.8,12.79,19.19,1.5,WIN,YES,1298.69
983,2025-01-08,08:05,08:10,LONG,2649.4,2647.44,2649.7,2652.34,2649.7,1.96,6.63,12.99,1.99,0.15,BREAKEVEN,YES,1300.68
984,2025-01-08,08:50,08:50,SHORT,2652.34,2654.5,2654.5,2649.1,2654.5,2.16,6.02,13.01,-13.01,-1,LOSS,NO,1287.67
985,2025-01-08,09:35,10:00,SHORT,2653.09,2655.01,2652.79,2650.21,2652.79,1.92,6.71,12.88,2.01,0.16,BREAKEVEN,YES,1289.68
986,2025-01-08,10:20,11:10,SHORT,2651.34,2654.09,2654.09,2647.22,2654.09,2.75,4.69,12.9,-12.9,-1,LOSS,NO,1276.79
987,2025-01-08,11:05,11:05,SHORT,2653.34,2655.58,2655.58,2649.98,2655.58,2.24,5.7,12.77,-12.77,-1,LOSS,NO,1264.02
988,2025-01-08,12:00,12:00,SHORT,2653.45,2655.72,2653.15,2650.05,2655.72,2.27,5.57,12.64,-12.64,-1,LOSS,YES,1251.38
989,2025-01-08,12:55,13:25,SHORT,2653.15,2655.42,2652.4,2649.74,2649.74,2.27,5.51,12.51,18.77,1.5,WIN,YES,1270.15
990,2025-01-08,13:45,14:30,SHORT,2649.53,2652.48,2649.23,2645.11,2649.23,2.95,4.31,12.7,1.29,0.1,BREAKEVEN,YES,1271.44
991,2025-01-08,14:40,15:00,LONG,2650.28,2647.78,2650.92,2654.03,2654.03,2.5,5.09,12.71,19.07,1.5,WIN,YES,1290.51
992,2025-01-08,15:30,15:40,SHORT,2653.44,2657.75,2657.75,2646.98,2657.75,4.31,2.99,12.91,-12.91,-1,LOSS,NO,1277.61
993,2025-01-08,16:15,16:30,SHORT,2660.95,2664.98,2664.98,2654.9,2664.98,4.03,3.17,12.78,-12.78,-1,LOSS,NO,1264.83
994,2025-01-09,08:05,08:25,SHORT,2658.87,2660.95,2660.95,2655.75,2660.95,2.08,6.08,12.65,-12.65,-1,LOSS,NO,1252.18
995,2025-01-09,09:10,10:00,SHORT,2665.7,2667.95,2663.67,2662.32,2662.32,2.25,5.57,12.52,18.78,1.5,WIN,YES,1270.97
996,2025-01-09,10:10,10:20,LONG,2661.79,2659.81,2662.09,2664.76,2664.76,1.98,6.42,12.71,19.06,1.5,WIN,YES,1290.03
997,2025-01-09,11:00,11:00,SHORT,2663.68,2666.87,2666.87,2658.89,2666.87,3.19,4.04,12.9,-12.9,-1,LOSS,NO,1277.13
998,2025-01-09,11:50,12:35,SHORT,2665.27,2667.54,2667.54,2661.86,2667.54,2.27,5.63,12.77,-12.77,-1,LOSS,NO,1264.36
999,2025-01-09,12:50,13:00,SHORT,2667.97,2670.07,2667.67,2664.82,2667.67,2.1,6.02,12.64,1.81,0.14,BREAKEVEN,YES,1266.16
1000,2025-01-09,13:35,13:45,SHORT,2669.38,2672.05,2672.05,2665.38,2672.05,2.67,4.74,12.66,-12.66,-1,LOSS,NO,1253.5
1001,2025-01-09,14:20,15:10,LONG,2672.63,2670.21,2672.93,2676.26,2672.93,2.42,5.18,12.54,1.55,0.12,BREAKEVEN,YES,1255.06
1002,2025-01-09,15:15,15:50,LONG,2674.31,2670.48,2674.61,2680.05,2674.61,3.83,3.28,12.55,0.98,0.08,BREAKEVEN,YES,1256.04
1003,2025-01-09,16:10,16:20,LONG,2672.56,2669.91,2669.91,2676.53,2669.91,2.65,4.74,12.56,-12.56,-1,LOSS,NO,1243.48
1004,2025-01-10,08:20,08:45,SHORT,2675.15,2677.43,2677.43,2671.73,2677.43,2.28,5.45,12.43,-12.43,-1,LOSS,NO,1231.04
1005,2025-01-10,09:35,10:05,SHORT,2675.56,2678.32,2678.32,2671.42,2678.32,2.76,4.46,12.31,-12.31,-1,LOSS,NO,1218.73
1006,2025-01-10,10:30,11:25,SHORT,2678.67,2681.72,2681.72,2674.1,2681.72,3.05,4,12.19,-12.19,-1,LOSS,NO,1206.55
1007,2025-01-10,11:15,11:25,SHORT,2679.51,2682.16,2682.16,2675.54,2682.16,2.65,4.55,12.07,-12.07,-1,LOSS,NO,1194.48
1008,2025-01-10,12:10,12:10,SHORT,2680.81,2683.51,2683.51,2676.76,2683.51,2.7,4.42,11.94,-11.94,-1,LOSS,NO,1182.54
1009,2025-01-10,13:05,14:10,SHORT,2681.73,2684.03,2680.56,2678.28,2678.28,2.3,5.14,11.83,17.74,1.5,WIN,YES,1200.27
1010,2025-01-10,13:50,14:00,SHORT,2681.45,2684.01,2681.15,2677.61,2681.15,2.56,4.69,12,1.41,0.12,BREAKEVEN,YES,1201.68
1011,2025-01-10,14:35,14:45,SHORT,2675.25,2678.83,2678.83,2669.88,2678.83,3.58,3.36,12.02,-12.02,-1,LOSS,NO,1189.66
1012,2025-01-10,15:20,15:30,SHORT,2678.61,2682.45,2678.19,2672.85,2672.85,3.84,3.1,11.9,17.84,1.5,WIN,YES,1207.51
1013,2025-01-10,16:10,16:15,SHORT,2683.14,2687.08,2687.08,2677.23,2687.08,3.94,3.06,12.08,-12.08,-1,LOSS,NO,1195.43
1014,2025-01-13,08:00,08:20,SHORT,2687.31,2690.16,2690.16,2683.03,2690.16,2.85,4.19,11.95,-11.95,-1,LOSS,NO,1183.48
1015,2025-01-13,08:45,09:35,LONG,2690.03,2687.05,2687.05,2694.5,2687.05,2.98,3.97,11.83,-11.83,-1,LOSS,NO,1171.65
1016,2025-01-13,09:30,09:35,SHORT,2688.09,2690.17,2687.79,2684.97,2687.79,2.08,5.63,11.72,1.69,0.14,BREAKEVEN,YES,1173.34
1017,2025-01-13,10:50,11:25,SHORT,2687.21,2689.61,2686.78,2683.61,2683.61,2.4,4.89,11.73,17.6,1.5,WIN,YES,1190.94
1018,2025-01-13,12:10,12:25,LONG,2680.78,2677.99,2677.99,2684.97,2677.99,2.79,4.27,11.91,-11.91,-1,LOSS,NO,1179.03
1019,2025-01-13,12:55,13:45,SHORT,2679.62,2682.26,2678.84,2675.66,2678.84,2.64,4.47,11.79,3.48,0.3,BREAKEVEN,YES,1182.51
1020,2025-01-13,13:40,14:00,LONG,2677.3,2674.69,2674.69,2681.22,2674.69,2.61,4.53,11.83,-11.83,-1,LOSS,NO,1170.68
1021,2025-01-13,14:30,15:05,LONG,2667.8,2663.09,2668.1,2674.87,2668.1,4.71,2.49,11.71,0.75,0.06,BREAKEVEN,YES,1171.43
1022,2025-01-13,15:20,15:35,SHORT,2669.92,2673.4,2668.15,2664.7,2664.7,3.48,3.37,11.71,17.57,1.5,WIN,YES,1189
1023,2025-01-13,16:05,16:15,LONG,2669.88,2667.48,2667.48,2673.48,2667.48,2.4,4.95,11.89,-11.89,-1,LOSS,NO,1177.11
1024,2025-01-13,16:55,17:10,LONG,2671.72,2668.77,2668.77,2676.14,2668.77,2.95,3.99,11.77,-11.77,-1,LOSS,NO,1165.34
1025,2025-01-14,08:15,08:15,SHORT,2669.08,2671.21,2671.21,2665.88,2671.21,2.13,5.47,11.65,-11.65,-1,LOSS,NO,1153.69
1026,2025-01-14,09:10,09:10,LONG,2669.3,2666.9,2669.6,2672.9,2666.9,2.4,4.81,11.54,-11.54,-1,LOSS,YES,1142.15
1027,2025-01-14,09:55,10:15,SHORT,2669.21,2671.41,2671.41,2665.91,2671.41,2.2,5.19,11.42,-11.42,-1,LOSS,NO,1130.73
1028,2025-01-14,10:55,11:25,LONG,2671.1,2668.67,2668.67,2674.74,2668.67,2.43,4.65,11.31,-11.31,-1,LOSS,NO,1119.42
1029,2025-01-14,11:50,11:50,SHORT,2667.1,2670.03,2670.03,2662.7,2670.03,2.93,3.82,11.19,-11.19,-1,LOSS,NO,1108.23
1030,2025-01-14,13:55,14:45,LONG,2669.32,2666.94,2666.94,2672.89,2666.94,2.38,4.66,11.08,-11.08,-1,LOSS,NO,1097.14
1031,2025-01-14,15:00,15:20,SHORT,2669.62,2672.22,2669.26,2665.72,2665.72,2.6,4.22,10.97,16.46,1.5,WIN,YES,1113.6
1032,2025-01-14,16:00,16:10,LONG,2662.97,2660.09,2660.09,2667.29,2660.09,2.88,3.87,11.14,-11.14,-1,LOSS,NO,1102.47
1033,2025-01-14,16:45,17:00,LONG,2662.26,2659.36,2664.27,2666.61,2666.61,2.9,3.8,11.02,16.54,1.5,WIN,YES,1119
1034,2025-01-15,08:00,08:10,SHORT,2679.49,2681.59,2681.59,2676.34,2681.59,2.1,5.33,11.19,-11.19,-1,LOSS,NO,1107.81
1035,2025-01-15,08:55,09:30,SHORT,2681.06,2683.34,2683.34,2677.64,2683.34,2.28,4.86,11.08,-11.08,-1,LOSS,NO,1096.73
1036,2025-01-15,09:40,10:00,SHORT,2683.08,2685.52,2682.78,2679.42,2682.78,2.44,4.49,10.97,1.35,0.12,BREAKEVEN,YES,1098.08
1037,2025-01-15,10:55,11:15,SHORT,2683.96,2685.92,2685.92,2681.02,2685.92,1.96,5.6,10.98,-10.98,-1,LOSS,NO,1087.1
1038,2025-01-15,12:05,12:35,SHORT,2685.66,2688.17,2688.17,2681.89,2688.17,2.51,4.33,10.87,-10.87,-1,LOSS,NO,1076.23
1039,2025-01-15,12:50,13:40,SHORT,2687.93,2690.56,2687.63,2683.98,2687.63,2.63,4.09,10.76,1.23,0.11,BREAKEVEN,YES,1077.46
1040,2025-01-15,13:45,13:45,SHORT,2686.71,2689.43,2689.43,2682.63,2689.43,2.72,3.96,10.77,-10.77,-1,LOSS,NO,1066.68
1041,2025-01-15,14:40,15:20,SHORT,2685.31,2688.16,2685.01,2681.03,2685.01,2.85,3.74,10.67,1.12,0.11,BREAKEVEN,YES,1067.81
1042,2025-01-15,15:25,15:30,SHORT,2683.4,2686.45,2686.45,2678.83,2686.45,3.05,3.5,10.68,-10.68,-1,LOSS,NO,1057.13
1043,2025-01-15,16:35,17:00,LONG,2681.98,2676.86,2676.86,2689.66,2676.86,5.12,2.06,10.57,-10.57,-1,LOSS,NO,1046.56
1044,2025-01-16,08:30,09:00,LONG,2691.94,2689.93,2692.81,2694.96,2694.96,2.01,5.21,10.47,15.7,1.5,WIN,YES,1062.26
1045,2025-01-16,09:15,10:15,SHORT,2696.74,2700.41,2700.41,2691.23,2700.41,3.67,2.89,10.62,-10.62,-1,LOSS,NO,1051.63
1046,2025-01-16,10:10,10:15,LONG,2699.71,2697.56,2700.01,2702.94,2700.01,2.15,4.89,10.52,1.47,0.14,BREAKEVEN,YES,1053.1
1047,2025-01-16,11:15,12:05,LONG,2702.8,2699.23,2705.04,2708.16,2708.16,3.57,2.95,10.53,15.8,1.5,WIN,YES,1068.9
1048,2025-01-16,12:20,12:45,SHORT,2707.66,2710.07,2707.36,2704.04,2707.36,2.41,4.44,10.69,1.33,0.12,BREAKEVEN,YES,1070.23
1049,2025-01-16,13:10,13:30,SHORT,2707.26,2710.43,2710.43,2702.51,2710.43,3.17,3.38,10.7,-10.7,-1,LOSS,NO,1059.53
1050,2025-01-16,14:15,14:45,SHORT,2704.95,2708.24,2703.44,2700.01,2703.44,3.29,3.22,10.6,4.86,0.46,BREAKEVEN,YES,1064.39
1051,2025-01-16,15:25,15:30,SHORT,2710.09,2713.25,2713.25,2705.35,2713.25,3.16,3.37,10.64,-10.64,-1,LOSS,NO,1053.74
1052,2025-01-16,16:20,16:30,SHORT,2716.83,2719.48,2716.53,2712.85,2716.53,2.65,3.98,10.54,1.19,0.11,BREAKEVEN,YES,1054.94
1053,2025-01-17,08:00,08:00,LONG,2712.26,2709.64,2709.64,2716.19,2709.64,2.62,4.03,10.55,-10.55,-1,LOSS,NO,1044.39
1054,2025-01-17,08:45,09:50,LONG,2712.15,2709.2,2709.2,2716.58,2709.2,2.95,3.54,10.44,-10.44,-1,LOSS,NO,1033.94
1055,2025-01-17,09:45,10:45,SHORT,2709.6,2712.07,2712.07,2705.89,2712.07,2.47,4.19,10.34,-10.34,-1,LOSS,NO,1023.6
1056,2025-01-17,10:35,11:20,LONG,2710.74,2708.04,2708.04,2714.79,2708.04,2.7,3.79,10.24,-10.24,-1,LOSS,NO,1013.37
1057,2025-01-17,11:40,11:55,LONG,2706.5,2704.04,2704.04,2710.19,2704.04,2.46,4.12,10.13,-10.13,-1,LOSS,NO,1003.24
1058,2025-01-17,12:40,12:40,LONG,2704.39,2701.32,2701.32,2708.99,2701.32,3.07,3.27,10.03,-10.03,-1,LOSS,NO,993.2
1059,2025-01-17,13:35,13:55,LONG,2706.03,2704.1,2706.33,2708.93,2706.33,1.93,5.15,9.93,1.54,0.16,BREAKEVEN,YES,994.75
1060,2025-01-17,14:25,15:10,SHORT,2709.8,2712.06,2709.5,2706.41,2709.5,2.26,4.4,9.95,1.32,0.13,BREAKEVEN,YES,996.07
1061,2025-01-17,15:10,15:20,LONG,2708.5,2705.81,2708.8,2712.53,2708.8,2.69,3.7,9.96,1.11,0.11,BREAKEVEN,YES,997.18
1062,2025-01-17,16:00,16:40,LONG,2705.06,2702.18,2705.36,2709.38,2709.38,2.88,3.46,9.97,14.96,1.5,WIN,YES,1012.14
1063,2025-01-17,16:50,17:00,LONG,2711.66,2709.04,2711.96,2715.59,2711.96,2.62,3.86,10.12,1.16,0.11,BREAKEVEN,YES,1013.29
1064,2025-01-20,08:00,08:40,SHORT,2707.62,2710.09,2710.09,2703.91,2710.09,2.47,4.1,10.13,-10.13,-1,LOSS,NO,1003.16
1065,2025-01-20,08:45,08:50,SHORT,2710.51,2712.45,2712.45,2707.6,2712.45,1.94,5.17,10.03,-10.03,-1,LOSS,NO,993.13
1066,2025-01-20,10:55,11:15,SHORT,2706.95,2709.44,2706.04,2703.21,2703.21,2.49,3.99,9.93,14.9,1.5,WIN,YES,1008.03
1067,2025-01-20,12:00,12:25,SHORT,2706.52,2709.07,2709.07,2702.69,2709.07,2.55,3.95,10.08,-10.08,-1,LOSS,NO,997.95
1068,2025-01-20,12:55,13:05,SHORT,2708.42,2710.38,2710.38,2705.48,2710.38,1.96,5.09,9.98,-9.98,-1,BREAKEVEN,NO,987.97
1069,2025-01-20,14:15,14:25,LONG,2708.91,2706.72,2706.72,2712.19,2706.72,2.19,4.51,9.88,-9.88,-1,BREAKEVEN,NO,978.09
1070,2025-01-20,15:00,15:30,SHORT,2707.98,2710.36,2707.68,2704.41,2707.68,2.38,4.11,9.78,1.23,0.13,BREAKEVEN,YES,979.32
1071,2025-01-20,15:45,16:15,SHORT,2705.9,2711.26,2711.26,2697.86,2711.26,5.36,1.83,9.79,-9.79,-1,BREAKEVEN,NO,969.53
1072,2025-01-20,16:35,17:00,LONG,2710.23,2706.61,2706.61,2715.66,2706.61,3.62,2.68,9.7,-9.7,-1,BREAKEVEN,NO,959.83
1073,2025-01-21,09:40,10:00,SHORT,2731.67,2734.34,2730.29,2727.66,2727.66,2.67,3.59,9.6,14.4,1.5,WIN,YES,974.23
1074,2025-01-21,10:45,11:00,LONG,2723.28,2719.9,2719.9,2728.35,2719.9,3.38,2.88,9.74,-9.74,-1,BREAKEVEN,NO,964.49
1075,2025-01-21,11:45,12:35,LONG,2723.13,2720.21,2720.21,2727.51,2720.21,2.92,3.3,9.64,-9.64,-1,BREAKEVEN,NO,954.84
1076,2025-01-21,12:40,13:20,LONG,2719.69,2717.43,2717.43,2723.08,2717.43,2.26,4.22,9.55,-9.55,-1,BREAKEVEN,NO,945.29
1077,2025-01-21,13:40,14:00,LONG,2721.62,2718.79,2721.92,2725.86,2721.92,2.83,3.34,9.45,1,0.11,BREAKEVEN,YES,946.3
1078,2025-01-21,15:20,16:25,SHORT,2727.99,2731.67,2731.67,2722.47,2731.67,3.68,2.57,9.46,-9.46,-1,BREAKEVEN,NO,936.83
1079,2025-01-21,16:05,16:15,SHORT,2727.19,2729.65,2729.65,2723.5,2729.65,2.46,3.81,9.37,-9.37,-1,BREAKEVEN,NO,927.46
1080,2025-01-22,08:10,08:25,SHORT,2752.19,2755.78,2749.58,2746.8,2746.8,3.59,2.58,9.27,13.91,1.5,WIN,YES,941.38
1081,2025-01-22,09:15,09:30,SHORT,2749.78,2752.01,2752.01,2746.44,2752.01,2.23,4.22,9.41,-9.41,-1,BREAKEVEN,NO,931.96
1082,2025-01-22,10:15,10:50,SHORT,2751.34,2753.48,2753.48,2748.13,2753.48,2.14,4.35,9.32,-9.32,-1,BREAKEVEN,NO,922.64
1083,2025-01-22,11:10,11:20,SHORT,2755.84,2758.88,2758.88,2751.28,2758.88,3.04,3.04,9.23,-9.23,-1,BREAKEVEN,NO,913.42
1084,2025-01-22,12:05,13:00,LONG,2761.06,2758.58,2758.58,2764.78,2758.58,2.48,3.68,9.13,-9.13,-1,BREAKEVEN,NO,904.28
1085,2025-01-22,14:05,14:40,SHORT,2754.41,2757.4,2757.4,2749.92,2757.4,2.99,3.02,9.04,-9.04,-1,BREAKEVEN,NO,895.24
1086,2025-01-22,15:05,15:20,LONG,2760.24,2757.41,2757.41,2764.48,2757.41,2.83,3.16,8.95,-8.95,-1,BREAKEVEN,NO,886.29
1087,2025-01-22,16:15,16:30,SHORT,2754.49,2757.45,2754.19,2750.05,2754.19,2.96,2.99,8.86,0.9,0.1,BREAKEVEN,YES,887.19
1088,2025-01-23,09:40,10:25,LONG,2752.18,2750.12,2753.31,2755.27,2753.31,2.06,4.31,8.87,4.87,0.55,BREAKEVEN,YES,892.05
1089,2025-01-23,11:35,12:15,LONG,2742.65,2739.37,2745.27,2747.57,2747.57,3.28,2.72,8.92,13.38,1.5,WIN,YES,905.43
1090,2025-01-23,12:25,12:40,SHORT,2747.12,2749.6,2749.6,2743.4,2749.6,2.48,3.65,9.05,-9.05,-1,BREAKEVEN,NO,896.38
1091,2025-01-23,13:10,13:25,LONG,2751.82,2749.54,2752.12,2755.24,2752.12,2.28,3.93,8.96,1.18,0.13,BREAKEVEN,YES,897.56
1092,2025-01-23,14:10,14:20,LONG,2749.5,2745.32,2745.32,2755.77,2745.32,4.18,2.15,8.98,-8.98,-1,BREAKEVEN,NO,888.58
1093,2025-01-23,14:55,15:10,LONG,2744.73,2741.11,2741.11,2750.16,2741.11,3.62,2.45,8.89,-8.89,-1,BREAKEVEN,NO,879.7
1094,2025-01-23,15:45,16:00,SHORT,2739.69,2742.91,2742.91,2734.86,2742.91,3.22,2.73,8.8,-8.8,-1,BREAKEVEN,NO,870.9
1095,2025-01-24,08:20,09:10,SHORT,2776.77,2779.53,2774.42,2772.63,2772.63,2.76,3.16,8.71,13.06,1.5,WIN,YES,883.96
1096,2025-01-24,10:00,10:45,LONG,2772.26,2769.41,2772.56,2776.54,2772.56,2.85,3.1,8.84,0.93,0.11,BREAKEVEN,YES,884.89
1097,2025-01-24,11:35,11:35,LONG,2773.04,2769.88,2769.88,2777.78,2769.88,3.16,2.8,8.85,-8.85,-1,BREAKEVEN,NO,876.04
1098,2025-01-24,12:20,12:55,LONG,2772.4,2770.03,2774.04,2775.95,2775.95,2.37,3.7,8.76,13.14,1.5,WIN,YES,889.19
1099,2025-01-24,13:40,13:40,SHORT,2776.68,2779.58,2779.58,2772.33,2779.58,2.9,3.07,8.89,-8.89,-1,BREAKEVEN,NO,880.29
1100,2025-01-24,14:50,15:00,SHORT,2778.11,2780.01,2780.01,2775.26,2780.01,1.9,4.63,8.8,-8.8,-1,BREAKEVEN,NO,871.49
1101,2025-01-24,15:35,15:40,SHORT,2781.03,2783.62,2783.62,2777.15,2783.62,2.59,3.36,8.71,-8.71,-1,BREAKEVEN,NO,862.78
1102,2025-01-24,16:40,16:45,SHORT,2777.66,2780.37,2780.37,2773.59,2780.37,2.71,3.18,8.63,-8.63,-1,BREAKEVEN,NO,854.15
1103,2025-01-27,08:00,08:00,LONG,2753.32,2750.46,2750.46,2757.61,2750.46,2.86,2.99,8.54,-8.54,-1,BREAKEVEN,NO,845.61
1104,2025-01-27,09:15,09:25,LONG,2752.67,2749.96,2749.96,2756.74,2749.96,2.71,3.12,8.46,-8.46,-1,BREAKEVEN,NO,837.15
1105,2025-01-27,10:25,10:40,SHORT,2756.26,2759.59,2759.59,2751.27,2759.59,3.33,2.51,8.37,-8.37,-1,BREAKEVEN,NO,828.78
1106,2025-01-27,12:30,12:50,SHORT,2767.39,2769.9,2769.9,2763.62,2769.9,2.51,3.3,8.29,-8.29,-1,BREAKEVEN,NO,820.49
1107,2025-01-27,13:20,13:55,SHORT,2769.15,2771.49,2771.49,2765.64,2771.49,2.34,3.51,8.2,-8.2,-1,BREAKEVEN,NO,812.29
1108,2025-01-27,14:25,15:00,LONG,2762.56,2759.2,2759.2,2767.6,2759.2,3.36,2.42,8.12,-8.12,-1,BREAKEVEN,NO,804.16
1109,2025-01-27,15:15,15:20,LONG,2761.52,2759.37,2759.37,2764.74,2759.37,2.15,3.74,8.04,-8.04,-1,BREAKEVEN,NO,796.12
1110,2025-01-27,16:25,16:30,LONG,2750.78,2748.02,2748.02,2754.92,2748.02,2.76,2.88,7.96,-7.96,-1,BREAKEVEN,NO,788.16
1111,2025-01-28,08:10,08:30,LONG,2742.16,2740.17,2740.17,2745.14,2740.17,1.99,3.96,7.88,-7.88,-1,BREAKEVEN,NO,780.28
1112,2025-01-28,09:10,09:25,SHORT,2741.05,2742.95,2742.95,2738.2,2742.95,1.9,4.11,7.8,-7.8,-1,BREAKEVEN,NO,772.48
1113,2025-01-28,10:00,10:40,SHORT,2738.6,2741.34,2737.17,2734.49,2737.17,2.74,2.82,7.72,4.03,0.52,BREAKEVEN,YES,776.51
1114,2025-01-28,11:15,11:15,LONG,2742.92,2739.93,2739.93,2747.41,2739.93,2.99,2.6,7.77,-7.77,-1,BREAKEVEN,NO,768.74
1115,2025-01-28,12:50,12:50,LONG,2742.19,2738.75,2738.75,2747.35,2738.75,3.44,2.23,7.69,-7.69,-1,BREAKEVEN,NO,761.06
1116,2025-01-28,14:15,15:00,LONG,2742.61,2740.25,2744.44,2746.15,2746.15,2.36,3.22,7.61,11.42,1.5,WIN,YES,772.47
1117,2025-01-28,15:15,15:30,SHORT,2746.64,2748.65,2748.65,2743.62,2748.65,2.01,3.84,7.72,-7.72,-1,BREAKEVEN,NO,764.75
1118,2025-01-28,16:15,16:55,LONG,2751.93,2748.57,2753.04,2756.97,2753.04,3.36,2.28,7.65,2.53,0.33,BREAKEVEN,YES,767.27
1119,2025-01-29,08:10,09:00,LONG,2760.49,2758.41,2758.41,2763.61,2758.41,2.08,3.69,7.67,-7.67,-1,BREAKEVEN,NO,759.6
1120,2025-01-29,08:55,10:05,SHORT,2759.17,2762.18,2762.18,2754.66,2762.18,3.01,2.52,7.6,-7.6,-1,BREAKEVEN,NO,752
1121,2025-01-29,09:40,10:00,LONG,2757.86,2755.93,2758.5,2760.76,2760.76,1.93,3.9,7.52,11.28,1.5,WIN,YES,763.28
1122,2025-01-29,11:10,11:10,LONG,2762.05,2758.77,2758.77,2766.97,2758.77,3.28,2.33,7.63,-7.63,-1,BREAKEVEN,NO,755.65
1123,2025-01-29,12:25,12:25,SHORT,2759.44,2762.01,2762.01,2755.59,2762.01,2.57,2.94,7.56,-7.56,-1,BREAKEVEN,NO,748.09
1124,2025-01-29,13:10,13:10,SHORT,2758.43,2760.4,2758.13,2755.47,2760.4,1.97,3.8,7.48,-7.48,-1,BREAKEVEN,YES,740.61
1125,2025-01-29,14:15,15:15,LONG,2757.37,2754.85,2754.85,2761.15,2754.85,2.52,2.94,7.41,-7.41,-1,BREAKEVEN,NO,733.21
1126,2025-01-29,15:00,15:15,SHORT,2757.35,2760.47,2757.05,2752.67,2752.67,3.12,2.35,7.33,11,1.5,WIN,YES,744.21
1127,2025-01-29,15:45,16:20,LONG,2757.59,2755.07,2757.89,2761.37,2757.89,2.52,2.95,7.44,0.89,0.12,BREAKEVEN,YES,745.09
1128,2025-01-29,16:45,17:25,SHORT,2758.18,2762.25,2756.64,2752.07,2752.07,4.07,1.83,7.45,11.18,1.5,WIN,YES,756.27
1129,2025-01-30,08:00,08:55,SHORT,2760.43,2762.88,2762.88,2756.75,2762.88,2.45,3.09,7.56,-7.56,-1,BREAKEVEN,NO,748.71
1130,2025-01-30,08:50,08:55,LONG,2762.42,2759.98,2762.72,2766.08,2766.08,2.44,3.07,7.49,11.23,1.5,WIN,YES,759.94
1131,2025-01-30,09:40,09:50,SHORT,2767.11,2769.13,2769.13,2764.08,2769.13,2.02,3.76,7.6,-7.6,-1,BREAKEVEN,NO,752.34
1132,2025-01-30,10:25,10:55,LONG,2772.67,2770.16,2773.88,2776.44,2776.44,2.51,3,7.52,11.29,1.5,WIN,YES,763.62
1133,2025-01-30,11:40,12:15,SHORT,2774.9,2776.94,2776.94,2771.84,2776.94,2.04,3.74,7.64,-7.64,-1,BREAKEVEN,NO,755.99
1134,2025-01-30,12:25,12:25,SHORT,2777.98,2780.57,2780.57,2774.09,2780.57,2.59,2.92,7.56,-7.56,-1,BREAKEVEN,NO,748.43
1135,2025-01-30,13:20,14:10,SHORT,2778.81,2780.8,2778.51,2775.82,2778.51,1.99,3.76,7.48,1.13,0.15,BREAKEVEN,YES,749.55
1136,2025-01-30,14:15,14:40,SHORT,2778.09,2780.73,2780.73,2774.13,2780.73,2.64,2.84,7.5,-7.5,-1,BREAKEVEN,NO,742.06
1137,2025-01-30,15:05,15:30,SHORT,2781.38,2784.08,2781.08,2777.33,2781.08,2.7,2.75,7.42,0.82,0.11,BREAKEVEN,YES,742.88
1138,2025-01-30,16:15,16:25,SHORT,2783.9,2786.58,2786.58,2779.88,2786.58,2.68,2.77,7.43,-7.43,-1,BREAKEVEN,NO,735.45
1139,2025-01-31,09:30,10:05,SHORT,2800.02,2802.65,2798.63,2796.07,2796.07,2.63,2.8,7.35,11.03,1.5,WIN,YES,746.49
1140,2025-01-31,10:55,10:55,LONG,2793.33,2790.19,2790.19,2798.04,2790.19,3.14,2.38,7.46,-7.46,-1,BREAKEVEN,NO,739.02
1141,2025-01-31,12:15,12:15,LONG,2793.29,2790.29,2794.49,2797.79,2790.29,3,2.46,7.39,-7.39,-1,BREAKEVEN,YES,731.63
1142,2025-01-31,13:40,13:50,SHORT,2797.12,2799.55,2799.55,2793.47,2799.55,2.43,3.01,7.32,-7.32,-1,BREAKEVEN,NO,724.31
1143,2025-01-31,14:25,14:40,SHORT,2805.35,2807.36,2807.36,2802.33,2807.36,2.01,3.6,7.24,-7.24,-1,BREAKEVEN,NO,717.07
1144,2025-01-31,15:10,15:35,SHORT,2804.71,2806.69,2806.69,2801.74,2806.69,1.98,3.62,7.17,-7.17,-1,BREAKEVEN,NO,709.9
1145,2025-01-31,15:55,16:30,SHORT,2806.41,2808.41,2808.41,2803.41,2808.41,2,3.55,7.1,-7.1,-1,BREAKEVEN,NO,702.8
1146,2025-02-03,08:30,08:45,SHORT,2787.14,2789.65,2786.84,2783.37,2786.84,2.51,2.8,7.03,0.84,0.12,BREAKEVEN,YES,703.64
1147,2025-02-03,09:20,09:55,SHORT,2787.07,2789.77,2789.77,2783.02,2789.77,2.7,2.61,7.04,-7.04,-1,BREAKEVEN,NO,696.61
1148,2025-02-03,10:35,11:15,SHORT,2799.41,2801.71,2798.6,2795.96,2795.96,2.3,3.03,6.97,10.45,1.5,WIN,YES,707.05
1149,2025-02-03,11:25,11:35,SHORT,2798.02,2800.29,2800.29,2794.61,2800.29,2.27,3.11,7.07,-7.07,-1,BREAKEVEN,NO,699.98
1150,2025-02-03,12:50,13:05,SHORT,2798.43,2801.65,2801.65,2793.6,2801.65,3.22,2.17,7,-7,-1,BREAKEVEN,NO,692.98
1151,2025-02-03,13:45,14:25,LONG,2800.46,2798,2801.17,2804.15,2804.15,2.46,2.82,6.93,10.39,1.5,WIN,YES,703.38
1152,2025-02-03,14:30,14:35,SHORT,2803.38,2806.89,2806.89,2798.12,2806.89,3.51,2,7.03,-7.03,-1,BREAKEVEN,NO,696.34
1153,2025-02-03,15:20,15:50,SHORT,2810.82,2813.4,2810.52,2806.95,2810.52,2.58,2.7,6.96,0.81,0.12,BREAKEVEN,YES,697.15
1154,2025-02-03,16:25,16:35,SHORT,2814.36,2817.11,2817.11,2810.24,2817.11,2.75,2.54,6.97,-6.97,-1,BREAKEVEN,NO,690.18
1155,2025-02-04,08:25,09:25,LONG,2812.11,2809.37,2809.37,2816.22,2809.37,2.74,2.52,6.9,-6.9,-1,BREAKEVEN,NO,683.28
1156,2025-02-04,09:35,09:45,SHORT,2809.66,2811.97,2811.97,2806.19,2811.97,2.31,2.96,6.83,-6.83,-1,BREAKEVEN,NO,676.45
1157,2025-02-04,11:50,12:05,SHORT,2821.11,2823.31,2820.48,2817.81,2817.81,2.2,3.07,6.76,10.15,1.5,WIN,YES,686.6
1158,2025-02-04,14:20,14:45,LONG,2819.12,2816.69,2819.42,2822.76,2819.42,2.43,2.83,6.87,0.85,0.12,BREAKEVEN,YES,687.44
1159,2025-02-04,15:10,15:20,SHORT,2823.93,2826.41,2826.41,2820.21,2826.41,2.48,2.77,6.87,-6.87,-1,BREAKEVEN,NO,680.57
1160,2025-02-04,16:10,16:25,LONG,2832.82,2829.85,2833.12,2837.28,2837.28,2.97,2.29,6.81,10.21,1.5,WIN,YES,690.78
1161,2025-02-04,16:55,17:00,LONG,2839.62,2836.58,2839.92,2844.18,2839.92,3.04,2.27,6.91,0.68,0.1,BREAKEVEN,YES,691.46
1162,2025-02-05,08:05,08:20,SHORT,2857.3,2859.87,2859.87,2853.45,2859.87,2.57,2.69,6.91,-6.91,-1,BREAKEVEN,NO,684.54
1163,2025-02-05,09:30,09:45,SHORT,2858.64,2860.97,2860.97,2855.14,2860.97,2.33,2.94,6.85,-6.85,-1,BREAKEVEN,NO,677.7
1164,2025-02-05,10:15,10:40,SHORT,2865.3,2867.64,2867.64,2861.79,2867.64,2.34,2.9,6.78,-6.78,-1,BREAKEVEN,NO,670.92
1165,2025-02-05,11:10,11:20,SHORT,2865.53,2868.6,2868.6,2860.93,2868.6,3.07,2.19,6.71,-6.71,-1,BREAKEVEN,NO,664.21
1166,2025-02-05,12:00,12:30,SHORT,2871.05,2873.55,2873.55,2867.3,2873.55,2.5,2.66,6.64,-6.64,-1,BREAKEVEN,NO,657.57
1167,2025-02-05,13:15,13:25,SHORT,2867.13,2869.72,2869.72,2863.25,2869.72,2.59,2.54,6.58,-6.58,-1,BREAKEVEN,NO,650.99
1168,2025-02-05,14:05,14:05,SHORT,2868.88,2871.72,2871.72,2864.62,2871.72,2.84,2.29,6.51,-6.51,-1,BREAKEVEN,NO,644.48
1169,2025-02-05,14:55,15:15,LONG,2870.35,2867.4,2867.4,2874.77,2867.4,2.95,2.18,6.44,-6.44,-1,BREAKEVEN,NO,638.04
1170,2025-02-05,15:55,16:30,LONG,2861.63,2857.53,2863.71,2867.78,2867.78,4.1,1.56,6.38,9.57,1.5,BREAKEVEN,YES,647.61
1171,2025-02-05,16:50,17:00,SHORT,2870.23,2874.11,2874.11,2864.41,2874.11,3.88,1.67,6.48,-6.48,-1,BREAKEVEN,NO,641.13
1172,2025-02-06,08:05,08:30,SHORT,2869.03,2871.16,2871.16,2865.84,2871.16,2.13,3.01,6.41,-6.41,-1,BREAKEVEN,NO,634.72
1173,2025-02-06,08:50,09:45,LONG,2860.62,2857.56,2857.56,2865.21,2857.56,3.06,2.07,6.35,-6.35,-1,BREAKEVEN,NO,628.38
1174,2025-02-06,09:45,10:20,LONG,2857.71,2853.55,2853.55,2863.95,2853.55,4.16,1.51,6.28,-6.28,-1,BREAKEVEN,NO,622.09
1175,2025-02-06,10:55,11:00,LONG,2856.07,2853.35,2856.37,2860.15,2856.37,2.72,2.29,6.22,0.69,0.11,BREAKEVEN,YES,622.78
1176,2025-02-06,11:45,12:05,SHORT,2858.44,2860.45,2858.14,2855.43,2858.14,2.01,3.1,6.23,0.93,0.15,BREAKEVEN,YES,623.71
1177,2025-02-06,12:30,13:35,SHORT,2859.84,2862.54,2862.54,2855.79,2862.54,2.7,2.31,6.24,-6.24,-1,BREAKEVEN,NO,617.47
1178,2025-02-06,13:25,13:35,LONG,2860.2,2856.8,2860.53,2865.3,2865.3,3.4,1.82,6.17,9.26,1.5,BREAKEVEN,YES,626.73
1179,2025-02-06,14:10,14:55,SHORT,2867.6,2870.04,2866.13,2863.94,2863.94,2.44,2.57,6.27,9.4,1.5,BREAKEVEN,YES,636.13
1180,2025-02-06,15:00,15:10,LONG,2863.58,2860.38,2860.38,2868.38,2860.38,3.2,1.99,6.36,-6.36,-1,BREAKEVEN,NO,629.77
1181,2025-02-06,15:45,15:55,LONG,2859.88,2856.71,2856.71,2864.64,2856.71,3.17,1.99,6.3,-6.3,-1,BREAKEVEN,NO,623.47
1182,2025-02-06,16:50,16:55,SHORT,2849.73,2853.26,2849.43,2844.43,2844.43,3.53,1.77,6.23,9.35,1.5,BREAKEVEN,YES,632.83
1183,2025-02-07,08:15,08:25,LONG,2862.26,2860.23,2862.56,2865.31,2865.31,2.03,3.12,6.33,9.49,1.5,BREAKEVEN,YES,642.32
1184,2025-02-07,09:00,09:15,LONG,2861.01,2858.57,2863.03,2864.67,2864.67,2.44,2.63,6.42,9.63,1.5,BREAKEVEN,YES,651.95
1185,2025-02-07,11:15,11:45,SHORT,2868.4,2870.45,2870.45,2865.33,2870.45,2.05,3.18,6.52,-6.52,-1,BREAKEVEN,NO,645.43
1186,2025-02-07,12:00,12:05,LONG,2868.85,2866.99,2866.99,2871.64,2866.99,1.86,3.47,6.45,-6.45,-1,BREAKEVEN,NO,638.98
1187,2025-02-07,13:55,14:15,SHORT,2867.63,2869.72,2866.49,2864.5,2864.5,2.09,3.06,6.39,9.58,1.5,BREAKEVEN,YES,648.56
1188,2025-02-07,15:45,15:50,LONG,2863.44,2859.1,2859.1,2869.95,2859.1,4.34,1.49,6.49,-6.49,-1,BREAKEVEN,NO,642.08
1189,2025-02-07,16:30,16:35,SHORT,2872.47,2876.7,2876.7,2866.13,2876.7,4.23,1.52,6.42,-6.42,-1,BREAKEVEN,NO,635.66
1190,2025-02-10,08:10,08:25,SHORT,2882.35,2885.02,2885.02,2878.34,2885.02,2.67,2.38,6.36,-6.36,-1,BREAKEVEN,NO,629.3
1191,2025-02-10,08:55,09:25,SHORT,2888.23,2891.6,2891.6,2883.18,2891.6,3.37,1.87,6.29,-6.29,-1,BREAKEVEN,NO,623.01
1192,2025-02-10,09:55,10:25,SHORT,2895.45,2898.01,2894.91,2891.61,2894.91,2.56,2.43,6.23,1.31,0.21,BREAKEVEN,YES,624.32
1193,2025-02-10,10:40,11:05,SHORT,2897.42,2900.29,2900.29,2893.12,2900.29,2.87,2.18,6.24,-6.24,-1,BREAKEVEN,NO,618.08
1194,2025-02-10,11:35,12:00,SHORT,2901.24,2904.56,2904.56,2896.26,2904.56,3.32,1.86,6.18,-6.18,-1,BREAKEVEN,NO,611.9
1195,2025-02-10,12:25,12:30,LONG,2902.17,2899.95,2899.95,2905.5,2899.95,2.22,2.76,6.12,-6.12,-1,BREAKEVEN,NO,605.78
1196,2025-02-10,13:40,14:10,SHORT,2904.15,2906.74,2906.74,2900.27,2906.74,2.59,2.34,6.06,-6.06,-1,BREAKEVEN,NO,599.72
1197,2025-02-10,14:30,15:15,SHORT,2904.38,2907.68,2907.68,2899.43,2907.68,3.3,1.82,6,-6,-1,BREAKEVEN,NO,593.72
1198,2025-02-10,15:30,15:40,LONG,2903.26,2900.08,2900.08,2908.03,2900.08,3.18,1.87,5.94,-5.94,-1,BREAKEVEN,NO,587.79
1199,2025-02-10,16:35,17:30,LONG,2905.74,2900.28,2906.04,2913.93,2906.04,5.46,1.08,5.88,0.32,0.05,BREAKEVEN,YES,588.11
1200,2025-02-11,08:05,08:20,SHORT,2927.76,2930.76,2925.92,2923.26,2923.26,3,1.96,5.88,8.82,1.5,BREAKEVEN,YES,596.93
1201,2025-02-11,09:40,09:55,SHORT,2910.19,2912.99,2912.99,2905.99,2912.99,2.8,2.13,5.97,-5.97,-1,BREAKEVEN,NO,590.96
1202,2025-02-11,10:40,10:50,LONG,2911.56,2908.55,2908.55,2916.07,2908.55,3.01,1.96,5.91,-5.91,-1,BREAKEVEN,NO,585.05
1203,2025-02-11,12:10,12:40,LONG,2905.71,2903.38,2903.38,2909.2,2903.38,2.33,2.51,5.85,-5.85,-1,BREAKEVEN,NO,579.2
1204,2025-02-11,12:55,13:05,LONG,2902.46,2900.46,2902.87,2905.46,2905.46,2,2.9,5.79,8.69,1.5,BREAKEVEN,YES,587.89
1205,2025-02-11,14:20,14:40,LONG,2901.1,2898.22,2898.22,2905.42,2898.22,2.88,2.04,5.88,-5.88,-1,BREAKEVEN,NO,582.01
1206,2025-02-11,15:05,15:35,SHORT,2885.3,2891.35,2891.35,2876.23,2891.35,6.05,0.96,5.82,-5.82,-1,BREAKEVEN,NO,576.19
1207,2025-02-11,16:50,16:55,LONG,2900.23,2896.55,2896.55,2905.75,2896.55,3.68,1.57,5.76,-5.76,-1,BREAKEVEN,NO,570.43
1208,2025-02-12,08:25,08:40,LONG,2890.05,2887.36,2887.36,2894.09,2887.36,2.69,2.12,5.7,-5.7,-1,BREAKEVEN,NO,564.73
1209,2025-02-12,09:10,10:00,LONG,2893.68,2890.47,2890.47,2898.49,2890.47,3.21,1.76,5.65,-5.65,-1,BREAKEVEN,NO,559.08
1210,2025-02-12,10:00,10:10,LONG,2892.78,2888.78,2888.78,2898.78,2888.78,4,1.4,5.59,-5.59,-1,BREAKEVEN,NO,553.49
1211,2025-02-12,10:45,11:30,LONG,2892.27,2889.33,2889.33,2896.68,2889.33,2.94,1.88,5.53,-5.53,-1,BREAKEVEN,NO,547.95
1212,2025-02-12,11:30,11:45,SHORT,2889.84,2892.24,2889.54,2886.24,2889.54,2.4,2.28,5.48,0.68,0.13,BREAKEVEN,YES,548.64
1213,2025-02-12,12:15,12:25,SHORT,2887.38,2889.67,2889.67,2883.95,2889.67,2.29,2.4,5.49,-5.49,-1,BREAKEVEN,NO,543.15
1214,2025-02-12,13:10,13:30,LONG,2880.35,2878.2,2880.65,2883.57,2883.57,2.15,2.53,5.43,8.15,1.5,BREAKEVEN,YES,551.3
1215,2025-02-12,14:15,14:20,LONG,2881.64,2879.53,2881.94,2884.8,2881.94,2.11,2.61,5.51,0.78,0.14,BREAKEVEN,YES,552.08
1216,2025-02-12,15:25,15:30,LONG,2877.71,2873.39,2873.39,2884.19,2873.39,4.32,1.28,5.52,-5.52,-1,BREAKEVEN,NO,546.56
1217,2025-02-12,16:15,16:25,LONG,2892.86,2889.9,2893.16,2897.3,2893.16,2.96,1.85,5.47,0.55,0.1,BREAKEVEN,YES,547.12
1218,2025-02-13,08:15,08:35,SHORT,2917.03,2919.51,2915.3,2913.31,2913.31,2.48,2.21,5.47,8.21,1.5,BREAKEVEN,YES,555.32
1219,2025-02-13,09:30,09:45,SHORT,2917.64,2921.88,2917.34,2911.28,2917.34,4.24,1.31,5.55,0.39,0.07,BREAKEVEN,YES,555.71
1220,2025-02-13,10:40,11:45,LONG,2911.78,2908.06,2913.2,2917.36,2917.36,3.72,1.49,5.56,8.34,1.5,BREAKEVEN,YES,564.05
1221,2025-02-13,12:20,12:20,SHORT,2917.11,2919.57,2919.57,2913.42,2919.57,2.46,2.29,5.64,-5.64,-1,BREAKEVEN,NO,558.41
1222,2025-02-13,13:10,13:45,SHORT,2917.71,2919.77,2917.41,2914.62,2917.41,2.06,2.71,5.58,0.81,0.15,BREAKEVEN,YES,559.22
1223,2025-02-13,14:05,14:35,SHORT,2918.67,2920.79,2920.79,2915.49,2920.79,2.12,2.64,5.59,-5.59,-1,BREAKEVEN,NO,553.63
1224,2025-02-13,15:40,15:50,LONG,2912.7,2909.03,2909.03,2918.2,2909.03,3.67,1.51,5.54,-5.54,-1,BREAKEVEN,NO,548.09
1225,2025-02-13,16:30,16:35,SHORT,2910.07,2913.36,2913.36,2905.14,2913.36,3.29,1.67,5.48,-5.48,-1,BREAKEVEN,NO,542.61
1226,2025-02-14,08:05,08:50,LONG,2932.45,2929.18,2934.81,2937.35,2934.81,3.27,1.66,5.43,3.92,0.72,BREAKEVEN,YES,546.53
1227,2025-02-14,09:50,09:55,SHORT,2933.84,2936.45,2933.54,2929.93,2933.54,2.61,2.09,5.47,0.63,0.11,BREAKEVEN,YES,547.16
1228,2025-02-14,10:55,11:10,SHORT,2935.12,2937.35,2937.35,2931.77,2937.35,2.23,2.45,5.47,-5.47,-1,BREAKEVEN,NO,541.69
1229,2025-02-14,12:00,12:15,SHORT,2934.82,2937.63,2937.63,2930.61,2937.63,2.81,1.93,5.42,-5.42,-1,BREAKEVEN,NO,536.27
1230,2025-02-14,12:50,13:10,SHORT,2935.71,2937.79,2935.41,2932.59,2935.41,2.08,2.58,5.36,0.77,0.14,BREAKEVEN,YES,537.04
1231,2025-02-14,14:00,14:40,LONG,2931.11,2928.36,2928.36,2935.24,2928.36,2.75,1.95,5.37,-5.37,-1,BREAKEVEN,NO,531.67
1232,2025-02-14,14:45,15:05,SHORT,2929.55,2932.01,2929.25,2925.86,2925.86,2.46,2.16,5.32,7.98,1.5,BREAKEVEN,YES,539.65
1233,2025-02-14,15:55,16:00,SHORT,2920.53,2922.94,2920.23,2916.92,2916.92,2.41,2.24,5.4,8.09,1.5,BREAKEVEN,YES,547.74
1234,2025-02-14,16:45,17:00,LONG,2922.21,2917.33,2917.33,2929.53,2917.33,4.88,1.12,5.48,-5.48,-1,BREAKEVEN,NO,542.27
1235,2025-02-17,08:00,08:25,LONG,2893.75,2889.96,2889.96,2899.43,2889.96,3.79,1.43,5.42,-5.42,-1,BREAKEVEN,NO,536.84
1236,2025-02-17,09:05,09:10,SHORT,2898.44,2900.71,2900.71,2895.03,2900.71,2.27,2.36,5.37,-5.37,-1,BREAKEVEN,NO,531.47
1237,2025-02-17,10:05,10:30,LONG,2901.34,2898.28,2898.28,2905.93,2898.28,3.06,1.74,5.31,-5.31,-1,BREAKEVEN,NO,526.16
1238,2025-02-17,11:15,12:25,SHORT,2903.96,2907.72,2901.96,2898.32,2898.32,3.76,1.4,5.26,7.89,1.5,BREAKEVEN,YES,534.05
1239,2025-02-17,12:00,12:25,LONG,2902.23,2900.13,2900.13,2905.38,2900.13,2.1,2.54,5.34,-5.34,-1,BREAKEVEN,NO,528.71
1240,2025-02-17,13:35,14:05,LONG,2901.07,2898.6,2898.6,2904.78,2898.6,2.47,2.14,5.29,-5.29,-1,BREAKEVEN,NO,523.42
1241,2025-02-17,14:25,14:25,SHORT,2897.23,2900.5,2900.5,2892.32,2900.5,3.27,1.6,5.23,-5.23,-1,BREAKEVEN,NO,518.19
1242,2025-02-17,15:10,15:10,SHORT,2897.48,2899.59,2899.59,2894.31,2899.59,2.11,2.46,5.18,-5.18,-1,BREAKEVEN,NO,513.01
1243,2025-02-17,16:05,16:45,SHORT,2897.39,2900.34,2900.34,2892.96,2900.34,2.95,1.74,5.13,-5.13,-1,BREAKEVEN,NO,507.88
1244,2025-02-17,16:50,16:55,SHORT,2900.35,2902.73,2902.73,2896.78,2902.73,2.38,2.13,5.08,-5.08,-1,BREAKEVEN,NO,502.8
1245,2025-02-18,08:10,08:10,LONG,2913.9,2910.32,2910.32,2919.27,2910.32,3.58,1.4,5.03,-5.03,-1,BREAKEVEN,NO,497.77
1246,2025-02-18,09:05,09:40,SHORT,2914.76,2916.94,2913.54,2911.49,2911.49,2.18,2.28,4.98,7.47,1.5,BREAKEVEN,YES,505.24
1247,2025-02-18,09:55,10:00,LONG,2911.54,2909.28,2909.28,2914.93,2909.28,2.26,2.24,5.05,-5.05,-1,BREAKEVEN,NO,500.19
1248,2025-02-18,10:40,10:40,SHORT,2911.94,2914.77,2914.77,2907.7,2914.77,2.83,1.77,5,-5,-1,BREAKEVEN,NO,495.18
1249,2025-02-18,11:25,12:30,LONG,2912.06,2909.56,2909.56,2915.81,2909.56,2.5,1.98,4.95,-4.95,-1,BREAKEVEN,NO,490.23
1250,2025-02-18,12:10,12:30,SHORT,2911.61,2913.85,2911.31,2908.25,2908.25,2.24,2.19,4.9,7.35,1.5,BREAKEVEN,YES,497.59
1251,2025-02-18,12:55,14:00,LONG,2911.24,2908.67,2912.5,2915.09,2915.09,2.57,1.94,4.98,7.46,1.5,BREAKEVEN,YES,505.05
1252,2025-02-18,13:55,14:40,SHORT,2914.19,2916.46,2916.46,2910.78,2916.46,2.27,2.22,5.05,-5.05,-1,BREAKEVEN,NO,500
1253,2025-02-18,14:45,15:10,SHORT,2917.79,2920.32,2916.38,2913.99,2913.99,2.53,1.98,5,7.5,1.5,BREAKEVEN,YES,507.5
1254,2025-02-18,15:50,16:10,SHORT,2919.19,2921.4,2921.4,2915.88,2921.4,2.21,2.3,5.07,-5.07,-1,BREAKEVEN,NO,502.42
1255,2025-02-18,16:50,17:10,SHORT,2926.71,2929.14,2929.14,2923.07,2929.14,2.43,2.07,5.02,-5.02,-1,BREAKEVEN,NO,497.4
1256,2025-02-19,10:20,10:40,SHORT,2937.62,2940.07,2940.07,2933.94,2940.07,2.45,2.03,4.97,-4.97,-1,BREAKEVEN,NO,492.43
1257,2025-02-19,11:05,11:15,LONG,2938.75,2936.65,2939.05,2941.9,2941.9,2.1,2.34,4.92,7.39,1.5,BREAKEVEN,YES,499.81
1258,2025-02-19,12:25,13:35,SHORT,2944.14,2947.13,2943.84,2939.65,2943.84,2.99,1.67,5,0.5,0.1,BREAKEVEN,YES,500.31
1259,2025-02-19,13:20,13:35,SHORT,2943.8,2946.04,2943.5,2940.44,2940.44,2.24,2.23,5,7.5,1.5,BREAKEVEN,YES,507.82
1260,2025-02-19,15:05,15:15,SHORT,2940.42,2943.14,2940.12,2936.34,2940.12,2.72,1.87,5.08,0.56,0.11,BREAKEVEN,YES,508.38
1261,2025-02-19,16:10,16:15,LONG,2939.12,2936.77,2936.77,2942.64,2936.77,2.35,2.16,5.08,-5.08,-1,BREAKEVEN,NO,503.29
1262,2025-02-19,16:55,17:20,SHORT,2938.13,2942.12,2937.83,2932.15,2937.83,3.99,1.26,5.03,0.38,0.08,BREAKEVEN,YES,503.67
1263,2025-02-20,08:10,08:50,SHORT,2945.48,2947.83,2947.83,2941.95,2947.83,2.35,2.14,5.04,-5.04,-1,BREAKEVEN,NO,498.64
1264,2025-02-20,09:05,09:30,SHORT,2948.39,2950.55,2950.55,2945.15,2950.55,2.16,2.31,4.99,-4.99,-1,BREAKEVEN,NO,493.65
1265,2025-02-20,10:05,10:05,SHORT,2953.63,2955.78,2955.78,2950.4,2955.78,2.15,2.3,4.94,-4.94,-1,BREAKEVEN,NO,488.71
1266,2025-02-20,11:10,11:30,SHORT,2953.68,2955.74,2953.38,2950.59,2953.38,2.06,2.37,4.89,0.71,0.15,BREAKEVEN,YES,489.42
1267,2025-02-20,11:55,12:20,SHORT,2951.61,2954.78,2954.78,2946.86,2954.78,3.17,1.54,4.89,-4.89,-1,BREAKEVEN,NO,484.53
1268,2025-02-20,12:40,13:45,LONG,2952.58,2947.6,2947.6,2960.05,2947.6,4.98,0.97,4.85,-4.85,-1,BREAKEVEN,NO,479.68
1269,2025-02-20,13:30,13:45,SHORT,2951.36,2953.98,2950.53,2947.43,2947.43,2.62,1.83,4.8,7.2,1.5,BREAKEVEN,YES,486.88
1270,2025-02-20,15:00,15:45,SHORT,2943.52,2948.64,2940.66,2935.84,2935.84,5.12,0.95,4.87,7.3,1.5,BREAKEVEN,YES,494.18
1271,2025-02-20,15:50,16:00,LONG,2936.65,2932.44,2932.44,2942.97,2932.44,4.21,1.17,4.94,-4.94,-1,BREAKEVEN,NO,489.24
1272,2025-02-20,16:50,17:00,SHORT,2937.74,2941.36,2936.74,2932.31,2932.31,3.62,1.35,4.89,7.34,1.5,BREAKEVEN,YES,496.58
1273,2025-02-21,08:10,08:30,SHORT,2928.92,2931.43,2931.43,2925.16,2931.43,2.51,1.98,4.97,-4.97,-1,BREAKEVEN,NO,491.61
1274,2025-02-21,08:55,09:25,LONG,2929.77,2927.37,2930.92,2933.37,2930.92,2.4,2.05,4.92,2.36,0.48,BREAKEVEN,YES,493.97
1275,2025-02-21,10:00,10:20,SHORT,2928.24,2932.8,2922.58,2921.4,2921.4,4.56,1.08,4.94,7.41,1.5,BREAKEVEN,YES,501.38
1276,2025-02-21,10:45,11:00,LONG,2922.9,2919.67,2923.2,2927.74,2923.2,3.23,1.55,5.01,0.47,0.09,BREAKEVEN,YES,501.85
1277,2025-02-21,11:35,12:00,SHORT,2927.09,2930.63,2930.63,2921.78,2930.63,3.54,1.42,5.02,-5.02,-1,BREAKEVEN,NO,496.83
1278,2025-02-21,12:30,13:05,LONG,2929.74,2927.72,2930.04,2932.77,2930.04,2.02,2.46,4.97,0.74,0.15,BREAKEVEN,YES,497.56
1279,2025-02-21,13:35,13:55,LONG,2932.8,2929.3,2929.3,2938.05,2929.3,3.5,1.42,4.98,-4.98,-1,BREAKEVEN,NO,492.59
1280,2025-02-21,14:55,15:10,SHORT,2930.11,2933.03,2933.03,2925.73,2933.03,2.92,1.69,4.93,-4.93,-1,BREAKEVEN,NO,487.66
1281,2025-02-21,15:45,16:05,SHORT,2930.38,2932.96,2932.96,2926.51,2932.96,2.58,1.89,4.88,-4.88,-1,BREAKEVEN,NO,482.79
1282,2025-02-21,16:35,16:45,LONG,2929.64,2926.74,2931.44,2933.99,2933.99,2.9,1.66,4.83,7.24,1.5,BREAKEVEN,YES,490.03
1283,2025-02-24,08:30,09:30,SHORT,2938.97,2941.92,2941.92,2934.54,2941.92,2.95,1.66,4.9,-4.9,-1,BREAKEVEN,NO,485.13
1284,2025-02-24,09:15,09:40,LONG,2939.99,2937.73,2941.01,2943.38,2943.38,2.26,2.15,4.85,7.28,1.5,BREAKEVEN,YES,492.4
1285,2025-02-24,10:20,10:40,LONG,2941.2,2938.99,2938.99,2944.51,2938.99,2.21,2.23,4.92,-4.92,-1,BREAKEVEN,NO,487.48
1286,2025-02-24,11:05,11:20,SHORT,2946.91,2949.74,2946.61,2942.66,2946.61,2.83,1.72,4.87,0.52,0.11,BREAKEVEN,YES,488
1287,2025-02-24,12:35,12:45,LONG,2939.45,2936.86,2936.86,2943.33,2936.86,2.59,1.88,4.88,-4.88,-1,BREAKEVEN,NO,483.12
1288,2025-02-24,13:50,14:00,SHORT,2946.18,2949.01,2949.01,2941.93,2949.01,2.83,1.71,4.83,-4.83,-1,BREAKEVEN,NO,478.29
1289,2025-02-24,14:35,15:00,SHORT,2946.44,2949.05,2949.05,2942.52,2949.05,2.61,1.83,4.78,-4.78,-1,BREAKEVEN,NO,473.5
1290,2025-02-24,15:20,15:40,SHORT,2947.55,2951.77,2951.77,2941.22,2951.77,4.22,1.12,4.74,-4.74,-1,BREAKEVEN,NO,468.77
1291,2025-02-24,16:25,16:35,LONG,2942.48,2937.86,2937.86,2949.41,2937.86,4.62,1.01,4.69,-4.69,-1,BREAKEVEN,NO,464.08
1292,2025-02-25,08:05,08:45,SHORT,2937.3,2939.56,2936.17,2933.91,2933.91,2.26,2.05,4.64,6.96,1.5,BREAKEVEN,YES,471.04
1293,2025-02-25,09:10,09:30,SHORT,2939.05,2941.85,2938.75,2934.85,2938.75,2.8,1.68,4.71,0.5,0.11,BREAKEVEN,YES,471.55
1294,2025-02-25,10:00,10:35,LONG,2931.25,2928.02,2934.4,2936.1,2936.1,3.23,1.46,4.72,7.07,1.5,BREAKEVEN,YES,478.62
1295,2025-02-25,11:05,11:05,SHORT,2939.97,2942.62,2942.62,2935.99,2942.62,2.65,1.81,4.79,-4.79,-1,BREAKEVEN,NO,473.83
1296,2025-02-25,11:50,12:00,LONG,2940.78,2938.06,2938.06,2944.86,2938.06,2.72,1.74,4.74,-4.74,-1,BREAKEVEN,NO,469.1
1297,2025-02-25,12:45,13:00,LONG,2940.31,2937.43,2937.43,2944.63,2937.43,2.88,1.63,4.69,-4.69,-1,BREAKEVEN,NO,464.4
1298,2025-02-25,13:30,14:00,SHORT,2939.92,2941.96,2939.62,2936.86,2939.62,2.04,2.28,4.64,0.68,0.15,BREAKEVEN,YES,465.09
1299,2025-02-25,14:15,14:20,LONG,2940.97,2938.53,2938.53,2944.63,2938.53,2.44,1.91,4.65,-4.65,-1,BREAKEVEN,NO,460.44
1300,2025-02-25,15:00,15:45,LONG,2929.63,2924.74,2932.29,2936.97,2936.97,4.89,0.94,4.6,6.91,1.5,BREAKEVEN,YES,467.34
1301,2025-02-25,16:30,16:40,LONG,2942.84,2939.6,2939.6,2947.7,2939.6,3.24,1.44,4.67,-4.67,-1,BREAKEVEN,NO,462.67
1302,2025-02-26,08:15,08:30,LONG,2910.28,2908.2,2910.58,2913.4,2910.58,2.08,2.22,4.63,0.67,0.14,BREAKEVEN,YES,463.34
1303,2025-02-26,09:00,09:10,SHORT,2907.39,2910.21,2910.21,2903.16,2910.21,2.82,1.64,4.63,-4.63,-1,BREAKEVEN,NO,458.7
1304,2025-02-26,10:25,10:50,LONG,2911.52,2908.39,2913.02,2916.22,2916.22,3.13,1.47,4.59,6.88,1.5,BREAKEVEN,YES,465.58
1305,2025-02-26,15:05,15:40,LONG,2913.17,2909.98,2909.98,2917.95,2909.98,3.19,1.46,4.66,-4.66,-1,BREAKEVEN,NO,460.93
1306,2025-02-26,16:10,16:30,LONG,2896.13,2891,2891,2903.83,2891,5.13,0.9,4.61,-4.61,-1,BREAKEVEN,NO,456.32
1307,2025-02-27,08:10,08:30,LONG,2894.63,2892.44,2894.93,2897.91,2897.91,2.19,2.08,4.56,6.84,1.5,BREAKEVEN,YES,463.16
1308,2025-02-27,09:00,09:05,LONG,2893.28,2891.04,2891.04,2896.64,2891.04,2.24,2.07,4.63,-4.63,-1,BREAKEVEN,NO,458.53
1309,2025-02-27,09:50,10:00,LONG,2893.13,2890.74,2890.74,2896.72,2890.74,2.39,1.92,4.59,-4.59,-1,BREAKEVEN,NO,453.95
1310,2025-02-27,11:05,11:10,LONG,2879.64,2875.6,2879.94,2885.7,2885.7,4.04,1.12,4.54,6.81,1.5,BREAKEVEN,YES,460.76
1311,2025-02-27,11:50,12:20,SHORT,2887.5,2889.64,2889.64,2884.29,2889.64,2.14,2.15,4.61,-4.61,-1,BREAKEVEN,NO,456.15
1312,2025-02-27,13:05,13:35,LONG,2891.96,2887.05,2887.05,2899.32,2887.05,4.91,0.93,4.56,-4.56,-1,BREAKEVEN,NO,451.59
1313,2025-02-27,14:25,14:40,LONG,2885.15,2882.42,2885.45,2889.24,2885.45,2.73,1.65,4.52,0.5,0.11,BREAKEVEN,YES,452.08
1314,2025-02-27,15:10,15:20,LONG,2886.47,2883.49,2887.89,2890.94,2890.94,2.98,1.52,4.52,6.78,1.5,BREAKEVEN,YES,458.86
1315,2025-02-27,15:55,16:35,LONG,2888.97,2885.07,2885.07,2894.82,2885.07,3.9,1.18,4.59,-4.59,-1,BREAKEVEN,NO,454.28
1316,2025-02-27,16:50,17:00,LONG,2871.92,2866.29,2872.22,2880.37,2880.37,5.63,0.81,4.54,6.81,1.5,BREAKEVEN,YES,461.09
1317,2025-02-28,08:10,08:30,LONG,2863.18,2860.44,2863.69,2867.29,2863.69,2.74,1.68,4.61,0.86,0.19,BREAKEVEN,YES,461.95
1318,2025-02-28,09:30,10:20,SHORT,2859.23,2862.85,2856.04,2853.8,2853.8,3.62,1.28,4.62,6.93,1.5,BREAKEVEN,YES,468.88
1319,2025-02-28,10:20,10:45,LONG,2855.02,2852.12,2852.12,2859.37,2852.12,2.9,1.62,4.69,-4.69,-1,BREAKEVEN,NO,464.19
1320,2025-02-28,11:10,11:30,LONG,2860.25,2857.46,2861.52,2864.43,2861.52,2.79,1.66,4.64,2.11,0.46,BREAKEVEN,YES,466.3
1321,2025-02-28,12:00,12:05,LONG,2861.85,2859.43,2862.15,2865.48,2862.15,2.42,1.93,4.66,0.58,0.12,BREAKEVEN,YES,466.88
1322,2025-02-28,13:10,13:20,LONG,2862.72,2859.94,2859.94,2866.89,2859.94,2.78,1.68,4.67,-4.67,-1,BREAKEVEN,NO,462.21
1323,2025-02-28,14:10,14:35,LONG,2862.72,2859.77,2859.77,2867.14,2859.77,2.95,1.57,4.62,-4.62,-1,BREAKEVEN,NO,457.59
1324,2025-02-28,15:00,15:15,SHORT,2857.62,2861.38,2861.38,2851.98,2861.38,3.76,1.22,4.58,-4.58,-1,BREAKEVEN,NO,453.01
1325,2025-02-28,16:05,16:25,LONG,2845.14,2840.7,2847.44,2851.8,2847.44,4.44,1.02,4.53,2.35,0.52,BREAKEVEN,YES,455.36
1326,2025-02-28,16:50,17:10,SHORT,2835.75,2840.49,2840.49,2828.64,2840.49,4.74,0.96,4.55,-4.55,-1,BREAKEVEN,NO,450.81
1327,2025-03-03,09:15,10:25,LONG,2862.51,2859.9,2859.9,2866.43,2859.9,2.61,1.73,4.51,-4.51,-1,BREAKEVEN,NO,446.3
1328,2025-03-03,10:00,10:20,LONG,2863.16,2860.45,2860.45,2867.22,2860.45,2.71,1.65,4.46,-4.46,-1,BREAKEVEN,NO,441.84
1329,2025-03-03,11:05,11:30,LONG,2869.02,2866.74,2869.32,2872.44,2869.32,2.28,1.94,4.42,0.58,0.13,BREAKEVEN,YES,442.42
1330,2025-03-03,12:00,12:20,SHORT,2868.29,2870.55,2870.55,2864.9,2870.55,2.26,1.96,4.42,-4.42,-1,BREAKEVEN,NO,437.99
1331,2025-03-03,13:00,13:15,LONG,2872.45,2869.75,2872.75,2876.5,2872.75,2.7,1.62,4.38,0.49,0.11,BREAKEVEN,YES,438.48
1332,2025-03-03,13:55,14:30,SHORT,2874.36,2876.73,2876.73,2870.81,2876.73,2.37,1.85,4.38,-4.38,-1,BREAKEVEN,NO,434.09
1333,2025-03-03,14:50,15:00,SHORT,2876.5,2878.75,2876.2,2873.13,2876.2,2.25,1.93,4.34,0.58,0.13,BREAKEVEN,YES,434.67
1334,2025-03-03,15:40,16:30,LONG,2873.03,2870.36,2873.33,2877.04,2877.04,2.67,1.63,4.35,6.52,1.5,BREAKEVEN,YES,441.19
1335,2025-03-04,08:05,08:20,SHORT,2889.17,2891.46,2888.87,2885.74,2888.87,2.29,1.93,4.41,0.58,0.13,BREAKEVEN,YES,441.77
1336,2025-03-04,09:00,09:05,SHORT,2887.72,2889.84,2889.84,2884.54,2889.84,2.12,2.08,4.42,-4.42,-1,BREAKEVEN,NO,437.35
1337,2025-03-04,09:50,10:05,SHORT,2898.31,2900.48,2900.48,2895.05,2900.48,2.17,2.02,4.37,-4.37,-1,BREAKEVEN,NO,432.98
1338,2025-03-04,10:45,11:15,LONG,2912.58,2909.82,2914.25,2916.72,2916.72,2.76,1.57,4.33,6.49,1.5,BREAKEVEN,YES,439.47
1339,2025-03-04,11:30,11:35,SHORT,2920.49,2922.85,2920.19,2916.95,2920.19,2.36,1.86,4.39,0.56,0.13,BREAKEVEN,YES,440.03
1340,2025-03-04,12:40,13:10,SHORT,2914.56,2917.71,2917.71,2909.84,2917.71,3.15,1.4,4.4,-4.4,-1,BREAKEVEN,NO,435.63
1341,2025-03-04,13:25,13:35,SHORT,2917.2,2919.17,2919.17,2914.24,2919.17,1.97,2.21,4.36,-4.36,-1,BREAKEVEN,NO,431.28
1342,2025-03-04,14:10,14:30,LONG,2920.99,2918.34,2921.29,2924.96,2921.29,2.65,1.63,4.31,0.49,0.11,BREAKEVEN,YES,431.76
1343,2025-03-04,15:45,16:10,LONG,2922.3,2918.38,2918.38,2928.18,2918.38,3.92,1.1,4.32,-4.32,-1,BREAKEVEN,NO,427.45
1344,2025-03-04,16:30,16:55,SHORT,2913.87,2920.55,2911.28,2903.85,2903.85,6.68,0.64,4.27,6.41,1.5,BREAKEVEN,YES,433.86
1345,2025-03-05,08:15,08:20,SHORT,2920.27,2923.13,2919.97,2915.98,2919.97,2.86,1.52,4.34,0.46,0.1,BREAKEVEN,YES,434.31
1346,2025-03-05,09:05,09:40,SHORT,2918.57,2921.3,2917.05,2914.48,2917.05,2.73,1.59,4.34,2.42,0.56,BREAKEVEN,YES,436.73
1347,2025-03-05,10:05,10:05,SHORT,2918.9,2922.64,2922.64,2913.29,2922.64,3.74,1.17,4.37,-4.37,-1,BREAKEVEN,NO,432.36
1348,2025-03-05,10:50,11:00,SHORT,2920.19,2922.42,2922.42,2916.85,2922.42,2.23,1.94,4.32,-4.32,-1,BREAKEVEN,NO,428.04
1349,2025-03-05,11:50,12:20,SHORT,2918.35,2920.85,2918.05,2914.6,2914.6,2.5,1.71,4.28,6.42,1.5,BREAKEVEN,YES,434.46
1350,2025-03-05,12:55,12:55,LONG,2913.37,2907.57,2907.57,2922.07,2907.57,5.8,0.75,4.34,-4.34,-1,BREAKEVEN,NO,430.12
1351,2025-03-05,13:55,14:00,LONG,2913.2,2910.47,2913.5,2917.3,2913.5,2.73,1.58,4.3,0.47,0.11,BREAKEVEN,YES,430.59
1352,2025-03-05,15:20,15:30,LONG,2912.74,2909.84,2909.84,2917.09,2909.84,2.9,1.48,4.31,-4.31,-1,BREAKEVEN,NO,426.28
1353,2025-03-05,16:15,16:35,LONG,2901.75,2896.17,2908.08,2910.12,2910.12,5.58,0.76,4.26,6.39,1.5,BREAKEVEN,YES,432.68
1354,2025-03-06,08:10,09:05,LONG,2922.16,2919.66,2919.66,2925.91,2919.66,2.5,1.73,4.33,-4.33,-1,BREAKEVEN,NO,428.35
1355,2025-03-06,09:05,09:20,SHORT,2920.83,2923.42,2920.41,2916.94,2916.94,2.59,1.65,4.28,6.43,1.5,BREAKEVEN,YES,434.78
1356,2025-03-06,10:05,10:10,SHORT,2909.87,2912.49,2909.57,2905.94,2905.94,2.62,1.66,4.35,6.52,1.5,BREAKEVEN,YES,441.3
1357,2025-03-06,10:55,11:00,LONG,2904.78,2901.88,2901.88,2909.13,2901.88,2.9,1.52,4.41,-4.41,-1,BREAKEVEN,NO,436.89
1358,2025-03-06,11:40,11:50,LONG,2898.74,2894.13,2894.13,2905.65,2894.13,4.61,0.95,4.37,-4.37,-1,BREAKEVEN,NO,432.52
1359,2025-03-06,13:40,14:30,LONG,2906.48,2901.39,2901.39,2914.12,2901.39,5.09,0.85,4.33,-4.33,-1,BREAKEVEN,NO,428.19
1360,2025-03-06,14:30,15:05,LONG,2901.16,2897.71,2901.46,2906.33,2906.33,3.45,1.24,4.28,6.42,1.5,BREAKEVEN,YES,434.61
1361,2025-03-06,15:15,16:05,SHORT,2905.47,2910.93,2910.93,2897.28,2910.93,5.46,0.8,4.35,-4.35,-1,BREAKEVEN,NO,430.27
1362,2025-03-06,16:10,16:45,LONG,2908.93,2904.93,2910.64,2914.93,2914.93,4,1.08,4.3,6.45,1.5,BREAKEVEN,YES,436.72
1363,2025-03-06,16:55,17:00,LONG,2915.03,2912.07,2915.33,2919.47,2919.47,2.96,1.48,4.37,6.55,1.5,BREAKEVEN,YES,443.27
1364,2025-03-07,08:00,08:30,LONG,2909.07,2906.74,2910.79,2912.57,2912.57,2.33,1.9,4.43,6.65,1.5,BREAKEVEN,YES,449.92
1365,2025-03-07,08:50,09:50,LONG,2912.16,2909.41,2914.17,2916.28,2916.28,2.75,1.64,4.5,6.75,1.5,BREAKEVEN,YES,456.67
1366,2025-03-07,09:50,10:05,SHORT,2915.82,2918.51,2918.51,2911.78,2918.51,2.69,1.7,4.57,-4.57,-1,BREAKEVEN,NO,452.1
1367,2025-03-07,10:35,10:45,SHORT,2920.11,2922.14,2922.14,2917.07,2922.14,2.03,2.23,4.52,-4.52,-1,BREAKEVEN,NO,447.58
1368,2025-03-07,11:20,12:05,LONG,2921.66,2919.63,2919.63,2924.7,2919.63,2.03,2.2,4.48,-4.48,-1,BREAKEVEN,NO,443.11
1369,2025-03-07,12:05,12:20,LONG,2920.68,2917.42,2917.42,2925.57,2917.42,3.26,1.36,4.43,-4.43,-1,BREAKEVEN,NO,438.68
1370,2025-03-07,13:00,13:05,SHORT,2918.02,2920.13,2920.13,2914.85,2920.13,2.11,2.08,4.39,-4.39,-1,BREAKEVEN,NO,434.29
1371,2025-03-07,13:55,14:20,SHORT,2918.75,2920.91,2920.91,2915.51,2920.91,2.16,2.01,4.34,-4.34,-1,BREAKEVEN,NO,429.95
1372,2025-03-07,14:45,14:55,LONG,2921.85,2918.83,2918.83,2926.38,2918.83,3.02,1.42,4.3,-4.3,-1,BREAKEVEN,NO,425.65
1373,2025-03-07,16:00,16:35,LONG,2909.49,2902,2916.5,2920.72,2920.72,7.49,0.57,4.26,6.38,1.5,BREAKEVEN,YES,432.03
1374,2025-03-07,16:45,16:50,SHORT,2920.5,2924.94,2924.94,2913.84,2924.94,4.44,0.97,4.32,-4.32,-1,BREAKEVEN,NO,427.71
1375,2025-03-10,08:15,08:35,SHORT,2909.49,2913.24,2913.24,2903.86,2913.24,3.75,1.14,4.28,-4.28,-1,BREAKEVEN,NO,423.43
1376,2025-03-10,09:55,10:25,LONG,2908.36,2902.87,2902.87,2916.6,2902.87,5.49,0.77,4.23,-4.23,-1,BREAKEVEN,NO,419.2
1377,2025-03-10,10:45,11:05,LONG,2899.58,2896.37,2900.52,2904.39,2904.39,3.21,1.31,4.19,6.29,1.5,BREAKEVEN,YES,425.49
1378,2025-03-10,12:00,12:20,LONG,2909.34,2904.99,2904.99,2915.87,2904.99,4.35,0.98,4.25,-4.25,-1,BREAKEVEN,NO,421.23
1379,2025-03-10,13:05,13:20,LONG,2901.29,2897.95,2897.95,2906.3,2897.95,3.34,1.26,4.21,-4.21,-1,BREAKEVEN,NO,417.02
1380,2025-03-10,14:15,14:20,LONG,2904.72,2901.73,2901.73,2909.2,2901.73,2.99,1.39,4.17,-4.17,-1,BREAKEVEN,NO,412.85
1381,2025-03-10,15:05,15:20,LONG,2906.72,2903.9,2903.9,2910.95,2903.9,2.82,1.46,4.13,-4.13,-1,BREAKEVEN,NO,408.72
1382,2025-03-10,15:50,16:10,LONG,2901.56,2896.88,2902.86,2908.58,2908.58,4.68,0.87,4.09,6.13,1.5,BREAKEVEN,YES,414.85
1383,2025-03-11,08:40,08:50,SHORT,2900.13,2902.16,2902.16,2897.09,2902.16,2.03,2.04,4.15,-4.15,-1,BREAKEVEN,NO,410.7
1384,2025-03-11,09:25,09:35,LONG,2900.19,2898.04,2898.04,2903.41,2898.04,2.15,1.91,4.11,-4.11,-1,BREAKEVEN,NO,406.6
1385,2025-03-11,10:20,10:30,SHORT,2905.58,2907.69,2907.69,2902.41,2907.69,2.11,1.93,4.07,-4.07,-1,BREAKEVEN,NO,402.53
1386,2025-03-11,11:05,11:05,SHORT,2910.21,2913.11,2913.11,2905.86,2913.11,2.9,1.39,4.03,-4.03,-1,BREAKEVEN,NO,398.51
1387,2025-03-11,11:55,12:25,SHORT,2911.75,2913.85,2913.85,2908.6,2913.85,2.1,1.9,3.99,-3.99,-1,BREAKEVEN,NO,394.52
1388,2025-03-11,13:00,13:30,SHORT,2911.31,2914.1,2914.1,2907.13,2914.1,2.79,1.41,3.95,-3.95,-1,BREAKEVEN,NO,390.58
1389,2025-03-11,13:45,14:25,SHORT,2914.29,2916.8,2913.06,2910.52,2913.06,2.51,1.56,3.91,1.91,0.49,BREAKEVEN,YES,392.49
1390,2025-03-11,14:30,14:40,SHORT,2913.15,2915.67,2915.67,2909.37,2915.67,2.52,1.56,3.92,-3.92,-1,BREAKEVEN,NO,388.56
1391,2025-03-11,15:25,15:30,LONG,2911.3,2908.34,2911.6,2915.74,2911.6,2.96,1.31,3.89,0.39,0.1,BREAKEVEN,YES,388.96
1392,2025-03-11,16:15,17:00,SHORT,2917.83,2922.42,2916.16,2910.94,2916.16,4.59,0.85,3.89,1.42,0.36,BREAKEVEN,YES,390.37
1393,2025-03-12,08:10,08:20,LONG,2920.08,2917.72,2917.72,2923.62,2917.72,2.36,1.65,3.9,-3.9,-1,BREAKEVEN,NO,386.47
1394,2025-03-12,09:20,10:25,LONG,2911.86,2907.52,2916.21,2918.37,2918.37,4.34,0.89,3.86,5.8,1.5,BREAKEVEN,YES,392.27
1395,2025-03-12,10:25,10:45,SHORT,2917.51,2920.22,2920.22,2913.45,2920.22,2.71,1.45,3.92,-3.92,-1,BREAKEVEN,NO,388.34
1396,2025-03-12,11:15,11:40,LONG,2920.12,2916.93,2916.93,2924.9,2916.93,3.19,1.22,3.88,-3.88,-1,BREAKEVEN,NO,384.46
1397,2025-03-12,14:40,15:15,SHORT,2918.91,2923.43,2917.63,2912.13,2912.13,4.52,0.85,3.84,5.77,1.5,BREAKEVEN,YES,390.23
1398,2025-03-12,15:35,15:45,LONG,2911.19,2908.31,2911.49,2915.51,2915.51,2.88,1.35,3.9,5.85,1.5,BREAKEVEN,YES,396.08
1399,2025-03-12,16:35,16:50,SHORT,2917.42,2920.83,2920.83,2912.31,2920.83,3.41,1.16,3.96,-3.96,-1,BREAKEVEN,NO,392.12
1400,2025-03-13,08:20,08:20,SHORT,2938.35,2941.15,2936.14,2934.15,2941.15,2.8,1.4,3.92,-3.92,-1,BREAKEVEN,YES,388.2
1401,2025-03-13,11:45,12:15,SHORT,2947.51,2950.33,2945.51,2943.28,2943.28,2.82,1.38,3.88,5.82,1.5,BREAKEVEN,YES,394.02
1402,2025-03-13,14:05,14:25,SHORT,2947.4,2950.67,2945.43,2942.49,2942.49,3.27,1.2,3.94,5.91,1.5,BREAKEVEN,YES,399.93
1403,2025-03-13,14:55,15:00,LONG,2942.31,2939.54,2939.54,2946.47,2939.54,2.77,1.44,4,-4,-1,BREAKEVEN,NO,395.93
1404,2025-03-13,16:05,16:35,LONG,2953.24,2950.34,2953.71,2957.59,2957.59,2.9,1.37,3.96,5.94,1.5,BREAKEVEN,YES,401.87
1405,2025-03-14,08:20,08:45,LONG,2982.8,2979.75,2983.85,2987.38,2987.38,3.05,1.32,4.02,6.03,1.5,BREAKEVEN,YES,407.9
1406,2025-03-14,10:10,10:30,LONG,2989.79,2986.9,2990.09,2994.13,2990.09,2.89,1.41,4.08,0.42,0.1,BREAKEVEN,YES,408.32
1407,2025-03-14,12:05,12:15,LONG,2998.96,2996.58,3000.01,3002.53,3002.53,2.38,1.72,4.08,6.12,1.5,BREAKEVEN,YES,414.45
1408,2025-03-14,13:35,13:55,SHORT,2997.21,3000.59,2996.91,2992.14,2996.91,3.38,1.23,4.14,0.37,0.09,BREAKEVEN,YES,414.82
1409,2025-03-14,14:35,14:45,SHORT,2998.13,3001.12,2997.83,2993.65,2997.83,2.99,1.39,4.15,0.42,0.1,BREAKEVEN,YES,415.23
1410,2025-03-14,16:20,16:25,SHORT,2989.03,2993.32,2988.73,2982.6,2982.6,4.29,0.97,4.15,6.23,1.5,BREAKEVEN,YES,421.46
1411,2025-03-17,08:30,09:40,LONG,2990.05,2986.62,2986.62,2995.2,2986.62,3.43,1.23,4.21,-4.21,-1,BREAKEVEN,NO,417.25
1412,2025-03-17,09:20,09:40,LONG,2988.83,2986.61,2986.61,2992.16,2986.61,2.22,1.88,4.17,-4.17,-1,BREAKEVEN,NO,413.07
1413,2025-03-17,11:05,11:20,SHORT,2988.97,2991.52,2991.52,2985.14,2991.52,2.55,1.62,4.13,-4.13,-1,BREAKEVEN,NO,408.94
1414,2025-03-17,11:50,12:40,SHORT,2996.3,2998.34,2998.34,2993.24,2998.34,2.04,2,4.09,-4.09,-1,BREAKEVEN,NO,404.85
1415,2025-03-17,12:35,12:50,SHORT,2996.7,2998.92,2998.92,2993.37,2998.92,2.22,1.82,4.05,-4.05,-1,BREAKEVEN,NO,400.81
1416,2025-03-17,13:20,13:40,SHORT,3000.19,3002.62,2999.89,2996.55,2999.89,2.43,1.65,4.01,0.49,0.12,BREAKEVEN,YES,401.3
1417,2025-03-17,15:10,16:05,SHORT,2988.85,2992.17,2992.17,2983.87,2992.17,3.32,1.21,4.01,-4.01,-1,BREAKEVEN,NO,397.29
1418,2025-03-17,16:10,16:40,LONG,2993.24,2988.89,2997.39,2999.76,2999.76,4.35,0.91,3.97,5.96,1.5,BREAKEVEN,YES,403.25
1419,2025-03-18,08:25,08:45,LONG,3011.86,3009.2,3012.61,3015.85,3015.85,2.66,1.52,4.03,6.05,1.5,BREAKEVEN,YES,409.3
1420,2025-03-18,09:30,10:10,SHORT,3016.84,3019.69,3019.69,3012.57,3019.69,2.85,1.44,4.09,-4.09,-1,BREAKEVEN,NO,405.2
1421,2025-03-18,10:30,11:30,SHORT,3025.22,3028.59,3024.49,3020.16,3020.16,3.37,1.2,4.05,6.08,1.5,BREAKEVEN,YES,411.28
1422,2025-03-18,11:15,11:50,SHORT,3024.02,3026.99,3022.64,3019.57,3019.57,2.97,1.38,4.11,6.17,1.5,BREAKEVEN,YES,417.45
1423,2025-03-18,12:20,12:30,SHORT,3024.22,3026.6,3023.92,3020.65,3023.92,2.38,1.75,4.17,0.53,0.13,BREAKEVEN,YES,417.98
1424,2025-03-18,13:05,13:20,SHORT,3023.58,3026.15,3026.15,3019.72,3026.15,2.57,1.63,4.18,-4.18,-1,BREAKEVEN,NO,413.8
1425,2025-03-18,14:10,14:20,SHORT,3030.15,3032.67,3029.85,3026.37,3029.85,2.52,1.64,4.14,0.49,0.12,BREAKEVEN,YES,414.29
1426,2025-03-18,15:00,15:30,SHORT,3035.11,3038.08,3038.08,3030.66,3038.08,2.97,1.39,4.14,-4.14,-1,BREAKEVEN,NO,410.15
1427,2025-03-18,15:50,16:00,SHORT,3035.6,3039.15,3033.52,3030.27,3030.27,3.55,1.16,4.1,6.15,1.5,BREAKEVEN,YES,416.3
1428,2025-03-18,16:35,16:35,SHORT,3028.62,3032.33,3032.33,3023.05,3032.33,3.71,1.12,4.16,-4.16,-1,BREAKEVEN,NO,412.13
1429,2025-03-19,08:05,08:10,SHORT,3042.99,3046.24,3042.69,3038.11,3038.11,3.25,1.27,4.12,6.18,1.5,BREAKEVEN,YES,418.32
1430,2025-03-19,09:00,10:00,SHORT,3040.87,3044.4,3037.81,3035.57,3035.57,3.53,1.19,4.18,6.27,1.5,BREAKEVEN,YES,424.59
1431,2025-03-19,09:50,10:05,SHORT,3037.22,3039.63,3036.87,3033.6,3033.6,2.41,1.76,4.25,6.37,1.5,BREAKEVEN,YES,430.96
1432,2025-03-19,10:45,10:55,SHORT,3028.33,3030.59,3028.03,3024.94,3024.94,2.26,1.91,4.31,6.46,1.5,BREAKEVEN,YES,437.42
1433,2025-03-19,11:30,11:50,SHORT,3028.14,3030.47,3030.47,3024.64,3030.47,2.33,1.88,4.37,-4.37,-1,BREAKEVEN,NO,433.05
1434,2025-03-19,13:30,14:30,LONG,3039.35,3036.76,3036.76,3043.23,3036.76,2.59,1.67,4.33,-4.33,-1,BREAKEVEN,NO,428.72
1435,2025-03-19,14:15,14:30,LONG,3038.95,3036.79,3036.79,3042.19,3036.79,2.16,1.98,4.29,-4.29,-1,BREAKEVEN,NO,424.43
1436,2025-03-19,15:35,15:55,SHORT,3028.64,3032.49,3032.49,3022.86,3032.49,3.85,1.1,4.24,-4.24,-1,BREAKEVEN,NO,420.19
1437,2025-03-19,16:20,16:20,LONG,3029.05,3024.48,3024.48,3035.91,3024.48,4.57,0.92,4.2,-4.2,-1,BREAKEVEN,NO,415.99
1438,2025-03-20,08:15,08:20,LONG,3049.29,3047.14,3049.59,3052.52,3049.59,2.15,1.93,4.16,0.58,0.14,BREAKEVEN,YES,416.57
1439,2025-03-20,10:25,11:20,LONG,3040.12,3037.02,3042.6,3044.77,3044.77,3.1,1.34,4.17,6.25,1.5,BREAKEVEN,YES,422.82
1440,2025-03-20,12:30,12:45,LONG,3028.26,3024.02,3028.56,3034.62,3028.56,4.24,1,4.23,0.3,0.07,BREAKEVEN,YES,423.11
1441,2025-03-20,13:15,13:15,LONG,3032.74,3027.88,3033.04,3040.03,3027.88,4.86,0.87,4.23,-4.23,-1,BREAKEVEN,YES,418.88
1442,2025-03-20,14:05,14:40,LONG,3035.66,3031.89,3038.1,3041.31,3041.31,3.77,1.11,4.19,6.28,1.5,BREAKEVEN,YES,425.17
1443,2025-03-20,14:55,15:00,LONG,3040.89,3038.28,3038.28,3044.8,3038.28,2.61,1.63,4.25,-4.25,-1,BREAKEVEN,NO,420.92
1444,2025-03-20,16:05,16:45,LONG,3032.97,3029.13,3037.58,3038.73,3038.73,3.84,1.1,4.21,6.31,1.5,BREAKEVEN,YES,427.23
1445,2025-03-20,16:50,17:10,LONG,3038.18,3034.95,3038.48,3043.02,3038.48,3.23,1.32,4.27,0.4,0.09,BREAKEVEN,YES,427.63
1446,2025-03-21,08:20,08:40,LONG,3031.41,3029.34,3031.71,3034.51,3031.71,2.07,2.07,4.28,0.62,0.14,BREAKEVEN,YES,428.25
1447,2025-03-21,09:40,10:00,LONG,3031.26,3028.65,3031.56,3035.18,3031.56,2.61,1.64,4.28,0.49,0.11,BREAKEVEN,YES,428.74
1448,2025-03-21,11:15,11:15,LONG,3030,3027.63,3031.42,3033.55,3027.63,2.37,1.81,4.29,-4.29,-1,BREAKEVEN,YES,424.45
1449,2025-03-21,12:35,12:50,SHORT,3031.03,3033.31,3033.31,3027.61,3033.31,2.28,1.86,4.24,-4.24,-1,BREAKEVEN,NO,420.21
1450,2025-03-21,13:20,13:35,SHORT,3030.62,3033.04,3033.04,3026.99,3033.04,2.42,1.74,4.2,-4.2,-1,BREAKEVEN,NO,416
1451,2025-03-21,15:40,15:55,SHORT,3014.88,3020.67,3013.05,3006.2,3006.2,5.79,0.72,4.16,6.24,1.5,BREAKEVEN,YES,422.24
1452,2025-03-21,16:25,16:45,SHORT,3008.14,3011,3011,3003.85,3011,2.86,1.48,4.22,-4.22,-1,BREAKEVEN,NO,418.02
1453,2025-04-01,08:00,08:40,LONG,3143.69,3140.09,3145.98,3149.09,3145.98,3.6,1.16,4.18,2.66,0.64,BREAKEVEN,YES,420.68
1454,2025-04-01,09:25,09:50,SHORT,3136.27,3139.59,3134.96,3131.29,3134.96,3.32,1.27,4.21,1.66,0.39,BREAKEVEN,YES,422.34
1455,2025-04-01,10:20,10:30,LONG,3133.88,3130.23,3130.23,3139.36,3130.23,3.65,1.16,4.22,-4.22,-1,BREAKEVEN,NO,418.12
1456,2025-04-01,11:20,11:55,LONG,3132.63,3130.01,3130.01,3136.56,3130.01,2.62,1.6,4.18,-4.18,-1,BREAKEVEN,NO,413.94
1457,2025-04-01,12:05,13:10,LONG,3132.11,3129.04,3132.41,3136.72,3132.41,3.07,1.35,4.14,0.4,0.1,BREAKEVEN,YES,414.34
1458,2025-04-01,12:50,13:20,LONG,3132.4,3128.9,3134.32,3137.65,3137.65,3.5,1.18,4.14,6.22,1.5,BREAKEVEN,YES,420.56
1459,2025-04-01,13:35,14:20,LONG,3134.88,3130.41,3130.41,3141.59,3130.41,4.47,0.94,4.21,-4.21,-1,BREAKEVEN,NO,416.35
1460,2025-04-01,14:25,15:00,LONG,3130.78,3127.89,3127.89,3135.12,3127.89,2.89,1.44,4.16,-4.16,-1,BREAKEVEN,NO,412.19
1461,2025-04-01,15:15,15:20,LONG,3131.6,3129.34,3131.9,3134.99,3131.9,2.26,1.82,4.12,0.55,0.13,BREAKEVEN,YES,412.73
1462,2025-04-01,16:00,16:20,LONG,3134.78,3129.99,3129.99,3141.97,3129.99,4.79,0.86,4.13,-4.13,-1,BREAKEVEN,NO,408.61
1463,2025-04-01,16:50,17:10,LONG,3133.68,3129.49,3129.49,3139.97,3129.49,4.19,0.98,4.09,-4.09,-1,BREAKEVEN,NO,404.52
1464,2025-04-02,08:30,09:30,LONG,3113.07,3108.01,3114.72,3120.66,3114.72,5.06,0.8,4.05,1.32,0.33,BREAKEVEN,YES,405.84
1465,2025-04-02,09:50,10:00,SHORT,3117.44,3120.48,3117.14,3112.88,3117.14,3.04,1.33,4.06,0.4,0.1,BREAKEVEN,YES,406.24
1466,2025-04-02,11:25,11:30,SHORT,3128.56,3131.71,3131.71,3123.84,3131.71,3.15,1.29,4.06,-4.06,-1,BREAKEVEN,NO,402.18
1467,2025-04-02,12:15,13:25,LONG,3129.31,3126.64,3126.64,3133.32,3126.64,2.67,1.51,4.02,-4.02,-1,BREAKEVEN,NO,398.16
1468,2025-04-02,13:00,13:25,LONG,3129.99,3127.31,3127.31,3134.01,3127.31,2.68,1.49,3.98,-3.98,-1,BREAKEVEN,NO,394.17
1469,2025-04-02,14:05,14:25,SHORT,3118.91,3122.24,3122.24,3113.91,3122.24,3.33,1.18,3.94,-3.94,-1,BREAKEVEN,NO,390.23
1470,2025-04-02,14:50,14:55,LONG,3122.78,3120.18,3120.18,3126.68,3120.18,2.6,1.5,3.9,-3.9,-1,BREAKEVEN,NO,386.33
1471,2025-04-02,16:00,16:05,LONG,3122.61,3119.22,3122.91,3127.7,3122.91,3.39,1.14,3.86,0.34,0.09,BREAKEVEN,YES,386.67
1472,2025-04-03,08:05,08:10,LONG,3140.12,3137.03,3137.03,3144.75,3137.03,3.09,1.25,3.87,-3.87,-1,BREAKEVEN,NO,382.81
1473,2025-04-03,09:55,10:10,SHORT,3127.68,3131.84,3123.58,3121.44,3121.44,4.16,0.92,3.83,5.74,1.5,BREAKEVEN,YES,388.55
1474,2025-04-03,10:40,10:45,LONG,3122.35,3119.55,3122.65,3126.55,3122.65,2.8,1.39,3.89,0.42,0.11,BREAKEVEN,YES,388.96
1475,2025-04-03,11:40,12:20,SHORT,3128.49,3131.58,3128.19,3123.85,3128.19,3.09,1.26,3.89,0.38,0.1,BREAKEVEN,YES,389.34
1476,2025-04-03,13:00,13:05,LONG,3121.73,3118.23,3118.23,3126.98,3118.23,3.5,1.11,3.89,-3.89,-1,BREAKEVEN,NO,385.45
1477,2025-04-03,14:05,14:25,LONG,3097.41,3092.46,3092.46,3104.83,3092.46,4.95,0.78,3.85,-3.85,-1,BREAKEVEN,NO,381.59
1478,2025-04-03,15:00,15:10,LONG,3092.14,3088.95,3088.95,3096.93,3088.95,3.19,1.2,3.82,-3.82,-1,BREAKEVEN,NO,377.78
1479,2025-04-03,15:55,16:00,SHORT,3076.35,3081.72,3076.05,3068.3,3068.3,5.37,0.7,3.78,5.67,1.5,BREAKEVEN,YES,383.44
1480,2025-04-03,16:40,16:45,LONG,3086.65,3080.16,3086.95,3096.39,3086.95,6.49,0.59,3.83,0.18,0.05,BREAKEVEN,YES,383.62
1481,2025-04-04,08:35,09:05,LONG,3104.05,3100.14,3106.82,3109.92,3106.82,3.91,0.98,3.84,2.72,0.71,BREAKEVEN,YES,386.34
1482,2025-04-04,11:00,11:15,LONG,3091.05,3086.82,3086.82,3097.4,3086.82,4.23,0.91,3.86,-3.86,-1,BREAKEVEN,NO,382.48
1483,2025-04-04,11:50,12:00,LONG,3083.94,3080.09,3084.24,3089.72,3089.72,3.85,0.99,3.82,5.74,1.5,BREAKEVEN,YES,388.21
1484,2025-04-04,12:35,12:45,LONG,3091.44,3087.4,3087.4,3097.5,3087.4,4.04,0.96,3.88,-3.88,-1,BREAKEVEN,NO,384.33
1485,2025-04-04,13:40,14:05,SHORT,3111.19,3117.61,3117.61,3101.56,3117.61,6.42,0.6,3.84,-3.84,-1,BREAKEVEN,NO,380.49
1486,2025-04-04,14:25,14:30,SHORT,3127.34,3134.16,3127.04,3117.11,3127.04,6.82,0.56,3.8,0.17,0.04,BREAKEVEN,YES,380.65
1487,2025-04-04,16:40,16:50,SHORT,3074.82,3081,3072.93,3065.55,3065.55,6.18,0.62,3.81,5.71,1.5,BREAKEVEN,YES,386.36
1488,2025-05-01,08:05,08:20,SHORT,3227.15,3231.38,3231.38,3220.81,3231.38,4.23,0.91,3.86,-3.86,-1,BREAKEVEN,NO,382.5
1489,2025-05-01,08:50,09:00,SHORT,3237.14,3239.88,3239.88,3233.03,3239.88,2.74,1.4,3.83,-3.83,-1,BREAKEVEN,NO,378.68
1490,2025-05-01,09:40,10:00,SHORT,3237.4,3241.38,3237.1,3231.43,3231.43,3.98,0.95,3.79,5.68,1.5,BREAKEVEN,YES,384.36
1491,2025-05-01,10:40,10:50,LONG,3234.75,3229.64,3229.64,3242.41,3229.64,5.11,0.75,3.84,-3.84,-1,BREAKEVEN,NO,380.51
1492,2025-05-01,12:20,12:35,SHORT,3228.03,3231.26,3225.52,3223.19,3223.19,3.23,1.18,3.81,5.71,1.5,BREAKEVEN,YES,386.22
1493,2025-05-01,13:05,13:10,LONG,3217.77,3214.94,3214.94,3222.01,3214.94,2.83,1.36,3.86,-3.86,-1,BREAKEVEN,NO,382.36
1494,2025-05-01,13:50,14:00,LONG,3222.9,3220.49,3223.2,3226.52,3226.52,2.41,1.59,3.82,5.74,1.5,BREAKEVEN,YES,388.09
1495,2025-05-01,14:50,15:00,LONG,3205.32,3201.9,3205.62,3210.45,3205.62,3.42,1.13,3.88,0.34,0.09,BREAKEVEN,YES,388.43
1496,2025-05-01,15:35,16:00,LONG,3224.7,3218.77,3225,3233.59,3225,5.93,0.66,3.88,0.2,0.05,BREAKEVEN,YES,388.63
1497,2025-05-01,16:20,16:45,LONG,3225.89,3219.56,3226.19,3235.38,3226.19,6.33,0.61,3.89,0.18,0.05,BREAKEVEN,YES,388.81
1498,2025-05-02,08:00,08:00,LONG,3252.49,3248,3248,3259.22,3248,4.49,0.87,3.89,-3.89,-1,BREAKEVEN,NO,384.93
1499,2025-05-02,08:50,09:15,LONG,3251.85,3249.18,3252.99,3255.86,3255.86,2.67,1.44,3.85,5.77,1.5,BREAKEVEN,YES,390.7
1500,2025-05-02,10:05,10:30,LONG,3254.13,3250.21,3254.75,3260.01,3260.01,3.92,1,3.91,5.86,1.5,BREAKEVEN,YES,396.56
1501,2025-05-02,10:55,11:20,SHORT,3258.91,3262.43,3258.61,3253.63,3258.61,3.52,1.13,3.97,0.34,0.09,BREAKEVEN,YES,396.9
1502,2025-05-02,11:45,12:00,LONG,3260.4,3257.33,3257.33,3265.01,3257.33,3.07,1.29,3.97,-3.97,-1,BREAKEVEN,NO,392.93
1503,2025-05-02,12:50,13:10,SHORT,3265.55,3268.63,3263.17,3260.93,3260.93,3.08,1.28,3.93,5.89,1.5,BREAKEVEN,YES,398.82
1504,2025-05-02,14:05,14:15,LONG,3259.81,3257.37,3260.11,3263.47,3260.11,2.44,1.63,3.99,0.49,0.12,BREAKEVEN,YES,399.31
1505,2025-05-02,15:00,15:30,SHORT,3262.02,3265.37,3260.3,3256.99,3256.99,3.35,1.19,3.99,5.99,1.5,BREAKEVEN,YES,405.3
1506,2025-05-02,15:50,15:55,SHORT,3256.98,3261.76,3256.68,3249.81,3256.68,4.78,0.85,4.05,0.25,0.06,BREAKEVEN,YES,405.56
1507,2025-05-02,16:35,16:40,SHORT,3254.54,3260.23,3254.24,3246.01,3254.24,5.69,0.71,4.06,0.21,0.05,BREAKEVEN,YES,405.77
1508,2025-05-05,08:00,08:05,SHORT,3256.45,3259.5,3259.5,3251.87,3259.5,3.05,1.33,4.06,-4.06,-1,BREAKEVEN,NO,401.71
1509,2025-05-05,08:55,09:00,SHORT,3259.75,3262.51,3259.45,3255.61,3259.45,2.76,1.46,4.02,0.44,0.11,BREAKEVEN,YES,402.15
1510,2025-05-05,09:45,10:00,LONG,3263.27,3260.23,3260.23,3267.83,3260.23,3.04,1.32,4.02,-4.02,-1,BREAKEVEN,NO,398.13
1511,2025-05-05,11:30,11:40,LONG,3271.59,3268.54,3271.89,3276.17,3276.17,3.05,1.31,3.98,5.97,1.5,BREAKEVEN,YES,404.1
1512,2025-05-05,12:30,12:55,SHORT,3299.94,3306.58,3306.58,3289.98,3306.58,6.64,0.61,4.04,-4.04,-1,BREAKEVEN,NO,400.06
1513,2025-05-05,13:20,14:00,SHORT,3316.34,3320.17,3316.04,3310.6,3316.04,3.83,1.04,4,0.31,0.08,BREAKEVEN,YES,400.37
1514,2025-05-05,14:10,14:20,SHORT,3316.55,3319.41,3316.25,3312.26,3316.25,2.86,1.4,4,0.42,0.1,BREAKEVEN,YES,400.79
1515,2025-05-05,14:55,15:00,LONG,3312.92,3310.06,3313.22,3317.21,3313.22,2.86,1.4,4.01,0.42,0.1,BREAKEVEN,YES,401.21
1516,2025-05-05,15:50,16:00,LONG,3320.71,3317.2,3317.2,3325.98,3317.2,3.51,1.14,4.01,-4.01,-1,BREAKEVEN,NO,397.2
1517,2025-05-05,16:50,17:00,SHORT,3317.36,3321.21,3317.06,3311.59,3311.59,3.85,1.03,3.97,5.96,1.5,BREAKEVEN,YES,403.16
1518,2025-05-06,08:30,08:55,SHORT,3355.49,3361.37,3361.37,3346.67,3361.37,5.88,0.69,4.03,-4.03,-1,BREAKEVEN,NO,399.13
1519,2025-05-06,09:25,09:55,LONG,3363.24,3359.52,3363.54,3368.82,3363.54,3.72,1.07,3.99,0.32,0.08,BREAKEVEN,YES,399.45
1520,2025-05-06,10:10,10:20,SHORT,3367.89,3372.07,3372.07,3361.62,3372.07,4.18,0.96,3.99,-3.99,-1,BREAKEVEN,NO,395.46
1521,2025-05-06,11:00,11:15,LONG,3372.67,3367.24,3376.68,3380.82,3380.82,5.43,0.73,3.95,5.93,1.5,BREAKEVEN,YES,401.39
1522,2025-05-06,11:45,12:05,SHORT,3378.15,3380.64,3377.85,3374.42,3377.85,2.49,1.61,4.01,0.48,0.12,BREAKEVEN,YES,401.87
1523,2025-05-06,12:45,12:55,SHORT,3378.87,3381.47,3381.47,3374.97,3381.47,2.6,1.55,4.02,-4.02,-1,BREAKEVEN,NO,397.85
1524,2025-05-06,13:35,13:50,SHORT,3377.36,3381.04,3381.04,3371.84,3381.04,3.68,1.08,3.98,-3.98,-1,BREAKEVEN,NO,393.87
1525,2025-05-06,14:50,15:00,SHORT,3378.65,3382.07,3378.35,3373.52,3378.35,3.42,1.15,3.94,0.35,0.09,BREAKEVEN,YES,394.22
1526,2025-05-06,15:40,15:45,SHORT,3389.68,3393.77,3389.38,3383.54,3389.38,4.09,0.96,3.94,0.29,0.07,BREAKEVEN,YES,394.51
1527,2025-05-06,16:40,16:45,SHORT,3392.27,3397.36,3397.36,3384.63,3397.36,5.09,0.78,3.95,-3.95,-1,BREAKEVEN,NO,390.56
1528,2025-05-07,08:40,09:00,SHORT,3386.91,3389.76,3389.76,3382.63,3389.76,2.85,1.37,3.91,-3.91,-1,BREAKEVEN,NO,386.66
1529,2025-05-07,09:25,09:40,LONG,3390.71,3387.95,3387.95,3394.85,3387.95,2.76,1.4,3.87,-3.87,-1,BREAKEVEN,NO,382.79
1530,2025-05-07,10:45,11:50,SHORT,3384.48,3389.69,3384.18,3376.66,3384.18,5.21,0.73,3.83,0.22,0.06,BREAKEVEN,YES,383.01
1531,2025-05-07,11:50,12:20,LONG,3382.09,3376.71,3376.71,3390.16,3376.71,5.38,0.71,3.83,-3.83,-1,BREAKEVEN,NO,379.18
1532,2025-05-07,13:30,13:35,LONG,3389.92,3387.02,3390.22,3394.27,3390.22,2.9,1.31,3.79,0.39,0.1,BREAKEVEN,YES,379.57
1533,2025-05-07,14:15,15:10,SHORT,3386.48,3391.19,3391.19,3379.41,3391.19,4.71,0.81,3.8,-3.8,-1,BREAKEVEN,NO,375.78
1534,2025-05-07,15:30,16:20,SHORT,3389.24,3393.18,3388.89,3383.33,3383.33,3.94,0.95,3.76,5.64,1.5,BREAKEVEN,YES,381.41
1535,2025-05-07,16:20,16:45,LONG,3385.67,3380.06,3392.31,3394.09,3394.09,5.61,0.68,3.81,5.72,1.5,BREAKEVEN,YES,387.14
1536,2025-05-08,08:15,08:45,LONG,3376.48,3369.3,3369.3,3387.25,3369.3,7.18,0.54,3.87,-3.87,-1,BREAKEVEN,NO,383.26
1537,2025-05-08,09:05,09:10,LONG,3357.59,3353.22,3353.22,3364.15,3353.22,4.37,0.88,3.83,-3.83,-1,BREAKEVEN,NO,379.43
1538,2025-05-08,09:55,10:00,LONG,3329.92,3325.84,3330.22,3336.04,3330.22,4.08,0.93,3.79,0.28,0.07,BREAKEVEN,YES,379.71
1539,2025-05-08,10:40,10:50,LONG,3346.76,3343.57,3343.57,3351.55,3343.57,3.19,1.19,3.8,-3.8,-1,BREAKEVEN,NO,375.91
1540,2025-05-08,11:30,12:15,LONG,3339.63,3336.35,3340.94,3344.55,3340.94,3.28,1.15,3.76,1.5,0.4,BREAKEVEN,YES,377.42
1541,2025-05-08,12:20,12:30,LONG,3340.3,3337.43,3337.43,3344.61,3337.43,2.87,1.32,3.77,-3.77,-1,BREAKEVEN,NO,373.64
1542,2025-05-08,13:10,13:20,LONG,3338.83,3335.67,3340.1,3343.57,3343.57,3.16,1.18,3.74,5.6,1.5,BREAKEVEN,YES,379.25
1543,2025-05-08,14:05,14:15,SHORT,3339.95,3343.07,3343.07,3335.27,3343.07,3.12,1.22,3.79,-3.79,-1,BREAKEVEN,NO,375.45
1544,2025-05-08,15:00,15:15,LONG,3345.97,3341.75,3346.52,3352.3,3352.3,4.22,0.89,3.75,5.63,1.5,BREAKEVEN,YES,381.08
1545,2025-05-08,15:45,15:50,LONG,3351.9,3348.32,3348.32,3357.27,3348.32,3.58,1.06,3.81,-3.81,-1,BREAKEVEN,NO,377.27
1546,2025-05-08,16:35,16:50,SHORT,3364.91,3370.78,3364.61,3356.1,3364.61,5.87,0.64,3.77,0.19,0.05,BREAKEVEN,YES,377.47
1547,2025-05-09,08:00,08:10,SHORT,3325.22,3329.84,3329.84,3318.29,3329.84,4.62,0.82,3.77,-3.77,-1,BREAKEVEN,NO,373.69
1548,2025-05-09,09:05,09:20,LONG,3322.26,3318.55,3318.55,3327.83,3318.55,3.71,1.01,3.74,-3.74,-1,BREAKEVEN,NO,369.96
1549,2025-05-09,09:55,10:00,SHORT,3325.31,3328.25,3328.25,3320.9,3328.25,2.94,1.26,3.7,-3.7,-1,BREAKEVEN,NO,366.26
1550,2025-05-09,11:05,12:00,LONG,3323.02,3318.87,3326.08,3329.24,3326.08,4.15,0.88,3.66,2.7,0.74,BREAKEVEN,YES,368.96
1551,2025-05-09,12:05,12:10,SHORT,3325.89,3328.41,3328.41,3322.11,3328.41,2.52,1.46,3.69,-3.69,-1,BREAKEVEN,NO,365.27
1552,2025-05-09,13:30,14:00,SHORT,3323.61,3326.54,3326.54,3319.22,3326.54,2.93,1.25,3.65,-3.65,-1,BREAKEVEN,NO,361.61
1553,2025-05-09,14:20,14:25,SHORT,3329.17,3332.92,3332.92,3323.55,3332.92,3.75,0.96,3.62,-3.62,-1,BREAKEVEN,NO,358
1554,2025-05-09,15:05,15:35,LONG,3334.21,3329.49,3329.49,3341.29,3329.49,4.72,0.76,3.58,-3.58,-1,BREAKEVEN,NO,354.42
1555,2025-05-09,15:50,16:00,LONG,3331.92,3329.53,3332.22,3335.51,3335.51,2.39,1.48,3.54,5.32,1.5,BREAKEVEN,YES,359.73
1556,2025-05-12,08:40,09:00,LONG,3271.05,3267.04,3275.26,3277.07,3277.07,4.01,0.9,3.6,5.4,1.5,BREAKEVEN,YES,365.13
1557,2025-05-12,09:30,09:40,SHORT,3279.03,3282.05,3278.45,3274.5,3274.5,3.02,1.21,3.65,5.48,1.5,BREAKEVEN,YES,370.61
1558,2025-05-12,10:55,11:00,LONG,3222.72,3217.47,3223.02,3230.59,3223.02,5.25,0.71,3.71,0.21,0.06,BREAKEVEN,YES,370.82
1559,2025-05-12,11:40,12:00,LONG,3233.82,3229.49,3229.49,3240.32,3229.49,4.33,0.86,3.71,-3.71,-1,BREAKEVEN,NO,367.11
1560,2025-05-12,12:40,12:55,LONG,3221.92,3216.81,3216.81,3229.59,3216.81,5.11,0.72,3.67,-3.67,-1,BREAKEVEN,NO,363.44
1561,2025-05-12,13:40,14:00,LONG,3211.34,3207.14,3211.64,3217.64,3217.64,4.2,0.87,3.63,5.45,1.5,BREAKEVEN,YES,368.89
1562,2025-05-12,14:25,14:30,LONG,3220.99,3218.21,3218.21,3225.16,3218.21,2.78,1.33,3.69,-3.69,-1,BREAKEVEN,NO,365.2
1563,2025-05-12,15:30,15:35,LONG,3228.95,3225.37,3225.37,3234.32,3225.37,3.58,1.02,3.65,-3.65,-1,BREAKEVEN,NO,361.55
1564,2025-05-12,16:15,16:30,LONG,3240.69,3236.36,3236.36,3247.18,3236.36,4.33,0.83,3.62,-3.62,-1,BREAKEVEN,NO,357.93
1565,2025-05-13,08:00,08:10,LONG,3252.29,3249.65,3252.59,3256.25,3256.25,2.64,1.36,3.58,5.37,1.5,BREAKEVEN,YES,363.3
1566,2025-05-13,09:30,09:45,LONG,3254.81,3250.29,3256.58,3261.59,3261.59,4.52,0.8,3.63,5.45,1.5,BREAKEVEN,YES,368.75
1567,2025-05-13,10:30,10:50,SHORT,3256.64,3259.37,3259.37,3252.55,3259.37,2.73,1.35,3.69,-3.69,-1,BREAKEVEN,NO,365.07
1568,2025-05-13,11:15,11:20,SHORT,3258.39,3261.1,3258.09,3254.32,3258.09,2.71,1.35,3.65,0.4,0.11,BREAKEVEN,YES,365.47
1569,2025-05-13,12:10,12:15,SHORT,3253.83,3256.27,3256.27,3250.17,3256.27,2.44,1.5,3.65,-3.65,-1,BREAKEVEN,NO,361.82
1570,2025-05-13,13:10,13:15,SHORT,3251.8,3254.24,3254.24,3248.14,3254.24,2.44,1.48,3.62,-3.62,-1,BREAKEVEN,NO,358.2
1571,2025-05-13,13:55,14:15,LONG,3252.82,3250.29,3253.12,3256.62,3253.12,2.53,1.42,3.58,0.42,0.12,BREAKEVEN,YES,358.62
1572,2025-05-13,14:50,14:55,SHORT,3252.43,3256.04,3252.13,3247.01,3252.13,3.61,0.99,3.59,0.3,0.08,BREAKEVEN,YES,358.92
1573,2025-05-13,15:35,15:45,SHORT,3241.56,3248.29,3248.29,3231.47,3248.29,6.73,0.53,3.59,-3.59,-1,BREAKEVEN,NO,355.33
1574,2025-05-13,16:40,16:55,LONG,3238.14,3230.77,3230.77,3249.19,3230.77,7.37,0.48,3.55,-3.55,-1,BREAKEVEN,NO,351.78
1575,2025-05-14,08:30,08:50,LONG,3225.84,3220.5,3229.89,3233.85,3233.85,5.34,0.66,3.52,5.28,1.5,BREAKEVEN,YES,357.05
1576,2025-05-14,09:15,09:30,LONG,3232.64,3229.63,3229.63,3237.15,3229.63,3.01,1.19,3.57,-3.57,-1,BREAKEVEN,NO,353.48
1577,2025-05-14,10:10,10:25,LONG,3226.77,3222.78,3227.85,3232.75,3232.75,3.99,0.89,3.53,5.3,1.5,BREAKEVEN,YES,358.79
1578,2025-05-14,11:20,11:25,SHORT,3237.79,3240.96,3237.49,3233.03,3237.49,3.17,1.13,3.59,0.34,0.09,BREAKEVEN,YES,359.13
1579,2025-05-14,12:10,12:10,LONG,3232.51,3228.24,3228.24,3238.92,3228.24,4.27,0.84,3.59,-3.59,-1,BREAKEVEN,NO,355.53
1580,2025-05-14,13:45,13:50,LONG,3230.73,3228.14,3231.03,3234.62,3231.03,2.59,1.37,3.56,0.41,0.12,BREAKEVEN,YES,355.95
1581,2025-05-14,14:30,14:35,SHORT,3236.45,3239.55,3236.15,3231.8,3236.15,3.1,1.15,3.56,0.34,0.1,BREAKEVEN,YES,356.29
1582,2025-05-14,15:15,15:35,LONG,3215.1,3207.18,3207.18,3226.98,3207.18,7.92,0.45,3.56,-3.56,-1,BREAKEVEN,NO,352.73
1583,2025-05-14,16:00,16:25,SHORT,3182.05,3189.83,3189.83,3170.38,3189.83,7.78,0.45,3.53,-3.53,-1,BREAKEVEN,NO,349.2
1584,2025-05-15,08:10,08:30,LONG,3139.65,3137.31,3140.38,3143.16,3140.38,2.34,1.49,3.49,1.09,0.31,BREAKEVEN,YES,350.29
1585,2025-05-15,08:55,09:00,LONG,3128.75,3122.09,3122.09,3138.74,3122.09,6.66,0.53,3.5,-3.5,-1,BREAKEVEN,NO,346.79
1586,2025-05-15,09:40,09:50,SHORT,3147.93,3152.86,3152.86,3140.53,3152.86,4.93,0.7,3.47,-3.47,-1,BREAKEVEN,NO,343.32
1587,2025-05-15,10:25,10:35,LONG,3145.18,3140.2,3140.2,3152.65,3140.2,4.98,0.69,3.43,-3.43,-1,BREAKEVEN,NO,339.89
1588,2025-05-15,11:10,11:40,LONG,3150.58,3145.26,3153.83,3158.56,3158.56,5.32,0.64,3.4,5.1,1.5,BREAKEVEN,YES,344.98
1589,2025-05-15,12:10,12:15,SHORT,3165.91,3169.68,3169.68,3160.26,3169.68,3.77,0.92,3.45,-3.45,-1,BREAKEVEN,NO,341.53
1590,2025-05-15,13:30,14:20,SHORT,3177.54,3180.15,3177.24,3173.63,3177.24,2.61,1.31,3.42,0.39,0.11,BREAKEVEN,YES,341.93
1591,2025-05-15,14:15,14:45,SHORT,3177.36,3181.21,3176.22,3171.59,3176.22,3.85,0.89,3.42,1.01,0.3,BREAKEVEN,YES,342.94
1592,2025-05-15,15:10,15:20,LONG,3180.39,3177.43,3180.69,3184.83,3184.83,2.96,1.16,3.43,5.14,1.5,BREAKEVEN,YES,348.08
1593,2025-05-15,16:10,17:20,LONG,3195.05,3187.2,3201.47,3206.83,3206.83,7.85,0.44,3.48,5.22,1.5,BREAKEVEN,YES,353.3
1594,2025-05-15,16:55,17:05,SHORT,3192.43,3197.46,3197.46,3184.88,3197.46,5.03,0.7,3.53,-3.53,-1,BREAKEVEN,NO,349.77
1595,2025-05-16,08:00,08:20,LONG,3219.56,3216.68,3216.68,3223.88,3216.68,2.88,1.21,3.5,-3.5,-1,BREAKEVEN,NO,346.27
1596,2025-05-16,10:10,10:15,SHORT,3214.36,3219.53,3214.06,3206.61,3214.06,5.17,0.67,3.46,0.2,0.06,BREAKEVEN,YES,346.47
1597,2025-05-16,11:00,11:10,LONG,3207.06,3203.87,3203.87,3211.85,3203.87,3.19,1.09,3.46,-3.46,-1,BREAKEVEN,NO,343.01
1598,2025-05-16,12:15,12:25,LONG,3206.63,3203.9,3207.24,3210.73,3210.73,2.73,1.26,3.43,5.15,1.5,BREAKEVEN,YES,348.15
1599,2025-05-16,13:10,13:35,LONG,3204.8,3200,3200,3212,3200,4.8,0.73,3.48,-3.48,-1,BREAKEVEN,NO,344.67
1600,2025-05-16,14:00,14:05,SHORT,3175.54,3180.6,3175.24,3167.95,3175.24,5.06,0.68,3.45,0.2,0.06,BREAKEVEN,YES,344.88
1601,2025-05-16,15:25,15:35,LONG,3174.35,3170.09,3174.65,3180.74,3180.74,4.26,0.81,3.45,5.17,1.5,BREAKEVEN,YES,350.05
1602,2025-05-16,16:15,16:30,LONG,3174.58,3167.97,3174.88,3184.49,3174.88,6.61,0.53,3.5,0.16,0.05,BREAKEVEN,YES,350.21
1603,2025-05-19,08:00,08:05,SHORT,3218.22,3222.47,3222.47,3211.84,3222.47,4.25,0.82,3.5,-3.5,-1,BREAKEVEN,NO,346.71
1604,2025-05-19,08:50,08:55,SHORT,3217.8,3220.74,3220.74,3213.39,3220.74,2.94,1.18,3.47,-3.47,-1,BREAKEVEN,NO,343.24
1605,2025-05-19,10:15,10:35,SHORT,3229.66,3231.97,3231.97,3226.19,3231.97,2.31,1.49,3.43,-3.43,-1,BREAKEVEN,NO,339.81
1606,2025-05-19,11:30,11:45,SHORT,3235.89,3239.7,3239.7,3230.18,3239.7,3.81,0.89,3.4,-3.4,-1,BREAKEVEN,NO,336.41
1607,2025-05-19,12:20,12:25,SHORT,3236.95,3240.33,3240.33,3231.88,3240.33,3.38,1,3.36,-3.36,-1,BREAKEVEN,NO,333.05
1608,2025-05-19,13:05,13:25,SHORT,3235.86,3240.98,3240.98,3228.18,3240.98,5.12,0.65,3.33,-3.33,-1,BREAKEVEN,NO,329.72
1609,2025-05-19,14:00,14:30,LONG,3241.13,3237.68,3241.43,3246.31,3241.43,3.45,0.96,3.3,0.29,0.09,BREAKEVEN,YES,330
1610,2025-05-19,14:45,15:50,SHORT,3243.81,3249.97,3239.47,3234.57,3234.57,6.16,0.54,3.3,4.95,1.5,BREAKEVEN,YES,334.95
1611,2025-05-19,16:25,16:30,LONG,3232.05,3228.46,3228.46,3237.44,3228.46,3.59,0.93,3.35,-3.35,-1,BREAKEVEN,NO,331.6
1612,2025-05-20,08:05,08:30,SHORT,3217.92,3221.31,3217.62,3212.84,3217.62,3.39,0.98,3.32,0.29,0.09,BREAKEVEN,YES,331.9
1613,2025-05-20,09:10,09:30,SHORT,3216.81,3219.76,3216.24,3212.38,3212.38,2.95,1.13,3.32,4.98,1.5,BREAKEVEN,YES,336.87
1614,2025-05-20,09:55,10:05,SHORT,3209.76,3211.92,3211.92,3206.52,3211.92,2.16,1.56,3.37,-3.37,-1,BREAKEVEN,NO,333.51
1615,2025-05-20,10:45,11:25,LONG,3223.03,3218.89,3218.89,3229.24,3218.89,4.14,0.81,3.34,-3.34,-1,BREAKEVEN,NO,330.17
1616,2025-05-20,12:20,12:25,SHORT,3236.42,3239.04,3239.04,3232.49,3239.04,2.62,1.26,3.3,-3.3,-1,BREAKEVEN,NO,326.87
1617,2025-05-20,13:20,13:45,LONG,3233,3230.44,3235.32,3236.84,3236.84,2.56,1.28,3.27,4.9,1.5,BREAKEVEN,YES,331.77
1618,2025-05-20,14:35,15:10,LONG,3240.71,3236.56,3236.56,3246.94,3236.56,4.15,0.8,3.32,-3.32,-1,BREAKEVEN,NO,328.45
1619,2025-05-20,16:15,16:30,SHORT,3236.08,3240.15,3240.15,3229.97,3240.15,4.07,0.81,3.28,-3.28,-1,BREAKEVEN,NO,325.17
1620,2025-05-21,08:00,08:05,LONG,3301.08,3298.8,3298.8,3304.5,3298.8,2.28,1.43,3.25,-3.25,-1,BREAKEVEN,NO,321.92
1621,2025-05-21,08:45,08:50,SHORT,3312.92,3317.13,3317.13,3306.61,3317.13,4.21,0.76,3.22,-3.22,-1,BREAKEVEN,NO,318.7
1622,2025-05-21,09:40,09:45,SHORT,3319.11,3321.75,3318.81,3315.15,3318.81,2.64,1.21,3.19,0.36,0.11,BREAKEVEN,YES,319.06
1623,2025-05-21,10:25,10:50,LONG,3312.62,3308.76,3308.76,3318.41,3308.76,3.86,0.83,3.19,-3.19,-1,BREAKEVEN,NO,315.87
1624,2025-05-21,11:20,11:25,SHORT,3309.22,3311.37,3308.92,3305.99,3308.92,2.15,1.47,3.16,0.44,0.14,BREAKEVEN,YES,316.31
1625,2025-05-21,12:05,12:45,SHORT,3310.05,3312.88,3309.75,3305.81,3309.75,2.83,1.12,3.16,0.34,0.11,BREAKEVEN,YES,316.65
1626,2025-05-21,12:50,12:55,SHORT,3310.81,3313.1,3313.1,3307.38,3313.1,2.29,1.38,3.17,-3.17,-1,BREAKEVEN,NO,313.48
1627,2025-05-21,14:20,14:35,LONG,3311.62,3308.75,3308.75,3315.92,3308.75,2.87,1.09,3.13,-3.13,-1,BREAKEVEN,NO,310.35
1628,2025-05-21,15:10,15:20,SHORT,3309.69,3313.19,3309.39,3304.44,3304.44,3.5,0.89,3.1,4.66,1.5,BREAKEVEN,YES,315
1629,2025-05-21,15:55,16:25,LONG,3302.52,3298.56,3302.82,3308.46,3302.82,3.96,0.8,3.15,0.24,0.08,BREAKEVEN,YES,315.24
1630,2025-05-21,16:50,16:50,LONG,3300.62,3293.96,3300.92,3310.61,3293.96,6.66,0.47,3.15,-3.15,-1,BREAKEVEN,YES,312.09
1631,2025-05-22,08:30,08:45,SHORT,3337.3,3340.57,3336.76,3332.4,3332.4,3.27,0.95,3.12,4.68,1.5,BREAKEVEN,YES,316.77
1632,2025-05-22,10:35,10:55,SHORT,3327.51,3330.36,3330.36,3323.24,3330.36,2.85,1.11,3.17,-3.17,-1,BREAKEVEN,NO,313.6
1633,2025-05-22,11:35,12:00,LONG,3315.4,3309.73,3309.73,3323.91,3309.73,5.67,0.55,3.14,-3.14,-1,BREAKEVEN,NO,310.46
1634,2025-05-22,12:35,12:55,SHORT,3308.11,3311.33,3307.81,3303.28,3307.81,3.22,0.96,3.1,0.29,0.09,BREAKEVEN,YES,310.75
1635,2025-05-22,13:20,13:25,LONG,3302.86,3300.01,3300.01,3307.14,3300.01,2.85,1.09,3.11,-3.11,-1,BREAKEVEN,NO,307.65
1636,2025-05-22,14:05,14:10,SHORT,3287.9,3291.53,3291.53,3282.45,3291.53,3.63,0.85,3.08,-3.08,-1,BREAKEVEN,NO,304.57
1637,2025-05-22,15:00,15:05,LONG,3312.83,3310.11,3310.11,3316.91,3310.11,2.72,1.12,3.05,-3.05,-1,BREAKEVEN,NO,301.52
1638,2025-05-22,15:50,16:00,LONG,3303.56,3299.44,3303.86,3309.74,3309.74,4.12,0.73,3.02,4.52,1.5,BREAKEVEN,YES,306.05
1639,2025-05-23,08:00,08:10,SHORT,3314.71,3317.38,3317.38,3310.7,3317.38,2.67,1.15,3.06,-3.06,-1,BREAKEVEN,NO,302.99
1640,2025-05-23,08:55,09:00,SHORT,3323.79,3327.19,3327.19,3318.69,3327.19,3.4,0.89,3.03,-3.03,-1,BREAKEVEN,NO,299.96
1641,2025-05-23,09:45,10:45,SHORT,3329.33,3333.48,3333.48,3323.1,3333.48,4.15,0.72,3,-3,-1,BREAKEVEN,NO,296.96
1642,2025-05-23,10:35,10:45,SHORT,3329.72,3332.28,3332.28,3325.88,3332.28,2.56,1.16,2.97,-2.97,-1,BREAKEVEN,NO,293.99
1643,2025-05-23,11:35,11:45,SHORT,3326.88,3329.08,3326.58,3323.58,3326.58,2.2,1.34,2.94,0.4,0.14,BREAKEVEN,YES,294.39
1644,2025-05-23,12:30,13:00,SHORT,3331.51,3335.3,3330.01,3325.83,3325.83,3.79,0.78,2.94,4.42,1.5,BREAKEVEN,YES,298.8
1645,2025-05-23,14:05,14:15,SHORT,3328.7,3331.43,3328.4,3324.6,3328.4,2.73,1.09,2.99,0.33,0.11,BREAKEVEN,YES,299.13
1646,2025-05-23,15:00,15:35,SHORT,3348.89,3355.69,3355.69,3338.69,3355.69,6.8,0.44,2.99,-2.99,-1,BREAKEVEN,NO,296.14
1647,2025-05-23,15:45,15:50,SHORT,3356.84,3361.76,3356.54,3349.46,3356.54,4.92,0.6,2.96,0.18,0.06,BREAKEVEN,YES,296.32
1648,2025-05-23,16:40,16:55,SHORT,3345.37,3350.11,3345.07,3338.26,3345.07,4.74,0.63,2.96,0.19,0.06,BREAKEVEN,YES,296.51
1649,2025-05-26,08:00,08:45,SHORT,3349.07,3352.9,3348.77,3343.33,3348.77,3.83,0.77,2.97,0.23,0.08,BREAKEVEN,YES,296.74
1650,2025-05-26,08:45,09:20,SHORT,3347.8,3351.71,3344.75,3341.94,3341.94,3.91,0.76,2.97,4.45,1.5,BREAKEVEN,YES,301.19
1651,2025-05-26,09:40,09:50,LONG,3342.7,3340.49,3340.49,3346.01,3340.49,2.21,1.36,3.01,-3.01,-1,BREAKEVEN,NO,298.18
1652,2025-05-26,11:00,11:15,SHORT,3338.08,3341.14,3336.91,3333.49,3333.49,3.06,0.97,2.98,4.47,1.5,BREAKEVEN,YES,302.65
1653,2025-05-26,12:25,12:25,LONG,3327.2,3322.02,3327.5,3334.97,3322.02,5.18,0.58,3.03,-3.03,-1,BREAKEVEN,YES,299.63
1654,2025-05-26,13:20,13:30,LONG,3332.97,3330.48,3330.48,3336.7,3330.48,2.49,1.2,3,-3,-1,BREAKEVEN,NO,296.63
1655,2025-05-26,14:10,14:50,LONG,3331.45,3329.07,3331.75,3335.02,3331.75,2.38,1.25,2.97,0.37,0.13,BREAKEVEN,YES,297
1656,2025-05-26,15:25,15:35,SHORT,3326.79,3331.2,3331.2,3320.18,3331.2,4.41,0.67,2.97,-2.97,-1,BREAKEVEN,NO,294.03
1657,2025-05-26,16:10,16:10,LONG,3334.17,3329.99,3337.17,3340.44,3329.99,4.18,0.7,2.94,-2.94,-1,BREAKEVEN,YES,291.09
1658,2025-05-27,08:05,08:30,LONG,3330.41,3326.14,3326.14,3336.81,3326.14,4.27,0.68,2.91,-2.91,-1,BREAKEVEN,NO,288.18
1659,2025-05-27,08:50,09:35,SHORT,3324.79,3329.87,3320.4,3317.17,3317.17,5.08,0.57,2.88,4.32,1.5,BREAKEVEN,YES,292.51
1660,2025-05-27,09:40,09:45,SHORT,3316.22,3320.82,3315.92,3309.32,3309.32,4.6,0.64,2.93,4.39,1.5,BREAKEVEN,YES,296.89
1661,2025-05-27,11:05,11:15,LONG,3307.91,3304.42,3304.42,3313.14,3304.42,3.49,0.85,2.97,-2.97,-1,BREAKEVEN,NO,293.92
1662,2025-05-27,12:20,12:30,LONG,3304.15,3300.59,3300.59,3309.49,3300.59,3.56,0.83,2.94,-2.94,-1,BREAKEVEN,NO,290.99
1663,2025-05-27,13:05,13:15,LONG,3298.36,3294.97,3294.97,3303.45,3294.97,3.39,0.86,2.91,-2.91,-1,BREAKEVEN,NO,288.08
1664,2025-05-27,13:55,14:00,LONG,3293.24,3289.79,3293.54,3298.41,3293.54,3.45,0.84,2.88,0.25,0.09,BREAKEVEN,YES,288.33
1665,2025-05-27,15:20,15:35,LONG,3296.49,3292.64,3292.64,3302.26,3292.64,3.85,0.75,2.88,-2.88,-1,BREAKEVEN,NO,285.44
1666,2025-05-27,16:05,16:30,LONG,3296.66,3293.86,3296.96,3300.86,3300.86,2.8,1.02,2.85,4.28,1.5,BREAKEVEN,YES,289.72
1667,2025-05-27,16:55,17:00,LONG,3295.33,3290.84,3290.84,3302.06,3290.84,4.49,0.65,2.9,-2.9,-1,BREAKEVEN,NO,286.83
1668,2025-05-28,08:20,08:25,SHORT,3306.17,3309.51,3309.51,3301.16,3309.51,3.34,0.86,2.87,-2.87,-1,BREAKEVEN,NO,283.96
1669,2025-05-28,09:10,09:25,LONG,3300.14,3296.89,3301.1,3305.01,3305.01,3.25,0.87,2.84,4.26,1.5,BREAKEVEN,YES,288.22
1670,2025-05-28,10:00,10:10,SHORT,3307.61,3312.03,3312.03,3300.98,3312.03,4.42,0.65,2.88,-2.88,-1,BREAKEVEN,NO,285.34
1671,2025-05-28,12:00,12:45,SHORT,3322.38,3324.81,3324.81,3318.74,3324.81,2.43,1.17,2.85,-2.85,-1,BREAKEVEN,NO,282.48
1672,2025-05-28,12:45,13:10,SHORT,3323.91,3326.94,3323.61,3319.36,3323.61,3.03,0.93,2.82,0.28,0.1,BREAKEVEN,YES,282.76
1673,2025-05-28,14:00,14:15,LONG,3312.53,3309.58,3309.58,3316.96,3309.58,2.95,0.96,2.83,-2.83,-1,BREAKEVEN,NO,279.93
1674,2025-05-28,15:05,15:10,LONG,3309.67,3306.57,3306.57,3314.32,3306.57,3.1,0.9,2.8,-2.8,-1,BREAKEVEN,NO,277.14
1675,2025-05-28,15:55,16:00,LONG,3312.27,3309.06,3312.57,3317.09,3312.57,3.21,0.86,2.77,0.26,0.09,BREAKEVEN,YES,277.39
1676,2025-05-29,08:00,08:35,LONG,3269.78,3267.15,3267.15,3273.73,3267.15,2.63,1.05,2.77,-2.77,-1,BREAKEVEN,NO,274.62
1677,2025-05-29,09:20,10:15,LONG,3273.99,3269.36,3277.34,3280.93,3280.93,4.63,0.59,2.75,4.12,1.5,BREAKEVEN,YES,278.74
1678,2025-05-29,10:35,10:45,SHORT,3277.85,3280.62,3280.62,3273.69,3280.62,2.77,1.01,2.79,-2.79,-1,BREAKEVEN,NO,275.95
1679,2025-05-29,11:40,12:25,LONG,3280.45,3276.71,3276.71,3286.06,3276.71,3.74,0.74,2.76,-2.76,-1,BREAKEVEN,NO,273.19
1680,2025-05-29,12:55,13:00,LONG,3282.05,3278.72,3282.35,3287.05,3287.05,3.33,0.82,2.73,4.1,1.5,BREAKEVEN,YES,277.29
1681,2025-05-29,14:00,14:25,SHORT,3297.53,3300.29,3300.29,3293.39,3300.29,2.76,1,2.77,-2.77,-1,BREAKEVEN,NO,274.52
1682,2025-05-29,15:05,15:15,LONG,3302.17,3298.54,3303.57,3307.62,3307.62,3.63,0.76,2.75,4.12,1.5,BREAKEVEN,YES,278.64
1683,2025-05-29,15:50,15:55,LONG,3311.68,3308.38,3311.98,3316.63,3316.63,3.3,0.84,2.79,4.18,1.5,BREAKEVEN,YES,282.82
1684,2025-05-29,16:35,17:45,SHORT,3315.12,3322.03,3309.64,3304.75,3309.64,6.91,0.41,2.83,2.24,0.79,BREAKEVEN,YES,285.06
1685,2025-05-30,08:05,08:25,LONG,3292.44,3288.75,3294.13,3297.98,3297.98,3.69,0.77,2.85,4.28,1.5,BREAKEVEN,YES,289.33
1686,2025-05-30,09:10,09:50,LONG,3294.2,3290.05,3296.7,3300.42,3300.42,4.15,0.7,2.89,4.34,1.5,BREAKEVEN,YES,293.67
1687,2025-05-30,09:55,10:00,LONG,3301.71,3298.44,3298.44,3306.61,3298.44,3.27,0.9,2.94,-2.94,-1,BREAKEVEN,NO,290.74
1688,2025-05-30,11:05,11:05,SHORT,3293.84,3300.75,3300.75,3283.48,3300.75,6.91,0.42,2.91,-2.91,-1,BREAKEVEN,NO,287.83
1689,2025-05-30,13:05,13:25,SHORT,3299.43,3301.84,3298.04,3295.81,3295.81,2.41,1.19,2.88,4.32,1.5,BREAKEVEN,YES,292.15
1690,2025-05-30,14:20,15:00,LONG,3292.36,3288.65,3288.65,3297.93,3288.65,3.71,0.79,2.92,-2.92,-1,BREAKEVEN,NO,289.23
1691,2025-05-30,16:35,16:40,SHORT,3296.31,3300.84,3296.01,3289.51,3289.51,4.53,0.64,2.89,4.34,1.5,BREAKEVEN,YES,293.56
1692,2025-06-02,08:45,09:00,SHORT,3322.74,3326.08,3326.08,3317.73,3326.08,3.34,0.88,2.94,-2.94,-1,BREAKEVEN,NO,290.63
1693,2025-06-02,09:30,09:35,SHORT,3336.98,3340.19,3340.19,3332.16,3340.19,3.21,0.91,2.91,-2.91,-1,BREAKEVEN,NO,287.72
1694,2025-06-02,10:25,10:25,SHORT,3353.58,3360.28,3360.28,3343.53,3360.28,6.7,0.43,2.88,-2.88,-1,BREAKEVEN,NO,284.85
1695,2025-06-02,11:10,12:00,LONG,3353.62,3349.32,3349.32,3360.07,3349.32,4.3,0.66,2.85,-2.85,-1,BREAKEVEN,NO,282
1696,2025-06-02,12:00,12:10,LONG,3351.01,3347.71,3347.71,3355.96,3347.71,3.3,0.85,2.82,-2.82,-1,BREAKEVEN,NO,279.18
1697,2025-06-02,13:25,13:40,SHORT,3349.42,3352.22,3349.12,3345.22,3345.22,2.8,1,2.79,4.19,1.5,BREAKEVEN,YES,283.36
1698,2025-06-02,14:10,14:20,SHORT,3349.29,3351.48,3351.48,3346.01,3351.48,2.19,1.29,2.83,-2.83,-1,BREAKEVEN,NO,280.53
1699,2025-06-02,15:00,15:05,SHORT,3354.3,3359.28,3359.28,3346.83,3359.28,4.98,0.56,2.81,-2.81,-1,BREAKEVEN,NO,277.73
1700,2025-06-02,15:45,15:50,LONG,3360.41,3357.68,3357.68,3364.51,3357.68,2.73,1.02,2.78,-2.78,-1,BREAKEVEN,NO,274.95
1701,2025-06-02,16:30,16:45,LONG,3356.27,3348.76,3364.22,3367.53,3367.53,7.51,0.37,2.75,4.12,1.5,BREAKEVEN,YES,279.07
1702,2025-06-03,08:15,08:25,LONG,3362.32,3359.7,3359.7,3366.25,3359.7,2.62,1.07,2.79,-2.79,-1,BREAKEVEN,NO,276.28
1703,2025-06-03,09:10,09:40,LONG,3361.94,3357.78,3357.78,3368.18,3357.78,4.16,0.66,2.76,-2.76,-1,BREAKEVEN,NO,273.52
1704,2025-06-03,10:00,11:05,SHORT,3355.31,3362.72,3362.72,3344.2,3362.72,7.41,0.37,2.74,-2.74,-1,BREAKEVEN,NO,270.78
1705,2025-06-03,10:45,11:00,SHORT,3358.3,3361.19,3361.19,3353.97,3361.19,2.89,0.94,2.71,-2.71,-1,BREAKEVEN,NO,268.08
1706,2025-06-03,11:50,12:05,LONG,3362.52,3359.73,3359.73,3366.7,3359.73,2.79,0.96,2.68,-2.68,-1,BREAKEVEN,NO,265.39
1707,2025-06-03,12:35,12:55,LONG,3358.86,3356.08,3356.08,3363.03,3356.08,2.78,0.95,2.65,-2.65,-1,BREAKEVEN,NO,262.74
1708,2025-06-03,13:20,13:20,LONG,3356.37,3353.55,3353.55,3360.6,3353.55,2.82,0.93,2.63,-2.63,-1,BREAKEVEN,NO,260.11
1709,2025-06-03,14:10,15:05,LONG,3357.14,3352.09,3352.09,3364.71,3352.09,5.05,0.52,2.6,-2.6,-1,BREAKEVEN,NO,257.51
1710,2025-06-03,14:55,15:00,LONG,3359.3,3357.22,3357.22,3362.42,3357.22,2.08,1.24,2.58,-2.58,-1,BREAKEVEN,NO,254.94
1711,2025-06-03,15:55,16:05,SHORT,3359.37,3361.81,3361.81,3355.71,3361.81,2.44,1.04,2.55,-2.55,-1,BREAKEVEN,NO,252.39
1712,2025-06-03,16:40,16:45,LONG,3352.04,3347.67,3347.67,3358.59,3347.67,4.37,0.58,2.52,-2.52,-1,BREAKEVEN,NO,249.86
1713,2025-06-04,08:25,08:35,LONG,3351.63,3348.04,3348.04,3357.02,3348.04,3.59,0.7,2.5,-2.5,-1,BREAKEVEN,NO,247.37
1714,2025-06-04,09:15,09:40,LONG,3352.54,3349.22,3354.8,3357.52,3357.52,3.32,0.75,2.47,3.71,1.5,BREAKEVEN,YES,251.08
1715,2025-06-04,10:20,10:30,SHORT,3359.37,3361.96,3361.96,3355.48,3361.96,2.59,0.97,2.51,-2.51,-1,BREAKEVEN,NO,248.57
1716,2025-06-04,11:05,11:50,LONG,3355.44,3350.3,3360.13,3363.15,3363.15,5.14,0.48,2.49,3.73,1.5,BREAKEVEN,YES,252.29
1717,2025-06-04,12:05,12:45,LONG,3363.78,3360.07,3360.07,3369.35,3360.07,3.71,0.68,2.52,-2.52,-1,BREAKEVEN,NO,249.77
1718,2025-06-04,13:00,13:10,LONG,3363.21,3359.67,3359.67,3368.52,3359.67,3.54,0.71,2.5,-2.5,-1,BREAKEVEN,NO,247.27
1719,2025-06-04,13:55,14:20,LONG,3350.97,3348.06,3348.06,3355.33,3348.06,2.91,0.85,2.47,-2.47,-1,BREAKEVEN,NO,244.8
1720,2025-06-04,14:50,15:15,SHORT,3347.71,3352.04,3352.04,3341.22,3352.04,4.33,0.57,2.45,-2.45,-1,BREAKEVEN,NO,242.35
1721,2025-06-05,08:00,08:20,LONG,3368.3,3365.4,3365.4,3372.65,3365.4,2.9,0.84,2.42,-2.42,-1,BREAKEVEN,NO,239.93
1722,2025-06-05,09:15,09:30,LONG,3367.08,3364.66,3367.38,3370.71,3367.38,2.42,0.99,2.4,0.3,0.12,BREAKEVEN,YES,240.23
1723,2025-06-05,10:25,10:45,LONG,3372.43,3369.94,3369.94,3376.16,3369.94,2.49,0.96,2.4,-2.4,-1,BREAKEVEN,NO,237.82
1724,2025-06-05,12:35,12:50,SHORT,3384.06,3388.1,3388.1,3378,3388.1,4.04,0.59,2.38,-2.38,-1,BREAKEVEN,NO,235.45
1725,2025-06-05,13:20,13:25,LONG,3392.13,3388.9,3392.43,3396.98,3392.43,3.23,0.73,2.35,0.22,0.09,BREAKEVEN,YES,235.66
1726,2025-06-05,14:10,14:20,LONG,3402.63,3398.13,3398.13,3409.38,3398.13,4.5,0.52,2.36,-2.36,-1,BREAKEVEN,NO,233.31
1727,2025-06-05,15:20,15:45,LONG,3394.15,3388.23,3388.23,3403.03,3388.23,5.92,0.39,2.33,-2.33,-1,BREAKEVEN,NO,230.97
1728,2025-06-05,16:20,16:35,SHORT,3380.13,3386.75,3386.75,3370.2,3386.75,6.62,0.35,2.31,-2.31,-1,BREAKEVEN,NO,228.66
1729,2025-06-06,08:05,08:20,SHORT,3374.55,3377.1,3373.47,3370.73,3370.73,2.55,0.9,2.29,3.43,1.5,BREAKEVEN,YES,232.09
1730,2025-06-06,09:10,09:30,LONG,3362.88,3360.14,3363.18,3366.99,3363.18,2.74,0.85,2.32,0.25,0.11,BREAKEVEN,YES,232.35
1731,2025-06-06,09:55,10:00,LONG,3360.76,3358.31,3358.31,3364.44,3358.31,2.45,0.95,2.32,-2.32,-1,BREAKEVEN,NO,230.03
1732,2025-06-06,11:20,11:25,LONG,3360.83,3357.85,3361.13,3365.3,3361.13,2.98,0.77,2.3,0.23,0.1,BREAKEVEN,YES,230.26
1733,2025-06-06,12:25,13:00,SHORT,3355.68,3360.21,3360.21,3348.88,3360.21,4.53,0.51,2.3,-2.3,-1,BREAKEVEN,NO,227.95
1734,2025-06-06,14:25,14:30,SHORT,3360.91,3363.32,3363.32,3357.29,3363.32,2.41,0.95,2.28,-2.28,-1,BREAKEVEN,NO,225.67
1735,2025-06-06,16:10,16:15,SHORT,3355.94,3359.93,3359.93,3349.96,3359.93,3.99,0.57,2.26,-2.26,-1,BREAKEVEN,NO,223.42
1736,2025-06-09,08:05,08:35,LONG,3310.4,3308.07,3310.7,3313.89,3310.7,2.33,0.96,2.23,0.29,0.13,BREAKEVEN,YES,223.71
1737,2025-06-09,09:30,09:45,SHORT,3317.67,3320.97,3320.97,3312.72,3320.97,3.3,0.68,2.24,-2.24,-1,BREAKEVEN,NO,221.47
1738,2025-06-09,10:45,10:45,SHORT,3324.96,3328.8,3323.3,3319.2,3328.8,3.84,0.58,2.21,-2.21,-1,BREAKEVEN,YES,219.25
1739,2025-06-09,11:35,12:10,SHORT,3323.64,3327.13,3323.34,3318.4,3323.34,3.49,0.63,2.19,0.19,0.09,BREAKEVEN,YES,219.44
1740,2025-06-09,12:40,12:55,LONG,3321.75,3319.52,3319.52,3325.1,3319.52,2.23,0.98,2.19,-2.19,-1,BREAKEVEN,NO,217.25
1741,2025-06-09,14:20,14:35,SHORT,3317.57,3320.29,3320.29,3313.49,3320.29,2.72,0.8,2.17,-2.17,-1,BREAKEVEN,NO,215.08
1742,2025-06-09,15:35,15:50,LONG,3321.45,3317.42,3317.42,3327.49,3317.42,4.03,0.53,2.15,-2.15,-1,BREAKEVEN,NO,212.92
1743,2025-06-09,16:55,17:05,SHORT,3319.38,3323.15,3323.15,3313.73,3323.15,3.77,0.56,2.13,-2.13,-1,BREAKEVEN,NO,210.8
1744,2025-06-10,08:10,08:20,SHORT,3310.49,3313.12,3313.12,3306.54,3313.12,2.63,0.8,2.11,-2.11,-1,BREAKEVEN,NO,208.69
1745,2025-06-10,08:55,09:10,SHORT,3317.61,3320.63,3320.63,3313.08,3320.63,3.02,0.69,2.09,-2.09,-1,BREAKEVEN,NO,206.6
1746,2025-06-10,09:45,10:30,SHORT,3328.6,3332.73,3328.3,3322.4,3328.3,4.13,0.5,2.07,0.15,0.07,BREAKEVEN,YES,206.75
1747,2025-06-10,10:35,10:40,LONG,3330.39,3327.58,3327.58,3334.6,3327.58,2.81,0.74,2.07,-2.07,-1,BREAKEVEN,NO,204.68
1748,2025-06-10,11:40,12:15,SHORT,3327.47,3330.85,3330.85,3322.4,3330.85,3.38,0.61,2.05,-2.05,-1,BREAKEVEN,NO,202.64
1749,2025-06-10,13:05,13:20,SHORT,3329.07,3331.48,3331.48,3325.46,3331.48,2.41,0.84,2.03,-2.03,-1,BREAKEVEN,NO,200.61
1750,2025-06-10,13:55,14:10,SHORT,3335.35,3337.76,3337.76,3331.73,3337.76,2.41,0.83,2.01,-2.01,-1,BREAKEVEN,NO,198.6
1751,2025-06-10,15:00,15:25,SHORT,3332.78,3337.37,3337.37,3325.9,3337.37,4.59,0.43,1.99,-1.99,-1,BREAKEVEN,NO,196.62
1752,2025-06-10,15:50,15:55,LONG,3339.47,3337.21,3337.21,3342.86,3337.21,2.26,0.87,1.97,-1.97,-1,BREAKEVEN,NO,194.65
1753,2025-06-10,16:45,17:00,SHORT,3346.57,3350.58,3344.48,3340.56,3340.56,4.01,0.49,1.95,2.92,1.5,BREAKEVEN,YES,197.57
1754,2025-06-11,08:05,08:15,LONG,3342.25,3339.59,3339.59,3346.24,3339.59,2.66,0.74,1.98,-1.98,-1,BREAKEVEN,NO,195.6
1755,2025-06-11,08:50,08:50,SHORT,3335.8,3340.47,3340.47,3328.8,3340.47,4.67,0.42,1.96,-1.96,-1,BREAKEVEN,NO,193.64
1756,2025-06-11,09:45,10:20,SHORT,3336.95,3340.14,3340.14,3332.16,3340.14,3.19,0.61,1.94,-1.94,-1,BREAKEVEN,NO,191.7
1757,2025-06-11,10:30,10:50,SHORT,3339.28,3342.86,3342.86,3333.91,3342.86,3.58,0.54,1.92,-1.92,-1,BREAKEVEN,NO,189.79
1758,2025-06-11,11:20,12:00,SHORT,3344.61,3347.4,3344.31,3340.43,3344.31,2.79,0.68,1.9,0.2,0.11,BREAKEVEN,YES,189.99
1759,2025-06-11,12:25,12:50,SHORT,3338.83,3342.37,3336.21,3333.52,3333.52,3.54,0.54,1.9,2.85,1.5,BREAKEVEN,YES,192.84
1760,2025-06-11,13:30,13:55,LONG,3333.19,3329.09,3329.09,3339.34,3329.09,4.1,0.47,1.93,-1.93,-1,BREAKEVEN,NO,190.91
1761,2025-06-11,14:15,14:35,SHORT,3330.32,3333.42,3333.42,3325.67,3333.42,3.1,0.62,1.91,-1.91,-1,BREAKEVEN,NO,189
1762,2025-06-11,15:25,15:30,SHORT,3339.79,3344.36,3344.36,3332.93,3344.36,4.57,0.41,1.89,-1.89,-1,BREAKEVEN,NO,187.11
1763,2025-06-11,16:45,16:45,LONG,3332.55,3326.23,3337.07,3342.03,3326.23,6.32,0.3,1.87,-1.87,-1,BREAKEVEN,YES,185.24
1764,2025-06-12,08:05,08:40,LONG,3371.27,3367.78,3373.15,3376.5,3373.15,3.49,0.53,1.85,1,0.54,BREAKEVEN,YES,186.24
1765,2025-06-12,09:30,09:35,SHORT,3370.87,3373.44,3373.44,3367.01,3373.44,2.57,0.72,1.86,-1.86,-1,BREAKEVEN,NO,184.38
1766,2025-06-12,10:25,10:30,LONG,3369.93,3366.81,3366.81,3374.61,3366.81,3.12,0.59,1.84,-1.84,-1,BREAKEVEN,NO,182.53
1767,2025-06-12,11:10,11:15,LONG,3350.58,3346.12,3350.88,3357.27,3357.27,4.46,0.41,1.83,2.74,1.5,BREAKEVEN,YES,185.27
1768,2025-06-12,12:25,12:35,LONG,3361.11,3358.59,3358.59,3364.89,3358.59,2.52,0.74,1.85,-1.85,-1,BREAKEVEN,NO,183.42
1769,2025-06-12,13:35,14:00,SHORT,3383.51,3387.4,3387.4,3377.68,3387.4,3.89,0.47,1.83,-1.83,-1,BREAKEVEN,NO,181.58
1770,2025-06-12,14:20,14:35,LONG,3383.44,3379.35,3379.35,3389.58,3379.35,4.09,0.44,1.82,-1.82,-1,BREAKEVEN,NO,179.77
1771,2025-06-12,15:15,15:30,SHORT,3379.7,3383.85,3383.85,3373.47,3383.85,4.15,0.43,1.8,-1.8,-1,BREAKEVEN,NO,177.97
1772,2025-06-12,16:25,16:30,LONG,3382.74,3378,3383.04,3389.85,3383.04,4.74,0.38,1.78,0.11,0.06,BREAKEVEN,YES,178.08
1773,2025-06-13,08:05,08:20,SHORT,3427.04,3430.29,3426.74,3422.16,3422.16,3.25,0.55,1.78,2.67,1.5,BREAKEVEN,YES,180.75
1774,2025-06-13,09:15,09:35,LONG,3421.98,3418.66,3423.37,3426.96,3426.96,3.32,0.54,1.81,2.71,1.5,BREAKEVEN,YES,183.47
1775,2025-06-13,10:30,11:00,SHORT,3417.53,3420.49,3417.23,3413.09,3417.23,2.96,0.62,1.83,0.19,0.1,BREAKEVEN,YES,183.65
1776,2025-06-13,12:20,13:10,LONG,3422.8,3418.91,3423.1,3428.64,3423.1,3.89,0.47,1.84,0.14,0.08,BREAKEVEN,YES,183.79
1777,2025-06-13,13:50,14:20,LONG,3414.68,3410.14,3416.61,3421.49,3421.49,4.54,0.4,1.84,2.76,1.5,BREAKEVEN,YES,186.55
1778,2025-06-13,14:35,15:05,LONG,3420.38,3417.19,3422.73,3425.16,3425.16,3.19,0.58,1.87,2.8,1.5,BREAKEVEN,YES,189.35
1779,2025-06-13,15:40,15:50,SHORT,3431.55,3434.72,3434.72,3426.8,3434.72,3.17,0.6,1.89,-1.89,-1,BREAKEVEN,NO,187.46
1780,2025-06-13,16:30,16:35,LONG,3442.04,3438.12,3442.34,3447.92,3442.34,3.92,0.48,1.87,0.14,0.08,BREAKEVEN,YES,187.6
1781,2025-07-01,08:05,08:10,SHORT,3324.79,3327.26,3327.26,3321.08,3327.26,2.47,0.76,1.88,-1.88,-1,BREAKEVEN,NO,185.72
1782,2025-07-01,08:55,09:25,SHORT,3328.78,3331.44,3328.48,3324.79,3328.48,2.66,0.7,1.86,0.21,0.11,BREAKEVEN,YES,185.93
1783,2025-07-01,09:50,10:10,SHORT,3331.59,3336.01,3336.01,3324.96,3336.01,4.42,0.42,1.86,-1.86,-1,BREAKEVEN,NO,184.07
1784,2025-07-01,11:15,11:35,SHORT,3338.16,3341.28,3341.28,3333.48,3341.28,3.12,0.59,1.84,-1.84,-1,BREAKEVEN,NO,182.23
1785,2025-07-01,12:15,12:20,LONG,3340.32,3337.89,3340.62,3343.97,3340.62,2.43,0.75,1.82,0.22,0.12,BREAKEVEN,YES,182.46
1786,2025-07-01,13:15,14:00,SHORT,3347.39,3350.11,3350.11,3343.31,3350.11,2.72,0.67,1.82,-1.82,-1,BREAKEVEN,NO,180.63
1787,2025-07-01,14:10,14:35,SHORT,3350.74,3353.18,3350.37,3347.08,3347.08,2.44,0.74,1.81,2.71,1.5,BREAKEVEN,YES,183.34
1788,2025-07-01,14:55,15:15,SHORT,3349.03,3352.29,3352.29,3344.14,3352.29,3.26,0.56,1.83,-1.83,-1,BREAKEVEN,NO,181.51
1789,2025-07-01,15:40,15:45,SHORT,3355.9,3359.42,3355.6,3350.62,3355.6,3.52,0.52,1.82,0.15,0.09,BREAKEVEN,YES,181.66
1790,2025-07-01,16:35,16:55,SHORT,3346.85,3351.98,3351.98,3339.15,3351.98,5.13,0.35,1.82,-1.82,-1,BREAKEVEN,NO,179.85
1791,2025-07-02,08:00,08:15,LONG,3339.98,3338.06,3340.28,3342.86,3340.28,1.92,0.94,1.8,0.28,0.16,BREAKEVEN,YES,180.13
1792,2025-07-02,09:10,09:40,SHORT,3337.26,3340.06,3334.92,3333.06,3333.06,2.8,0.64,1.8,2.7,1.5,BREAKEVEN,YES,182.83
1793,2025-07-02,10:20,10:45,LONG,3328.99,3326.24,3329.29,3333.11,3333.11,2.75,0.66,1.83,2.74,1.5,BREAKEVEN,YES,185.57
1794,2025-07-02,12:15,12:30,SHORT,3337.61,3340.52,3340.52,3333.25,3340.52,2.91,0.64,1.86,-1.86,-1,BREAKEVEN,NO,183.72
1795,2025-07-02,13:55,14:00,SHORT,3344.35,3347.11,3347.11,3340.21,3347.11,2.76,0.67,1.84,-1.84,-1,BREAKEVEN,NO,181.88
1796,2025-07-02,14:40,14:50,LONG,3342.44,3340.12,3340.12,3345.92,3340.12,2.32,0.78,1.82,-1.82,-1,BREAKEVEN,NO,180.06
1797,2025-07-02,15:40,15:50,SHORT,3347.87,3350.72,3350.72,3343.6,3350.72,2.85,0.63,1.8,-1.8,-1,BREAKEVEN,NO,178.26
1798,2025-07-02,16:30,16:35,LONG,3343.49,3340.48,3340.48,3348,3340.48,3.01,0.59,1.78,-1.78,-1,BREAKEVEN,NO,176.48
1799,2025-07-03,12:20,12:30,LONG,3352.1,3349.69,3349.69,3355.71,3349.69,2.41,0.73,1.76,-1.76,-1,BREAKEVEN,NO,174.71
1800,2025-07-03,13:05,13:40,LONG,3346.6,3343.6,3349.55,3351.1,3351.1,3,0.58,1.75,2.62,1.5,BREAKEVEN,YES,177.33
1801,2025-07-03,13:50,14:05,SHORT,3354.16,3356.83,3352.23,3350.15,3350.15,2.67,0.66,1.77,2.66,1.5,BREAKEVEN,YES,179.99
1802,2025-07-03,14:40,14:50,LONG,3345.84,3343.14,3343.14,3349.89,3343.14,2.7,0.67,1.8,-1.8,-1,BREAKEVEN,NO,178.19
1803,2025-07-03,15:25,15:30,SHORT,3349.65,3353.23,3349.35,3344.28,3344.28,3.58,0.5,1.78,2.67,1.5,BREAKEVEN,YES,180.87
1804,2025-07-03,16:10,16:55,LONG,3328,3320.84,3333.61,3338.74,3333.61,7.16,0.25,1.81,1.42,0.78,BREAKEVEN,YES,182.28
1805,2025-07-04,10:40,11:05,SHORT,3341.57,3344.01,3344.01,3337.91,3344.01,2.44,0.75,1.82,-1.82,-1,BREAKEVEN,NO,180.46
1806,2025-07-04,11:25,12:05,LONG,3342.88,3340.47,3340.47,3346.5,3340.47,2.41,0.75,1.8,-1.8,-1,BREAKEVEN,NO,178.66
1807,2025-07-04,12:10,12:30,SHORT,3339.92,3342.38,3339.49,3336.23,3336.23,2.46,0.73,1.79,2.68,1.5,BREAKEVEN,YES,181.34
1808,2025-07-04,13:00,13:40,SHORT,3334.94,3336.98,3334.64,3331.88,3331.88,2.04,0.89,1.81,2.72,1.5,BREAKEVEN,YES,184.06
1809,2025-07-04,13:55,14:55,SHORT,3336.82,3338.94,3336.52,3333.64,3336.52,2.12,0.87,1.84,0.26,0.14,BREAKEVEN,YES,184.32
1810,2025-07-04,15:10,15:40,SHORT,3336.53,3339.27,3334.47,3332.42,3332.42,2.74,0.67,1.84,2.76,1.5,BREAKEVEN,YES,187.08
1811,2025-07-04,15:55,16:40,SHORT,3333.87,3336.12,3336.12,3330.49,3336.12,2.25,0.83,1.87,-1.87,-1,BREAKEVEN,NO,185.21
1812,2025-07-04,16:55,16:55,SHORT,3333.85,3338.11,3338.11,3327.46,3338.11,4.26,0.43,1.85,-1.85,-1,BREAKEVEN,NO,183.36
1813,2025-07-07,08:00,08:05,SHORT,3307.64,3309.79,3309.79,3304.41,3309.79,2.15,0.85,1.83,-1.83,-1,BREAKEVEN,NO,181.52
1814,2025-07-07,09:05,09:25,LONG,3314.02,3310.1,3310.1,3319.9,3310.1,3.92,0.46,1.82,-1.82,-1,BREAKEVEN,NO,179.71
1815,2025-07-07,09:50,10:00,SHORT,3310.18,3312.65,3309.88,3306.47,3309.88,2.47,0.73,1.8,0.22,0.12,BREAKEVEN,YES,179.93
1816,2025-07-07,10:55,11:05,LONG,3302.24,3299.19,3302.54,3306.81,3302.54,3.05,0.59,1.8,0.18,0.1,BREAKEVEN,YES,180.1
1817,2025-07-07,11:40,12:25,LONG,3310.32,3308.32,3308.32,3313.32,3308.32,2,0.9,1.8,-1.8,-1,BREAKEVEN,NO,178.3
1818,2025-07-07,12:25,12:25,SHORT,3307.67,3312.09,3312.09,3301.04,3312.09,4.42,0.4,1.78,-1.78,-1,BREAKEVEN,NO,176.52
1819,2025-07-07,13:10,13:35,LONG,3309.74,3306.86,3306.86,3314.06,3306.86,2.88,0.61,1.77,-1.77,-1,BREAKEVEN,NO,174.76
1820,2025-07-07,13:55,14:05,LONG,3302.06,3298.61,3302.36,3307.23,3307.23,3.45,0.51,1.75,2.62,1.5,BREAKEVEN,YES,177.38
1821,2025-07-07,14:50,15:35,LONG,3304.74,3299.99,3305.04,3311.86,3305.04,4.75,0.37,1.77,0.11,0.06,BREAKEVEN,YES,177.49
1822,2025-07-07,15:40,15:50,SHORT,3308,3312.11,3312.11,3301.84,3312.11,4.11,0.43,1.77,-1.77,-1,BREAKEVEN,NO,175.71
1823,2025-07-08,08:05,08:10,SHORT,3331.1,3333.32,3333.32,3327.77,3333.32,2.22,0.79,1.76,-1.76,-1,BREAKEVEN,NO,173.96
1824,2025-07-08,09:15,09:20,LONG,3331.91,3329.37,3332.21,3335.72,3332.21,2.54,0.68,1.74,0.21,0.12,BREAKEVEN,YES,174.16
1825,2025-07-08,10:10,10:25,SHORT,3338,3340.9,3335.82,3333.65,3333.65,2.9,0.6,1.74,2.61,1.5,BREAKEVEN,YES,176.77
1826,2025-07-08,11:05,11:20,LONG,3328.74,3324.64,3324.64,3334.89,3324.64,4.1,0.43,1.77,-1.77,-1,BREAKEVEN,NO,175.01
1827,2025-07-08,12:10,12:25,LONG,3324.39,3322.29,3324.69,3327.54,3324.69,2.1,0.83,1.75,0.25,0.14,BREAKEVEN,YES,175.26
1828,2025-07-08,12:55,13:15,LONG,3322.05,3319.7,3322.35,3325.58,3322.35,2.35,0.75,1.75,0.22,0.13,BREAKEVEN,YES,175.48
1829,2025-07-08,13:40,14:35,LONG,3325.67,3322.85,3322.85,3329.9,3322.85,2.82,0.62,1.75,-1.75,-1,BREAKEVEN,NO,173.73
1830,2025-07-08,14:25,14:35,LONG,3324.85,3321.74,3321.74,3329.52,3321.74,3.11,0.56,1.74,-1.74,-1,BREAKEVEN,NO,171.99
1831,2025-07-08,15:10,16:05,LONG,3329.32,3324.84,3324.84,3336.04,3324.84,4.48,0.38,1.72,-1.72,-1,BREAKEVEN,NO,170.27
1832,2025-07-08,15:55,16:00,LONG,3328.22,3326.41,3326.41,3330.93,3326.41,1.81,0.94,1.7,-1.7,-1,BREAKEVEN,NO,168.57
1833,2025-07-08,16:50,17:00,LONG,3315.8,3313.24,3313.24,3319.64,3313.24,2.56,0.66,1.69,-1.69,-1,BREAKEVEN,NO,166.88
1834,2025-07-09,08:30,08:55,LONG,3292.84,3289.55,3289.55,3297.78,3289.55,3.29,0.51,1.67,-1.67,-1,BREAKEVEN,NO,165.21
1835,2025-07-09,09:40,10:00,SHORT,3289.34,3293.13,3293.13,3283.66,3293.13,3.79,0.44,1.65,-1.65,-1,BREAKEVEN,NO,163.56
1836,2025-07-09,10:30,10:55,LONG,3290.47,3286.74,3292.38,3296.06,3292.38,3.73,0.44,1.64,0.84,0.51,BREAKEVEN,YES,164.4
1837,2025-07-09,12:20,12:20,LONG,3289.95,3287.23,3290.25,3294.03,3287.23,2.72,0.6,1.64,-1.64,-1,BREAKEVEN,YES,162.75
1838,2025-07-09,13:05,13:30,LONG,3290.89,3288.23,3291.19,3294.88,3291.19,2.66,0.61,1.63,0.18,0.11,BREAKEVEN,YES,162.94
1839,2025-07-09,14:15,14:20,LONG,3292.73,3290.29,3290.29,3296.39,3290.29,2.44,0.67,1.63,-1.63,-1,BREAKEVEN,NO,161.31
1840,2025-07-09,15:10,15:55,LONG,3291.52,3287.8,3294.76,3297.1,3297.1,3.72,0.43,1.61,2.42,1.5,BREAKEVEN,YES,163.73
1841,2025-07-09,16:00,16:50,SHORT,3295.71,3300.41,3300.41,3288.66,3300.41,4.7,0.35,1.64,-1.64,-1,BREAKEVEN,NO,162.09
1842,2025-07-10,08:30,09:10,LONG,3322.71,3320.08,3323.01,3326.66,3323.01,2.63,0.62,1.62,0.18,0.11,BREAKEVEN,YES,162.27
1843,2025-07-10,09:20,09:20,SHORT,3324.71,3329.82,3329.82,3317.05,3329.82,5.11,0.32,1.62,-1.62,-1,BREAKEVEN,NO,160.65
1844,2025-07-10,10:15,10:45,SHORT,3326.73,3329.52,3323.97,3322.55,3322.55,2.79,0.58,1.61,2.41,1.5,BREAKEVEN,YES,163.06
1845,2025-07-10,11:10,11:40,LONG,3321.28,3319.01,3323.24,3324.69,3324.69,2.27,0.72,1.63,2.45,1.5,BREAKEVEN,YES,165.51
1846,2025-07-10,11:55,12:35,SHORT,3328.69,3331.61,3326.67,3324.31,3324.31,2.92,0.57,1.66,2.48,1.5,BREAKEVEN,YES,167.99
1847,2025-07-10,13:45,14:00,SHORT,3326.45,3329.08,3329.08,3322.5,3329.08,2.63,0.64,1.68,-1.68,-1,BREAKEVEN,NO,166.31
1848,2025-07-10,14:55,15:55,LONG,3320.42,3316.83,3322.32,3325.81,3325.81,3.59,0.46,1.66,2.49,1.5,BREAKEVEN,YES,168.8
1849,2025-07-10,15:40,16:00,LONG,3322.78,3319.87,3323.08,3327.15,3327.15,2.91,0.58,1.69,2.53,1.5,BREAKEVEN,YES,171.34
1850,2025-07-11,08:25,08:30,SHORT,3340.27,3343.1,3339.97,3336.03,3339.97,2.83,0.61,1.71,0.18,0.11,BREAKEVEN,YES,171.52
1851,2025-07-11,09:20,09:40,LONG,3343.04,3338.8,3338.8,3349.4,3338.8,4.24,0.4,1.72,-1.72,-1,BREAKEVEN,NO,169.8
1852,2025-07-11,10:50,11:25,LONG,3340.38,3337.61,3340.68,3344.53,3340.68,2.77,0.61,1.7,0.18,0.11,BREAKEVEN,YES,169.99
1853,2025-07-11,11:40,11:50,SHORT,3338.21,3340.83,3337.91,3334.28,3334.28,2.62,0.65,1.7,2.55,1.5,BREAKEVEN,YES,172.54
1854,2025-07-11,12:45,12:55,SHORT,3336.75,3339.17,3339.17,3333.12,3339.17,2.42,0.71,1.73,-1.73,-1,BREAKEVEN,NO,170.81
1855,2025-07-11,13:35,14:10,SHORT,3346.01,3348.28,3348.28,3342.61,3348.28,2.27,0.75,1.71,-1.71,-1,BREAKEVEN,NO,169.1
1856,2025-07-11,14:20,14:30,SHORT,3343.96,3347.12,3347.12,3339.22,3347.12,3.16,0.54,1.69,-1.69,-1,BREAKEVEN,NO,167.41
1857,2025-07-11,15:05,15:15,SHORT,3347.71,3350.57,3347.41,3343.42,3347.41,2.86,0.59,1.67,0.18,0.1,BREAKEVEN,YES,167.59
1858,2025-07-11,15:55,16:20,SHORT,3355.12,3358.51,3354.82,3350.03,3354.82,3.39,0.49,1.68,0.15,0.09,BREAKEVEN,YES,167.74
1859,2025-07-11,16:45,17:40,LONG,3353.14,3348.78,3355.68,3359.68,3359.68,4.36,0.38,1.68,2.52,1.5,BREAKEVEN,YES,170.25
