Date,Time,Open,High,Low,Close,Volume
2026-05-28,04:00,4404.20,4407.40,4398.90,4404.40,0
2026-05-28,04:05,4405.00,4411.80,4404.00,4410.70,457
2026-05-28,04:10,4410.70,4411.60,4405.40,4405.80,241
2026-05-28,04:15,4405.80,4407.00,4398.80,4399.00,247
2026-05-28,04:20,4399.00,4403.40,4395.60,4401.20,338
2026-05-28,04:25,4400.80,4401.70,4396.50,4398.10,266
2026-05-28,04:30,4398.20,4402.00,4398.20,4400.80,191
2026-05-28,04:35,4401.40,4403.40,4399.90,4401.50,179
2026-05-28,04:40,4401.70,4404.50,4400.30,4403.60,319
2026-05-28,04:45,4403.20,4404.50,4398.50,4398.90,312
2026-05-28,04:50,4399.10,4402.00,4397.40,4400.40,241
2026-05-28,04:55,4400.50,4403.90,4400.50,4402.20,255
2026-05-28,05:00,4402.70,4403.40,4396.10,4399.00,660
2026-05-28,05:05,4398.80,4403.10,4397.10,4400.80,289
2026-05-28,05:10,4400.90,4406.30,4400.70,4404.10,358
2026-05-28,05:15,4404.40,4405.20,4400.70,4403.30,286
2026-05-28,05:20,4402.80,4406.50,4400.70,4406.00,168
2026-05-28,05:25,4406.00,4409.00,4405.60,4407.30,343
2026-05-28,05:30,4407.70,4417.00,4403.70,4415.40,951
2026-05-28,05:35,4415.60,4420.10,4415.10,4420.00,437
2026-05-28,05:40,4420.20,4422.50,4417.90,4418.60,618
2026-05-28,05:45,4418.90,4423.80,4418.90,4421.30,426
2026-05-28,05:50,4421.50,4425.50,4419.80,4422.30,357
2026-05-28,05:55,4422.60,4422.70,4416.70,4417.10,394
2026-05-28,06:00,4417.20,4419.90,4414.90,4417.00,520
2026-05-28,06:05,4416.60,4417.00,4408.00,4409.20,718
2026-05-28,06:10,4409.50,4411.00,4403.90,4405.30,627
2026-05-28,06:15,4405.70,4410.10,4403.80,4409.10,408
2026-05-28,06:20,4409.10,4414.50,4409.10,4411.50,547
2026-05-28,06:25,4411.70,4414.30,4409.60,4410.20,343
2026-05-28,06:30,4409.60,4414.60,4408.80,4412.50,274
2026-05-28,06:35,4412.60,4415.00,4411.50,4411.50,186
2026-05-28,06:40,4412.20,4413.40,4406.70,4409.80,500
2026-05-28,06:45,4409.80,4414.40,4408.90,4412.90,281
2026-05-28,06:50,4412.90,4413.80,4410.90,4412.50,157
2026-05-28,06:55,4413.00,4414.30,4411.40,4413.30,176
2026-05-28,07:00,4413.60,4419.40,4413.60,4416.80,571
2026-05-28,07:05,4416.90,4422.20,4416.40,4421.60,413
2026-05-28,07:10,4421.30,4421.30,4416.50,4418.60,256
2026-05-28,07:15,4418.80,4425.00,4415.80,4424.00,416
2026-05-28,07:20,4423.80,4426.00,4422.90,4423.70,769
2026-05-28,07:25,4424.00,4426.00,4421.20,4422.40,574
2026-05-28,07:30,4422.40,4423.70,4418.70,4418.70,372
2026-05-28,07:35,4419.20,4422.30,4418.10,4418.80,378
2026-05-28,07:40,4418.70,4419.70,4414.90,4418.60,435
2026-05-28,07:45,4419.30,4420.60,4415.90,4417.70,552
2026-05-28,07:50,4417.90,4419.10,4412.40,4415.20,488
2026-05-28,07:55,4415.40,4418.40,4413.30,4417.20,344
2026-05-28,08:00,4417.50,4422.90,4415.90,4416.90,500
2026-05-28,08:05,4417.30,4423.30,4416.00,4423.20,275
2026-05-28,08:10,4423.40,4424.80,4421.20,4422.50,290
2026-05-28,08:15,4422.90,4424.40,4420.40,4421.40,283
2026-05-28,08:20,4421.20,4424.00,4420.90,4422.00,309
2026-05-28,08:25,4422.70,4423.20,4417.00,4418.90,276
2026-05-28,08:30,4419.00,4421.90,4415.80,4421.90,311
2026-05-28,08:35,4422.40,4424.40,4419.80,4421.20,495
2026-05-28,08:40,4421.40,4422.90,4419.40,4419.90,223
2026-05-28,08:45,4419.80,4421.00,4416.70,4420.80,354
2026-05-28,08:50,4420.80,4421.40,4417.80,4418.40,221
2026-05-28,08:55,4417.70,4418.60,4415.60,4416.80,197
2026-05-28,09:00,4416.30,4420.90,4416.10,4419.20,286
2026-05-28,09:05,4419.40,4421.30,4417.80,4419.90,360
2026-05-28,09:10,4419.70,4420.50,4416.30,4419.30,308
2026-05-28,09:15,4419.00,4422.00,4418.40,4420.00,274
2026-05-28,09:20,4419.90,4429.00,4419.80,4425.10,873
2026-05-28,09:25,4425.00,4427.60,4423.40,4426.20,344
2026-05-28,09:30,4426.00,4426.80,4421.60,4423.10,629
2026-05-28,09:35,4423.30,4426.00,4421.80,4422.50,251
2026-05-28,09:40,4422.50,4423.20,4420.30,4421.20,202
2026-05-28,09:45,4421.50,4423.50,4419.90,4423.20,178
2026-05-28,09:50,4422.70,4426.60,4422.70,4424.80,211
2026-05-28,09:55,4424.80,4426.20,4423.20,4424.00,198
2026-05-28,10:00,4424.10,4425.20,4421.80,4423.60,304
2026-05-28,10:05,4423.90,4432.10,4423.80,4431.80,521
2026-05-28,10:10,4432.00,4434.30,4428.50,4429.40,497
2026-05-28,10:15,4429.80,4431.00,4428.30,4429.60,148
2026-05-28,10:20,4429.60,4429.60,4423.90,4426.00,356
2026-05-28,10:25,4425.80,4432.70,4425.80,4431.60,249
2026-05-28,10:30,4431.10,4432.60,4428.70,4428.70,149
2026-05-28,10:35,4429.20,4430.20,4427.50,4428.60,199
2026-05-28,10:40,4428.80,4428.80,4418.00,4419.30,720
2026-05-28,10:45,4419.00,4419.20,4410.00,4411.10,648
2026-05-28,10:50,4411.20,4415.90,4405.50,4412.70,1329
2026-05-28,10:55,4412.70,4417.60,4412.30,4413.60,843
2026-05-28,11:00,4413.00,4419.50,4412.00,4418.70,478
2026-05-28,11:05,4418.90,4419.50,4415.70,4416.80,288
2026-05-28,11:10,4416.90,4419.00,4415.50,4417.30,154
2026-05-28,11:15,4416.90,4421.00,4416.90,4419.50,252
2026-05-28,11:20,4419.60,4420.50,4415.80,4417.90,394
2026-05-28,11:25,4417.90,4419.20,4414.50,4415.30,228
2026-05-28,11:30,4415.00,4417.00,4410.90,4416.70,289
2026-05-28,11:35,4416.30,4420.20,4416.10,4418.20,393
2026-05-28,11:40,4418.60,4420.60,4415.10,4415.90,339
2026-05-28,11:45,4415.50,4416.30,4412.90,4413.60,162
2026-05-28,11:50,4413.10,4414.60,4411.10,4413.70,419
2026-05-28,11:55,4413.20,4418.50,4413.20,4418.20,211
2026-05-28,12:00,4417.90,4421.60,4417.90,4420.40,307
2026-05-28,12:05,4420.40,4423.50,4419.80,4421.50,494
2026-05-28,12:10,4421.70,4422.90,4418.60,4422.60,413
2026-05-28,12:15,4422.60,4423.00,4417.70,4418.70,455
2026-05-28,12:20,4418.90,4420.00,4409.80,4411.10,968
2026-05-28,12:25,4411.00,4416.70,4411.00,4415.00,399
2026-05-28,12:30,4415.40,4425.00,4412.80,4422.60,1510
2026-05-28,12:35,4422.60,4432.80,4421.70,4429.00,1378
2026-05-28,12:40,4429.20,4433.70,4427.80,4433.10,589
2026-05-28,12:45,4432.70,4441.00,4432.00,4440.50,978
2026-05-28,12:50,4440.00,4451.70,4439.40,4450.70,1963
2026-05-28,12:55,4450.90,4464.00,4450.80,4461.90,2338
2026-05-28,13:00,4462.30,4466.60,4458.50,4462.90,2303
2026-05-28,13:05,4462.90,4469.40,4455.90,4456.40,1839
2026-05-28,13:10,4456.30,4462.30,4455.00,4456.70,940
2026-05-28,13:15,4457.00,4462.20,4455.90,4461.70,739
2026-05-28,13:20,4461.50,4464.80,4457.80,4459.00,720
2026-05-28,13:25,4458.90,4463.10,4457.80,4458.80,579
2026-05-28,13:30,4459.50,4460.90,4448.20,4449.10,1436
2026-05-28,13:35,4448.70,4456.90,4448.00,4455.20,1129
2026-05-28,13:40,4454.90,4456.10,4449.60,4452.40,752
2026-05-28,13:45,4452.10,4460.40,4451.80,4455.60,761
2026-05-28,13:50,4455.80,4464.80,4455.80,4460.70,897
2026-05-28,13:55,4461.10,4462.30,4456.20,4460.60,740
2026-05-28,14:00,4460.10,4463.20,4450.60,4454.90,1451
2026-05-28,14:05,4455.00,4473.00,4454.30,4469.10,1476
2026-05-28,14:10,4469.70,4498.90,4462.80,4495.20,4840
2026-05-28,14:15,4495.10,4504.40,4481.70,4494.70,3682
2026-05-28,14:20,4495.20,4498.00,4484.00,4492.30,1702
2026-05-28,14:25,4492.10,4496.00,4489.60,4491.80,1394
2026-05-28,14:30,4491.80,4498.80,4486.70,4487.30,1661
2026-05-28,14:35,4487.40,4491.30,4483.30,4490.10,1459
2026-05-28,14:40,4490.00,4502.40,4489.10,4499.60,1761
2026-05-28,14:45,4499.90,4511.40,4496.20,4497.90,3694
2026-05-28,14:50,4498.60,4507.20,4497.30,4500.80,979
2026-05-28,14:55,4501.20,4501.40,4492.60,4500.30,1331
2026-05-28,15:00,4500.70,4507.60,4499.40,4505.60,1311
2026-05-28,15:05,4505.80,4511.30,4503.00,4504.10,997
2026-05-28,15:10,4503.70,4505.00,4500.80,4501.60,479
2026-05-28,15:15,4501.90,4504.60,4500.90,4502.70,393
2026-05-28,15:20,4503.10,4507.60,4499.90,4506.40,666
2026-05-28,15:25,4506.80,4513.60,4505.80,4507.10,881
2026-05-28,15:30,4507.80,4511.60,4507.80,4511.40,567
2026-05-28,15:35,4511.40,4515.90,4508.50,4508.50,1010
2026-05-28,15:40,4508.90,4511.30,4507.00,4509.50,622
2026-05-28,15:45,4509.90,4512.60,4509.30,4509.50,341
2026-05-28,15:50,4510.10,4512.70,4509.90,4510.50,292
2026-05-28,15:55,4510.30,4512.80,4508.80,4512.50,313
2026-05-28,16:00,4512.90,4514.10,4507.50,4510.90,659
2026-05-28,16:05,4511.10,4516.30,4511.00,4512.00,682
2026-05-28,16:10,4512.30,4516.00,4512.20,4514.90,366
2026-05-28,16:15,4515.20,4528.20,4514.60,4527.90,1574
2026-05-28,16:20,4527.50,4533.40,4525.20,4532.90,1581
2026-05-28,16:25,4532.90,4533.90,4529.40,4531.00,995
2026-05-28,16:30,4531.30,4533.20,4528.30,4529.40,772
2026-05-28,16:35,4529.20,4533.60,4528.00,4530.10,999
2026-05-28,16:40,4529.90,4537.10,4529.60,4535.00,769
2026-05-28,16:45,4535.20,4539.20,4534.90,4535.60,814
2026-05-28,16:50,4535.70,4540.40,4534.90,4538.80,829
2026-05-28,16:55,4538.80,4542.00,4538.70,4541.80,642
2026-05-28,17:00,4541.90,4545.40,4540.00,4540.90,950
2026-05-28,17:05,4541.00,4541.00,4536.30,4540.50,599
2026-05-28,17:10,4540.80,4541.00,4534.00,4534.70,694
2026-05-28,17:15,4534.70,4537.40,4534.10,4535.00,978
2026-05-28,17:20,4535.00,4536.40,4533.00,4535.60,623
2026-05-28,17:25,4535.50,4536.80,4531.50,4532.50,1889
2026-05-28,17:30,4532.60,4537.60,4532.60,4535.30,469
2026-05-28,17:35,4535.40,4536.40,4534.30,4536.00,200
2026-05-28,17:40,4536.10,4537.70,4534.80,4535.40,231
2026-05-28,17:45,4535.50,4539.50,4535.20,4538.80,572
2026-05-28,17:50,4539.00,4539.00,4537.30,4537.90,141
2026-05-28,17:55,4538.00,4540.30,4537.90,4539.20,185
2026-05-28,18:00,4539.20,4547.10,4539.10,4543.70,742
2026-05-28,18:05,4543.40,4544.30,4539.70,4540.10,314
2026-05-28,18:10,4540.00,4540.20,4536.40,4538.00,347
2026-05-28,18:15,4538.30,4543.70,4536.00,4540.10,652
2026-05-28,18:20,4540.50,4541.50,4538.30,4538.50,435
2026-05-28,18:25,4538.60,4538.60,4536.00,4537.00,273
2026-05-28,18:30,4537.20,4537.20,4531.80,4532.80,456
2026-05-28,18:35,4533.00,4534.60,4531.50,4532.90,381
2026-05-28,18:40,4532.80,4533.70,4531.90,4532.60,185
2026-05-28,18:45,4532.70,4533.30,4529.30,4530.40,441
2026-05-28,18:50,4530.00,4534.50,4529.80,4533.80,382
2026-05-28,18:55,4533.70,4534.30,4531.50,4532.50,168
2026-05-28,19:00,4532.20,4534.60,4530.60,4532.70,263
2026-05-28,19:05,4532.80,4533.20,4529.60,4529.60,196
2026-05-28,19:10,4529.90,4532.30,4529.30,4530.50,319
2026-05-28,19:15,4530.30,4532.40,4530.30,4531.70,161
2026-05-28,19:20,4531.70,4533.90,4531.40,4533.30,179
2026-05-28,19:25,4533.50,4533.50,4530.70,4530.80,212
2026-05-28,19:30,4530.80,4532.70,4530.80,4532.00,285
2026-05-28,19:35,4532.10,4532.70,4530.40,4531.90,154
2026-05-28,19:40,4531.80,4532.10,4530.00,4530.30,199
2026-05-28,19:45,4530.40,4531.40,4529.10,4529.60,211
2026-05-28,19:50,4529.40,4530.80,4528.60,4529.80,643
2026-05-28,19:55,4529.60,4530.30,4528.00,4528.70,665
2026-05-28,20:00,4528.70,4529.10,4526.20,4526.70,427
2026-05-28,20:05,4526.90,4528.20,4525.60,4526.80,126
2026-05-28,20:10,4527.00,4529.30,4527.00,4527.80,93
2026-05-28,20:15,4527.70,4531.50,4527.00,4528.40,344
2026-05-28,20:20,4528.60,4529.70,4528.10,4528.30,48
2026-05-28,20:25,4528.50,4530.20,4527.80,4530.00,91
2026-05-28,20:30,4529.70,4531.70,4528.70,4530.70,130
2026-05-28,20:35,4530.90,4531.00,4527.20,4527.20,153
2026-05-28,20:40,4527.60,4527.80,4525.80,4526.60,132
2026-05-28,20:45,4526.30,4527.60,4525.90,4526.70,89
2026-05-28,20:50,4526.80,4527.20,4525.80,4527.00,80
2026-05-28,20:55,4526.80,4527.80,4526.50,4527.30,79
2026-05-28,22:00,4527.60,4530.30,4524.80,4527.60,0
2026-05-28,22:05,4528.20,4529.00,4522.30,4524.90,139
2026-05-28,22:10,4524.00,4525.90,4523.20,4524.30,103
2026-05-28,22:15,4524.50,4525.40,4524.00,4524.60,44
2026-05-28,22:20,4524.80,4525.30,4523.70,4525.00,44
2026-05-28,22:25,4524.10,4527.00,4523.60,4526.40,34
2026-05-28,22:30,4526.30,4527.00,4524.30,4524.30,36
2026-05-28,22:35,4524.90,4525.80,4523.60,4525.20,47
2026-05-28,22:40,4524.70,4527.00,4524.30,4526.60,36
2026-05-28,22:45,4526.00,4527.10,4525.10,4525.70,51
2026-05-28,22:50,4525.50,4525.60,4522.70,4524.50,103
2026-05-28,22:55,4524.10,4525.00,4521.60,4521.70,73
2026-05-28,23:00,4522.50,4526.00,4521.70,4526.00,100
2026-05-28,23:05,4526.40,4526.50,4525.00,4525.00,52
2026-05-28,23:10,4525.00,4525.80,4525.00,4525.80,7
2026-05-28,23:15,4525.80,4527.90,4525.80,4526.60,75
2026-05-28,23:20,4526.90,4526.90,4524.60,4525.40,47
2026-05-28,23:25,4525.40,4525.40,4522.40,4523.10,69
2026-05-28,23:30,4522.90,4525.20,4521.90,4524.20,95
2026-05-28,23:35,4525.00,4525.40,4522.80,4522.80,164
2026-05-28,23:40,4522.40,4523.00,4519.70,4520.70,174
2026-05-28,23:45,4520.50,4522.00,4519.50,4521.40,147
2026-05-28,23:50,4521.40,4525.20,4521.10,4523.00,112
2026-05-28,23:55,4522.90,4527.20,4522.50,4525.60,201
2026-05-29,00:00,4525.50,4529.00,4522.50,4525.60,309
2026-05-29,00:05,4525.70,4526.40,4522.50,4525.10,148
2026-05-29,00:10,4525.60,4528.90,4523.00,4527.90,251
2026-05-29,00:15,4527.80,4530.40,4527.40,4530.10,181
2026-05-29,00:20,4530.10,4531.50,4526.30,4527.70,170
2026-05-29,00:25,4527.90,4531.00,4526.50,4530.30,175
2026-05-29,00:30,4530.60,4530.90,4525.60,4525.60,231
2026-05-29,00:35,4525.60,4526.80,4523.50,4524.20,110
2026-05-29,00:40,4524.60,4528.70,4524.60,4528.70,127
2026-05-29,00:45,4528.50,4528.60,4523.50,4525.80,122
2026-05-29,00:50,4525.90,4527.10,4523.90,4524.70,128
2026-05-29,00:55,4524.20,4526.00,4523.60,4525.30,104
2026-05-29,01:00,4526.00,4533.90,4522.70,4531.10,853
2026-05-29,01:05,4531.30,4539.80,4529.50,4539.70,453
2026-05-29,01:10,4539.50,4545.80,4538.80,4545.20,575
2026-05-29,01:15,4545.40,4551.20,4544.70,4548.90,755
2026-05-29,01:20,4549.10,4550.60,4542.80,4542.80,374
2026-05-29,01:25,4543.00,4543.30,4535.50,4535.50,476
2026-05-29,01:30,4535.40,4536.30,4532.80,4534.40,332
2026-05-29,01:35,4534.20,4538.60,4533.30,4537.10,257
2026-05-29,01:40,4536.90,4538.50,4535.50,4536.60,222
2026-05-29,01:45,4536.10,4536.80,4531.70,4532.20,387
2026-05-29,01:50,4532.00,4536.60,4531.10,4536.50,199
2026-05-29,01:55,4536.60,4538.00,4534.00,4536.90,150
2026-05-29,02:00,4536.60,4541.40,4536.40,4540.80,206
2026-05-29,02:05,4541.00,4541.20,4535.60,4536.20,176
2026-05-29,02:10,4535.90,4538.50,4534.40,4537.20,222
2026-05-29,02:15,4537.30,4539.20,4535.00,4536.10,350
2026-05-29,02:20,4536.20,4536.20,4533.00,4534.50,242
2026-05-29,02:25,4534.50,4535.00,4531.50,4533.40,83
2026-05-29,02:30,4533.10,4535.20,4528.40,4534.40,441
2026-05-29,02:35,4534.00,4536.50,4533.30,4536.40,91
2026-05-29,02:40,4536.50,4538.00,4535.30,4535.30,172
2026-05-29,02:45,4535.10,4538.30,4534.90,4536.80,88
2026-05-29,02:50,4536.70,4536.70,4532.30,4533.40,151
2026-05-29,02:55,4533.50,4535.10,4531.50,4531.70,112
2026-05-29,03:00,4532.00,4532.20,4529.00,4531.70,281
2026-05-29,03:05,4531.60,4531.80,4526.80,4528.20,258
2026-05-29,03:10,4528.60,4529.00,4525.20,4527.10,302
2026-05-29,03:15,4527.20,4528.30,4525.50,4526.20,191
2026-05-29,03:20,4527.00,4529.90,4526.90,4528.70,114
2026-05-29,03:25,4528.50,4528.50,4525.40,4526.80,113
2026-05-29,03:30,4527.60,4528.70,4527.10,4528.00,70
2026-05-29,03:35,4528.00,4528.30,4525.40,4526.70,131
2026-05-29,03:40,4527.00,4529.80,4527.00,4528.50,197
2026-05-29,03:45,4529.00,4530.60,4528.60,4530.40,93
2026-05-29,03:50,4531.00,4531.30,4526.90,4529.90,83
2026-05-29,03:55,4530.00,4532.00,4529.20,4530.90,149
2026-05-29,04:00,4531.40,4535.90,4531.40,4533.10,333
2026-05-29,04:05,4532.90,4534.30,4532.00,4533.50,46
2026-05-29,04:10,4534.10,4534.10,4532.20,4532.60,29
2026-05-29,04:15,4532.60,4535.50,4532.60,4535.20,97
2026-05-29,04:20,4534.90,4542.10,4534.30,4541.00,371
2026-05-29,04:25,4540.90,4542.40,4539.60,4539.90,206
2026-05-29,04:30,4539.90,4541.30,4539.00,4539.50,238
2026-05-29,04:35,4539.80,4541.60,4538.80,4540.30,185
2026-05-29,04:40,4540.10,4541.80,4539.80,4541.20,98
2026-05-29,04:45,4541.50,4541.60,4539.00,4540.00,171
2026-05-29,04:50,4539.90,4540.80,4538.80,4540.10,324
2026-05-29,04:55,4540.40,4545.40,4539.40,4544.70,328
2026-05-29,05:00,4544.60,4546.20,4540.10,4540.60,204
2026-05-29,05:05,4540.70,4541.60,4540.10,4540.90,91
2026-05-29,05:10,4540.50,4543.10,4539.70,4542.90,133
2026-05-29,05:15,4542.50,4543.00,4541.20,4542.80,113
2026-05-29,05:20,4542.80,4542.80,4540.60,4540.60,39
2026-05-29,05:25,4541.00,4541.40,4540.40,4540.50,49
2026-05-29,05:30,4540.40,4543.50,4538.00,4538.90,561
2026-05-29,05:35,4539.00,4539.10,4533.40,4534.50,277
2026-05-29,05:40,4534.30,4538.60,4533.00,4537.50,247
2026-05-29,05:45,4537.10,4539.50,4536.10,4536.60,222
2026-05-29,05:50,4536.90,4547.00,4534.90,4545.80,788
2026-05-29,05:55,4545.80,4546.60,4541.70,4545.80,801
2026-05-29,06:00,4546.10,4553.50,4545.50,4550.40,1480
2026-05-29,06:05,4550.20,4551.20,4544.50,4545.30,581
2026-05-29,06:10,4545.30,4546.80,4541.90,4546.50,270
2026-05-29,06:15,4546.30,4546.40,4540.70,4542.20,176
2026-05-29,06:20,4542.40,4550.70,4541.90,4549.70,397
2026-05-29,06:25,4549.30,4552.00,4546.90,4547.50,342
2026-05-29,06:30,4547.60,4551.50,4547.20,4549.00,260
2026-05-29,06:35,4548.40,4549.80,4544.60,4545.80,241
2026-05-29,06:40,4545.90,4547.80,4542.00,4547.30,321
2026-05-29,06:45,4547.60,4550.30,4546.10,4548.30,274
2026-05-29,06:50,4548.60,4553.90,4547.50,4552.70,336
2026-05-29,06:55,4552.50,4554.90,4552.40,4554.40,287
2026-05-29,07:00,4554.20,4554.70,4549.30,4549.30,357
2026-05-29,07:05,4549.50,4551.50,4548.60,4549.90,313
2026-05-29,07:10,4550.00,4551.00,4546.50,4546.70,363
2026-05-29,07:15,4546.80,4547.80,4544.90,4546.10,243
2026-05-29,07:20,4546.00,4546.40,4542.50,4542.50,198
2026-05-29,07:25,4542.40,4544.80,4541.30,4544.80,344
2026-05-29,07:30,4544.60,4551.70,4543.50,4551.20,927
2026-05-29,07:35,4551.30,4556.00,4550.90,4553.00,1054
2026-05-29,07:40,4553.00,4557.00,4551.70,4556.00,691
2026-05-29,07:45,4555.90,4557.20,4554.00,4554.80,714
2026-05-29,07:50,4554.60,4556.00,4552.50,4553.70,406
2026-05-29,07:55,4553.60,4556.10,4553.60,4555.50,220
2026-05-29,08:00,4555.00,4555.50,4549.50,4549.80,577
2026-05-29,08:05,4549.90,4551.20,4546.20,4546.60,391
2026-05-29,08:10,4546.80,4549.40,4544.80,4546.00,275
2026-05-29,08:15,4545.60,4547.00,4543.80,4543.80,270
2026-05-29,08:20,4543.90,4547.90,4543.20,4546.30,422
2026-05-29,08:25,4546.30,4548.70,4545.20,4548.10,335
2026-05-29,08:30,4547.70,4548.70,4545.40,4545.50,141
2026-05-29,08:35,4545.80,4547.00,4544.30,4545.30,402
2026-05-29,08:40,4545.30,4546.50,4544.60,4545.20,227
2026-05-29,08:45,4545.00,4546.90,4541.00,4541.60,335
2026-05-29,08:50,4541.70,4545.60,4540.00,4544.10,406
2026-05-29,08:55,4544.10,4545.30,4543.20,4544.70,124
2026-05-29,09:00,4545.20,4549.50,4543.40,4548.90,389
2026-05-29,09:05,4549.00,4554.30,4547.70,4554.00,325
2026-05-29,09:10,4554.00,4561.30,4553.70,4559.80,702
2026-05-29,09:15,4560.00,4560.40,4557.70,4558.60,426
2026-05-29,09:20,4558.50,4559.00,4552.70,4553.60,331
2026-05-29,09:25,4553.00,4563.10,4553.00,4559.50,464
2026-05-29,09:30,4559.40,4561.40,4554.90,4559.40,1214
2026-05-29,09:35,4559.20,4561.40,4557.30,4559.60,426
2026-05-29,09:40,4559.40,4563.90,4559.00,4563.20,693
2026-05-29,09:45,4563.50,4568.80,4562.80,4568.20,1596
2026-05-29,09:50,4568.30,4571.20,4562.30,4563.60,791
2026-05-29,09:55,4563.50,4564.40,4560.80,4562.00,245
2026-05-29,10:00,4562.00,4562.10,4556.40,4556.90,281
2026-05-29,10:05,4556.90,4559.90,4556.90,4557.60,229
2026-05-29,10:10,4557.60,4559.90,4557.00,4559.50,211
2026-05-29,10:15,4559.30,4561.50,4556.60,4557.50,206
2026-05-29,10:20,4557.90,4558.80,4557.00,4558.70,79
2026-05-29,10:25,4558.70,4561.80,4558.70,4561.60,175
2026-05-29,10:30,4561.70,4570.60,4561.40,4569.60,889
2026-05-29,10:35,4570.00,4574.40,4569.20,4572.70,460
2026-05-29,10:40,4572.90,4573.10,4567.30,4569.00,433
2026-05-29,10:45,4569.30,4572.20,4567.30,4568.50,367
2026-05-29,10:50,4568.60,4570.40,4567.90,4568.20,130
2026-05-29,10:55,4567.60,4569.60,4566.40,4569.60,197
2026-05-29,11:00,4569.40,4571.70,4566.50,4567.00,234
2026-05-29,11:05,4566.80,4568.00,4563.20,4563.40,209
2026-05-29,11:10,4563.40,4564.60,4562.00,4563.60,281
2026-05-29,11:15,4563.00,4563.00,4560.40,4562.80,360
2026-05-29,11:20,4562.70,4565.60,4561.30,4562.00,420
2026-05-29,11:25,4562.40,4563.00,4557.70,4558.70,368
2026-05-29,11:30,4559.00,4559.40,4556.70,4558.00,287
2026-05-29,11:35,4557.80,4559.80,4557.30,4558.70,275
2026-05-29,11:40,4558.90,4562.40,4558.80,4561.90,321
2026-05-29,11:45,4562.00,4564.70,4559.80,4559.80,181
2026-05-29,11:50,4560.20,4566.00,4558.20,4564.90,700
2026-05-29,11:55,4565.00,4569.70,4564.40,4569.10,391
2026-05-29,12:00,4569.20,4569.30,4558.80,4560.10,613
2026-05-29,12:05,4559.80,4561.30,4558.00,4560.90,320
2026-05-29,12:10,4560.70,4562.90,4557.30,4559.50,488
2026-05-29,12:15,4559.20,4562.50,4558.20,4561.10,232
2026-05-29,12:20,4561.00,4561.00,4550.30,4554.20,918
2026-05-29,12:25,4554.10,4555.30,4551.10,4553.10,411
2026-05-29,12:30,4552.90,4554.00,4544.10,4547.00,1172
2026-05-29,12:35,4547.70,4549.70,4545.90,4547.70,475
2026-05-29,12:40,4547.90,4548.10,4543.60,4545.20,388
2026-05-29,12:45,4545.00,4548.80,4543.40,4546.20,408
2026-05-29,12:50,4546.20,4550.90,4545.00,4549.50,478
2026-05-29,12:55,4549.00,4554.80,4547.20,4554.00,496
2026-05-29,13:00,4553.60,4556.20,4547.50,4555.10,890
2026-05-29,13:05,4554.80,4557.40,4550.90,4556.10,603
2026-05-29,13:10,4556.10,4556.10,4551.50,4553.30,538
2026-05-29,13:15,4553.70,4555.20,4551.90,4553.10,426
2026-05-29,13:20,4553.60,4560.00,4553.00,4556.60,490
2026-05-29,13:25,4557.10,4559.00,4556.10,4558.80,369
2026-05-29,13:30,4558.90,4562.90,4555.20,4555.70,795
2026-05-29,13:35,4555.60,4564.00,4553.00,4562.20,1009
2026-05-29,13:40,4562.50,4566.10,4561.10,4563.80,727
2026-05-29,13:45,4563.90,4567.30,4559.70,4566.40,651
2026-05-29,13:50,4566.30,4569.70,4562.30,4569.10,860
2026-05-29,13:55,4568.50,4571.00,4565.60,4567.30,946
2026-05-29,14:00,4567.00,4580.20,4565.20,4578.90,2047
2026-05-29,14:05,4578.90,4584.00,4577.20,4582.20,1650
2026-05-29,14:10,4582.00,4583.80,4574.80,4575.00,1245
2026-05-29,14:15,4575.10,4576.30,4569.00,4569.10,996
2026-05-29,14:20,4569.00,4571.50,4561.70,4561.90,919
2026-05-29,14:25,4562.20,4564.20,4557.00,4561.00,1266
2026-05-29,14:30,4560.70,4567.80,4556.10,4567.80,1097
2026-05-29,14:35,4567.40,4567.70,4561.90,4562.70,662
2026-05-29,14:40,4564.30,4573.20,4564.00,4571.30,907
2026-05-29,14:45,4571.50,4572.10,4567.60,4570.70,561
2026-05-29,14:50,4571.30,4600.90,4571.20,4588.00,4131
2026-05-29,14:55,4588.60,4604.10,4587.20,4595.20,2514
2026-05-29,15:00,4596.10,4610.00,4595.40,4609.50,3084
2026-05-29,15:05,4609.40,4621.60,4604.60,4619.60,3708
2026-05-29,15:10,4619.60,4627.10,4617.30,4621.50,3212
2026-05-29,15:15,4621.80,4623.30,4617.70,4620.10,1941
2026-05-29,15:20,4620.40,4620.80,4613.10,4616.30,1814
2026-05-29,15:25,4616.60,4617.00,4609.20,4610.00,1066
2026-05-29,15:30,4609.90,4614.70,4609.30,4609.50,823
2026-05-29,15:35,4609.40,4612.20,4603.20,4604.40,1293
2026-05-29,15:40,4604.50,4606.50,4592.30,4597.90,2106
2026-05-29,15:45,4597.90,4600.40,4587.30,4595.70,1258
2026-05-29,15:50,4595.70,4601.10,4593.80,4599.70,579
2026-05-29,15:55,4599.60,4602.50,4599.10,4602.10,420
2026-05-29,16:00,4602.10,4602.90,4598.40,4599.00,681
2026-05-29,16:05,4599.00,4599.60,4594.50,4595.00,443
2026-05-29,16:10,4595.20,4595.90,4590.50,4594.50,648
2026-05-29,16:15,4594.00,4599.00,4593.30,4596.00,445
2026-05-29,16:20,4595.70,4597.80,4594.40,4595.00,304
2026-05-29,16:25,4594.50,4594.70,4591.10,4593.90,330
2026-05-29,16:30,4593.70,4601.20,4592.70,4600.30,981
2026-05-29,16:35,4599.80,4604.50,4598.80,4603.00,779
2026-05-29,16:40,4602.80,4603.70,4599.40,4600.50,389
2026-05-29,16:45,4600.30,4600.30,4595.20,4595.40,455
2026-05-29,16:50,4595.40,4596.70,4591.70,4595.90,585
2026-05-29,16:55,4595.90,4598.20,4593.10,4597.70,304
2026-05-29,17:00,4597.80,4598.80,4594.60,4594.60,372
2026-05-29,17:05,4595.00,4599.30,4593.80,4598.70,333
2026-05-29,17:10,4598.40,4599.20,4594.50,4594.90,287
2026-05-29,17:15,4595.10,4597.70,4594.40,4596.30,338
2026-05-29,17:20,4596.40,4597.80,4590.90,4596.30,798
2026-05-29,17:25,4596.50,4596.50,4591.90,4592.70,1464
2026-05-29,17:30,4592.50,4593.10,4588.70,4592.10,632
2026-05-29,17:35,4592.20,4592.60,4589.10,4589.60,262
2026-05-29,17:40,4589.60,4590.80,4583.90,4584.80,474
2026-05-29,17:45,4585.20,4588.50,4583.60,4587.00,321
2026-05-29,17:50,4587.10,4587.20,4583.30,4584.40,247
2026-05-29,17:55,4584.20,4584.80,4582.40,4584.40,254
2026-05-29,18:00,4584.20,4588.30,4583.50,4588.30,324
2026-05-29,18:05,4588.40,4589.70,4586.30,4588.80,234
2026-05-29,18:10,4589.00,4589.50,4587.10,4589.20,140
2026-05-29,18:15,4589.20,4590.20,4586.40,4589.80,242
2026-05-29,18:20,4589.80,4590.80,4588.40,4589.90,196
2026-05-29,18:25,4589.80,4591.50,4589.00,4590.30,270
2026-05-29,18:30,4590.60,4592.30,4590.60,4591.60,188
2026-05-29,18:35,4592.20,4592.70,4590.90,4590.90,73
2026-05-29,18:40,4591.10,4591.40,4588.60,4589.10,161
2026-05-29,18:45,4589.00,4589.10,4581.60,4584.00,588
2026-05-29,18:50,4584.00,4585.90,4583.00,4585.60,216
2026-05-29,18:55,4585.40,4588.20,4584.10,4584.20,188
2026-05-29,19:00,4584.30,4586.30,4583.40,4585.60,169
2026-05-29,19:05,4586.00,4590.10,4585.90,4589.90,150
2026-05-29,19:10,4590.00,4591.40,4589.20,4589.80,436
2026-05-29,19:15,4589.30,4590.40,4588.00,4589.00,325
2026-05-29,19:20,4588.80,4589.30,4587.10,4587.70,270
2026-05-29,19:25,4588.00,4588.30,4586.10,4586.80,282
2026-05-29,19:30,4586.60,4587.50,4584.30,4584.60,323
2026-05-29,19:35,4584.70,4585.30,4583.00,4583.60,336
2026-05-29,19:40,4583.60,4585.00,4582.30,4582.70,263
2026-05-29,19:45,4582.70,4582.90,4579.70,4580.00,278
2026-05-29,19:50,4580.00,4580.80,4576.90,4577.80,605
2026-05-29,19:55,4578.00,4579.80,4574.10,4576.80,669
2026-05-29,20:00,4576.90,4578.90,4574.10,4575.90,355
2026-05-29,20:05,4575.70,4577.60,4574.90,4577.20,148
2026-05-29,20:10,4577.00,4580.70,4576.70,4579.60,161
2026-05-29,20:15,4580.20,4580.30,4576.80,4577.40,68
2026-05-29,20:20,4577.20,4577.20,4575.60,4576.40,78
2026-05-29,20:25,4576.10,4576.50,4573.70,4574.10,122
2026-05-29,20:30,4573.90,4574.70,4573.20,4574.50,86
2026-05-29,20:35,4574.40,4574.80,4573.30,4574.10,64
2026-05-29,20:40,4574.10,4575.70,4572.80,4575.30,132
2026-05-29,20:45,4574.90,4575.00,4573.30,4573.50,61
2026-05-29,20:50,4573.00,4574.70,4570.60,4571.30,308
2026-05-29,20:55,4571.10,4593.00,4567.30,4593.00,214
2026-05-31,22:10,4555.30,4566.00,4554.10,4565.50,331
2026-05-31,22:15,4565.00,4567.60,4561.80,4567.30,202
2026-05-31,22:20,4567.10,4567.10,4562.00,4563.80,107
2026-05-31,22:25,4563.70,4564.60,4562.30,4563.90,67
2026-05-31,22:30,4563.60,4567.00,4563.40,4566.50,144
2026-05-31,22:35,4566.40,4566.60,4562.40,4562.40,80
2026-05-31,22:40,4562.90,4566.20,4561.30,4566.20,101
2026-05-31,22:45,4566.60,4571.10,4566.60,4569.10,149
2026-05-31,22:50,4568.90,4569.60,4565.40,4565.50,136
2026-05-31,22:55,4565.90,4568.60,4565.80,4565.90,55
2026-05-31,23:00,4566.20,4571.20,4565.90,4569.80,114
2026-05-31,23:05,4570.40,4572.50,4569.40,4571.90,131
2026-05-31,23:10,4571.90,4574.00,4570.90,4573.50,110
2026-05-31,23:15,4573.30,4574.30,4572.10,4572.90,284
2026-05-31,23:20,4573.10,4574.30,4571.00,4572.60,288
2026-05-31,23:25,4573.00,4575.80,4572.50,4575.70,181
2026-05-31,23:30,4575.90,4576.40,4569.70,4569.70,215
2026-05-31,23:35,4570.30,4572.40,4569.30,4571.40,167
2026-05-31,23:40,4571.60,4573.70,4571.10,4572.70,60
2026-05-31,23:45,4572.30,4572.70,4569.20,4571.60,117
2026-05-31,23:50,4572.00,4576.00,4570.80,4574.80,164
2026-05-31,23:55,4575.50,4575.50,4570.70,4570.70,119
2026-06-01,00:00,4570.50,4577.30,4568.10,4576.10,297
2026-06-01,00:05,4575.30,4575.80,4571.40,4571.40,158
2026-06-01,00:10,4571.90,4574.40,4569.80,4570.50,143
2026-06-01,00:15,4572.60,4574.60,4568.80,4569.00,101
2026-06-01,00:20,4569.00,4572.50,4569.00,4571.40,170
2026-06-01,00:25,4571.20,4575.00,4570.60,4573.80,192
2026-06-01,00:30,4574.00,4575.70,4566.70,4568.50,286
2026-06-01,00:35,4569.00,4569.50,4565.50,4567.30,228
2026-06-01,00:40,4567.50,4568.00,4565.90,4566.50,83
2026-06-01,00:45,4567.30,4572.60,4567.00,4572.10,190
2026-06-01,00:50,4572.20,4573.20,4569.00,4569.80,168
2026-06-01,00:55,4570.10,4572.40,4568.00,4571.40,345
2026-06-01,01:00,4571.20,4572.10,4562.50,4565.00,705
2026-06-01,01:05,4565.00,4566.10,4558.00,4559.90,483
2026-06-01,01:10,4559.90,4565.10,4556.30,4564.70,496
2026-06-01,01:15,4564.60,4565.20,4560.80,4560.80,183
2026-06-01,01:20,4560.80,4567.90,4560.80,4563.10,208
2026-06-01,01:25,4562.80,4564.00,4559.00,4559.80,247
2026-06-01,01:30,4559.70,4563.90,4557.90,4563.90,217
2026-06-01,01:35,4564.00,4564.00,4558.60,4561.40,159
2026-06-01,01:40,4561.10,4564.80,4559.60,4564.10,136
2026-06-01,01:45,4563.80,4564.40,4558.30,4559.40,152
2026-06-01,01:50,4559.20,4562.20,4558.70,4561.10,180
2026-06-01,01:55,4560.80,4560.80,4554.40,4556.20,338
2026-06-01,02:00,4556.10,4558.50,4555.10,4556.00,151
2026-06-01,02:05,4556.10,4563.00,4556.10,4559.60,201
2026-06-01,02:10,4559.90,4564.90,4559.10,4563.00,252
2026-06-01,02:15,4563.10,4565.70,4562.60,4562.90,225
2026-06-01,02:20,4563.50,4564.00,4561.10,4562.30,113
2026-06-01,02:25,4562.30,4562.40,4560.30,4561.00,72
2026-06-01,02:30,4560.90,4560.90,4554.10,4557.80,327
2026-06-01,02:35,4558.20,4561.50,4557.80,4559.50,71
2026-06-01,02:40,4558.60,4558.60,4552.60,4553.60,203
2026-06-01,02:45,4553.30,4555.60,4552.30,4554.00,151
2026-06-01,02:50,4554.40,4554.70,4552.50,4552.50,108
2026-06-01,02:55,4552.50,4554.30,4551.40,4552.00,145
2026-06-01,03:00,4551.70,4556.30,4551.70,4555.10,202
2026-06-01,03:05,4555.30,4555.40,4547.60,4548.30,456
2026-06-01,03:10,4548.50,4551.40,4546.00,4549.00,334
2026-06-01,03:15,4549.00,4551.00,4543.50,4549.80,425
2026-06-01,03:20,4549.60,4551.00,4547.90,4549.40,230
2026-06-01,03:25,4549.30,4552.00,4548.80,4550.70,80
2026-06-01,03:30,4550.70,4554.80,4550.70,4552.30,187
2026-06-01,03:35,4552.00,4552.20,4544.90,4545.90,220
2026-06-01,03:40,4545.70,4546.20,4540.30,4541.20,324
2026-06-01,03:45,4541.40,4543.80,4540.30,4543.50,163
2026-06-01,03:50,4543.10,4544.70,4542.30,4543.70,99
2026-06-01,03:55,4544.00,4546.00,4543.00,4546.00,83
2026-06-01,04:00,4546.90,4550.10,4546.10,4546.90,277
2026-06-01,04:05,4546.70,4547.70,4544.50,4544.70,195
2026-06-01,04:10,4544.60,4545.60,4543.00,4545.10,111
2026-06-01,04:15,4545.50,4548.80,4545.50,4546.90,155
2026-06-01,04:20,4547.30,4548.20,4546.40,4547.90,35
2026-06-01,04:25,4547.30,4547.60,4545.60,4546.10,69
2026-06-01,04:30,4546.30,4546.80,4544.20,4544.70,57
2026-06-01,04:35,4544.90,4546.00,4543.60,4545.20,56
2026-06-01,04:40,4545.20,4547.80,4544.90,4545.00,146
2026-06-01,04:45,4544.60,4544.70,4537.60,4540.90,356
2026-06-01,04:50,4540.90,4544.80,4540.20,4544.60,268
2026-06-01,04:55,4544.60,4545.50,4542.60,4544.70,117
2026-06-01,05:00,4544.80,4546.50,4543.80,4546.50,119
2026-06-01,05:05,4546.00,4548.10,4546.00,4546.50,112
2026-06-01,05:10,4546.30,4549.60,4545.70,4548.70,130
2026-06-01,05:15,4548.30,4552.30,4547.80,4551.80,175
2026-06-01,05:20,4552.00,4553.20,4550.00,4552.70,153
2026-06-01,05:25,4552.40,4553.50,4550.50,4550.80,158
2026-06-01,05:30,4550.80,4552.30,4542.70,4544.10,287
2026-06-01,05:35,4544.60,4552.10,4544.60,4550.30,227
2026-06-01,05:40,4550.20,4551.30,4545.20,4549.70,156
2026-06-01,05:45,4549.90,4555.40,4547.50,4554.30,143
2026-06-01,05:50,4554.40,4554.70,4551.30,4553.20,271
2026-06-01,05:55,4553.10,4553.10,4547.20,4548.20,158
2026-06-01,06:00,4548.10,4548.60,4544.30,4545.90,394
2026-06-01,06:05,4546.70,4548.50,4545.40,4546.70,189
2026-06-01,06:10,4547.00,4547.30,4542.10,4544.30,256
2026-06-01,06:15,4544.00,4546.50,4540.00,4541.30,275
2026-06-01,06:20,4540.90,4541.20,4535.00,4536.50,545
2026-06-01,06:25,4536.10,4544.70,4536.10,4544.30,606
2026-06-01,06:30,4544.60,4545.00,4540.70,4540.70,239
2026-06-01,06:35,4540.80,4540.90,4531.80,4534.80,595
2026-06-01,06:40,4534.70,4536.30,4533.50,4535.00,219
2026-06-01,06:45,4534.10,4534.60,4530.90,4534.60,320
2026-06-01,06:50,4534.40,4534.50,4529.10,4533.60,400
2026-06-01,06:55,4534.00,4535.30,4531.00,4531.70,329
2026-06-01,07:00,4531.60,4538.60,4530.80,4537.90,491
2026-06-01,07:05,4537.60,4540.20,4536.20,4536.20,425
2026-06-01,07:10,4536.20,4539.50,4535.80,4537.40,310
2026-06-01,07:15,4537.90,4538.40,4534.60,4536.70,141
2026-06-01,07:20,4536.80,4536.80,4533.20,4535.20,166
2026-06-01,07:25,4534.50,4535.90,4532.70,4533.60,229
2026-06-01,07:30,4533.90,4537.70,4533.90,4534.70,174
2026-06-01,07:35,4534.50,4536.20,4532.50,4533.30,185
2026-06-01,07:40,4533.10,4533.70,4527.70,4527.90,498
2026-06-01,07:45,4528.00,4530.20,4522.50,4524.50,706
2026-06-01,07:50,4524.20,4526.70,4522.10,4525.60,590
2026-06-01,07:55,4525.90,4533.00,4525.20,4532.70,535
2026-06-01,08:00,4533.00,4534.50,4525.40,4525.40,453
2026-06-01,08:05,4525.40,4529.30,4523.30,4524.00,370
2026-06-01,08:10,4523.50,4528.50,4523.40,4525.50,224
2026-06-01,08:15,4525.50,4526.30,4521.20,4525.00,622
2026-06-01,08:20,4524.50,4526.80,4519.60,4522.40,358
2026-06-01,08:25,4522.50,4526.20,4522.20,4525.60,216
2026-06-01,08:30,4525.70,4526.50,4522.50,4525.60,162
2026-06-01,08:35,4525.60,4526.20,4523.00,4524.60,239
2026-06-01,08:40,4524.50,4530.30,4522.60,4529.90,330
2026-06-01,08:45,4529.70,4532.30,4526.00,4530.70,498
2026-06-01,08:50,4530.70,4531.30,4526.70,4526.90,425
2026-06-01,08:55,4527.30,4528.90,4525.20,4527.40,209
2026-06-01,09:00,4527.60,4530.40,4527.50,4530.40,247
2026-06-01,09:05,4530.10,4530.10,4528.00,4529.20,141
2026-06-01,09:10,4528.90,4530.00,4527.70,4529.50,127
2026-06-01,09:15,4529.80,4535.40,4527.80,4535.10,348
2026-06-01,09:20,4535.50,4536.20,4528.30,4529.30,357
2026-06-01,09:25,4529.20,4529.40,4525.90,4526.00,378
2026-06-01,09:30,4525.80,4527.10,4518.60,4519.90,1683
2026-06-01,09:35,4520.40,4527.60,4520.20,4527.50,449
2026-06-01,09:40,4527.20,4528.80,4524.20,4528.20,263
2026-06-01,09:45,4527.70,4528.00,4523.50,4525.00,256
2026-06-01,09:50,4525.20,4528.10,4523.50,4527.70,354
2026-06-01,09:55,4527.40,4527.40,4523.80,4525.60,261
2026-06-01,10:00,4525.90,4528.50,4525.90,4528.10,159
2026-06-01,10:05,4527.50,4531.10,4526.20,4530.00,180
2026-06-01,10:10,4530.20,4532.00,4529.50,4531.30,217
2026-06-01,10:15,4531.10,4531.70,4529.30,4529.80,241
2026-06-01,10:20,4530.20,4530.50,4525.90,4530.00,282
2026-06-01,10:25,4530.40,4533.50,4530.20,4530.80,179
2026-06-01,10:30,4530.80,4535.40,4530.40,4534.60,210
2026-06-01,10:35,4534.70,4536.40,4532.80,4533.00,318
2026-06-01,10:40,4533.20,4537.30,4533.20,4535.80,215
2026-06-01,10:45,4535.90,4540.50,4535.20,4539.00,373
2026-06-01,10:50,4539.20,4540.90,4536.60,4536.80,252
2026-06-01,10:55,4537.10,4537.30,4532.30,4534.10,314
2026-06-01,11:00,4534.20,4536.60,4530.20,4530.20,375
2026-06-01,11:05,4530.30,4535.80,4529.70,4535.80,209
2026-06-01,11:10,4535.30,4535.40,4533.10,4534.80,146
2026-06-01,11:15,4535.10,4540.00,4534.20,4540.00,438
2026-06-01,11:20,4539.90,4542.80,4538.70,4538.80,389
2026-06-01,11:25,4539.00,4542.00,4537.80,4540.90,304
2026-06-01,11:30,4540.60,4542.40,4536.60,4537.00,384
2026-06-01,11:35,4537.00,4541.40,4536.30,4540.60,212
2026-06-01,11:40,4540.60,4540.90,4536.80,4537.40,173
2026-06-01,11:45,4537.40,4540.00,4537.10,4538.70,117
2026-06-01,11:50,4538.60,4538.60,4536.50,4537.60,130
2026-06-01,11:55,4537.30,4538.10,4535.60,4536.00,315
2026-06-01,12:00,4535.80,4537.20,4533.40,4536.20,296
2026-06-01,12:05,4536.60,4539.60,4536.60,4537.80,252
2026-06-01,12:10,4537.80,4539.80,4533.40,4533.70,345
2026-06-01,12:15,4533.60,4536.10,4531.30,4533.90,442
2026-06-01,12:20,4533.50,4533.50,4527.60,4532.00,744
2026-06-01,12:25,4532.20,4537.90,4531.80,4535.60,472
2026-06-01,12:30,4535.50,4535.60,4527.80,4531.00,580
2026-06-01,12:35,4531.30,4533.50,4529.00,4533.20,412
2026-06-01,12:40,4533.40,4538.30,4529.10,4537.60,488
2026-06-01,12:45,4537.30,4540.40,4535.70,4536.80,403
2026-06-01,12:50,4536.60,4538.60,4535.00,4535.60,456
2026-06-01,12:55,4536.00,4536.20,4528.40,4532.00,504
2026-06-01,13:00,4532.30,4533.80,4525.10,4531.60,1141
2026-06-01,13:05,4531.90,4532.20,4525.70,4531.10,407
2026-06-01,13:10,4531.00,4531.00,4501.90,4513.90,4279
2026-06-01,13:15,4513.60,4519.10,4508.40,4512.10,1473
2026-06-01,13:20,4512.00,4512.80,4493.60,4496.00,2620
2026-06-01,13:25,4495.50,4499.30,4491.80,4494.40,1357
2026-06-01,13:30,4494.70,4499.70,4488.00,4495.60,2450
2026-06-01,13:35,4496.10,4508.50,4491.20,4502.80,2346
2026-06-01,13:40,4503.10,4503.80,4495.00,4496.60,810
2026-06-01,13:45,4497.10,4499.00,4492.80,4494.10,686
2026-06-01,13:50,4493.80,4495.00,4481.40,4484.30,2135
2026-06-01,13:55,4483.70,4485.00,4476.20,4480.10,1476
2026-06-01,14:00,4479.10,4484.10,4476.00,4484.10,2601
2026-06-01,14:05,4483.90,4491.10,4479.00,4490.10,1611
2026-06-01,14:10,4490.00,4492.00,4485.60,4491.20,1016
2026-06-01,14:15,4490.80,4494.90,4483.60,4486.90,1891
2026-06-01,14:20,4486.70,4491.60,4484.70,4484.70,669
2026-06-01,14:25,4485.10,4485.90,4479.20,4485.90,1006
2026-06-01,14:30,4485.50,4490.70,4483.50,4488.60,948
2026-06-01,14:35,4488.00,4490.10,4483.70,4484.80,549
2026-06-01,14:40,4485.20,4491.30,4484.90,4489.70,535
2026-06-01,14:45,4489.70,4490.90,4483.00,4484.60,528
2026-06-01,14:50,4484.70,4486.20,4481.70,4485.80,549
2026-06-01,14:55,4485.80,4488.90,4484.70,4488.50,371
2026-06-01,15:00,4489.00,4492.10,4487.20,4489.80,427
2026-06-01,15:05,4490.00,4495.30,4485.00,4492.40,982
2026-06-01,15:10,4492.10,4495.40,4490.40,4494.10,440
2026-06-01,15:15,4494.20,4497.20,4493.00,4495.10,915
2026-06-01,15:20,4495.00,4497.90,4493.80,4496.90,665
2026-06-01,15:25,4496.80,4500.40,4495.80,4498.70,472
2026-06-01,15:30,4498.70,4509.00,4498.60,4507.10,2407
2026-06-01,15:35,4507.40,4510.50,4504.00,4506.70,1072
2026-06-01,15:40,4506.70,4507.50,4501.30,4502.50,614
2026-06-01,15:45,4502.70,4504.70,4498.80,4500.10,567
2026-06-01,15:50,4500.00,4502.40,4498.90,4501.20,454
2026-06-01,15:55,4501.50,4505.90,4501.30,4504.10,741
2026-06-01,16:00,4504.70,4508.80,4502.90,4503.40,770
2026-06-01,16:05,4503.40,4504.50,4498.30,4499.00,422
2026-06-01,16:10,4499.10,4499.10,4495.20,4497.50,694
2026-06-01,16:15,4497.10,4497.80,4493.10,4496.80,524
2026-06-01,16:20,4497.00,4498.80,4494.80,4498.30,457
2026-06-01,16:25,4498.50,4500.00,4496.80,4498.10,461
2026-06-01,16:30,4498.10,4503.10,4498.10,4499.50,1035
2026-06-01,16:35,4499.40,4501.30,4497.80,4499.20,232
2026-06-01,16:40,4499.20,4500.10,4497.70,4498.20,207
2026-06-01,16:45,4498.20,4502.00,4497.50,4502.00,287
2026-06-01,16:50,4501.90,4511.60,4501.90,4510.40,724
2026-06-01,16:55,4510.10,4513.10,4508.60,4510.60,708
2026-06-01,17:00,4510.90,4511.40,4505.70,4506.40,616
2026-06-01,17:05,4506.50,4507.70,4501.40,4503.70,629
2026-06-01,17:10,4503.50,4506.60,4503.40,4505.30,251
2026-06-01,17:15,4505.10,4505.90,4503.60,4505.90,241
2026-06-01,17:20,4505.90,4506.90,4504.00,4505.20,402
2026-06-01,17:25,4505.20,4513.20,4502.30,4512.80,1768
2026-06-01,17:30,4513.20,4515.90,4510.60,4511.50,1455
2026-06-01,17:35,4511.90,4514.70,4510.90,4513.00,326
2026-06-01,17:40,4513.20,4521.30,4513.00,4521.30,1612
2026-06-01,17:45,4521.60,4525.60,4520.90,4521.40,861
2026-06-01,17:50,4521.40,4521.90,4518.80,4521.30,428
2026-06-01,17:55,4521.50,4521.60,4517.00,4517.50,270
2026-06-01,18:00,4517.40,4518.40,4516.20,4516.80,175
2026-06-01,18:05,4516.80,4520.20,4516.80,4519.60,123
2026-06-01,18:10,4519.80,4520.00,4518.00,4518.50,99
2026-06-01,18:15,4518.30,4519.20,4516.60,4519.20,172
2026-06-01,18:20,4518.90,4520.10,4518.30,4519.10,119
2026-06-01,18:25,4518.80,4519.10,4516.30,4516.40,177
2026-06-01,18:30,4516.70,4517.10,4514.80,4516.10,223
2026-06-01,18:35,4515.80,4517.10,4515.70,4516.00,102
2026-06-01,18:40,4516.20,4518.10,4515.40,4518.00,140
2026-06-01,18:45,4517.70,4518.80,4517.60,4518.80,81
2026-06-01,18:50,4518.40,4518.40,4517.00,4517.00,77
2026-06-01,18:55,4517.20,4518.40,4516.40,4516.80,144
2026-06-01,19:00,4516.50,4518.20,4515.00,4517.70,193
2026-06-01,19:05,4517.60,4518.10,4514.70,4515.00,251
2026-06-01,19:10,4515.30,4517.10,4515.10,4515.10,91
2026-06-01,19:15,4515.40,4516.40,4514.40,4515.90,204
2026-06-01,19:20,4515.90,4516.50,4515.00,4515.80,130
2026-06-01,19:25,4515.90,4516.20,4514.20,4514.70,146
2026-06-01,19:30,4515.00,4515.60,4513.30,4513.60,164
2026-06-01,19:35,4513.80,4515.50,4512.70,4514.50,234
2026-06-01,19:40,4514.40,4515.40,4513.10,4513.10,140
2026-06-01,19:45,4513.20,4514.30,4512.60,4513.70,147
2026-06-01,19:50,4513.60,4514.10,4509.80,4510.20,350
2026-06-01,19:55,4510.10,4511.30,4509.10,4511.10,625
2026-06-01,20:00,4511.20,4514.00,4510.20,4513.00,221
2026-06-01,20:05,4513.10,4514.80,4512.60,4513.20,258
2026-06-01,20:10,4513.30,4514.10,4512.20,4513.40,174
2026-06-01,20:15,4513.30,4514.40,4513.00,4513.00,111
2026-06-01,20:20,4512.80,4513.30,4512.10,4512.60,163
2026-06-01,20:25,4512.60,4513.70,4512.40,4513.20,130
2026-06-01,20:30,4513.10,4514.70,4512.20,4514.50,85
2026-06-01,20:35,4514.50,4514.80,4513.10,4514.00,98
2026-06-01,20:40,4513.80,4514.30,4512.30,4512.60,54
2026-06-01,20:45,4512.30,4514.10,4511.20,4514.10,118
2026-06-01,20:50,4514.00,4514.20,4512.30,4512.90,83
2026-06-01,20:55,4512.90,4515.70,4511.90,4514.80,186
2026-06-01,22:00,4515.80,4517.90,4512.00,4512.80,0
2026-06-01,22:05,4512.30,4513.40,4511.70,4511.90,90
2026-06-01,22:10,4512.20,4514.50,4511.40,4514.10,82
2026-06-01,22:15,4514.00,4515.20,4513.60,4513.60,63
2026-06-01,22:20,4514.10,4514.60,4511.50,4512.40,68
2026-06-01,22:25,4512.80,4513.70,4510.60,4511.20,221
2026-06-01,22:30,4511.40,4513.10,4511.10,4511.20,75
2026-06-01,22:35,4511.00,4512.90,4509.50,4512.70,221
2026-06-01,22:40,4512.40,4513.60,4510.80,4511.10,121
2026-06-01,22:45,4511.50,4515.80,4511.30,4514.20,65
2026-06-01,22:50,4513.90,4514.60,4513.10,4513.80,54
2026-06-01,22:55,4513.60,4516.50,4513.60,4515.30,257
2026-06-01,23:00,4515.30,4518.00,4511.90,4516.40,308
2026-06-01,23:05,4515.80,4516.30,4514.90,4515.00,40
2026-06-01,23:10,4515.20,4516.50,4515.20,4515.70,28
2026-06-01,23:15,4516.50,4518.60,4516.10,4516.90,81
2026-06-01,23:20,4516.40,4517.70,4515.40,4517.50,51
2026-06-01,23:25,4517.70,4518.40,4516.90,4517.20,39
2026-06-01,23:30,4517.20,4517.20,4514.50,4514.50,61
2026-06-01,23:35,4514.30,4515.40,4510.70,4514.50,209
2026-06-01,23:40,4514.60,4516.60,4513.60,4513.60,81
2026-06-01,23:45,4513.00,4513.10,4508.20,4510.90,230
2026-06-01,23:50,4511.10,4514.10,4510.80,4514.00,79
2026-06-01,23:55,4515.00,4515.60,4513.80,4514.30,74
2026-06-02,00:00,4514.40,4515.00,4511.50,4514.80,145
2026-06-02,00:05,4514.60,4514.60,4506.30,4508.30,284
2026-06-02,00:10,4508.40,4511.40,4507.70,4510.90,145
2026-06-02,00:15,4511.00,4515.20,4510.90,4515.20,154
2026-06-02,00:20,4514.40,4519.40,4514.00,4518.90,281
2026-06-02,00:25,4519.50,4523.60,4518.50,4523.00,390
2026-06-02,00:30,4523.20,4526.80,4518.40,4519.10,521
2026-06-02,00:35,4518.60,4521.10,4518.20,4519.00,144
2026-06-02,00:40,4518.50,4519.20,4514.50,4516.50,222
2026-06-02,00:45,4516.30,4517.50,4510.60,4511.00,134
2026-06-02,00:50,4510.70,4513.60,4510.70,4511.30,117
2026-06-02,00:55,4511.20,4513.80,4510.60,4511.00,104
2026-06-02,01:00,4510.70,4516.10,4501.00,4511.70,661
2026-06-02,01:05,4512.40,4515.00,4508.50,4508.50,213
2026-06-02,01:10,4509.00,4521.60,4508.40,4519.50,348
2026-06-02,01:15,4519.70,4520.00,4511.40,4516.00,459
2026-06-02,01:20,4515.60,4518.30,4510.70,4512.10,197
2026-06-02,01:25,4513.90,4522.00,4513.00,4516.00,325
2026-06-02,01:30,4516.60,4519.40,4516.00,4516.90,192
2026-06-02,01:35,4517.90,4519.30,4510.80,4512.50,229
2026-06-02,01:40,4511.50,4515.00,4509.10,4509.50,433
2026-06-02,01:45,4509.10,4512.00,4501.40,4504.40,494
2026-06-02,01:50,4505.00,4505.30,4492.30,4503.10,1132
2026-06-02,01:55,4503.20,4506.50,4500.70,4503.60,502
2026-06-02,02:00,4503.70,4510.30,4502.40,4503.20,584
2026-06-02,02:05,4503.40,4504.50,4502.00,4504.40,231
2026-06-02,02:10,4504.10,4510.50,4504.00,4510.00,198
2026-06-02,02:15,4510.30,4511.80,4508.10,4510.40,177
2026-06-02,02:20,4511.00,4514.40,4510.90,4513.60,175
2026-06-02,02:25,4513.40,4514.40,4511.10,4511.40,144
2026-06-02,02:30,4512.00,4515.50,4509.60,4511.10,435
2026-06-02,02:35,4511.30,4513.60,4508.60,4508.80,183
2026-06-02,02:40,4508.20,4509.10,4504.20,4506.70,275
2026-06-02,02:45,4506.80,4507.80,4503.50,4504.60,282
2026-06-02,02:50,4504.30,4509.80,4504.30,4508.10,139
2026-06-02,02:55,4508.80,4516.40,4508.80,4516.20,212
2026-06-02,03:00,4515.80,4522.50,4515.60,4517.80,511
2026-06-02,03:05,4518.10,4519.50,4515.60,4516.50,100
2026-06-02,03:10,4516.70,4518.60,4515.90,4518.20,119
2026-06-02,03:15,4518.50,4521.10,4518.00,4519.70,134
2026-06-02,03:20,4519.10,4519.60,4515.80,4519.60,140
2026-06-02,03:25,4520.50,4528.00,4519.40,4525.40,589
2026-06-02,03:30,4525.20,4529.60,4523.10,4523.90,796
2026-06-02,03:35,4523.90,4529.10,4523.50,4524.60,368
2026-06-02,03:40,4524.40,4527.30,4524.30,4527.30,103
2026-06-02,03:45,4527.20,4530.00,4525.30,4528.20,169
2026-06-02,03:50,4528.10,4528.40,4526.90,4527.60,51
2026-06-02,03:55,4527.80,4528.80,4527.60,4528.40,33
2026-06-02,04:00,4529.30,4532.00,4528.00,4530.70,350
2026-06-02,04:05,4530.70,4533.40,4530.60,4532.40,178
2026-06-02,04:10,4532.60,4535.70,4532.60,4535.00,335
2026-06-02,04:15,4535.10,4541.20,4534.50,4538.20,560
2026-06-02,04:20,4538.50,4538.60,4535.40,4536.40,274
2026-06-02,04:25,4536.30,4536.50,4534.70,4535.00,341
2026-06-02,04:30,4535.10,4538.70,4534.00,4538.30,475
2026-06-02,04:35,4538.30,4539.90,4537.90,4539.40,217
2026-06-02,04:40,4539.70,4541.80,4538.80,4540.90,229
2026-06-02,04:45,4540.70,4546.30,4540.30,4542.90,350
2026-06-02,04:50,4543.00,4545.00,4542.30,4543.00,212
2026-06-02,04:55,4543.30,4548.60,4543.20,4547.70,381
2026-06-02,05:00,4547.70,4548.40,4546.00,4546.20,195
2026-06-02,05:05,4546.40,4547.50,4545.80,4546.20,137
2026-06-02,05:10,4546.00,4549.00,4545.70,4548.80,198
2026-06-02,05:15,4548.70,4550.10,4547.30,4548.90,318
2026-06-02,05:20,4549.00,4550.80,4547.90,4548.80,258
2026-06-02,05:25,4549.00,4552.20,4546.80,4549.80,491
2026-06-02,05:30,4549.80,4557.40,4549.80,4556.30,963
2026-06-02,05:35,4556.50,4558.80,4553.20,4553.80,527
2026-06-02,05:40,4553.80,4557.00,4552.80,4554.30,248
2026-06-02,05:45,4554.70,4556.40,4551.40,4553.30,234
2026-06-02,05:50,4553.20,4553.60,4548.20,4549.60,433
2026-06-02,05:55,4549.60,4549.60,4545.70,4547.00,573
2026-06-02,06:00,4546.90,4550.80,4546.90,4550.60,400
2026-06-02,06:05,4550.70,4554.80,4550.40,4550.90,500
2026-06-02,06:10,4551.10,4553.00,4548.50,4548.80,369
2026-06-02,06:15,4548.80,4554.40,4548.00,4550.40,541
2026-06-02,06:20,4550.50,4561.00,4550.50,4559.70,782
2026-06-02,06:25,4559.40,4564.20,4556.20,4563.10,1034
2026-06-02,06:30,4563.50,4567.70,4563.00,4565.70,745
2026-06-02,06:35,4565.50,4568.80,4563.80,4564.00,547
2026-06-02,06:40,4564.20,4564.70,4562.00,4563.00,348
2026-06-02,06:45,4562.80,4566.20,4562.60,4563.50,323
2026-06-02,06:50,4563.40,4564.30,4562.00,4563.00,190
2026-06-02,06:55,4563.00,4567.00,4562.70,4566.00,285
2026-06-02,07:00,4565.80,4568.00,4563.50,4565.90,400
2026-06-02,07:05,4566.30,4568.10,4564.20,4567.80,287
2026-06-02,07:10,4568.20,4571.30,4567.90,4570.10,601
2026-06-02,07:15,4569.90,4570.70,4567.70,4569.20,362
2026-06-02,07:20,4569.10,4569.30,4566.40,4566.70,288
2026-06-02,07:25,4566.80,4567.20,4563.30,4564.00,368
2026-06-02,07:30,4564.00,4565.10,4561.80,4563.50,387
2026-06-02,07:35,4563.50,4564.10,4561.70,4563.10,376
2026-06-02,07:40,4562.60,4565.00,4561.00,4561.80,291
2026-06-02,07:45,4562.10,4562.40,4560.00,4561.80,303
2026-06-02,07:50,4561.60,4562.30,4558.00,4560.70,458
2026-06-02,07:55,4560.90,4565.80,4560.90,4565.20,831
2026-06-02,08:00,4565.20,4567.40,4563.20,4564.60,582
2026-06-02,08:05,4564.50,4569.30,4563.60,4566.00,407
2026-06-02,08:10,4565.10,4567.50,4564.50,4565.00,238
2026-06-02,08:15,4565.10,4565.50,4561.60,4562.60,286
2026-06-02,08:20,4562.40,4565.10,4559.50,4564.70,509
2026-06-02,08:25,4564.20,4564.40,4559.90,4561.20,156
2026-06-02,08:30,4561.00,4563.60,4560.90,4562.40,137
2026-06-02,08:35,4562.20,4562.20,4559.20,4560.20,169
2026-06-02,08:40,4560.00,4560.70,4558.40,4559.00,227
2026-06-02,08:45,4558.70,4560.70,4557.70,4559.80,231
2026-06-02,08:50,4559.60,4559.70,4557.70,4558.00,138
2026-06-02,08:55,4558.20,4558.70,4556.10,4557.00,247
2026-06-02,09:00,4557.10,4558.20,4555.60,4557.70,157
2026-06-02,09:05,4557.90,4561.00,4557.60,4558.80,557
2026-06-02,09:10,4559.20,4564.30,4559.00,4563.70,778
2026-06-02,09:15,4563.60,4565.90,4562.80,4564.60,528
2026-06-02,09:20,4564.50,4564.50,4558.40,4559.20,295
2026-06-02,09:25,4559.10,4560.00,4555.20,4556.70,460
2026-06-02,09:30,4556.80,4557.30,4551.40,4555.50,1549
2026-06-02,09:35,4555.30,4556.90,4553.30,4554.40,232
2026-06-02,09:40,4554.10,4556.30,4550.90,4555.60,413
2026-06-02,09:45,4555.40,4557.10,4554.80,4556.10,312
2026-06-02,09:50,4556.30,4560.80,4555.30,4560.00,321
2026-06-02,09:55,4560.00,4561.00,4556.90,4559.40,289
2026-06-02,10:00,4559.70,4560.40,4557.30,4557.80,206
2026-06-02,10:05,4558.00,4560.00,4558.00,4559.30,124
2026-06-02,10:10,4559.00,4561.20,4557.80,4558.60,216
2026-06-02,10:15,4558.40,4559.00,4557.60,4558.60,101
2026-06-02,10:20,4558.20,4558.30,4554.10,4555.10,355
2026-06-02,10:25,4555.10,4558.20,4555.00,4558.10,169
2026-06-02,10:30,4558.00,4558.10,4556.40,4557.60,122
2026-06-02,10:35,4557.60,4558.20,4555.00,4556.30,137
2026-06-02,10:40,4556.20,4558.10,4555.60,4558.10,112
2026-06-02,10:45,4558.60,4562.80,4558.60,4560.20,430
2026-06-02,10:50,4560.50,4562.20,4559.00,4562.20,143
2026-06-02,10:55,4562.20,4563.50,4561.00,4563.10,201
2026-06-02,11:00,4563.00,4564.20,4560.40,4560.80,219
2026-06-02,11:05,4560.90,4561.00,4559.00,4559.30,126
2026-06-02,11:10,4559.60,4561.10,4558.50,4558.50,150
2026-06-02,11:15,4558.60,4559.50,4556.30,4557.60,289
2026-06-02,11:20,4557.80,4558.80,4557.10,4558.40,92
2026-06-02,11:25,4558.70,4559.90,4556.90,4559.90,182
2026-06-02,11:30,4560.00,4560.50,4558.50,4560.00,197
2026-06-02,11:35,4559.70,4559.80,4555.80,4556.90,160
2026-06-02,11:40,4556.90,4558.40,4556.50,4556.50,63
2026-06-02,11:45,4556.80,4559.50,4555.50,4558.80,320
2026-06-02,11:50,4558.70,4559.40,4558.20,4558.50,174
2026-06-02,11:55,4558.30,4560.40,4555.20,4557.30,290
2026-06-02,12:00,4557.50,4558.60,4555.50,4557.60,207
2026-06-02,12:05,4557.30,4558.10,4554.40,4556.90,313
2026-06-02,12:10,4557.00,4557.40,4555.40,4556.10,155
2026-06-02,12:15,4555.30,4557.70,4553.60,4556.40,381
2026-06-02,12:20,4556.20,4562.00,4556.20,4561.00,753
2026-06-02,12:25,4560.80,4563.80,4557.50,4559.00,574
2026-06-02,12:30,4558.90,4560.00,4551.30,4557.50,738
2026-06-02,12:35,4556.90,4563.60,4552.80,4554.80,1122
2026-06-02,12:40,4554.50,4556.80,4553.00,4554.60,375
2026-06-02,12:45,4554.50,4555.50,4549.30,4550.00,742
2026-06-02,12:50,4549.90,4550.80,4543.70,4544.40,1036
2026-06-02,12:55,4544.30,4547.00,4542.80,4544.00,685
2026-06-02,13:00,4544.30,4550.10,4542.40,4549.70,1025
2026-06-02,13:05,4549.80,4554.40,4542.60,4546.00,1097
2026-06-02,13:10,4545.70,4547.80,4540.70,4543.50,650
2026-06-02,13:15,4543.30,4546.60,4541.90,4542.10,387
2026-06-02,13:20,4542.10,4544.20,4539.30,4542.40,692
2026-06-02,13:25,4542.60,4545.70,4539.30,4540.10,460
2026-06-02,13:30,4540.30,4541.20,4536.10,4537.60,1131
2026-06-02,13:35,4537.30,4541.70,4535.60,4540.10,613
2026-06-02,13:40,4540.10,4543.90,4537.30,4538.00,593
2026-06-02,13:45,4537.30,4540.40,4535.90,4539.20,432
2026-06-02,13:50,4539.20,4543.30,4533.90,4533.90,486
2026-06-02,13:55,4533.80,4535.40,4532.10,4532.10,809
2026-06-02,14:00,4532.00,4536.00,4525.10,4531.80,1620
2026-06-02,14:05,4532.00,4534.40,4530.00,4532.40,1005
2026-06-02,14:10,4532.30,4536.80,4532.20,4533.50,727
2026-06-02,14:15,4533.60,4534.20,4521.80,4525.60,1298
2026-06-02,14:20,4525.90,4527.80,4519.40,4522.50,1141
2026-06-02,14:25,4522.20,4527.20,4521.40,4524.90,1143
2026-06-02,14:30,4525.10,4529.30,4524.80,4528.90,542
2026-06-02,14:35,4528.50,4533.80,4528.50,4532.20,548
2026-06-02,14:40,4531.90,4535.00,4530.30,4533.70,655
2026-06-02,14:45,4533.50,4535.80,4532.40,4533.10,520
2026-06-02,14:50,4533.30,4533.90,4530.20,4533.90,319
2026-06-02,14:55,4533.80,4535.10,4530.70,4533.70,446
2026-06-02,15:00,4533.40,4536.50,4532.40,4532.40,513
2026-06-02,15:05,4532.40,4537.80,4531.10,4536.10,553
2026-06-02,15:10,4536.20,4537.10,4531.90,4533.00,416
2026-06-02,15:15,4533.00,4534.90,4532.80,4533.90,297
2026-06-02,15:20,4533.80,4535.60,4531.80,4533.50,322
2026-06-02,15:25,4533.30,4535.50,4530.80,4534.90,515
2026-06-02,15:30,4534.90,4536.50,4532.60,4535.80,484
2026-06-02,15:35,4535.90,4538.20,4534.10,4534.10,736
2026-06-02,15:40,4534.00,4534.30,4529.50,4531.70,522
2026-06-02,15:45,4532.00,4536.60,4531.40,4535.20,465
2026-06-02,15:50,4535.00,4535.00,4531.70,4533.20,210
2026-06-02,15:55,4533.20,4533.40,4530.80,4531.70,269
2026-06-02,16:00,4531.70,4532.20,4529.20,4530.20,376
2026-06-02,16:05,4530.30,4532.80,4527.60,4531.30,774
2026-06-02,16:10,4531.30,4531.60,4527.30,4527.30,250
2026-06-02,16:15,4527.40,4527.90,4523.40,4524.30,506
2026-06-02,16:20,4524.20,4525.60,4521.50,4524.00,477
2026-06-02,16:25,4524.20,4524.30,4518.60,4519.70,780
2026-06-02,16:30,4519.80,4520.80,4518.00,4519.10,468
2026-06-02,16:35,4519.00,4519.40,4515.60,4517.20,677
2026-06-02,16:40,4517.20,4521.00,4516.00,4519.10,438
2026-06-02,16:45,4519.00,4521.40,4518.50,4520.50,304
2026-06-02,16:50,4520.50,4521.20,4518.60,4518.90,206
2026-06-02,16:55,4518.80,4521.30,4518.70,4521.30,419
2026-06-02,17:00,4521.20,4522.70,4519.20,4519.90,418
2026-06-02,17:05,4519.70,4521.50,4516.30,4516.70,503
2026-06-02,17:10,4516.30,4519.50,4516.20,4519.10,300
2026-06-02,17:15,4519.20,4519.70,4516.10,4516.70,508
2026-06-02,17:20,4516.50,4518.20,4515.80,4517.70,342
2026-06-02,17:25,4517.80,4521.30,4516.80,4520.70,1178
2026-06-02,17:30,4520.80,4521.20,4518.10,4518.20,468
2026-06-02,17:35,4518.20,4518.30,4511.30,4512.50,689
2026-06-02,17:40,4512.70,4514.80,4512.50,4514.10,164
2026-06-02,17:45,4513.80,4515.70,4513.80,4515.40,131
2026-06-02,17:50,4515.50,4516.00,4512.80,4513.00,219
2026-06-02,17:55,4513.10,4514.30,4512.20,4514.00,125
2026-06-02,18:00,4514.30,4518.00,4513.90,4515.60,283
2026-06-02,18:05,4516.00,4517.20,4514.70,4517.20,104
2026-06-02,18:10,4516.90,4517.70,4514.40,4514.60,291
2026-06-02,18:15,4514.50,4515.90,4513.50,4514.30,165
2026-06-02,18:20,4514.30,4517.10,4514.00,4516.90,174
2026-06-02,18:25,4517.00,4520.20,4516.70,4517.90,228
2026-06-02,18:30,4517.90,4518.80,4515.70,4517.50,213
2026-06-02,18:35,4517.30,4517.30,4513.50,4514.60,298
2026-06-02,18:40,4514.50,4514.70,4508.00,4509.90,677
2026-06-02,18:45,4510.00,4516.00,4509.60,4516.00,253
2026-06-02,18:50,4515.80,4520.00,4515.20,4517.00,467
2026-06-02,18:55,4516.90,4518.20,4516.60,4516.90,82
2026-06-02,19:00,4517.00,4518.60,4516.80,4518.40,123
2026-06-02,19:05,4518.40,4518.70,4517.70,4518.20,86
2026-06-02,19:10,4518.20,4518.40,4516.60,4516.80,66
2026-06-02,19:15,4517.10,4517.40,4515.70,4516.50,127
2026-06-02,19:20,4516.50,4516.70,4515.20,4515.90,100
2026-06-02,19:25,4516.20,4519.50,4515.80,4519.50,86
2026-06-02,19:30,4519.20,4520.20,4515.80,4516.30,194
2026-06-02,19:35,4516.30,4516.30,4513.20,4514.50,178
2026-06-02,19:40,4514.50,4517.40,4513.70,4517.40,181
2026-06-02,19:45,4517.40,4518.00,4515.30,4516.70,186
2026-06-02,19:50,4516.70,4517.30,4515.80,4515.90,161
2026-06-02,19:55,4516.20,4518.50,4516.00,4517.70,365
2026-06-02,20:00,4517.80,4518.00,4516.10,4517.00,128
2026-06-02,20:05,4517.30,4518.20,4517.10,4517.70,44
2026-06-02,20:10,4517.70,4520.00,4517.70,4519.60,93
2026-06-02,20:15,4519.50,4521.00,4519.20,4520.20,116
2026-06-02,20:20,4520.00,4520.00,4518.90,4519.10,61
2026-06-02,20:25,4519.20,4519.60,4518.20,4519.40,57
2026-06-02,20:30,4519.70,4520.80,4518.70,4519.30,59
2026-06-02,20:35,4519.20,4520.10,4518.90,4519.30,31
2026-06-02,20:40,4519.10,4520.00,4518.50,4518.50,62
2026-06-02,20:45,4518.50,4519.60,4517.90,4518.40,107
2026-06-02,20:50,4518.30,4518.40,4517.30,4517.50,65
2026-06-02,20:55,4517.10,4519.70,4516.30,4519.20,167
2026-06-02,22:00,4520.00,4522.60,4519.00,4519.60,0
2026-06-02,22:05,4519.40,4522.70,4517.60,4521.30,129
2026-06-02,22:10,4521.00,4521.40,4518.90,4519.00,60
2026-06-02,22:15,4519.50,4520.00,4517.60,4518.10,86
2026-06-02,22:20,4518.80,4520.90,4517.50,4517.80,206
2026-06-02,22:25,4518.00,4519.60,4516.60,4519.00,183
2026-06-02,22:30,4518.70,4520.20,4517.20,4517.20,133
2026-06-02,22:35,4517.50,4518.20,4516.30,4517.70,189
2026-06-02,22:40,4517.60,4518.80,4516.80,4518.10,181
2026-06-02,22:45,4518.00,4521.10,4512.90,4518.30,457
2026-06-02,22:50,4517.90,4519.50,4515.80,4516.10,266
2026-06-02,22:55,4515.80,4517.50,4513.70,4514.00,301
2026-06-02,23:00,4514.20,4517.60,4511.40,4514.00,281
2026-06-02,23:05,4514.20,4515.90,4509.60,4511.10,325
2026-06-02,23:10,4511.10,4512.30,4503.10,4506.30,779
2026-06-02,23:15,4506.10,4506.10,4497.80,4498.90,512
2026-06-02,23:20,4499.10,4501.10,4495.10,4496.30,553
2026-06-02,23:25,4496.20,4500.00,4490.50,4495.80,625
2026-06-02,23:30,4496.30,4497.70,4491.00,4494.60,422
2026-06-02,23:35,4495.10,4496.60,4491.90,4494.50,556
2026-06-02,23:40,4494.50,4503.90,4492.40,4503.30,846
2026-06-02,23:45,4503.20,4503.60,4497.50,4500.10,301
2026-06-02,23:50,4499.60,4503.00,4499.60,4501.90,123
2026-06-02,23:55,4501.50,4503.20,4500.00,4502.90,109
2026-06-03,00:00,4502.60,4507.80,4502.60,4507.10,263
2026-06-03,00:05,4507.40,4508.40,4503.90,4505.30,119
2026-06-03,00:10,4505.00,4505.30,4502.60,4504.20,95
2026-06-03,00:15,4504.10,4507.50,4502.60,4506.20,99
2026-06-03,00:20,4505.80,4510.70,4505.80,4507.00,169
2026-06-03,00:25,4507.40,4511.70,4506.80,4511.30,121
2026-06-03,00:30,4511.50,4513.60,4509.50,4513.40,212
2026-06-03,00:35,4513.30,4520.30,4513.10,4520.30,480
2026-06-03,00:40,4520.10,4525.10,4519.50,4524.20,762
2026-06-03,00:45,4524.20,4524.30,4517.30,4519.50,295
2026-06-03,00:50,4519.10,4520.90,4516.80,4517.30,136
2026-06-03,00:55,4517.10,4517.20,4514.00,4514.40,323
2026-06-03,01:00,4514.20,4516.00,4501.40,4501.70,1142
2026-06-03,01:05,4501.50,4503.70,4495.10,4502.20,821
2026-06-03,01:10,4502.20,4505.60,4497.00,4500.10,498
2026-06-03,01:15,4499.40,4500.90,4496.60,4497.50,365
2026-06-03,01:20,4497.50,4499.60,4494.00,4494.40,481
2026-06-03,01:25,4494.00,4496.00,4491.20,4495.60,549
2026-06-03,01:30,4495.00,4501.00,4495.00,4499.40,570
2026-06-03,01:35,4499.50,4500.70,4494.00,4494.00,275
2026-06-03,01:40,4494.00,4499.50,4492.60,4498.20,392
2026-06-03,01:45,4498.20,4503.80,4498.00,4503.80,315
2026-06-03,01:50,4503.50,4505.10,4501.60,4502.30,166
2026-06-03,01:55,4501.70,4504.90,4500.30,4504.00,383
2026-06-03,02:00,4504.00,4504.30,4500.80,4501.90,125
2026-06-03,02:05,4501.60,4507.00,4501.60,4506.30,267
2026-06-03,02:10,4506.80,4509.50,4503.50,4508.80,397
2026-06-03,02:15,4508.20,4509.20,4502.20,4504.40,284
2026-06-03,02:20,4504.40,4506.50,4503.30,4506.30,171
2026-06-03,02:25,4506.10,4508.80,4506.00,4506.60,144
2026-06-03,02:30,4506.80,4507.40,4502.70,4506.70,193
2026-06-03,02:35,4506.80,4510.10,4506.00,4508.70,154
2026-06-03,02:40,4508.90,4513.10,4507.10,4507.20,257
2026-06-03,02:45,4507.40,4507.50,4501.10,4502.80,413
2026-06-03,02:50,4503.30,4508.20,4502.00,4507.60,244
2026-06-03,02:55,4508.20,4510.10,4504.90,4509.80,278
2026-06-03,03:00,4510.10,4515.30,4510.10,4514.20,258
2026-06-03,03:05,4514.20,4515.50,4512.40,4513.50,141
2026-06-03,03:10,4513.50,4514.00,4511.80,4512.70,117
2026-06-03,03:15,4513.10,4514.60,4511.20,4513.30,91
2026-06-03,03:20,4514.20,4515.20,4513.00,4513.50,52
2026-06-03,03:25,4513.30,4513.30,4511.30,4511.40,80
2026-06-03,03:30,4511.60,4513.50,4511.00,4512.10,91
2026-06-03,03:35,4512.10,4513.90,4511.30,4512.70,92
2026-06-03,03:40,4512.60,4513.10,4511.60,4512.70,44
2026-06-03,03:45,4511.90,4512.80,4510.30,4510.70,123
2026-06-03,03:50,4510.90,4514.00,4510.70,4511.70,95
2026-06-03,03:55,4511.90,4512.40,4511.20,4512.00,80
2026-06-03,04:00,4512.40,4514.50,4512.20,4514.00,111
2026-06-03,04:05,4514.10,4515.00,4512.90,4514.30,165
2026-06-03,04:10,4513.90,4514.80,4512.50,4514.80,195
2026-06-03,04:15,4515.00,4516.10,4509.30,4509.30,244
2026-06-03,04:20,4509.40,4509.70,4508.40,4508.90,46
2026-06-03,04:25,4508.80,4508.90,4505.10,4505.10,85
2026-06-03,04:30,4505.00,4505.20,4501.60,4502.70,147
2026-06-03,04:35,4502.60,4503.40,4498.70,4499.70,270
2026-06-03,04:40,4499.30,4501.50,4499.20,4501.30,85
2026-06-03,04:45,4501.10,4501.80,4498.10,4499.20,180
2026-06-03,04:50,4499.10,4499.30,4497.70,4498.00,68
2026-06-03,04:55,4497.90,4498.50,4496.40,4497.50,146
2026-06-03,05:00,4497.20,4499.50,4495.50,4499.00,212
2026-06-03,05:05,4499.30,4499.90,4495.40,4498.50,192
2026-06-03,05:10,4498.70,4501.50,4498.10,4501.20,131
2026-06-03,05:15,4501.50,4502.20,4499.80,4500.20,91
2026-06-03,05:20,4499.90,4501.00,4496.20,4496.20,190
2026-06-03,05:25,4496.50,4497.60,4493.90,4496.80,203
2026-06-03,05:30,4496.60,4496.80,4486.90,4493.00,1074
2026-06-03,05:35,4492.80,4496.80,4491.10,4495.00,274
2026-06-03,05:40,4495.00,4495.00,4487.90,4489.90,286
2026-06-03,05:45,4489.60,4495.00,4489.30,4494.20,373
2026-06-03,05:50,4494.20,4496.50,4490.50,4491.50,455
2026-06-03,05:55,4491.50,4492.30,4484.80,4485.80,480
2026-06-03,06:00,4485.40,4495.80,4485.10,4495.50,709
2026-06-03,06:05,4494.90,4495.20,4490.50,4493.20,267
2026-06-03,06:10,4493.30,4494.90,4491.40,4494.60,186
2026-06-03,06:15,4494.90,4499.30,4494.00,4497.10,246
2026-06-03,06:20,4496.80,4498.50,4487.40,4488.90,465
2026-06-03,06:25,4488.30,4491.80,4487.60,4490.80,512
2026-06-03,06:30,4490.70,4493.40,4485.80,4487.80,337
2026-06-03,06:35,4488.10,4492.50,4487.30,4491.00,275
2026-06-03,06:40,4491.20,4493.00,4485.90,4489.00,440
2026-06-03,06:45,4488.50,4488.90,4483.70,4487.70,330
2026-06-03,06:50,4487.30,4488.90,4486.20,4486.80,202
2026-06-03,06:55,4487.30,4491.70,4487.00,4491.70,283
2026-06-03,07:00,4491.40,4495.10,4488.20,4493.70,424
2026-06-03,07:05,4493.30,4497.50,4492.00,4497.00,366
2026-06-03,07:10,4496.90,4500.50,4496.60,4497.90,545
2026-06-03,07:15,4497.90,4498.30,4491.10,4491.90,436
2026-06-03,07:20,4492.20,4493.10,4490.30,4492.10,232
2026-06-03,07:25,4491.60,4493.00,4484.70,4484.70,362
2026-06-03,07:30,4484.40,4490.60,4482.50,4490.00,408
2026-06-03,07:35,4489.80,4491.90,4486.50,4486.70,267
2026-06-03,07:40,4486.90,4490.00,4482.80,4486.90,590
2026-06-03,07:45,4487.30,4488.50,4484.00,4487.00,282
2026-06-03,07:50,4487.00,4492.20,4487.00,4488.00,256
2026-06-03,07:55,4487.90,4488.00,4481.10,4481.60,439
2026-06-03,08:00,4481.80,4487.80,4479.30,4486.30,667
2026-06-03,08:05,4486.30,4486.70,4481.10,4483.40,501
2026-06-03,08:10,4483.40,4486.30,4482.70,4483.70,133
2026-06-03,08:15,4483.90,4485.20,4480.50,4482.30,332
2026-06-03,08:20,4482.40,4483.70,4478.80,4479.70,428
2026-06-03,08:25,4479.90,4486.00,4478.90,4485.40,526
2026-06-03,08:30,4485.80,4486.90,4483.30,4485.10,224
2026-06-03,08:35,4485.00,4485.60,4482.70,4484.30,178
2026-06-03,08:40,4484.00,4487.20,4483.50,4484.50,243
2026-06-03,08:45,4484.70,4486.30,4482.40,4482.40,321
2026-06-03,08:50,4482.80,4483.20,4470.30,4473.30,1538
2026-06-03,08:55,4473.30,4474.80,4468.20,4472.30,853
2026-06-03,09:00,4472.30,4480.80,4470.20,4479.50,696
2026-06-03,09:05,4479.80,4487.50,4479.80,4485.50,572
2026-06-03,09:10,4484.90,4485.40,4479.20,4479.60,317
2026-06-03,09:15,4479.60,4480.20,4475.40,4478.60,328
2026-06-03,09:20,4478.70,4480.70,4475.20,4476.20,332
2026-06-03,09:25,4476.10,4477.50,4467.20,4468.60,582
2026-06-03,09:30,4468.20,4473.20,4468.10,4470.30,1132
2026-06-03,09:35,4470.90,4475.70,4467.60,4475.70,417
2026-06-03,09:40,4475.60,4477.30,4472.70,4475.70,1054
2026-06-03,09:45,4475.10,4476.00,4471.30,4475.40,221
2026-06-03,09:50,4475.70,4476.50,4471.90,4471.90,157
2026-06-03,09:55,4471.70,4473.10,4469.50,4471.30,246
2026-06-03,10:00,4471.70,4476.20,4469.50,4476.10,330
2026-06-03,10:05,4476.50,4496.00,4475.50,4490.30,1698
2026-06-03,10:10,4490.10,4493.70,4487.50,4491.70,700
2026-06-03,10:15,4491.50,4492.00,4488.50,4490.80,227
2026-06-03,10:20,4491.10,4492.30,4484.50,4485.70,387
2026-06-03,10:25,4486.00,4489.40,4482.00,4488.60,358
2026-06-03,10:30,4488.20,4491.80,4487.20,4488.70,270
2026-06-03,10:35,4488.60,4488.60,4486.70,4487.30,61
2026-06-03,10:40,4487.40,4488.00,4481.60,4482.40,183
2026-06-03,10:45,4482.70,4485.10,4482.40,4484.30,133
2026-06-03,10:50,4484.40,4488.20,4484.40,4487.40,157
2026-06-03,10:55,4487.90,4489.70,4486.90,4487.70,134
2026-06-03,11:00,4487.80,4493.10,4487.80,4492.70,198
2026-06-03,11:05,4493.10,4496.50,4490.60,4491.60,440
2026-06-03,11:10,4491.60,4492.60,4489.30,4490.20,286
2026-06-03,11:15,4490.80,4491.20,4487.40,4489.40,116
2026-06-03,11:20,4489.60,4494.30,4489.60,4491.20,204
2026-06-03,11:25,4491.60,4493.00,4490.30,4492.90,81
2026-06-03,11:30,4493.00,4495.70,4492.10,4494.20,226
2026-06-03,11:35,4494.50,4494.50,4491.20,4491.60,106
2026-06-03,11:40,4491.90,4493.00,4487.90,4488.80,194
2026-06-03,11:45,4489.00,4492.00,4487.00,4490.70,202
2026-06-03,11:50,4490.70,4493.10,4490.10,4491.00,143
2026-06-03,11:55,4491.10,4491.70,4489.50,4490.60,107
2026-06-03,12:00,4490.90,4492.80,4488.00,4492.30,226
2026-06-03,12:05,4492.00,4492.70,4485.30,4486.80,376
2026-06-03,12:10,4487.10,4489.70,4486.40,4487.50,164
2026-06-03,12:15,4487.00,4487.00,4484.20,4484.40,316
2026-06-03,12:20,4484.40,4491.00,4484.10,4486.50,556
2026-06-03,12:25,4486.10,4486.60,4479.80,4480.80,502
2026-06-03,12:30,4481.10,4485.10,4479.10,4479.50,572
2026-06-03,12:35,4479.80,4482.00,4476.30,4477.70,556
2026-06-03,12:40,4478.10,4488.60,4478.10,4487.00,723
2026-06-03,12:45,4486.80,4490.00,4484.60,4489.80,762
2026-06-03,12:50,4489.40,4495.60,4488.90,4489.00,734
2026-06-03,12:55,4488.50,4490.90,4484.00,4488.60,490
2026-06-03,13:00,4488.50,4494.10,4486.30,4491.80,641
2026-06-03,13:05,4491.70,4494.00,4490.40,4491.50,254
2026-06-03,13:10,4491.00,4494.50,4490.40,4491.00,464
2026-06-03,13:15,4491.00,4491.70,4483.60,4485.90,552
2026-06-03,13:20,4485.90,4486.70,4475.30,4478.70,1721
2026-06-03,13:25,4478.40,4479.00,4473.40,4477.20,864
2026-06-03,13:30,4477.70,4481.70,4474.20,4476.90,950
2026-06-03,13:35,4476.40,4480.60,4474.40,4477.20,685
2026-06-03,13:40,4476.70,4478.40,4454.70,4455.30,2090
2026-06-03,13:45,4454.60,4466.60,4454.00,4465.30,1766
2026-06-03,13:50,4465.30,4475.00,4463.40,4472.00,1079
2026-06-03,13:55,4472.20,4478.10,4469.50,4475.20,1466
2026-06-03,14:00,4473.90,4479.40,4470.50,4474.30,1478
2026-06-03,14:05,4474.50,4480.40,4472.90,4478.80,726
2026-06-03,14:10,4478.40,4484.70,4478.40,4482.50,983
2026-06-03,14:15,4482.50,4486.50,4472.40,4475.90,991
2026-06-03,14:20,4475.60,4479.60,4473.20,4477.70,591
2026-06-03,14:25,4477.70,4480.20,4474.60,4479.80,317
2026-06-03,14:30,4479.80,4481.30,4475.40,4476.80,387
2026-06-03,14:35,4477.40,4481.80,4476.80,4479.50,297
2026-06-03,14:40,4479.90,4480.20,4475.00,4476.20,302
2026-06-03,14:45,4475.90,4483.10,4475.80,4482.20,778
2026-06-03,14:50,4481.90,4488.30,4478.60,4487.20,646
2026-06-03,14:55,4487.30,4487.30,4483.60,4485.30,311
2026-06-03,15:00,4485.70,4486.50,4481.00,4481.40,463
2026-06-03,15:05,4481.40,4481.40,4476.10,4477.30,369
2026-06-03,15:10,4477.40,4480.30,4473.00,4473.90,377
2026-06-03,15:15,4473.70,4479.00,4473.20,4473.60,492
2026-06-03,15:20,4473.60,4474.40,4467.20,4471.50,558
2026-06-03,15:25,4470.90,4473.90,4467.50,4473.60,578
2026-06-03,15:30,4472.90,4473.90,4468.90,4469.00,567
2026-06-03,15:35,4469.10,4471.00,4464.80,4467.00,516
2026-06-03,15:40,4467.40,4470.90,4466.20,4468.40,472
2026-06-03,15:45,4468.00,4470.40,4466.00,4469.70,231
2026-06-03,15:50,4469.80,4472.00,4468.10,4469.20,209
2026-06-03,15:55,4468.70,4470.60,4468.70,4469.80,127
2026-06-03,16:00,4470.00,4471.00,4467.70,4470.20,264
2026-06-03,16:05,4470.70,4472.10,4465.10,4467.50,308
2026-06-03,16:10,4467.20,4468.70,4465.20,4467.00,574
2026-06-03,16:15,4467.30,4469.10,4464.40,4466.20,255
2026-06-03,16:20,4466.10,4467.90,4461.90,4464.10,384
2026-06-03,16:25,4463.90,4465.90,4461.10,4465.30,488
2026-06-03,16:30,4465.30,4468.80,4465.00,4468.00,296
2026-06-03,16:35,4467.90,4468.10,4464.10,4464.10,225
2026-06-03,16:40,4464.10,4467.10,4463.30,4467.10,277
2026-06-03,16:45,4466.90,4468.50,4465.50,4465.70,513
2026-06-03,16:50,4465.90,4467.60,4464.70,4466.00,327
2026-06-03,16:55,4465.80,4471.20,4465.40,4469.40,467
2026-06-03,17:00,4469.90,4472.90,4469.60,4472.40,455
2026-06-03,17:05,4472.30,4476.80,4471.30,4475.10,418
2026-06-03,17:10,4475.40,4475.50,4469.50,4470.10,280
2026-06-03,17:15,4469.80,4471.50,4469.50,4470.60,190
2026-06-03,17:20,4470.60,4470.80,4468.10,4470.00,253
2026-06-03,17:25,4470.40,4470.90,4465.60,4467.10,1136
2026-06-03,17:30,4466.90,4468.60,4463.40,4468.00,573
2026-06-03,17:35,4468.00,4468.50,4465.80,4468.10,243
2026-06-03,17:40,4467.90,4470.20,4467.20,4468.50,639
2026-06-03,17:45,4468.50,4468.50,4465.70,4466.10,165
2026-06-03,17:50,4466.20,4467.60,4464.80,4465.90,185
2026-06-03,17:55,4466.10,4467.30,4465.80,4467.20,85
2026-06-03,18:00,4467.10,4468.40,4465.90,4467.80,150
2026-06-03,18:05,4467.40,4467.60,4464.30,4465.40,128
2026-06-03,18:10,4465.30,4466.60,4463.30,4464.50,152
2026-06-03,18:15,4464.70,4465.70,4463.60,4465.70,88
2026-06-03,18:20,4466.00,4467.50,4462.00,4466.90,524
2026-06-03,18:25,4466.90,4468.90,4466.60,4468.40,213
2026-06-03,18:30,4468.20,4470.90,4467.00,4467.00,216
2026-06-03,18:35,4467.00,4467.30,4465.00,4466.60,80
2026-06-03,18:40,4466.50,4468.50,4465.30,4468.20,477
2026-06-03,18:45,4467.80,4469.90,4467.80,4468.00,109
2026-06-03,18:50,4468.30,4468.90,4468.10,4468.50,61
2026-06-03,18:55,4468.00,4470.90,4467.70,4470.10,191
2026-06-03,19:00,4469.80,4477.10,4469.50,4476.80,435
2026-06-03,19:05,4476.60,4477.50,4474.70,4475.40,197
2026-06-03,19:10,4475.50,4477.50,4474.60,4477.30,218
2026-06-03,19:15,4477.30,4479.90,4476.30,4479.10,367
2026-06-03,19:20,4479.10,4480.00,4475.80,4475.80,211
2026-06-03,19:25,4476.10,4476.30,4474.20,4475.60,127
2026-06-03,19:30,4475.80,4477.40,4475.10,4476.10,758
2026-06-03,19:35,4476.40,4476.70,4475.50,4475.50,118
2026-06-03,19:40,4475.80,4476.60,4474.70,4475.10,141
2026-06-03,19:45,4474.60,4475.40,4472.70,4475.00,249
2026-06-03,19:50,4474.80,4475.40,4473.00,4473.40,228
2026-06-03,19:55,4473.40,4473.40,4471.20,4472.00,482
2026-06-03,20:00,4471.90,4473.60,4470.30,4470.60,178
2026-06-03,20:05,4470.10,4470.30,4466.80,4469.40,260
2026-06-03,20:10,4469.50,4470.00,4467.00,4468.30,117
2026-06-03,20:15,4468.20,4468.20,4464.60,4465.80,157
2026-06-03,20:20,4466.00,4468.20,4465.80,4467.50,175
2026-06-03,20:25,4467.50,4468.30,4466.20,4467.20,168
2026-06-03,20:30,4467.30,4467.70,4461.10,4462.00,369
2026-06-03,20:35,4462.00,4462.50,4460.40,4461.90,267
2026-06-03,20:40,4461.90,4462.80,4460.10,4461.50,156
2026-06-03,20:45,4461.30,4463.10,4459.20,4459.20,161
2026-06-03,20:50,4459.70,4463.50,4458.60,4462.30,283
2026-06-03,20:55,4462.20,4463.00,4461.30,4462.70,161
2026-06-03,22:00,4462.60,4466.70,4457.70,4458.80,0
2026-06-03,22:05,4459.30,4463.10,4458.70,4461.20,97
2026-06-03,22:10,4461.40,4462.40,4455.90,4458.10,200
2026-06-03,22:15,4458.20,4458.20,4450.10,4454.30,352
2026-06-03,22:20,4454.00,4457.40,4451.30,4456.60,172
2026-06-03,22:25,4456.70,4462.00,4456.70,4460.40,139
2026-06-03,22:30,4461.00,4466.40,4461.00,4466.40,173
2026-06-03,22:35,4465.80,4466.70,4462.20,4462.50,159
2026-06-03,22:40,4463.00,4465.10,4461.60,4463.10,56
2026-06-03,22:45,4463.40,4465.20,4463.40,4464.90,71
2026-06-03,22:50,4465.30,4468.00,4463.80,4466.00,213
2026-06-03,22:55,4466.20,4479.20,4466.00,4475.30,462
2026-06-03,23:00,4475.50,4476.90,4471.50,4472.70,172
2026-06-03,23:05,4472.50,4476.50,4471.60,4474.60,188
2026-06-03,23:10,4474.30,4474.70,4471.70,4473.60,63
2026-06-03,23:15,4474.50,4475.60,4473.70,4474.10,81
2026-06-03,23:20,4474.30,4477.50,4473.60,4476.20,236
2026-06-03,23:25,4475.60,4478.20,4474.80,4477.10,90
2026-06-03,23:30,4477.50,4478.40,4474.30,4477.80,279
2026-06-03,23:35,4476.60,4479.30,4474.70,4476.90,267
2026-06-03,23:40,4476.50,4480.80,4472.80,4480.60,382
2026-06-03,23:45,4480.70,4491.20,4480.60,4486.00,599
2026-06-03,23:50,4486.50,4488.00,4484.30,4486.10,126
2026-06-03,23:55,4486.40,4487.00,4483.00,4483.50,99
2026-06-04,00:00,4484.00,4491.80,4481.60,4486.60,406
2026-06-04,00:05,4487.00,4488.10,4481.70,4482.90,105
2026-06-04,00:10,4483.10,4483.70,4479.30,4479.80,98
2026-06-04,00:15,4479.70,4483.20,4476.30,4482.30,213
2026-06-04,00:20,4482.40,4482.40,4475.00,4476.40,200
2026-06-04,00:25,4476.40,4478.40,4474.10,4478.00,89
2026-06-04,00:30,4477.00,4479.30,4473.90,4477.50,166
2026-06-04,00:35,4478.10,4478.60,4472.00,4473.40,204
2026-06-04,00:40,4473.60,4475.10,4470.60,4475.10,190
2026-06-04,00:45,4474.70,4476.60,4471.60,4476.60,207
2026-06-04,00:50,4476.50,4479.70,4476.20,4478.30,143
2026-06-04,00:55,4477.50,4477.50,4473.70,4475.60,121
2026-06-04,01:00,4475.00,4483.90,4470.00,4480.70,434
2026-06-04,01:05,4480.50,4486.40,4479.80,4486.40,228
2026-06-04,01:10,4486.40,4494.30,4486.10,4491.20,527
2026-06-04,01:15,4490.30,4491.40,4486.10,4491.30,296
2026-06-04,01:20,4491.20,4500.80,4491.20,4496.30,605
2026-06-04,01:25,4496.10,4498.20,4492.30,4493.00,384
2026-06-04,01:30,4494.10,4496.80,4491.90,4492.70,212
2026-06-04,01:35,4492.50,4496.70,4491.50,4495.40,211
2026-06-04,01:40,4495.40,4495.40,4485.70,4486.00,349
2026-06-04,01:45,4485.40,4493.60,4485.40,4492.60,263
2026-06-04,01:50,4492.70,4492.90,4483.30,4488.00,355
2026-06-04,01:55,4488.00,4493.90,4488.00,4492.50,215
2026-06-04,02:00,4492.10,4493.80,4488.70,4489.30,217
2026-06-04,02:05,4489.00,4489.30,4485.40,4485.60,291
2026-06-04,02:10,4485.10,4491.50,4482.50,4489.50,398
2026-06-04,02:15,4489.20,4489.80,4485.50,4488.20,232
2026-06-04,02:20,4488.30,4489.80,4486.50,4487.00,107
2026-06-04,02:25,4487.00,4489.50,4485.60,4487.30,116
2026-06-04,02:30,4487.80,4489.20,4484.30,4487.30,223
2026-06-04,02:35,4487.70,4487.70,4484.90,4484.90,120
2026-06-04,02:40,4484.60,4491.80,4484.60,4488.80,219
2026-06-04,02:45,4489.20,4497.90,4489.00,4497.50,400
2026-06-04,02:50,4497.30,4502.00,4495.90,4500.90,404
2026-06-04,02:55,4501.10,4504.20,4498.00,4502.00,489
2026-06-04,03:00,4501.70,4503.30,4498.30,4499.80,369
2026-06-04,03:05,4500.30,4504.20,4499.80,4501.00,207
2026-06-04,03:10,4501.70,4502.30,4496.90,4498.40,329
2026-06-04,03:15,4499.00,4499.00,4496.20,4496.60,87
2026-06-04,03:20,4496.60,4496.90,4494.50,4494.70,273
2026-06-04,03:25,4494.70,4496.30,4492.70,4496.30,118
2026-06-04,03:30,4497.50,4497.70,4493.90,4494.60,160
2026-06-04,03:35,4493.80,4493.80,4490.80,4492.00,136
2026-06-04,03:40,4491.90,4492.00,4487.60,4487.60,186
2026-06-04,03:45,4487.30,4488.00,4485.10,4486.80,176
2026-06-04,03:50,4486.80,4490.60,4485.90,4490.20,139
2026-06-04,03:55,4490.30,4491.90,4488.80,4490.60,153
2026-06-04,04:00,4490.60,4492.80,4490.00,4490.70,122
2026-06-04,04:05,4490.80,4492.70,4489.10,4490.60,137
2026-06-04,04:10,4490.90,4498.00,4490.50,4498.00,331
2026-06-04,04:15,4498.40,4499.20,4496.90,4498.20,285
2026-06-04,04:20,4498.70,4503.10,4498.60,4501.40,292
2026-06-04,04:25,4501.60,4502.80,4500.80,4501.60,203
2026-06-04,04:30,4501.80,4511.20,4501.80,4507.40,717
2026-06-04,04:35,4507.20,4508.80,4505.70,4508.40,182
2026-06-04,04:40,4508.00,4511.20,4506.60,4509.80,220
2026-06-04,04:45,4510.30,4511.20,4506.80,4506.90,205
2026-06-04,04:50,4506.50,4508.10,4506.10,4507.10,204
2026-06-04,04:55,4507.20,4508.30,4505.90,4508.10,163
2026-06-04,05:00,4508.20,4509.60,4504.30,4504.40,210
2026-06-04,05:05,4504.70,4505.60,4500.70,4500.70,147
2026-06-04,05:10,4501.30,4506.40,4498.70,4504.20,364
2026-06-04,05:15,4504.50,4504.50,4502.70,4504.10,68
2026-06-04,05:20,4503.50,4503.50,4499.20,4499.60,270
2026-06-04,05:25,4499.40,4501.30,4498.10,4500.60,193
2026-06-04,05:30,4500.90,4502.70,4498.30,4500.50,179
2026-06-04,05:35,4500.00,4501.80,4498.00,4498.40,203
2026-06-04,05:40,4498.00,4501.40,4497.80,4501.20,285
2026-06-04,05:45,4501.70,4502.00,4494.30,4494.70,348
2026-06-04,05:50,4494.80,4498.00,4494.00,4495.90,242
2026-06-04,05:55,4495.50,4497.10,4493.50,4496.00,307
2026-06-04,06:00,4495.80,4501.30,4494.90,4500.30,443
2026-06-04,06:05,4500.90,4504.30,4499.00,4502.80,277
2026-06-04,06:10,4503.10,4504.20,4500.30,4501.20,177
2026-06-04,06:15,4500.70,4501.10,4493.10,4496.50,258
2026-06-04,06:20,4496.50,4497.20,4494.00,4494.90,195
2026-06-04,06:25,4494.80,4499.00,4494.60,4499.00,178
2026-06-04,06:30,4498.80,4502.30,4496.70,4501.80,265
2026-06-04,06:35,4501.60,4503.70,4497.50,4499.80,351
2026-06-04,06:40,4499.90,4500.10,4496.20,4496.20,235
2026-06-04,06:45,4496.20,4496.70,4489.80,4493.90,526
2026-06-04,06:50,4493.90,4497.40,4493.40,4494.80,327
2026-06-04,06:55,4494.70,4496.10,4493.70,4494.70,157
2026-06-04,07:00,4495.00,4497.60,4491.80,4496.80,322
2026-06-04,07:05,4497.50,4497.70,4491.00,4492.30,204
2026-06-04,07:10,4492.70,4492.70,4489.30,4491.10,284
2026-06-04,07:15,4491.10,4497.40,4489.70,4496.20,390
2026-06-04,07:20,4496.10,4496.10,4492.40,4493.20,167
2026-06-04,07:25,4493.10,4493.30,4488.50,4492.50,198
2026-06-04,07:30,4492.00,4493.80,4490.50,4490.80,98
2026-06-04,07:35,4490.70,4495.00,4489.30,4490.40,283
2026-06-04,07:40,4490.80,4491.60,4486.90,4488.50,230
2026-06-04,07:45,4488.50,4489.40,4487.50,4488.30,147
2026-06-04,07:50,4488.60,4489.40,4487.30,4488.30,117
2026-06-04,07:55,4487.90,4489.30,4486.20,4488.50,147
2026-06-04,08:00,4488.40,4493.20,4487.10,4493.00,347
2026-06-04,08:05,4492.80,4494.60,4491.40,4492.30,216
2026-06-04,08:10,4492.40,4492.90,4486.60,4487.80,310
2026-06-04,08:15,4487.80,4492.40,4487.50,4491.20,280
2026-06-04,08:20,4489.70,4489.80,4485.60,4486.70,336
2026-06-04,08:25,4487.00,4490.50,4485.40,4490.50,238
2026-06-04,08:30,4490.70,4496.10,4486.80,4491.70,404
2026-06-04,08:35,4491.60,4491.80,4487.00,4487.70,214
2026-06-04,08:40,4487.80,4490.60,4487.80,4490.40,99
2026-06-04,08:45,4490.50,4491.00,4486.20,4486.70,125
2026-06-04,08:50,4486.90,4491.00,4486.70,4490.00,214
2026-06-04,08:55,4490.40,4492.60,4489.60,4490.20,115
2026-06-04,09:00,4489.90,4495.50,4487.70,4494.30,230
2026-06-04,09:05,4493.70,4496.30,4491.80,4495.20,303
2026-06-04,09:10,4495.60,4495.80,4489.30,4490.20,271
2026-06-04,09:15,4490.70,4493.30,4490.10,4493.10,156
2026-06-04,09:20,4493.40,4494.80,4490.20,4493.30,181
2026-06-04,09:25,4493.60,4493.80,4491.30,4491.90,183
2026-06-04,09:30,4492.00,4495.20,4488.70,4493.90,785
2026-06-04,09:35,4493.90,4497.00,4492.10,4494.80,537
2026-06-04,09:40,4495.10,4496.30,4493.80,4495.70,218
2026-06-04,09:45,4495.70,4500.00,4495.00,4498.50,388
2026-06-04,09:50,4498.10,4503.30,4497.90,4502.40,318
2026-06-04,09:55,4502.80,4502.90,4497.00,4498.20,239
2026-06-04,10:00,4497.90,4499.70,4496.00,4497.60,141
2026-06-04,10:05,4497.60,4499.00,4496.80,4497.00,98
2026-06-04,10:10,4497.30,4499.70,4495.40,4498.50,301
2026-06-04,10:15,4498.90,4498.90,4496.10,4496.20,131
2026-06-04,10:20,4496.30,4496.60,4491.90,4494.50,311
2026-06-04,10:25,4494.30,4496.00,4491.90,4495.10,255
2026-06-04,10:30,4494.90,4497.40,4494.20,4495.50,202
2026-06-04,10:35,4495.50,4498.90,4495.40,4496.70,283
2026-06-04,10:40,4497.10,4500.50,4496.20,4499.40,205
2026-06-04,10:45,4499.20,4500.60,4498.50,4499.30,145
2026-06-04,10:50,4498.90,4499.10,4496.40,4498.70,159
2026-06-04,10:55,4499.30,4501.70,4497.10,4501.60,155
2026-06-04,11:00,4501.60,4503.10,4496.40,4500.10,488
2026-06-04,11:05,4499.90,4506.00,4499.90,4505.20,646
2026-06-04,11:10,4505.10,4506.60,4501.30,4501.30,528
2026-06-04,11:15,4501.60,4507.00,4501.30,4506.20,411
2026-06-04,11:20,4506.40,4508.70,4504.60,4506.80,325
2026-06-04,11:25,4506.70,4519.40,4505.50,4517.40,1137
2026-06-04,11:30,4517.70,4520.50,4512.10,4512.90,663
2026-06-04,11:35,4512.60,4516.00,4510.00,4515.70,426
2026-06-04,11:40,4516.10,4520.00,4514.20,4519.80,844
2026-06-04,11:45,4519.10,4532.20,4519.10,4529.20,1963
2026-06-04,11:50,4529.10,4532.80,4528.60,4531.30,804
2026-06-04,11:55,4532.00,4542.40,4531.60,4539.20,1265
2026-06-04,12:00,4539.10,4541.90,4524.80,4525.10,1560
2026-06-04,12:05,4525.10,4531.70,4522.70,4526.10,1051
2026-06-04,12:10,4526.60,4527.10,4519.60,4521.50,844
2026-06-04,12:15,4522.00,4523.40,4518.80,4520.00,464
2026-06-04,12:20,4520.20,4527.00,4519.70,4525.40,747
2026-06-04,12:25,4525.50,4527.90,4523.40,4526.10,428
2026-06-04,12:30,4526.40,4529.20,4524.50,4527.00,695
2026-06-04,12:35,4527.00,4529.80,4524.50,4526.60,677
2026-06-04,12:40,4526.80,4529.90,4526.60,4529.70,463
2026-06-04,12:45,4530.00,4532.80,4526.90,4532.60,407
2026-06-04,12:50,4532.70,4538.80,4529.70,4535.90,1593
2026-06-04,12:55,4536.20,4537.80,4530.60,4531.60,459
2026-06-04,13:00,4531.60,4537.80,4527.80,4532.80,932
2026-06-04,13:05,4533.10,4536.60,4531.40,4532.40,483
2026-06-04,13:10,4532.80,4533.20,4529.60,4530.80,325
2026-06-04,13:15,4530.70,4536.40,4530.70,4535.80,279
2026-06-04,13:20,4535.60,4537.20,4531.90,4532.50,339
2026-06-04,13:25,4532.10,4534.00,4529.20,4532.30,354
2026-06-04,13:30,4532.20,4535.00,4529.40,4533.70,732
2026-06-04,13:35,4533.50,4540.20,4532.50,4537.10,1126
2026-06-04,13:40,4537.60,4542.90,4532.90,4542.60,765
2026-06-04,13:45,4542.60,4543.20,4535.20,4537.80,792
2026-06-04,13:50,4538.10,4540.10,4525.50,4526.40,830
2026-06-04,13:55,4526.20,4531.20,4523.30,4523.70,899
2026-06-04,14:00,4523.40,4528.00,4522.40,4523.20,1212
2026-06-04,14:05,4523.50,4527.80,4515.90,4518.20,1311
2026-06-04,14:10,4517.90,4520.50,4513.90,4515.50,874
2026-06-04,14:15,4515.40,4521.60,4513.30,4515.50,741
2026-06-04,14:20,4515.20,4517.20,4511.40,4513.00,646
2026-06-04,14:25,4512.70,4515.40,4511.50,4513.60,625
2026-06-04,14:30,4513.90,4514.40,4508.10,4512.00,740
2026-06-04,14:35,4511.60,4511.60,4504.90,4507.70,1173
2026-06-04,14:40,4507.50,4508.40,4499.80,4502.70,1658
2026-06-04,14:45,4502.60,4503.60,4492.60,4494.00,1434
2026-06-04,14:50,4494.40,4498.30,4483.80,4491.00,3430
2026-06-04,14:55,4490.80,4493.60,4487.10,4493.10,1435
2026-06-04,15:00,4493.20,4498.00,4490.60,4497.80,1603
2026-06-04,15:05,4497.60,4500.00,4494.70,4497.90,914
2026-06-04,15:10,4497.70,4502.40,4497.50,4499.70,1511
2026-06-04,15:15,4499.70,4502.10,4499.10,4501.30,564
2026-06-04,15:20,4501.50,4501.80,4498.40,4498.70,505
2026-06-04,15:25,4498.70,4499.80,4496.90,4498.40,501
2026-06-04,15:30,4498.60,4500.70,4497.50,4499.60,1096
2026-06-04,15:35,4499.60,4505.00,4498.70,4504.80,780
2026-06-04,15:40,4504.70,4504.90,4498.60,4500.40,508
2026-06-04,15:45,4500.20,4503.30,4497.30,4501.90,507
2026-06-04,15:50,4502.00,4506.60,4502.00,4505.50,456
2026-06-04,15:55,4505.30,4506.00,4503.80,4504.90,315
2026-06-04,16:00,4504.90,4506.40,4503.60,4504.00,461
2026-06-04,16:05,4503.90,4510.60,4502.80,4510.20,814
2026-06-04,16:10,4509.80,4511.80,4507.00,4507.00,1256
2026-06-04,16:15,4507.20,4513.20,4507.20,4511.30,796
2026-06-04,16:20,4511.20,4512.80,4508.30,4512.30,583
2026-06-04,16:25,4512.10,4513.00,4510.30,4511.50,295
2026-06-04,16:30,4511.50,4512.20,4507.20,4508.00,1575
2026-06-04,16:35,4508.00,4510.80,4507.60,4509.30,547
2026-06-04,16:40,4509.40,4510.20,4508.50,4508.70,167
2026-06-04,16:45,4508.90,4510.90,4507.60,4508.90,261
2026-06-04,16:50,4508.90,4509.70,4507.80,4509.30,174
2026-06-04,16:55,4509.10,4511.70,4509.10,4510.80,1007
2026-06-04,17:00,4510.50,4510.50,4508.40,4509.30,600
2026-06-04,17:05,4509.50,4509.90,4507.30,4507.30,498
2026-06-04,17:10,4507.40,4508.20,4503.90,4503.90,356
2026-06-04,17:15,4504.10,4504.10,4502.00,4503.40,380
2026-06-04,17:20,4503.30,4503.90,4502.00,4503.40,207
2026-06-04,17:25,4503.50,4507.30,4503.50,4504.80,1205
2026-06-04,17:30,4504.90,4509.50,4504.70,4508.00,333
2026-06-04,17:35,4508.10,4508.60,4505.50,4505.70,273
2026-06-04,17:40,4505.90,4506.30,4503.90,4504.60,369
2026-06-04,17:45,4504.80,4506.80,4504.60,4506.70,192
2026-06-04,17:50,4506.90,4508.30,4506.20,4506.30,124
2026-06-04,17:55,4506.30,4506.80,4505.30,4506.00,93
2026-06-04,18:00,4506.10,4508.30,4504.50,4504.80,302
2026-06-04,18:05,4504.80,4505.90,4504.10,4505.10,142
2026-06-04,18:10,4505.40,4507.30,4505.10,4506.90,146
2026-06-04,18:15,4507.00,4507.00,4505.30,4506.60,127
2026-06-04,18:20,4506.50,4508.40,4506.00,4508.20,116
2026-06-04,18:25,4508.10,4508.80,4505.00,4505.90,168
2026-06-04,18:30,4505.70,4505.80,4501.00,4501.40,347
2026-06-04,18:35,4501.90,4502.10,4500.00,4501.40,286
2026-06-04,18:40,4501.10,4502.50,4500.90,4502.10,136
2026-06-04,18:45,4502.30,4504.10,4501.50,4503.10,161
2026-06-04,18:50,4503.30,4507.30,4503.30,4506.10,181
2026-06-04,18:55,4506.20,4506.50,4504.40,4505.90,125
2026-06-04,19:00,4506.10,4511.30,4505.60,4509.20,385
2026-06-04,19:05,4508.90,4508.90,4505.30,4506.30,193
2026-06-04,19:10,4506.20,4506.40,4503.90,4506.00,147
2026-06-04,19:15,4505.90,4507.20,4505.60,4506.80,67
2026-06-04,19:20,4506.40,4507.40,4505.60,4507.10,160
2026-06-04,19:25,4507.00,4508.10,4506.50,4507.80,183
2026-06-04,19:30,4507.50,4508.30,4505.80,4506.40,163
2026-06-04,19:35,4506.40,4507.20,4505.30,4506.70,89
2026-06-04,19:40,4506.80,4508.30,4505.10,4505.60,150
2026-06-04,19:45,4505.80,4506.20,4504.50,4506.00,107
2026-06-04,19:50,4505.90,4506.80,4504.70,4506.10,130
2026-06-04,19:55,4505.90,4510.40,4504.90,4508.90,567
2026-06-04,20:00,4508.50,4509.30,4506.90,4507.60,171
2026-06-04,20:05,4507.70,4508.10,4506.20,4507.40,139
2026-06-04,20:10,4507.40,4507.80,4505.60,4505.60,105
2026-06-04,20:15,4506.00,4507.20,4505.40,4505.40,90
2026-06-04,20:20,4505.70,4506.10,4504.00,4505.60,111
2026-06-04,20:25,4505.70,4505.80,4504.80,4505.30,59
2026-06-04,20:30,4505.40,4505.40,4502.90,4503.90,173
2026-06-04,20:35,4503.90,4504.30,4503.00,4504.20,46
2026-06-04,20:40,4504.70,4505.10,4502.90,4503.00,116
2026-06-04,20:45,4502.90,4503.60,4502.30,4502.80,100
2026-06-04,20:50,4502.60,4503.80,4502.50,4503.80,79
2026-06-04,20:55,4503.50,4503.90,4502.30,4502.40,126
2026-06-04,22:00,4503.00,4504.70,4500.40,4501.40,0
2026-06-04,22:05,4501.40,4503.60,4501.20,4502.40,69
2026-06-04,22:10,4502.60,4503.50,4501.50,4502.70,190
2026-06-04,22:15,4502.80,4506.10,4501.90,4505.30,195
2026-06-04,22:20,4504.90,4506.70,4504.60,4506.40,109
2026-06-04,22:25,4506.60,4508.50,4504.90,4506.00,250
2026-06-04,22:30,4506.00,4508.70,4505.40,4505.40,310
2026-06-04,22:35,4505.70,4507.50,4504.90,4506.60,245
2026-06-04,22:40,4506.80,4507.20,4502.60,4502.60,171
2026-06-04,22:45,4503.00,4504.00,4499.50,4501.10,211
2026-06-04,22:50,4500.70,4501.60,4496.80,4497.00,231
2026-06-04,22:55,4497.10,4499.40,4496.00,4496.90,257
2026-06-04,23:00,4497.00,4498.50,4491.20,4497.40,471
2026-06-04,23:05,4497.40,4500.70,4494.30,4499.10,338
2026-06-04,23:10,4499.00,4501.10,4498.50,4498.60,64
2026-06-04,23:15,4498.40,4498.60,4496.20,4497.10,63
2026-06-04,23:20,4496.30,4499.30,4493.30,4498.80,153
2026-06-04,23:25,4498.90,4500.80,4495.80,4496.50,141
2026-06-04,23:30,4496.70,4496.70,4491.30,4493.10,168
2026-06-04,23:35,4492.70,4494.20,4489.60,4490.90,130
2026-06-04,23:40,4491.20,4492.40,4489.00,4490.30,76
2026-06-04,23:45,4490.50,4490.90,4487.70,4490.90,148
2026-06-04,23:50,4490.80,4493.10,4490.10,4491.70,89
2026-06-04,23:55,4491.00,4492.10,4488.10,4488.40,112
2026-06-05,00:00,4488.20,4490.80,4486.20,4489.70,208
2026-06-05,00:05,4489.30,4491.90,4486.80,4488.30,104
2026-06-05,00:10,4488.40,4489.30,4481.00,4482.40,446
2026-06-05,00:15,4482.30,4484.60,4478.70,4478.90,316
2026-06-05,00:20,4478.90,4482.40,4477.50,4481.00,316
2026-06-05,00:25,4481.50,4484.50,4479.90,4484.50,341
2026-06-05,00:30,4484.20,4488.40,4483.00,4487.40,347
2026-06-05,00:35,4487.50,4493.90,4487.40,4490.70,305
2026-06-05,00:40,4490.60,4492.80,4489.80,4489.80,119
2026-06-05,00:45,4490.10,4493.30,4488.00,4488.20,194
2026-06-05,00:50,4488.20,4492.40,4487.40,4491.80,152
2026-06-05,00:55,4491.40,4491.60,4485.40,4485.80,179
2026-06-05,01:00,4485.80,4494.80,4479.50,4493.40,823
2026-06-05,01:05,4492.20,4497.00,4490.10,4492.10,316
2026-06-05,01:10,4491.60,4491.90,4486.50,4486.80,221
2026-06-05,01:15,4486.70,4491.70,4484.60,4489.90,327
2026-06-05,01:20,4489.60,4490.80,4480.60,4481.50,440
2026-06-05,01:25,4481.30,4486.00,4475.80,4485.10,561
2026-06-05,01:30,4485.00,4486.30,4480.50,4480.70,290
2026-06-05,01:35,4480.90,4483.20,4475.00,4476.30,357
2026-06-05,01:40,4476.50,4478.30,4471.80,4472.60,913
2026-06-05,01:45,4472.80,4476.10,4470.70,4473.50,410
2026-06-05,01:50,4473.10,4477.40,4471.20,4477.10,503
2026-06-05,01:55,4477.30,4477.90,4471.60,4473.30,415
2026-06-05,02:00,4473.40,4477.70,4468.60,4476.10,819
2026-06-05,02:05,4475.50,4476.00,4471.00,4474.30,269
2026-06-05,02:10,4474.20,4477.00,4472.20,4475.80,153
2026-06-05,02:15,4475.80,4477.30,4471.60,4474.10,185
2026-06-05,02:20,4474.10,4479.70,4473.70,4479.60,216
2026-06-05,02:25,4478.80,4481.60,4476.40,4477.60,261
2026-06-05,02:30,4477.40,4478.20,4468.30,4470.90,802
2026-06-05,02:35,4470.00,4473.40,4467.90,4471.40,268
2026-06-05,02:40,4471.50,4471.60,4464.50,4469.00,562
2026-06-05,02:45,4469.20,4473.60,4468.70,4471.90,394
2026-06-05,02:50,4472.10,4476.10,4469.80,4469.80,292
2026-06-05,02:55,4469.90,4470.20,4466.40,4467.10,210
2026-06-05,03:00,4466.70,4467.60,4462.50,4464.90,455
2026-06-05,03:05,4463.80,4466.80,4463.20,4466.30,248
2026-06-05,03:10,4466.00,4467.40,4464.50,4467.30,131
2026-06-05,03:15,4467.30,4470.10,4464.30,4465.10,149
2026-06-05,03:20,4464.60,4465.00,4461.20,4463.50,235
2026-06-05,03:25,4463.80,4465.40,4462.40,4463.00,192
2026-06-05,03:30,4463.00,4467.70,4462.60,4465.90,131
2026-06-05,03:35,4465.60,4467.60,4462.90,4467.00,201
2026-06-05,03:40,4467.10,4468.80,4466.50,4467.10,103
2026-06-05,03:45,4467.40,4467.90,4466.20,4467.30,125
2026-06-05,03:50,4467.40,4468.40,4465.20,4466.90,170
2026-06-05,03:55,4466.90,4469.50,4466.90,4468.40,118
2026-06-05,04:00,4468.70,4470.70,4467.30,4468.70,165
2026-06-05,04:05,4468.60,4469.90,4465.90,4467.00,89
2026-06-05,04:10,4466.80,4467.80,4464.60,4467.60,183
2026-06-05,04:15,4467.60,4469.80,4465.00,4465.40,359
2026-06-05,04:20,4465.20,4467.90,4465.20,4465.80,237
2026-06-05,04:25,4466.10,4469.90,4465.70,4465.80,106
2026-06-05,04:30,4466.10,4466.10,4463.80,4465.20,135
2026-06-05,04:35,4465.30,4468.10,4465.30,4468.10,90
2026-06-05,04:40,4467.70,4470.40,4465.50,4467.30,132
2026-06-05,04:45,4467.40,4468.70,4466.00,4467.20,91
2026-06-05,04:50,4467.10,4470.20,4467.10,4469.90,83
2026-06-05,04:55,4470.50,4472.90,4470.30,4471.00,238
2026-06-05,05:00,4471.00,4476.10,4469.20,4473.70,369
2026-06-05,05:05,4473.50,4475.60,4473.10,4473.20,171
2026-06-05,05:10,4473.50,4475.50,4472.20,4474.70,187
2026-06-05,05:15,4474.90,4475.10,4469.90,4471.40,214
2026-06-05,05:20,4471.50,4472.00,4468.00,4470.70,189
2026-06-05,05:25,4470.80,4471.80,4470.00,4471.00,92
2026-06-05,05:30,4470.50,4472.00,4465.40,4468.50,505
2026-06-05,05:35,4468.10,4474.00,4468.00,4471.80,194
2026-06-05,05:40,4471.70,4472.80,4469.10,4469.70,124
2026-06-05,05:45,4470.00,4474.50,4468.00,4473.80,209
2026-06-05,05:50,4474.00,4474.30,4469.00,4469.90,162
2026-06-05,05:55,4470.10,4471.10,4464.90,4465.90,286
2026-06-05,06:00,4466.40,4468.80,4461.60,4463.80,527
2026-06-05,06:05,4463.60,4467.70,4463.50,4466.90,279
2026-06-05,06:10,4466.80,4468.60,4462.60,4463.30,361
2026-06-05,06:15,4462.60,4463.30,4454.80,4463.00,1166
2026-06-05,06:20,4462.60,4471.50,4461.00,4470.60,523
2026-06-05,06:25,4470.60,4472.90,4466.90,4468.90,494
2026-06-05,06:30,4468.90,4474.50,4468.90,4473.00,285
2026-06-05,06:35,4473.30,4476.90,4472.90,4475.00,326
2026-06-05,06:40,4474.80,4475.50,4473.00,4474.20,248
2026-06-05,06:45,4474.90,4482.90,4473.50,4480.40,544
2026-06-05,06:50,4480.70,4483.20,4477.90,4478.00,461
2026-06-05,06:55,4478.00,4480.30,4476.40,4479.70,596
2026-06-05,07:00,4479.90,4482.80,4478.70,4481.60,399
2026-06-05,07:05,4482.40,4485.20,4480.30,4484.10,297
2026-06-05,07:10,4484.40,4490.10,4483.30,4485.40,528
2026-06-05,07:15,4485.10,4491.00,4485.10,4488.60,319
2026-06-05,07:20,4488.30,4492.90,4486.50,4490.90,331
2026-06-05,07:25,4490.90,4494.20,4488.30,4494.10,228
2026-06-05,07:30,4493.90,4494.10,4491.20,4493.20,289
2026-06-05,07:35,4492.70,4492.70,4488.40,4488.90,470
2026-06-05,07:40,4488.80,4492.80,4486.20,4489.00,551
2026-06-05,07:45,4489.10,4491.10,4488.70,4489.90,114
2026-06-05,07:50,4489.70,4492.00,4488.30,4488.50,161
2026-06-05,07:55,4489.10,4489.70,4487.70,4487.70,75
2026-06-05,08:00,4487.30,4490.50,4485.50,4488.30,277
2026-06-05,08:05,4488.30,4489.10,4486.30,4487.20,143
2026-06-05,08:10,4487.20,4488.50,4486.20,4487.70,162
2026-06-05,08:15,4487.90,4490.20,4486.90,4490.00,145
2026-06-05,08:20,4489.60,4492.50,4489.00,4490.70,216
2026-06-05,08:25,4490.90,4493.90,4489.90,4493.90,386
2026-06-05,08:30,4493.90,4495.40,4490.00,4490.50,277
2026-06-05,08:35,4490.50,4490.80,4488.50,4488.90,233
2026-06-05,08:40,4489.00,4490.20,4488.00,4488.80,109
2026-06-05,08:45,4489.00,4491.40,4488.60,4490.30,114
2026-06-05,08:50,4490.10,4490.60,4488.90,4490.40,50
2026-06-05,08:55,4490.20,4490.30,4489.20,4489.80,78
2026-06-05,09:00,4489.60,4490.60,4488.00,4488.20,142
2026-06-05,09:05,4488.30,4490.00,4486.80,4487.70,175
2026-06-05,09:10,4487.80,4496.60,4485.80,4493.00,965
2026-06-05,09:15,4493.10,4496.60,4491.60,4494.90,435
2026-06-05,09:20,4494.50,4496.00,4493.50,4493.50,350
2026-06-05,09:25,4493.70,4494.50,4488.60,4489.80,363
2026-06-05,09:30,4489.60,4493.90,4485.80,4490.60,1298
2026-06-05,09:35,4490.60,4492.50,4489.40,4490.10,299
2026-06-05,09:40,4490.30,4493.20,4490.30,4493.00,247
2026-06-05,09:45,4493.10,4496.60,4492.00,4492.10,421
2026-06-05,09:50,4492.40,4492.90,4491.30,4492.20,94
2026-06-05,09:55,4492.10,4492.40,4489.60,4491.90,116
2026-06-05,10:00,4491.60,4492.00,4490.10,4490.50,152
2026-06-05,10:05,4490.60,4491.90,4490.20,4491.70,130
2026-06-05,10:10,4491.80,4492.40,4490.50,4492.20,64
2026-06-05,10:15,4492.00,4493.10,4491.50,4492.10,58
2026-06-05,10:20,4492.60,4495.00,4492.60,4494.10,155
2026-06-05,10:25,4494.10,4494.10,4492.20,4493.20,108
2026-06-05,10:30,4493.30,4494.10,4489.70,4490.00,179
2026-06-05,10:35,4490.20,4491.10,4489.20,4490.20,111
2026-06-05,10:40,4490.50,4491.70,4488.70,4491.60,201
2026-06-05,10:45,4491.80,4494.30,4491.30,4493.80,228
2026-06-05,10:50,4493.80,4494.80,4492.90,4493.20,392
2026-06-05,10:55,4493.20,4494.00,4493.00,4493.70,140
2026-06-05,11:00,4493.20,4494.10,4490.50,4490.70,194
2026-06-05,11:05,4491.20,4494.00,4490.10,4493.50,97
2026-06-05,11:10,4493.30,4494.00,4487.80,4488.10,211
2026-06-05,11:15,4488.10,4490.40,4487.70,4488.60,187
2026-06-05,11:20,4488.80,4490.80,4484.80,4488.30,537
2026-06-05,11:25,4488.70,4493.10,4488.70,4493.10,202
2026-06-05,11:30,4492.80,4494.30,4491.40,4492.20,245
2026-06-05,11:35,4492.20,4493.80,4490.00,4490.20,212
2026-06-05,11:40,4490.50,4492.50,4490.10,4491.80,102
2026-06-05,11:45,4491.70,4494.20,4490.90,4493.60,351
2026-06-05,11:50,4494.00,4502.20,4493.60,4498.80,591
2026-06-05,11:55,4499.30,4499.30,4494.60,4497.00,284
2026-06-05,12:00,4497.40,4497.80,4491.00,4492.00,443
2026-06-05,12:05,4492.00,4495.00,4491.80,4494.60,198
2026-06-05,12:10,4495.00,4498.10,4493.70,4496.20,331
2026-06-05,12:15,4495.90,4500.60,4495.00,4499.90,374
2026-06-05,12:20,4499.70,4502.80,4493.80,4495.20,1037
2026-06-05,12:25,4495.20,4496.00,4488.10,4491.00,721
2026-06-05,12:30,4493.50,4493.50,4473.20,4479.20,2754
2026-06-05,12:35,4479.20,4480.40,4465.50,4470.00,2719
2026-06-05,12:40,4470.30,4474.60,4469.10,4472.10,1062
2026-06-05,12:45,4472.10,4475.70,4466.30,4466.60,1167
2026-06-05,12:50,4466.30,4467.10,4442.90,4443.00,4590
2026-06-05,12:55,4443.10,4446.00,4430.10,4432.10,3620
2026-06-05,13:00,4432.00,4444.10,4425.20,4437.60,4108
2026-06-05,13:05,4437.90,4445.40,4433.00,4442.10,1554
2026-06-05,13:10,4441.70,4446.40,4439.90,4443.90,954
2026-06-05,13:15,4443.60,4446.60,4441.30,4443.00,934
2026-06-05,13:20,4443.20,4446.30,4435.00,4435.50,1269
2026-06-05,13:25,4435.80,4440.70,4429.60,4430.50,1312
2026-06-05,13:30,4430.80,4435.50,4423.30,4430.70,2656
2026-06-05,13:35,4430.30,4430.30,4411.20,4417.50,2720
2026-06-05,13:40,4417.30,4423.70,4413.60,4414.70,1886
2026-06-05,13:45,4414.30,4416.30,4408.40,4409.10,2089
2026-06-05,13:50,4408.70,4413.30,4406.80,4410.30,2642
2026-06-05,13:55,4410.40,4411.10,4390.00,4390.50,4020
2026-06-05,14:00,4390.40,4404.20,4388.30,4396.60,5221
2026-06-05,14:05,4396.60,4402.30,4388.10,4399.20,2844
2026-06-05,14:10,4399.20,4401.70,4388.40,4391.10,2393
2026-06-05,14:15,4390.90,4395.40,4389.40,4394.60,1232
2026-06-05,14:20,4394.30,4395.60,4380.00,4382.30,3474
2026-06-05,14:25,4382.00,4386.50,4377.50,4385.70,2097
2026-06-05,14:30,4385.70,4388.80,4374.30,4378.30,2939
2026-06-05,14:35,4377.80,4379.50,4372.20,4373.20,1560
2026-06-05,14:40,4373.60,4375.30,4369.40,4374.40,1111
2026-06-05,14:45,4373.80,4384.40,4373.10,4381.30,1719
2026-06-05,14:50,4380.80,4391.80,4379.80,4387.70,2092
2026-06-05,14:55,4387.60,4394.90,4385.50,4394.60,1407
2026-06-05,15:00,4394.60,4397.30,4387.60,4393.10,1167
2026-06-05,15:05,4392.90,4394.10,4386.70,4386.90,748
2026-06-05,15:10,4386.60,4386.90,4377.50,4378.00,1150
2026-06-05,15:15,4377.90,4380.90,4373.90,4380.20,1401
2026-06-05,15:20,4380.00,4383.10,4372.90,4377.50,1206
2026-06-05,15:25,4377.40,4380.30,4374.50,4376.80,609
2026-06-05,15:30,4377.00,4380.10,4370.10,4371.80,1129
2026-06-05,15:35,4371.80,4374.50,4361.30,4365.60,1645
2026-06-05,15:40,4364.90,4366.70,4360.50,4363.30,935
2026-06-05,15:45,4363.40,4366.20,4361.50,4364.40,588
2026-06-05,15:50,4364.00,4366.90,4361.80,4365.50,530
2026-06-05,15:55,4365.50,4366.10,4358.80,4360.40,988
2026-06-05,16:00,4360.30,4366.70,4354.70,4359.10,1633
2026-06-05,16:05,4359.00,4359.00,4354.00,4357.80,756
2026-06-05,16:10,4357.50,4363.40,4356.30,4358.20,872
2026-06-05,16:15,4358.10,4358.60,4350.30,4355.60,1245
2026-06-05,16:20,4355.40,4355.70,4350.00,4353.50,817
2026-06-05,16:25,4353.70,4358.60,4353.00,4354.50,752
2026-06-05,16:30,4354.30,4354.80,4347.50,4353.80,912
2026-06-05,16:35,4353.30,4357.00,4349.90,4356.30,701
2026-06-05,16:40,4356.30,4356.70,4350.70,4352.40,559
2026-06-05,16:45,4352.20,4359.20,4349.50,4358.60,1068
2026-06-05,16:50,4358.60,4363.90,4357.90,4363.00,732
2026-06-05,16:55,4362.60,4370.30,4361.20,4369.10,1432
2026-06-05,17:00,4369.30,4371.40,4363.80,4368.80,1016
2026-06-05,17:05,4368.50,4368.50,4363.30,4364.00,601
2026-06-05,17:10,4363.80,4366.30,4361.00,4363.90,615
2026-06-05,17:15,4364.40,4366.80,4360.80,4363.40,760
2026-06-05,17:20,4363.40,4366.20,4360.20,4363.80,903
2026-06-05,17:25,4363.80,4368.00,4360.80,4367.40,2979
2026-06-05,17:30,4367.50,4368.40,4364.80,4367.60,675
2026-06-05,17:35,4367.50,4370.00,4364.10,4369.60,560
2026-06-05,17:40,4369.60,4372.00,4364.90,4365.70,522
2026-06-05,17:45,4366.00,4367.50,4362.20,4364.40,501
2026-06-05,17:50,4364.30,4368.30,4363.30,4368.20,430
2026-06-05,17:55,4368.20,4368.30,4365.60,4366.20,257
2026-06-05,18:00,4366.80,4366.80,4358.00,4358.00,646
2026-06-05,18:05,4358.50,4359.40,4354.20,4354.90,715
2026-06-05,18:10,4355.00,4356.60,4347.20,4347.50,981
2026-06-05,18:15,4347.70,4351.40,4346.30,4350.60,885
2026-06-05,18:20,4351.10,4355.40,4350.60,4351.90,614
2026-06-05,18:25,4351.90,4352.40,4347.40,4350.20,892
2026-06-05,18:30,4350.30,4351.20,4341.70,4349.50,1403
2026-06-05,18:35,4349.70,4350.50,4343.40,4344.90,602
2026-06-05,18:40,4345.10,4345.60,4339.80,4343.00,1829
2026-06-05,18:45,4342.70,4346.50,4340.80,4346.40,392
2026-06-05,18:50,4346.10,4346.10,4341.40,4345.10,252
2026-06-05,18:55,4344.90,4351.40,4343.40,4346.70,726
2026-06-05,19:00,4347.40,4348.10,4341.20,4344.60,425
2026-06-05,19:05,4345.10,4345.50,4341.00,4344.10,348
2026-06-05,19:10,4344.50,4344.60,4339.50,4339.80,396
2026-06-05,19:15,4339.70,4343.60,4338.30,4342.90,619
2026-06-05,19:20,4342.70,4346.70,4339.80,4343.50,913
2026-06-05,19:25,4343.70,4348.60,4343.20,4348.60,499
2026-06-05,19:30,4348.40,4349.50,4345.20,4347.50,473
2026-06-05,19:35,4347.30,4349.20,4344.60,4346.70,505
2026-06-05,19:40,4346.70,4346.70,4338.40,4343.10,622
2026-06-05,19:45,4343.10,4346.70,4342.10,4345.40,344
2026-06-05,19:50,4345.60,4348.10,4342.50,4343.20,663
2026-06-05,19:55,4342.80,4346.40,4341.90,4343.50,778
2026-06-05,20:00,4343.70,4344.20,4337.40,4338.40,473
2026-06-05,20:05,4338.30,4339.50,4336.60,4338.90,380
2026-06-05,20:10,4338.30,4342.40,4337.00,4340.40,506
2026-06-05,20:15,4340.20,4341.40,4338.50,4340.10,124
2026-06-05,20:20,4340.10,4344.50,4339.30,4344.40,345
2026-06-05,20:25,4344.40,4351.40,4343.40,4347.20,571
2026-06-05,20:30,4347.80,4348.40,4346.30,4347.00,174
2026-06-05,20:35,4347.20,4349.90,4346.30,4347.50,284
2026-06-05,20:40,4347.70,4349.50,4345.60,4349.40,267
2026-06-05,20:45,4349.00,4354.70,4348.80,4352.10,313
2026-06-05,20:50,4352.20,4354.80,4350.40,4352.60,411
2026-06-05,20:55,4352.50,4365.30,4352.50,4365.30,293
2026-06-07,22:10,4342.20,4354.00,4337.30,4354.00,722
2026-06-07,22:15,4353.50,4354.70,4347.50,4351.00,383
2026-06-07,22:20,4352.30,4353.00,4345.60,4346.10,202
2026-06-07,22:25,4347.00,4347.80,4339.80,4340.40,290
2026-06-07,22:30,4340.20,4347.30,4339.10,4347.00,333
2026-06-07,22:35,4347.30,4352.60,4346.40,4349.60,282
2026-06-07,22:40,4349.50,4350.50,4347.70,4350.10,155
2026-06-07,22:45,4349.40,4349.90,4343.80,4346.80,212
2026-06-07,22:50,4346.00,4350.70,4345.10,4347.00,126
2026-06-07,22:55,4346.90,4347.20,4339.60,4341.40,214
2026-06-07,23:00,4341.50,4350.80,4341.40,4350.00,232
2026-06-07,23:05,4349.30,4350.90,4346.60,4349.60,86
2026-06-07,23:10,4350.60,4357.80,4349.90,4354.40,296
2026-06-07,23:15,4354.80,4358.00,4353.70,4355.50,130
2026-06-07,23:20,4354.60,4356.40,4352.60,4354.20,230
2026-06-07,23:25,4353.90,4358.40,4352.90,4358.00,125
2026-06-07,23:30,4358.00,4360.40,4356.70,4357.50,221
2026-06-07,23:35,4358.30,4361.60,4356.90,4360.50,221
2026-06-07,23:40,4360.10,4364.40,4360.10,4362.20,286
2026-06-07,23:45,4362.80,4366.60,4358.90,4365.40,321
2026-06-07,23:50,4365.80,4367.80,4362.60,4366.80,195
2026-06-07,23:55,4366.90,4371.00,4365.80,4367.90,435
2026-06-08,00:00,4367.00,4370.10,4364.00,4368.90,237
2026-06-08,00:05,4368.40,4369.50,4364.90,4368.50,156
2026-06-08,00:10,4368.40,4369.00,4364.60,4366.80,209
2026-06-08,00:15,4367.00,4371.60,4365.60,4371.20,236
2026-06-08,00:20,4371.50,4376.30,4371.20,4375.00,431
2026-06-08,00:25,4374.50,4377.50,4372.70,4375.20,253
2026-06-08,00:30,4375.00,4375.90,4369.50,4372.80,227
2026-06-08,00:35,4372.50,4375.60,4369.60,4371.60,293
2026-06-08,00:40,4372.00,4372.50,4365.80,4369.50,542
2026-06-08,00:45,4369.40,4370.00,4363.50,4366.30,404
2026-06-08,00:50,4366.50,4367.00,4363.10,4365.20,373
2026-06-08,00:55,4365.00,4369.10,4364.40,4366.00,218
2026-06-08,01:00,4365.60,4369.50,4359.60,4363.40,867
2026-06-08,01:05,4361.70,4364.70,4354.50,4361.00,800
2026-06-08,01:10,4361.20,4361.70,4350.00,4351.00,630
2026-06-08,01:15,4350.80,4351.00,4337.70,4341.60,978
2026-06-08,01:20,4341.90,4349.00,4334.20,4345.50,891
2026-06-08,01:25,4345.40,4346.70,4334.90,4338.30,612
2026-06-08,01:30,4338.50,4341.60,4323.60,4339.40,1593
2026-06-08,01:35,4338.40,4341.40,4335.50,4340.90,328
2026-06-08,01:40,4340.70,4351.40,4340.70,4350.70,500
2026-06-08,01:45,4350.70,4353.40,4346.80,4348.00,364
2026-06-08,01:50,4346.90,4352.00,4343.40,4348.10,451
2026-06-08,01:55,4347.30,4352.70,4347.30,4349.60,291
2026-06-08,02:00,4350.20,4354.80,4345.00,4347.10,473
2026-06-08,02:05,4346.70,4348.60,4339.50,4342.90,355
2026-06-08,02:10,4342.50,4343.00,4338.50,4340.60,388
2026-06-08,02:15,4340.00,4343.50,4335.10,4335.80,437
2026-06-08,02:20,4335.60,4340.30,4335.00,4340.30,209
2026-06-08,02:25,4340.10,4341.00,4335.30,4338.70,328
2026-06-08,02:30,4339.10,4341.00,4332.60,4333.40,659
2026-06-08,02:35,4333.60,4336.40,4331.00,4335.50,627
2026-06-08,02:40,4335.80,4341.70,4333.20,4340.20,484
2026-06-08,02:45,4339.70,4345.00,4338.50,4341.00,366
2026-06-08,02:50,4341.20,4341.50,4333.00,4335.70,382
2026-06-08,02:55,4335.70,4339.50,4333.60,4334.50,265
2026-06-08,03:00,4334.90,4338.30,4334.50,4334.90,219
2026-06-08,03:05,4334.90,4335.90,4330.10,4332.20,547
2026-06-08,03:10,4330.80,4332.50,4328.10,4328.90,278
2026-06-08,03:15,4328.50,4331.80,4327.40,4331.80,255
2026-06-08,03:20,4331.50,4336.30,4330.70,4334.40,524
2026-06-08,03:25,4334.90,4335.10,4330.00,4331.40,245
2026-06-08,03:30,4331.10,4333.40,4329.00,4330.90,219
2026-06-08,03:35,4330.90,4333.20,4330.40,4331.30,84
2026-06-08,03:40,4331.70,4334.10,4330.80,4334.00,90
2026-06-08,03:45,4334.00,4337.90,4333.20,4336.70,150
2026-06-08,03:50,4336.10,4341.10,4336.00,4339.30,187
2026-06-08,03:55,4339.10,4340.30,4338.30,4339.80,82
2026-06-08,04:00,4342.00,4344.50,4338.90,4339.30,272
2026-06-08,04:05,4338.80,4343.80,4337.80,4342.10,200
2026-06-08,04:10,4342.10,4343.80,4340.80,4343.40,82
2026-06-08,04:15,4343.30,4346.40,4342.00,4342.70,228
2026-06-08,04:20,4343.10,4343.20,4340.20,4341.80,260
2026-06-08,04:25,4342.20,4345.00,4341.20,4344.00,133
2026-06-08,04:30,4344.30,4344.60,4335.70,4337.60,259
2026-06-08,04:35,4338.00,4338.20,4334.90,4335.20,133
2026-06-08,04:40,4335.50,4336.30,4331.80,4331.80,307
2026-06-08,04:45,4332.20,4335.70,4331.80,4334.10,157
2026-06-08,04:50,4334.20,4338.00,4334.00,4335.70,84
2026-06-08,04:55,4336.30,4337.70,4333.00,4337.20,110
2026-06-08,05:00,4337.10,4340.10,4336.10,4339.50,159
2026-06-08,05:05,4339.30,4340.00,4333.90,4334.70,181
2026-06-08,05:10,4334.90,4335.90,4328.60,4328.60,282
2026-06-08,05:15,4328.80,4335.00,4328.60,4333.30,328
2026-06-08,05:20,4333.80,4339.00,4333.70,4335.40,178
2026-06-08,05:25,4335.50,4337.30,4333.30,4336.20,166
2026-06-08,05:30,4335.80,4337.60,4310.70,4311.20,1892
2026-06-08,05:35,4311.80,4316.20,4293.00,4316.00,2913
2026-06-08,05:40,4315.60,4317.60,4307.60,4312.70,869
2026-06-08,05:45,4312.70,4317.00,4309.90,4311.50,595
2026-06-08,05:50,4312.00,4320.40,4310.80,4314.70,597
2026-06-08,05:55,4314.50,4320.00,4311.20,4317.50,440
2026-06-08,06:00,4316.80,4333.20,4316.80,4328.40,1246
2026-06-08,06:05,4328.70,4331.50,4324.50,4327.40,449
2026-06-08,06:10,4327.80,4331.40,4323.80,4328.80,364
2026-06-08,06:15,4328.70,4332.20,4324.60,4328.70,397
2026-06-08,06:20,4328.70,4336.50,4327.80,4333.80,450
2026-06-08,06:25,4333.60,4335.70,4329.90,4330.90,469
2026-06-08,06:30,4330.70,4331.50,4324.40,4324.70,378
2026-06-08,06:35,4324.70,4325.00,4320.10,4321.50,339
2026-06-08,06:40,4321.50,4325.20,4318.70,4323.30,306
2026-06-08,06:45,4323.10,4325.40,4320.90,4321.90,334
2026-06-08,06:50,4322.10,4325.60,4321.40,4323.10,164
2026-06-08,06:55,4322.50,4325.40,4318.10,4325.30,290
2026-06-08,07:00,4325.10,4328.40,4321.10,4324.20,399
2026-06-08,07:05,4324.20,4326.50,4320.00,4325.80,245
2026-06-08,07:10,4325.30,4333.80,4323.40,4330.20,509
2026-06-08,07:15,4330.50,4335.70,4324.60,4331.60,682
2026-06-08,07:20,4331.50,4341.60,4331.00,4339.20,635
2026-06-08,07:25,4339.40,4342.00,4331.40,4331.40,738
2026-06-08,07:30,4331.70,4334.60,4330.40,4333.50,318
2026-06-08,07:35,4333.40,4336.60,4327.90,4333.00,693
2026-06-08,07:40,4333.10,4333.10,4326.60,4326.90,398
2026-06-08,07:45,4327.20,4327.80,4323.60,4323.60,363
2026-06-08,07:50,4323.00,4324.30,4320.90,4321.80,408
2026-06-08,07:55,4321.90,4324.60,4319.30,4319.90,391
2026-06-08,08:00,4319.30,4322.40,4315.30,4318.20,640
2026-06-08,08:05,4318.10,4321.30,4314.70,4320.00,548
2026-06-08,08:10,4319.70,4320.80,4316.10,4316.50,466
2026-06-08,08:15,4316.70,4318.40,4313.40,4317.70,621
2026-06-08,08:20,4317.80,4317.80,4312.50,4312.70,501
2026-06-08,08:25,4313.20,4314.90,4309.60,4312.10,598
2026-06-08,08:30,4312.80,4316.50,4311.40,4315.90,497
2026-06-08,08:35,4315.70,4315.70,4310.70,4312.00,394
2026-06-08,08:40,4312.00,4315.80,4311.00,4315.10,430
2026-06-08,08:45,4315.10,4318.30,4313.40,4315.90,954
2026-06-08,08:50,4315.80,4317.70,4311.10,4313.10,539
2026-06-08,08:55,4312.40,4315.00,4310.20,4313.10,385
2026-06-08,09:00,4313.50,4316.80,4313.30,4315.30,238
2026-06-08,09:05,4315.50,4315.50,4308.80,4309.70,197
2026-06-08,09:10,4309.80,4313.70,4309.40,4313.70,189
2026-06-08,09:15,4313.50,4315.10,4311.80,4312.70,209
2026-06-08,09:20,4312.90,4315.50,4310.80,4311.00,278
2026-06-08,09:25,4311.20,4312.50,4303.50,4304.40,709
2026-06-08,09:30,4304.10,4305.30,4297.10,4298.00,1788
2026-06-08,09:35,4297.90,4319.90,4297.80,4318.00,1685
2026-06-08,09:40,4317.70,4320.70,4313.60,4318.00,690
2026-06-08,09:45,4318.20,4326.40,4317.30,4325.40,705
2026-06-08,09:50,4325.90,4326.40,4316.00,4318.00,682
2026-06-08,09:55,4318.40,4320.00,4315.50,4318.80,329
2026-06-08,10:00,4319.00,4319.60,4310.60,4315.10,704
2026-06-08,10:05,4315.40,4322.20,4313.90,4319.30,400
2026-06-08,10:10,4319.60,4322.20,4318.20,4319.20,263
2026-06-08,10:15,4319.70,4320.30,4314.90,4314.90,120
2026-06-08,10:20,4314.90,4317.30,4314.20,4315.90,230
2026-06-08,10:25,4315.80,4319.90,4314.80,4318.40,399
2026-06-08,10:30,4318.20,4330.00,4316.60,4328.10,911
2026-06-08,10:35,4327.80,4330.30,4323.90,4324.80,667
2026-06-08,10:40,4324.30,4329.50,4324.20,4329.20,271
2026-06-08,10:45,4329.50,4329.50,4323.60,4325.10,366
2026-06-08,10:50,4324.90,4326.30,4322.50,4322.50,333
2026-06-08,10:55,4322.90,4327.50,4321.40,4326.40,227
2026-06-08,11:00,4326.20,4326.90,4321.30,4324.50,246
2026-06-08,11:05,4324.80,4330.50,4324.50,4330.50,245
2026-06-08,11:10,4330.40,4343.30,4329.00,4343.30,1502
2026-06-08,11:15,4343.30,4353.60,4337.50,4352.20,2220
2026-06-08,11:20,4352.00,4356.10,4348.20,4350.30,1154
2026-06-08,11:25,4350.80,4354.80,4346.70,4350.20,862
2026-06-08,11:30,4350.00,4358.50,4350.00,4355.10,854
2026-06-08,11:35,4354.50,4355.30,4348.90,4350.30,406
2026-06-08,11:40,4350.50,4352.30,4347.20,4349.00,504
2026-06-08,11:45,4349.20,4351.40,4346.00,4348.70,581
2026-06-08,11:50,4349.20,4353.60,4348.40,4351.20,464
2026-06-08,11:55,4351.40,4357.40,4350.20,4356.30,514
2026-06-08,12:00,4355.70,4359.20,4352.60,4355.50,673
2026-06-08,12:05,4355.40,4359.50,4352.00,4355.30,770
2026-06-08,12:10,4355.60,4355.60,4346.80,4347.00,709
2026-06-08,12:15,4347.00,4350.70,4344.80,4349.50,525
2026-06-08,12:20,4349.80,4354.50,4347.50,4353.90,695
2026-06-08,12:25,4353.50,4357.40,4352.70,4354.70,494
2026-06-08,12:30,4354.60,4359.50,4352.60,4352.70,892
2026-06-08,12:35,4352.90,4358.90,4352.40,4355.20,825
2026-06-08,12:40,4355.30,4364.80,4353.30,4360.60,1462
2026-06-08,12:45,4360.90,4363.00,4357.20,4357.50,437
2026-06-08,12:50,4357.60,4358.50,4352.00,4354.30,728
2026-06-08,12:55,4355.00,4359.30,4353.70,4358.00,549
2026-06-08,13:00,4358.10,4359.80,4350.40,4353.60,1425
2026-06-08,13:05,4353.90,4355.00,4347.60,4348.70,628
2026-06-08,13:10,4349.10,4351.20,4347.60,4348.40,429
2026-06-08,13:15,4348.60,4350.10,4345.70,4349.40,464
2026-06-08,13:20,4350.00,4360.80,4350.00,4356.20,829
2026-06-08,13:25,4356.40,4358.00,4353.70,4355.60,579
2026-06-08,13:30,4355.50,4365.10,4355.50,4357.70,1640
2026-06-08,13:35,4357.60,4371.50,4357.00,4365.30,1654
2026-06-08,13:40,4365.30,4369.30,4359.80,4360.70,989
2026-06-08,13:45,4361.10,4363.10,4356.70,4356.70,959
2026-06-08,13:50,4357.10,4363.60,4352.50,4358.50,1151
2026-06-08,13:55,4358.90,4361.50,4350.40,4351.80,1081
2026-06-08,14:00,4351.30,4355.30,4346.40,4347.00,1782
2026-06-08,14:05,4347.00,4352.00,4343.50,4345.40,1642
2026-06-08,14:10,4345.00,4345.30,4341.40,4344.30,1028
2026-06-08,14:15,4344.40,4346.70,4341.70,4346.50,839
2026-06-08,14:20,4346.30,4349.10,4341.80,4343.50,792
2026-06-08,14:25,4343.20,4347.70,4340.60,4344.90,768
2026-06-08,14:30,4345.00,4348.90,4343.30,4347.20,615
2026-06-08,14:35,4347.20,4348.10,4339.00,4344.50,1053
2026-06-08,14:40,4344.40,4348.00,4341.00,4348.00,745
2026-06-08,14:45,4347.50,4354.30,4341.90,4342.60,996
2026-06-08,14:50,4342.60,4352.00,4341.70,4351.50,501
2026-06-08,14:55,4351.50,4356.30,4348.90,4355.80,929
2026-06-08,15:00,4356.30,4361.10,4353.50,4353.60,935
2026-06-08,15:05,4353.60,4355.60,4348.60,4352.90,858
2026-06-08,15:10,4353.10,4353.50,4349.60,4349.80,516
2026-06-08,15:15,4350.00,4356.80,4346.90,4356.00,1232
2026-06-08,15:20,4356.30,4360.50,4353.50,4360.10,727
2026-06-08,15:25,4359.70,4359.80,4353.20,4354.80,583
2026-06-08,15:30,4355.30,4358.00,4353.00,4356.40,509
2026-06-08,15:35,4356.70,4362.30,4355.80,4361.50,588
2026-06-08,15:40,4361.20,4364.40,4360.00,4364.10,847
2026-06-08,15:45,4364.10,4365.80,4359.60,4360.00,533
2026-06-08,15:50,4360.50,4367.80,4360.30,4367.40,616
2026-06-08,15:55,4367.50,4370.00,4365.50,4366.10,859
2026-06-08,16:00,4365.90,4368.00,4362.40,4365.40,501
2026-06-08,16:05,4365.30,4367.30,4363.30,4364.00,349
2026-06-08,16:10,4364.00,4366.40,4362.20,4365.00,258
2026-06-08,16:15,4365.40,4368.30,4364.70,4367.30,257
2026-06-08,16:20,4367.10,4368.00,4363.90,4365.50,423
2026-06-08,16:25,4365.50,4367.30,4364.60,4365.20,214
2026-06-08,16:30,4365.20,4369.40,4365.10,4367.00,366
2026-06-08,16:35,4366.80,4371.00,4364.90,4365.80,513
2026-06-08,16:40,4365.80,4368.70,4365.10,4368.50,273
2026-06-08,16:45,4368.30,4370.60,4366.90,4369.90,223
2026-06-08,16:50,4369.60,4370.50,4362.20,4362.50,611
2026-06-08,16:55,4362.30,4365.90,4362.20,4365.00,270
2026-06-08,17:00,4365.10,4366.80,4361.00,4362.20,469
2026-06-08,17:05,4362.00,4366.50,4361.90,4362.80,251
2026-06-08,17:10,4362.90,4363.20,4360.20,4363.10,398
2026-06-08,17:15,4363.30,4364.60,4360.80,4362.40,636
2026-06-08,17:20,4362.40,4364.80,4359.40,4360.00,627
2026-06-08,17:25,4360.00,4364.70,4357.70,4363.30,1903
2026-06-08,17:30,4363.60,4364.00,4358.20,4359.90,1194
2026-06-08,17:35,4360.10,4360.50,4356.60,4359.10,260
2026-06-08,17:40,4359.10,4359.80,4358.20,4358.60,124
2026-06-08,17:45,4358.60,4361.60,4358.30,4361.20,235
2026-06-08,17:50,4361.60,4362.60,4360.50,4361.40,132
2026-06-08,17:55,4361.10,4363.80,4360.00,4363.40,302
2026-06-08,18:00,4363.30,4369.20,4363.00,4368.20,381
2026-06-08,18:05,4368.50,4369.70,4366.60,4368.10,160
2026-06-08,18:10,4368.20,4368.80,4364.80,4366.20,481
2026-06-08,18:15,4365.90,4368.30,4365.90,4366.70,227
2026-06-08,18:20,4366.60,4369.50,4366.30,4368.20,436
2026-06-08,18:25,4368.20,4370.20,4366.40,4366.90,331
2026-06-08,18:30,4366.70,4368.90,4364.80,4364.90,322
2026-06-08,18:35,4364.80,4365.90,4361.00,4361.10,313
2026-06-08,18:40,4361.50,4362.80,4360.30,4360.90,199
2026-06-08,18:45,4361.00,4361.20,4358.60,4358.80,340
2026-06-08,18:50,4358.60,4361.10,4357.10,4358.60,326
2026-06-08,18:55,4358.70,4360.40,4357.30,4358.80,342
2026-06-08,19:00,4358.70,4362.30,4358.20,4361.20,222
2026-06-08,19:05,4360.90,4360.90,4356.70,4356.90,218
2026-06-08,19:10,4356.80,4356.80,4353.90,4354.10,376
2026-06-08,19:15,4354.00,4355.90,4352.30,4353.10,431
2026-06-08,19:20,4352.70,4354.70,4351.00,4351.00,304
2026-06-08,19:25,4351.20,4352.50,4350.30,4352.00,316
2026-06-08,19:30,4351.70,4354.80,4350.60,4351.50,453
2026-06-08,19:35,4351.50,4352.80,4349.20,4350.10,264
2026-06-08,19:40,4350.00,4350.20,4348.40,4349.10,340
2026-06-08,19:45,4349.10,4351.70,4349.10,4351.40,270
2026-06-08,19:50,4351.40,4354.00,4351.40,4352.10,541
2026-06-08,19:55,4352.40,4352.90,4346.60,4350.30,770
2026-06-08,20:00,4350.50,4353.80,4350.40,4353.40,297
2026-06-08,20:05,4353.50,4353.60,4351.30,4351.90,205
2026-06-08,20:10,4351.70,4352.50,4350.40,4352.00,119
2026-06-08,20:15,4352.00,4352.20,4348.00,4349.80,120
2026-06-08,20:20,4349.60,4351.40,4349.20,4350.70,38
2026-06-08,20:25,4351.10,4351.10,4348.20,4350.00,163
2026-06-08,20:30,4350.90,4351.80,4349.50,4351.60,60
2026-06-08,20:35,4351.90,4352.40,4350.70,4351.30,45
2026-06-08,20:40,4351.30,4351.30,4349.20,4350.00,78
2026-06-08,20:45,4350.50,4351.40,4349.40,4351.30,80
2026-06-08,20:50,4351.40,4353.90,4351.10,4353.20,111
2026-06-08,20:55,4353.20,4354.40,4353.00,4353.80,80
2026-06-08,22:00,4354.70,4358.60,4349.90,4350.10,0
2026-06-08,22:05,4349.90,4351.30,4348.20,4350.40,84
2026-06-08,22:10,4350.50,4351.30,4347.60,4348.50,380
2026-06-08,22:15,4348.10,4348.30,4345.80,4348.30,59
2026-06-08,22:25,4363.40,4363.40,4347.60,4348.40,169
2026-06-08,22:30,4349.30,4350.70,4348.30,4348.30,52
2026-06-08,22:35,4349.60,4350.00,4348.90,4349.20,18
2026-06-08,22:40,4349.20,4350.70,4348.40,4350.70,51
2026-06-08,22:45,4351.10,4351.60,4349.30,4349.90,90
2026-06-08,22:50,4349.90,4351.60,4349.50,4351.40,50
2026-06-08,22:55,4351.70,4352.10,4351.20,4351.50,62
2026-06-08,23:00,4350.90,4351.60,4350.40,4351.20,74
2026-06-08,23:05,4350.60,4350.60,4348.40,4350.00,48
2026-06-08,23:10,4349.40,4352.40,4349.10,4351.20,36
2026-06-08,23:15,4351.10,4351.60,4349.80,4350.80,22
2026-06-08,23:20,4350.80,4350.80,4348.00,4348.40,94
2026-06-08,23:25,4348.10,4348.10,4343.70,4344.00,185
2026-06-08,23:30,4343.90,4344.30,4337.70,4341.60,261
2026-06-08,23:35,4341.60,4345.30,4341.60,4345.30,130
2026-06-08,23:40,4344.80,4344.80,4342.40,4343.30,66
2026-06-08,23:45,4343.00,4343.30,4336.80,4336.90,264
2026-06-08,23:50,4337.50,4342.50,4336.00,4340.00,568
2026-06-08,23:55,4339.80,4341.50,4337.20,4340.90,146
2026-06-09,00:00,4340.90,4343.00,4338.80,4340.70,302
2026-06-09,00:05,4341.50,4345.50,4340.60,4342.40,170
2026-06-09,00:10,4342.70,4347.50,4342.60,4346.30,157
2026-06-09,00:15,4346.30,4347.30,4343.90,4344.00,95
2026-06-09,00:20,4343.70,4344.40,4341.00,4342.40,163
2026-06-09,00:25,4342.70,4343.00,4340.30,4340.60,145
2026-06-09,00:30,4341.00,4343.10,4338.80,4343.10,248
2026-06-09,00:35,4343.10,4347.10,4341.70,4342.90,414
2026-06-09,00:40,4343.10,4344.90,4341.30,4342.30,176
2026-06-09,00:45,4342.60,4343.30,4339.20,4341.10,218
2026-06-09,00:50,4341.00,4344.00,4340.10,4340.20,122
2026-06-09,00:55,4340.00,4345.60,4339.50,4344.10,242
2026-06-09,01:00,4344.00,4348.20,4342.50,4345.50,460
2026-06-09,01:05,4345.50,4352.60,4345.00,4349.50,391
2026-06-09,01:10,4349.70,4351.10,4346.10,4348.20,160
2026-06-09,01:15,4347.90,4354.10,4346.70,4348.70,320
2026-06-09,01:20,4348.20,4356.80,4347.10,4352.10,447
2026-06-09,01:25,4351.90,4362.40,4351.90,4359.80,459
2026-06-09,01:30,4359.90,4362.40,4357.40,4361.30,297
2026-06-09,01:35,4361.30,4362.90,4358.70,4359.90,248
2026-06-09,01:40,4359.60,4362.90,4357.30,4360.00,253
2026-06-09,01:45,4360.10,4362.90,4358.40,4359.00,585
2026-06-09,01:50,4358.70,4361.80,4358.40,4361.20,199
2026-06-09,01:55,4361.00,4362.60,4357.50,4360.80,251
2026-06-09,02:00,4360.90,4361.60,4356.00,4357.20,362
2026-06-09,02:05,4357.20,4357.20,4352.70,4355.60,285
2026-06-09,02:10,4355.40,4358.00,4354.00,4357.10,177
2026-06-09,02:15,4357.10,4358.90,4354.60,4357.10,278
2026-06-09,02:20,4356.50,4360.20,4355.90,4359.00,89
2026-06-09,02:25,4358.10,4360.60,4356.60,4360.20,73
2026-06-09,02:30,4359.90,4364.00,4358.10,4360.20,261
2026-06-09,02:35,4360.00,4360.00,4355.50,4359.70,223
2026-06-09,02:40,4359.90,4363.00,4357.90,4363.00,107
2026-06-09,02:45,4363.60,4365.70,4362.10,4362.10,255
2026-06-09,02:50,4361.90,4364.80,4359.20,4363.20,155
2026-06-09,02:55,4362.30,4363.70,4359.00,4360.40,193
2026-06-09,03:00,4360.10,4361.80,4355.90,4356.40,243
2026-06-09,03:05,4356.10,4366.00,4355.20,4362.20,544
2026-06-09,03:10,4362.80,4364.50,4361.50,4362.80,161
2026-06-09,03:15,4364.30,4366.50,4363.80,4364.00,231
2026-06-09,03:20,4363.90,4364.60,4357.70,4358.90,137
2026-06-09,03:25,4358.80,4361.50,4358.30,4360.70,256
2026-06-09,03:30,4361.10,4362.10,4358.00,4358.20,238
2026-06-09,03:35,4358.30,4361.10,4357.80,4359.70,105
2026-06-09,03:40,4359.20,4362.30,4359.10,4361.90,122
2026-06-09,03:45,4362.30,4366.40,4362.30,4363.50,195
2026-06-09,03:50,4363.40,4364.80,4361.50,4364.00,80
2026-06-09,03:55,4363.60,4364.50,4359.00,4359.80,301
2026-06-09,04:00,4360.80,4360.80,4357.80,4359.80,271
2026-06-09,04:05,4359.60,4362.30,4359.30,4361.80,123
2026-06-09,04:10,4361.80,4364.10,4356.90,4356.90,249
2026-06-09,04:15,4356.60,4357.30,4354.00,4354.40,175
2026-06-09,04:20,4354.30,4355.90,4353.20,4355.80,113
2026-06-09,04:25,4355.80,4356.40,4353.70,4355.00,103
2026-06-09,04:30,4355.20,4355.20,4348.60,4349.50,503
2026-06-09,04:35,4349.60,4355.30,4349.60,4354.40,277
2026-06-09,04:40,4354.20,4354.20,4351.50,4352.60,96
2026-06-09,04:45,4352.30,4353.80,4351.60,4353.60,45
2026-06-09,04:50,4353.50,4356.00,4351.90,4352.00,110
2026-06-09,04:55,4352.30,4357.30,4350.90,4356.50,311
2026-06-09,05:00,4356.90,4361.60,4356.70,4360.00,321
2026-06-09,05:05,4360.40,4361.30,4357.00,4357.00,108
2026-06-09,05:10,4356.80,4358.50,4355.20,4355.60,141
2026-06-09,05:15,4355.60,4358.90,4354.80,4357.50,101
2026-06-09,05:20,4357.80,4359.80,4355.40,4357.50,149
2026-06-09,05:25,4357.80,4358.10,4356.30,4356.80,96
2026-06-09,05:30,4356.30,4368.20,4355.70,4366.80,715
2026-06-09,05:35,4367.30,4368.40,4364.10,4367.50,194
2026-06-09,05:40,4368.00,4375.70,4366.80,4372.70,593
2026-06-09,05:45,4373.20,4373.60,4367.40,4371.40,456
2026-06-09,05:50,4368.80,4370.60,4367.50,4370.00,255
2026-06-09,05:55,4369.60,4369.80,4365.90,4367.90,209
2026-06-09,06:00,4368.10,4373.20,4367.40,4369.40,437
2026-06-09,06:05,4369.00,4371.40,4368.20,4368.40,157
2026-06-09,06:10,4368.40,4369.10,4364.30,4365.40,250
2026-06-09,06:15,4365.30,4368.00,4365.20,4367.30,252
2026-06-09,06:20,4367.20,4370.30,4365.10,4369.00,287
2026-06-09,06:25,4369.40,4369.40,4362.60,4363.50,279
2026-06-09,06:30,4363.30,4363.50,4356.00,4357.70,544
2026-06-09,06:35,4357.70,4363.60,4357.30,4361.90,394
2026-06-09,06:40,4361.70,4362.90,4358.50,4360.90,188
2026-06-09,06:45,4360.90,4364.30,4360.40,4363.40,228
2026-06-09,06:50,4363.10,4363.40,4358.60,4359.40,194
2026-06-09,06:55,4359.10,4360.20,4354.10,4354.40,364
2026-06-09,07:00,4354.40,4358.90,4352.40,4355.50,460
2026-06-09,07:05,4355.80,4357.70,4353.80,4356.50,339
2026-06-09,07:10,4356.10,4356.30,4350.40,4350.40,356
2026-06-09,07:15,4350.40,4353.60,4346.60,4352.60,602
2026-06-09,07:20,4352.40,4354.40,4349.70,4353.80,333
2026-06-09,07:25,4353.90,4356.00,4352.60,4354.80,196
2026-06-09,07:30,4355.10,4355.10,4348.80,4350.20,229
2026-06-09,07:35,4350.10,4350.30,4346.00,4349.40,484
2026-06-09,07:40,4349.40,4352.20,4348.60,4352.20,147
2026-06-09,07:45,4351.70,4353.90,4349.60,4349.90,201
2026-06-09,07:50,4349.50,4353.40,4348.90,4351.70,216
2026-06-09,07:55,4351.90,4352.50,4349.40,4350.20,231
2026-06-09,08:00,4350.10,4350.70,4346.20,4347.10,351
2026-06-09,08:05,4346.30,4350.50,4344.50,4350.10,410
2026-06-09,08:10,4350.20,4360.00,4349.80,4355.80,686
2026-06-09,08:15,4355.70,4358.90,4355.10,4356.00,340
2026-06-09,08:20,4356.20,4358.20,4355.60,4355.70,169
2026-06-09,08:25,4355.80,4359.10,4355.20,4357.70,195
2026-06-09,08:30,4358.00,4359.70,4354.80,4355.00,178
2026-06-09,08:35,4354.80,4358.70,4354.10,4358.00,194
2026-06-09,08:40,4358.10,4360.80,4356.80,4358.60,197
2026-06-09,08:45,4358.80,4359.00,4350.90,4351.70,226
2026-06-09,08:50,4351.70,4353.60,4349.30,4353.50,276
2026-06-09,08:55,4353.60,4354.20,4350.20,4350.40,135
2026-06-09,09:00,4350.20,4353.00,4348.70,4352.30,190
2026-06-09,09:05,4352.60,4354.00,4350.70,4354.00,105
2026-06-09,09:10,4353.80,4354.50,4351.40,4351.80,155
2026-06-09,09:15,4351.70,4354.20,4351.60,4353.50,134
2026-06-09,09:20,4353.30,4359.50,4353.30,4357.00,404
2026-06-09,09:25,4357.10,4358.00,4347.90,4350.20,808
2026-06-09,09:30,4350.20,4353.00,4349.40,4350.50,821
2026-06-09,09:35,4350.00,4354.70,4350.00,4353.00,219
2026-06-09,09:40,4352.90,4353.80,4348.90,4351.10,268
2026-06-09,09:45,4350.90,4354.20,4350.80,4354.10,187
2026-06-09,09:50,4353.90,4357.50,4353.70,4356.90,196
2026-06-09,09:55,4357.00,4357.30,4354.70,4356.00,188
2026-06-09,10:00,4356.00,4356.90,4354.30,4354.70,137
2026-06-09,10:05,4354.70,4355.30,4349.10,4350.80,528
2026-06-09,10:10,4351.00,4359.90,4350.50,4359.60,363
2026-06-09,10:15,4359.80,4360.60,4358.10,4358.80,396
2026-06-09,10:20,4358.60,4358.60,4355.40,4356.70,118
2026-06-09,10:25,4356.50,4360.70,4355.60,4357.50,176
2026-06-09,10:30,4357.80,4359.00,4356.20,4357.70,152
2026-06-09,10:35,4357.50,4357.90,4355.50,4355.80,240
2026-06-09,10:40,4356.00,4356.60,4353.60,4356.00,277
2026-06-09,10:45,4356.50,4356.90,4354.40,4354.40,220
2026-06-09,10:50,4354.80,4360.50,4354.30,4359.20,407
2026-06-09,10:55,4359.20,4365.20,4358.90,4363.30,619
2026-06-09,11:00,4363.30,4365.20,4360.00,4360.20,332
2026-06-09,11:05,4360.30,4363.30,4359.90,4361.70,161
2026-06-09,11:10,4361.50,4362.10,4360.00,4361.90,135
2026-06-09,11:15,4362.10,4363.50,4360.40,4363.50,189
2026-06-09,11:20,4363.20,4364.70,4361.60,4361.70,167
2026-06-09,11:25,4361.50,4362.70,4360.40,4362.50,123
2026-06-09,11:30,4362.50,4363.00,4361.10,4362.10,155
2026-06-09,11:35,4361.60,4362.40,4360.90,4361.20,87
2026-06-09,11:40,4361.60,4364.20,4361.10,4363.60,169
2026-06-09,11:45,4363.30,4365.40,4361.40,4364.40,348
2026-06-09,11:50,4364.40,4368.30,4364.40,4365.60,465
2026-06-09,11:55,4365.50,4367.80,4364.00,4364.30,246
2026-06-09,12:00,4364.40,4368.00,4364.00,4366.90,343
2026-06-09,12:05,4367.00,4368.50,4366.10,4368.30,280
2026-06-09,12:10,4368.10,4368.60,4365.20,4365.60,605
2026-06-09,12:15,4365.80,4367.70,4363.40,4367.30,540
2026-06-09,12:20,4367.30,4367.30,4361.70,4363.00,548
2026-06-09,12:25,4363.00,4364.30,4359.40,4359.90,389
2026-06-09,12:30,4360.00,4364.40,4359.00,4361.00,511
2026-06-09,12:35,4361.30,4365.90,4360.50,4365.10,428
2026-06-09,12:40,4364.80,4366.30,4363.30,4365.00,292
2026-06-09,12:45,4365.00,4369.00,4364.30,4365.60,386
2026-06-09,12:50,4365.90,4368.10,4361.60,4361.70,490
2026-06-09,12:55,4361.70,4366.30,4360.90,4365.40,622
2026-06-09,13:00,4366.10,4370.00,4362.60,4363.50,1005
2026-06-09,13:05,4363.40,4368.90,4363.00,4366.00,697
2026-06-09,13:10,4366.20,4367.20,4364.20,4365.20,318
2026-06-09,13:15,4365.60,4366.40,4358.20,4358.20,531
2026-06-09,13:20,4358.40,4360.50,4355.90,4357.80,657
2026-06-09,13:25,4358.10,4359.90,4354.30,4355.20,502
2026-06-09,13:30,4355.40,4358.50,4352.60,4354.30,907
2026-06-09,13:35,4354.10,4359.00,4354.00,4356.30,496
2026-06-09,13:40,4356.30,4356.40,4349.10,4354.50,835
2026-06-09,13:45,4354.40,4388.60,4353.50,4377.20,3945
2026-06-09,13:50,4377.40,4377.80,4358.10,4358.70,2182
2026-06-09,13:55,4359.00,4359.20,4351.00,4353.20,1587
2026-06-09,14:00,4352.90,4360.30,4350.40,4353.30,1698
2026-06-09,14:05,4353.50,4356.50,4348.50,4352.70,1386
2026-06-09,14:10,4352.20,4352.90,4343.40,4345.10,1156
2026-06-09,14:15,4344.80,4347.30,4328.30,4334.90,2838
2026-06-09,14:20,4335.10,4344.50,4332.80,4342.80,1408
2026-06-09,14:25,4342.50,4348.00,4339.90,4342.70,1078
2026-06-09,14:30,4342.40,4345.50,4333.70,4339.00,1665
2026-06-09,14:35,4338.80,4339.10,4326.50,4329.00,1604
2026-06-09,14:40,4329.00,4331.60,4307.20,4308.60,2068
2026-06-09,14:45,4308.60,4313.80,4302.10,4307.70,2437
2026-06-09,14:50,4307.60,4322.20,4305.60,4322.00,2277
2026-06-09,14:55,4322.30,4325.30,4316.70,4325.00,1217
2026-06-09,15:00,4324.80,4326.40,4315.60,4317.30,1158
2026-06-09,15:05,4317.60,4321.00,4314.20,4320.10,797
2026-06-09,15:10,4320.20,4323.70,4313.60,4319.50,767
2026-06-09,15:15,4319.00,4321.20,4315.80,4316.20,624
2026-06-09,15:20,4316.20,4319.10,4309.20,4310.00,606
2026-06-09,15:25,4310.00,4313.20,4301.00,4302.80,1413
2026-06-09,15:30,4302.90,4306.10,4287.60,4298.50,3009
2026-06-09,15:35,4298.80,4298.90,4287.10,4294.30,1355
2026-06-09,15:40,4294.20,4304.40,4293.50,4304.10,946
2026-06-09,15:45,4304.20,4310.20,4302.80,4305.10,1156
2026-06-09,15:50,4304.80,4308.50,4300.60,4304.00,718
2026-06-09,15:55,4304.90,4310.00,4296.30,4296.70,998
2026-06-09,16:00,4296.50,4305.30,4295.20,4298.30,1092
2026-06-09,16:05,4297.90,4298.60,4284.70,4287.60,1435
2026-06-09,16:10,4287.40,4291.10,4282.30,4283.10,1428
2026-06-09,16:15,4283.40,4287.40,4276.90,4278.20,2189
2026-06-09,16:20,4278.50,4287.40,4277.10,4286.30,1282
2026-06-09,16:25,4285.90,4290.90,4284.90,4287.10,812
2026-06-09,16:30,4286.80,4288.40,4283.60,4286.10,1376
2026-06-09,16:35,4285.60,4291.40,4260.00,4265.30,3634
2026-06-09,16:40,4264.90,4271.90,4259.90,4268.90,1946
2026-06-09,16:45,4268.10,4278.10,4268.00,4273.40,1383
2026-06-09,16:50,4273.20,4274.90,4262.40,4264.30,901
2026-06-09,16:55,4263.60,4276.30,4263.40,4276.00,928
2026-06-09,17:00,4276.10,4288.00,4275.10,4286.50,1276
2026-06-09,17:05,4286.40,4287.50,4282.80,4286.90,838
2026-06-09,17:10,4286.90,4288.40,4281.40,4285.50,1002
2026-06-09,17:15,4285.60,4290.00,4282.70,4288.40,1138
2026-06-09,17:20,4288.20,4292.00,4286.90,4290.60,1331
2026-06-09,17:25,4290.80,4291.10,4284.80,4287.40,2160
2026-06-09,17:30,4287.60,4290.60,4285.30,4290.10,1028
2026-06-09,17:35,4289.00,4290.80,4286.10,4287.30,300
2026-06-09,17:40,4286.40,4292.70,4286.30,4289.50,494
2026-06-09,17:45,4289.50,4291.20,4280.60,4281.70,980
2026-06-09,17:50,4281.30,4284.40,4280.20,4282.50,520
2026-06-09,17:55,4282.40,4288.80,4282.30,4287.20,504
2026-06-09,18:00,4287.50,4290.00,4283.60,4286.50,283
2026-06-09,18:05,4286.50,4291.40,4285.00,4291.40,273
2026-06-09,18:10,4291.10,4291.10,4286.90,4289.70,382
2026-06-09,18:15,4289.60,4294.50,4287.00,4294.00,465
2026-06-09,18:20,4293.70,4298.80,4291.70,4297.90,409
2026-06-09,18:25,4297.80,4297.90,4292.30,4295.20,240
2026-06-09,18:30,4295.10,4298.60,4293.20,4295.30,265
2026-06-09,18:35,4295.30,4295.40,4292.80,4293.80,200
2026-06-09,18:40,4293.40,4294.40,4288.00,4288.70,279
2026-06-09,18:45,4288.70,4289.90,4286.50,4289.90,233
2026-06-09,18:50,4289.60,4292.50,4288.50,4290.30,204
2026-06-09,18:55,4290.60,4296.10,4290.10,4294.40,236
2026-06-09,19:00,4294.60,4295.10,4290.80,4294.20,188
2026-06-09,19:05,4294.00,4296.10,4289.30,4289.50,240
2026-06-09,19:10,4289.30,4289.50,4282.30,4283.00,423
2026-06-09,19:15,4282.90,4283.40,4278.80,4279.70,559
2026-06-09,19:20,4279.40,4280.30,4276.70,4279.60,474
2026-06-09,19:25,4279.50,4281.90,4278.20,4281.60,323
2026-06-09,19:30,4281.20,4284.20,4280.30,4283.60,225
2026-06-09,19:35,4283.10,4284.00,4276.80,4278.00,348
2026-06-09,19:40,4277.60,4277.60,4274.20,4275.00,315
2026-06-09,19:45,4275.30,4276.40,4274.00,4275.10,372
2026-06-09,19:50,4275.20,4283.00,4275.20,4283.00,696
2026-06-09,19:55,4283.10,4283.50,4280.00,4282.70,624
2026-06-09,20:00,4282.80,4285.20,4280.00,4284.90,263
2026-06-09,20:05,4284.90,4285.00,4281.50,4281.90,77
2026-06-09,20:10,4281.90,4283.30,4280.90,4282.40,65
2026-06-09,20:15,4282.00,4284.50,4282.00,4283.00,95
2026-06-09,20:20,4282.80,4283.80,4281.80,4282.20,76
2026-06-09,20:25,4282.40,4284.00,4282.10,4283.00,52
2026-06-09,20:30,4283.00,4283.20,4281.70,4281.80,51
2026-06-09,20:35,4282.00,4285.00,4282.00,4284.50,91
2026-06-09,20:40,4284.50,4285.90,4284.30,4285.30,114
2026-06-09,20:45,4285.50,4286.10,4284.50,4285.60,76
2026-06-09,20:50,4285.80,4285.90,4283.80,4284.50,65
2026-06-09,20:55,4284.40,4284.90,4283.40,4284.80,132
2026-06-09,22:00,4276.10,4281.10,4270.30,4278.90,0
2026-06-09,22:05,4279.00,4280.90,4274.60,4277.00,117
2026-06-09,22:10,4277.70,4280.60,4277.40,4279.40,79
2026-06-09,22:15,4279.40,4279.90,4276.50,4277.30,84
2026-06-09,22:20,4277.40,4280.10,4277.30,4277.80,244
2026-06-09,22:25,4277.60,4280.60,4276.80,4280.60,120
2026-06-09,22:30,4280.50,4281.00,4275.80,4276.90,250
2026-06-09,22:35,4277.20,4278.30,4273.70,4276.70,268
2026-06-09,22:40,4276.50,4278.70,4270.70,4272.40,625
2026-06-09,22:45,4272.90,4273.40,4259.10,4262.40,1386
2026-06-09,22:50,4262.80,4264.60,4255.40,4257.80,535
2026-06-09,22:55,4258.60,4261.50,4257.40,4260.40,190
2026-06-09,23:00,4260.10,4269.70,4259.20,4269.30,349
2026-06-09,23:05,4269.20,4270.60,4264.90,4264.90,254
2026-06-09,23:10,4264.70,4266.10,4258.90,4259.00,356
2026-06-09,23:15,4259.50,4259.50,4250.30,4256.00,863
2026-06-09,23:20,4255.70,4257.50,4247.20,4250.20,450
2026-06-09,23:25,4250.70,4251.00,4245.60,4247.20,311
2026-06-09,23:30,4247.60,4252.70,4244.60,4248.70,352
2026-06-09,23:35,4248.90,4249.10,4244.30,4245.20,225
2026-06-09,23:40,4245.20,4247.40,4239.20,4241.50,749
2026-06-09,23:45,4240.70,4240.90,4234.40,4235.80,717
2026-06-09,23:50,4236.40,4243.90,4233.00,4243.70,533
2026-06-09,23:55,4243.60,4247.50,4240.70,4245.10,211
2026-06-10,00:00,4245.20,4247.40,4241.40,4243.20,294
2026-06-10,00:05,4243.80,4249.40,4242.40,4247.90,246
2026-06-10,00:10,4247.10,4248.30,4239.50,4248.30,276
2026-06-10,00:15,4247.30,4251.10,4241.50,4249.70,323
2026-06-10,00:20,4249.00,4250.80,4244.80,4247.80,228
2026-06-10,00:25,4247.50,4247.50,4240.60,4240.60,282
2026-06-10,00:30,4241.10,4241.90,4228.60,4229.30,791
2026-06-10,00:35,4229.00,4232.90,4224.80,4231.30,1006
2026-06-10,00:40,4230.90,4231.30,4222.00,4227.80,636
2026-06-10,00:45,4228.00,4229.50,4223.40,4227.10,430
2026-06-10,00:50,4227.00,4232.20,4224.10,4231.00,392
2026-06-10,00:55,4231.40,4244.10,4231.40,4241.60,793
2026-06-10,01:00,4242.20,4242.50,4218.00,4218.00,1913
2026-06-10,01:05,4218.00,4223.50,4210.70,4218.90,1332
2026-06-10,01:10,4219.70,4230.70,4217.50,4227.30,400
2026-06-10,01:15,4226.80,4240.30,4224.30,4237.10,626
2026-06-10,01:20,4236.90,4236.90,4223.00,4224.50,390
2026-06-10,01:25,4225.00,4228.30,4221.20,4225.50,298
2026-06-10,01:30,4224.80,4228.70,4220.10,4226.10,353
2026-06-10,01:35,4226.30,4230.50,4221.40,4225.10,664
2026-06-10,01:40,4224.40,4226.10,4208.20,4210.70,1174
2026-06-10,01:45,4211.00,4217.40,4207.70,4216.00,443
2026-06-10,01:50,4215.90,4219.40,4207.20,4216.40,620
2026-06-10,01:55,4215.40,4216.50,4210.70,4212.20,282
2026-06-10,02:00,4212.90,4215.80,4207.20,4210.70,369
2026-06-10,02:05,4210.30,4210.30,4203.20,4205.20,635
2026-06-10,02:10,4204.60,4210.00,4204.00,4207.00,281
2026-06-10,02:15,4207.30,4210.30,4203.80,4204.90,350
2026-06-10,02:20,4204.90,4211.00,4204.30,4207.30,245
2026-06-10,02:25,4206.90,4212.90,4202.00,4212.10,684
2026-06-10,02:30,4212.50,4216.50,4198.20,4203.30,1119
2026-06-10,02:35,4203.40,4213.60,4202.60,4208.70,523
2026-06-10,02:40,4208.80,4213.70,4204.30,4208.30,456
2026-06-10,02:45,4208.70,4214.80,4208.00,4211.50,317
2026-06-10,02:50,4211.80,4212.70,4197.60,4198.80,714
2026-06-10,02:55,4199.00,4200.80,4196.90,4197.80,332
2026-06-10,03:00,4197.50,4200.50,4195.50,4200.40,492
2026-06-10,03:05,4200.40,4204.70,4197.70,4200.10,472
2026-06-10,03:10,4198.70,4202.10,4197.90,4201.90,147
2026-06-10,03:15,4201.80,4205.00,4199.30,4199.70,225
2026-06-10,03:20,4199.00,4200.10,4197.30,4198.10,138
2026-06-10,03:25,4199.00,4204.00,4198.70,4201.00,200
2026-06-10,03:30,4200.80,4204.60,4200.00,4204.20,252
2026-06-10,03:35,4203.90,4206.70,4200.10,4203.90,299
2026-06-10,03:40,4203.50,4206.40,4201.50,4203.40,172
2026-06-10,03:45,4204.00,4210.20,4203.50,4209.10,256
2026-06-10,03:50,4208.90,4209.80,4205.80,4208.50,114
2026-06-10,03:55,4208.90,4208.90,4205.50,4208.20,63
2026-06-10,04:00,4208.90,4211.20,4205.70,4210.20,153
2026-06-10,04:05,4209.70,4210.50,4205.40,4208.70,137
2026-06-10,04:10,4207.50,4207.70,4204.20,4204.60,104
2026-06-10,04:15,4205.50,4205.80,4202.30,4204.90,102
2026-06-10,04:20,4205.00,4205.00,4198.90,4201.40,224
2026-06-10,04:25,4202.10,4203.80,4196.90,4197.90,360
2026-06-10,04:30,4197.90,4198.50,4195.80,4198.30,223
2026-06-10,04:35,4197.40,4198.90,4196.00,4198.30,231
2026-06-10,04:40,4198.30,4198.50,4195.90,4196.40,153
2026-06-10,04:45,4196.60,4198.10,4194.20,4197.60,235
2026-06-10,04:50,4197.50,4198.90,4196.70,4198.20,86
2026-06-10,04:55,4198.50,4199.00,4196.90,4198.00,93
2026-06-10,05:00,4197.70,4201.40,4196.30,4197.60,297
2026-06-10,05:05,4198.00,4202.00,4196.40,4199.90,168
2026-06-10,05:10,4199.80,4203.90,4198.70,4202.60,167
2026-06-10,05:15,4203.30,4203.40,4198.50,4199.50,214
2026-06-10,05:20,4199.80,4206.30,4198.90,4203.80,265
2026-06-10,05:25,4204.10,4210.50,4203.30,4210.50,293
2026-06-10,05:30,4210.70,4216.90,4205.20,4214.20,820
2026-06-10,05:35,4213.90,4218.20,4211.40,4217.10,519
2026-06-10,05:40,4217.40,4222.30,4216.40,4221.40,484
2026-06-10,05:45,4221.60,4229.00,4220.70,4226.00,577
2026-06-10,05:50,4226.10,4229.70,4223.90,4226.80,486
2026-06-10,05:55,4227.10,4232.20,4226.80,4228.70,456
2026-06-10,06:00,4228.60,4235.90,4228.40,4234.10,631
2026-06-10,06:05,4234.00,4245.50,4232.40,4236.90,1183
2026-06-10,06:10,4237.10,4238.90,4232.00,4235.70,462
2026-06-10,06:15,4236.10,4238.70,4234.30,4237.20,293
2026-06-10,06:20,4238.20,4240.10,4231.10,4232.00,355
2026-06-10,06:25,4232.30,4239.20,4232.30,4235.40,434
2026-06-10,06:30,4234.70,4236.90,4231.60,4234.10,240
2026-06-10,06:35,4234.00,4235.20,4231.10,4232.10,351
2026-06-10,06:40,4232.30,4232.80,4228.60,4230.80,599
2026-06-10,06:45,4230.80,4233.10,4226.50,4226.90,329
2026-06-10,06:50,4226.60,4230.00,4225.10,4225.40,311
2026-06-10,06:55,4225.70,4229.30,4225.10,4227.10,202
2026-06-10,07:00,4226.70,4228.80,4224.40,4227.00,455
2026-06-10,07:05,4226.50,4231.00,4225.30,4230.20,398
2026-06-10,07:10,4230.30,4231.00,4220.60,4223.50,462
2026-06-10,07:15,4223.30,4225.90,4220.80,4221.90,330
2026-06-10,07:20,4221.70,4226.50,4221.30,4222.40,186
2026-06-10,07:25,4222.00,4222.00,4216.50,4218.10,454
2026-06-10,07:30,4218.30,4220.70,4215.00,4218.50,342
2026-06-10,07:35,4218.10,4219.00,4213.50,4213.80,304
2026-06-10,07:40,4214.20,4216.60,4211.10,4212.90,621
2026-06-10,07:45,4213.00,4216.30,4212.70,4213.90,491
2026-06-10,07:50,4213.40,4213.60,4205.00,4205.40,1096
2026-06-10,07:55,4205.70,4211.50,4205.00,4209.70,668
2026-06-10,08:00,4209.40,4211.00,4184.70,4187.10,1759
2026-06-10,08:05,4187.60,4194.50,4185.50,4190.20,1016
2026-06-10,08:10,4190.30,4195.50,4184.00,4189.90,918
2026-06-10,08:15,4189.70,4201.60,4189.00,4196.50,916
2026-06-10,08:20,4196.50,4197.40,4191.20,4193.80,778
2026-06-10,08:25,4194.50,4196.70,4192.00,4194.70,428
2026-06-10,08:30,4194.80,4195.00,4189.30,4191.10,742
2026-06-10,08:35,4191.10,4198.60,4191.10,4195.80,345
2026-06-10,08:40,4195.60,4202.00,4192.80,4193.30,1236
2026-06-10,08:45,4193.20,4197.40,4188.70,4197.20,645
2026-06-10,08:50,4197.10,4199.20,4193.80,4193.80,349
2026-06-10,08:55,4194.20,4195.40,4190.50,4191.70,718
2026-06-10,09:00,4192.00,4192.40,4188.10,4190.20,555
2026-06-10,09:05,4190.50,4194.30,4189.40,4193.20,370
2026-06-10,09:10,4192.70,4197.10,4187.70,4187.70,529
2026-06-10,09:15,4187.60,4197.70,4187.00,4194.10,649
2026-06-10,09:20,4193.70,4193.80,4188.70,4190.90,517
2026-06-10,09:25,4191.00,4194.60,4186.90,4189.00,769
2026-06-10,09:30,4188.60,4200.30,4188.60,4199.90,1182
2026-06-10,09:35,4199.60,4202.60,4193.70,4195.10,474
2026-06-10,09:40,4195.30,4195.60,4190.30,4194.30,457
2026-06-10,09:45,4194.50,4197.60,4188.90,4191.10,713
2026-06-10,09:50,4191.00,4191.50,4185.60,4188.70,510
2026-06-10,09:55,4188.60,4192.10,4188.10,4191.60,432
2026-06-10,10:00,4191.60,4193.80,4189.90,4192.10,707
2026-06-10,10:05,4192.00,4192.30,4178.50,4182.50,1154
2026-06-10,10:10,4182.40,4185.10,4178.50,4184.00,504
2026-06-10,10:15,4183.70,4187.60,4182.40,4187.10,540
2026-06-10,10:20,4187.10,4192.80,4186.40,4189.60,438
2026-06-10,10:25,4189.40,4192.00,4185.50,4187.60,395
2026-06-10,10:30,4187.40,4191.80,4186.80,4187.80,283
2026-06-10,10:35,4188.00,4192.00,4187.00,4189.90,263
2026-06-10,10:40,4190.20,4194.20,4187.10,4194.10,289
2026-06-10,10:45,4194.10,4200.30,4192.60,4200.20,537
2026-06-10,10:50,4199.90,4201.50,4194.00,4194.60,367
2026-06-10,10:55,4194.30,4201.00,4194.10,4197.50,508
2026-06-10,11:00,4197.50,4198.60,4182.70,4184.30,1390
2026-06-10,11:05,4184.70,4187.40,4176.00,4184.00,1163
2026-06-10,11:10,4183.80,4191.60,4183.60,4191.30,596
2026-06-10,11:15,4191.40,4194.60,4187.20,4187.60,507
2026-06-10,11:20,4187.50,4193.40,4186.10,4186.60,520
2026-06-10,11:25,4186.10,4189.60,4179.50,4189.20,1370
2026-06-10,11:30,4188.80,4190.60,4184.00,4187.40,467
2026-06-10,11:35,4187.60,4188.50,4178.90,4179.00,639
2026-06-10,11:40,4179.50,4182.60,4176.90,4177.10,746
2026-06-10,11:45,4176.80,4178.20,4174.20,4177.80,1168
2026-06-10,11:50,4178.10,4186.20,4176.30,4177.00,846
2026-06-10,11:55,4177.10,4178.60,4168.20,4170.20,1312
2026-06-10,12:00,4169.90,4175.20,4168.00,4169.40,1105
2026-06-10,12:05,4169.50,4173.00,4167.10,4167.20,628
2026-06-10,12:10,4167.30,4167.60,4157.00,4158.90,2025
2026-06-10,12:15,4158.60,4165.40,4158.10,4159.10,1302
2026-06-10,12:20,4159.30,4160.30,4156.50,4157.60,2248
2026-06-10,12:25,4157.10,4166.30,4152.00,4165.10,2068
2026-06-10,12:30,4164.40,4197.30,4161.50,4185.70,4617
2026-06-10,12:35,4186.40,4196.50,4179.50,4184.10,1455
2026-06-10,12:40,4184.30,4190.10,4178.50,4183.50,1162
2026-06-10,12:45,4183.80,4192.80,4179.20,4180.60,1421
2026-06-10,12:50,4181.40,4181.60,4171.60,4174.60,1124
2026-06-10,12:55,4174.50,4175.40,4164.90,4169.60,1181
2026-06-10,13:00,4170.10,4179.40,4167.60,4176.00,2278
2026-06-10,13:05,4175.90,4181.20,4171.40,4177.20,1634
2026-06-10,13:10,4177.50,4180.30,4171.60,4174.00,1273
2026-06-10,13:15,4174.30,4174.30,4156.70,4158.10,1726
2026-06-10,13:20,4157.90,4169.40,4154.90,4167.00,1160
2026-06-10,13:25,4166.60,4174.10,4165.90,4172.10,826
2026-06-10,13:30,4172.00,4176.80,4165.50,4165.90,1464
2026-06-10,13:35,4166.00,4191.90,4164.80,4188.90,3374
2026-06-10,13:40,4189.20,4203.10,4186.10,4203.10,2362
2026-06-10,13:45,4202.10,4209.00,4196.30,4209.00,2670
2026-06-10,13:50,4208.80,4209.50,4199.00,4203.60,1879
2026-06-10,13:55,4203.50,4207.00,4198.40,4203.00,1109
2026-06-10,14:00,4202.60,4204.10,4193.80,4194.50,2359
2026-06-10,14:05,4194.70,4199.90,4193.00,4196.60,978
2026-06-10,14:10,4196.80,4203.50,4193.60,4197.60,794
2026-06-10,14:15,4198.00,4198.50,4190.20,4191.40,1148
2026-06-10,14:20,4191.30,4196.10,4185.40,4193.20,1231
2026-06-10,14:25,4193.10,4194.60,4182.60,4184.20,1127
2026-06-10,14:30,4184.00,4186.40,4178.20,4183.50,1151
2026-06-10,14:35,4183.50,4185.40,4175.70,4181.10,843
2026-06-10,14:40,4180.90,4184.30,4172.70,4173.00,727
2026-06-10,14:45,4172.50,4174.60,4160.50,4163.60,1407
2026-06-10,14:50,4163.60,4165.90,4160.00,4160.80,1190
2026-06-10,14:55,4160.80,4161.00,4139.70,4147.10,3073
2026-06-10,15:00,4147.70,4159.20,4145.50,4151.70,1973
2026-06-10,15:05,4151.40,4151.80,4144.20,4148.50,1184
2026-06-10,15:10,4149.00,4149.60,4141.50,4146.30,1028
2026-06-10,15:15,4145.70,4146.30,4135.90,4138.10,1700
2026-06-10,15:20,4138.10,4156.60,4137.60,4152.40,1420
2026-06-10,15:25,4152.40,4159.70,4150.40,4150.50,1368
2026-06-10,15:30,4150.80,4154.30,4146.60,4151.10,1275
2026-06-10,15:35,4151.10,4153.80,4145.40,4147.50,699
2026-06-10,15:40,4147.10,4153.20,4144.90,4152.10,851
2026-06-10,15:45,4151.60,4154.30,4131.50,4141.00,2915
2026-06-10,15:50,4140.90,4148.60,4129.60,4143.50,2101
2026-06-10,15:55,4143.20,4152.10,4138.00,4151.90,1032
2026-06-10,16:00,4152.70,4154.70,4145.90,4149.60,863
2026-06-10,16:05,4149.70,4154.40,4147.50,4152.90,733
2026-06-10,16:10,4153.00,4156.10,4148.00,4152.20,665
2026-06-10,16:15,4152.20,4157.10,4150.90,4155.80,656
2026-06-10,16:20,4156.30,4158.80,4151.40,4153.00,741
2026-06-10,16:25,4152.90,4155.30,4148.80,4150.60,840
2026-06-10,16:30,4150.30,4152.90,4143.20,4152.30,966
2026-06-10,16:35,4152.10,4155.00,4148.80,4151.10,417
2026-06-10,16:40,4150.90,4151.00,4143.10,4145.20,615
2026-06-10,16:45,4144.80,4145.50,4138.70,4143.20,924
2026-06-10,16:50,4142.80,4145.80,4140.70,4143.00,454
2026-06-10,16:55,4142.90,4145.20,4139.90,4144.60,520
2026-06-10,17:00,4144.50,4157.60,4143.90,4155.00,1543
2026-06-10,17:05,4155.10,4155.10,4142.00,4143.10,698
2026-06-10,17:10,4142.90,4143.30,4137.30,4140.30,806
2026-06-10,17:15,4140.40,4143.00,4136.00,4136.50,1206
2026-06-10,17:20,4136.50,4139.00,4132.50,4134.40,1198
2026-06-10,17:25,4134.00,4137.90,4131.70,4133.80,2804
2026-06-10,17:30,4133.60,4135.10,4128.00,4133.90,1503
2026-06-10,17:35,4133.70,4134.60,4127.20,4128.00,596
2026-06-10,17:40,4128.20,4129.20,4124.70,4124.80,752
2026-06-10,17:45,4125.30,4135.60,4123.50,4134.40,1164
2026-06-10,17:50,4134.20,4136.50,4126.60,4132.80,1000
2026-06-10,17:55,4133.00,4136.70,4132.60,4134.90,421
2026-06-10,18:00,4135.30,4144.00,4134.60,4143.20,751
2026-06-10,18:05,4143.50,4143.70,4137.50,4137.70,425
2026-06-10,18:10,4137.90,4141.10,4137.80,4138.80,308
2026-06-10,18:15,4139.00,4141.20,4133.60,4135.70,393
2026-06-10,18:20,4135.90,4138.40,4134.30,4136.30,300
2026-06-10,18:25,4136.30,4138.00,4132.80,4136.00,275
2026-06-10,18:30,4135.70,4135.90,4132.10,4132.30,255
2026-06-10,18:35,4132.00,4133.20,4129.70,4130.00,443
2026-06-10,18:40,4130.30,4133.00,4127.90,4128.20,467
2026-06-10,18:45,4128.10,4130.80,4127.30,4127.70,183
2026-06-10,18:50,4127.70,4127.70,4120.20,4125.00,1203
2026-06-10,18:55,4124.70,4126.60,4122.30,4125.00,369
2026-06-10,19:00,4125.40,4125.80,4119.30,4119.70,806
2026-06-10,19:05,4119.70,4122.80,4118.60,4118.70,561
2026-06-10,19:10,4118.70,4118.70,4110.60,4112.70,1291
2026-06-10,19:15,4112.50,4116.00,4111.20,4113.30,456
2026-06-10,19:20,4113.40,4114.00,4106.20,4108.60,1253
2026-06-10,19:25,4108.50,4109.30,4105.00,4108.00,661
2026-06-10,19:30,4108.20,4112.60,4107.20,4109.80,603
2026-06-10,19:35,4109.60,4110.50,4105.50,4109.50,281
2026-06-10,19:40,4109.50,4115.80,4109.50,4115.10,649
2026-06-10,19:45,4115.40,4116.10,4109.10,4111.20,482
2026-06-10,19:50,4111.70,4115.40,4109.20,4110.70,643
2026-06-10,19:55,4110.70,4110.70,4105.10,4106.20,899
2026-06-10,20:00,4106.00,4106.40,4098.50,4100.60,870
2026-06-10,20:05,4101.00,4101.20,4093.00,4094.50,713
2026-06-10,20:10,4094.50,4096.90,4092.30,4095.30,312
2026-06-10,20:15,4095.00,4097.70,4094.30,4097.00,176
2026-06-10,20:20,4096.90,4100.10,4096.00,4099.40,143
2026-06-10,20:25,4099.60,4103.20,4098.90,4101.50,270
2026-06-10,20:30,4101.30,4101.30,4097.40,4098.70,230
2026-06-10,20:35,4098.70,4101.20,4097.00,4099.50,193
2026-06-10,20:40,4099.40,4099.40,4094.20,4095.90,230
2026-06-10,20:45,4095.60,4095.70,4090.50,4090.90,420
2026-06-10,20:50,4090.80,4092.30,4090.10,4092.00,232
2026-06-10,20:55,4092.10,4095.20,4091.60,4094.10,238
2026-06-10,22:00,4094.40,4094.40,4080.60,4085.60,0
2026-06-10,22:05,4085.60,4085.60,4073.10,4073.40,1027
2026-06-10,22:10,4073.80,4079.40,4072.40,4077.80,436
2026-06-10,22:15,4079.00,4079.60,4065.60,4070.90,1026
2026-06-10,22:20,4070.40,4070.40,4059.20,4061.40,807
2026-06-10,22:25,4061.40,4068.10,4059.20,4068.00,605
2026-06-10,22:30,4068.50,4077.70,4067.50,4073.20,625
2026-06-10,22:35,4074.10,4089.30,4074.10,4088.50,638
2026-06-10,22:40,4088.30,4092.30,4083.20,4085.90,556
2026-06-10,22:45,4085.90,4090.10,4080.90,4085.00,384
2026-06-10,22:50,4085.30,4087.30,4075.00,4077.00,419
2026-06-10,22:55,4077.00,4077.00,4068.20,4069.10,387
2026-06-10,23:00,4069.20,4076.90,4067.10,4074.60,458
2026-06-10,23:05,4072.50,4072.70,4061.10,4062.80,367
2026-06-10,23:10,4063.60,4065.20,4046.20,4052.90,1162
2026-06-10,23:15,4052.10,4064.50,4047.60,4061.20,794
2026-06-10,23:20,4061.80,4070.40,4059.30,4065.20,760
2026-06-10,23:25,4065.90,4087.20,4064.90,4084.10,904
2026-06-10,23:30,4083.60,4086.20,4078.40,4080.00,356
2026-06-10,23:35,4080.00,4086.00,4079.50,4083.20,98
2026-06-10,23:40,4082.80,4086.80,4077.20,4078.10,363
2026-06-10,23:45,4078.40,4079.70,4071.10,4072.50,486
2026-06-10,23:50,4072.00,4074.90,4071.20,4073.40,131
2026-06-10,23:55,4073.50,4074.90,4066.70,4069.70,371
2026-06-11,00:00,4070.90,4081.80,4063.20,4065.50,689
2026-06-11,00:05,4066.10,4072.90,4061.70,4065.60,618
2026-06-11,00:10,4064.60,4078.00,4058.00,4074.50,578
2026-06-11,00:15,4074.90,4095.40,4072.00,4087.20,1088
2026-06-11,00:20,4087.40,4092.60,4083.30,4084.10,806
2026-06-11,00:25,4083.70,4093.20,4079.60,4089.40,1270
2026-06-11,00:30,4089.00,4098.70,4083.80,4086.20,739
2026-06-11,00:35,4085.50,4090.60,4081.00,4085.10,1453
2026-06-11,00:40,4085.00,4096.50,4083.60,4085.00,465
2026-06-11,00:45,4085.60,4093.30,4085.30,4092.70,265
2026-06-11,00:50,4092.80,4096.90,4090.50,4091.50,357
2026-06-11,00:55,4090.90,4100.00,4090.60,4097.50,1071
2026-06-11,01:00,4097.30,4111.40,4093.40,4100.70,1722
2026-06-11,01:05,4100.40,4103.50,4087.40,4099.90,1354
2026-06-11,01:10,4099.50,4110.50,4099.50,4108.00,1597
2026-06-11,01:15,4107.70,4121.00,4106.90,4114.80,1787
2026-06-11,01:20,4114.50,4124.00,4113.20,4123.50,1840
2026-06-11,01:25,4123.70,4129.70,4122.00,4124.90,1729
2026-06-11,01:30,4125.10,4133.30,4124.30,4131.10,936
2026-06-11,01:35,4131.40,4135.50,4129.70,4135.00,931
2026-06-11,01:40,4134.70,4138.50,4130.60,4134.10,1148
2026-06-11,01:45,4134.30,4137.70,4126.50,4131.00,625
2026-06-11,01:50,4130.20,4131.70,4123.70,4123.80,703
2026-06-11,01:55,4123.80,4124.30,4118.00,4122.40,629
2026-06-11,02:00,4122.80,4122.90,4114.80,4121.00,543
2026-06-11,02:05,4121.30,4121.40,4112.60,4115.00,434
2026-06-11,02:10,4114.80,4118.10,4109.30,4110.00,540
2026-06-11,02:15,4110.90,4116.20,4108.00,4114.20,655
2026-06-11,02:20,4114.40,4114.90,4109.40,4110.60,350
2026-06-11,02:25,4110.40,4110.40,4101.90,4102.80,519
2026-06-11,02:30,4103.20,4105.50,4092.20,4093.90,986
2026-06-11,02:35,4093.80,4096.90,4085.70,4087.60,564
2026-06-11,02:40,4087.60,4088.60,4076.00,4080.50,1210
2026-06-11,02:45,4080.20,4081.60,4073.40,4075.70,555
2026-06-11,02:50,4076.30,4085.30,4076.30,4083.80,556
2026-06-11,02:55,4083.50,4095.20,4083.00,4089.30,563
2026-06-11,03:00,4089.40,4097.00,4089.00,4096.00,488
2026-06-11,03:05,4096.10,4099.80,4091.10,4098.10,412
2026-06-11,03:10,4097.40,4097.40,4085.60,4086.20,314
2026-06-11,03:15,4087.80,4092.30,4086.70,4086.70,338
2026-06-11,03:20,4086.90,4086.90,4081.10,4083.80,492
2026-06-11,03:25,4084.50,4085.20,4078.10,4084.30,407
2026-06-11,03:30,4084.20,4089.00,4083.90,4088.60,429
2026-06-11,03:35,4088.40,4091.90,4085.60,4091.90,217
2026-06-11,03:40,4092.00,4093.30,4087.90,4089.20,192
2026-06-11,03:45,4090.40,4090.40,4086.50,4087.10,166
2026-06-11,03:50,4087.20,4096.50,4086.60,4094.70,339
2026-06-11,03:55,4094.70,4097.00,4093.60,4095.50,76
2026-06-11,04:00,4094.40,4097.10,4093.10,4094.00,221
2026-06-11,04:05,4093.50,4101.10,4091.20,4101.10,372
2026-06-11,04:10,4101.00,4104.50,4099.40,4104.10,315
2026-06-11,04:15,4103.90,4104.80,4100.70,4102.90,135
2026-06-11,04:20,4102.60,4106.90,4101.70,4102.20,232
2026-06-11,04:25,4102.50,4103.00,4097.20,4098.90,299
2026-06-11,04:30,4099.20,4105.10,4099.20,4099.20,294
2026-06-11,04:35,4099.20,4100.90,4095.80,4099.80,248
2026-06-11,04:40,4100.40,4105.40,4099.90,4103.70,251
2026-06-11,04:45,4103.80,4107.40,4103.70,4104.70,207
2026-06-11,04:50,4104.90,4106.40,4101.00,4105.20,230
2026-06-11,04:55,4105.60,4106.50,4102.70,4103.80,227
2026-06-11,05:00,4104.30,4104.50,4096.80,4098.60,332
2026-06-11,05:05,4099.30,4102.00,4096.40,4100.60,183
2026-06-11,05:10,4100.60,4100.90,4098.00,4098.60,107
2026-06-11,05:15,4098.10,4102.00,4096.00,4100.50,213
2026-06-11,05:20,4100.40,4102.50,4096.90,4098.70,141
2026-06-11,05:25,4097.70,4101.10,4093.80,4096.70,273
2026-06-11,05:30,4095.90,4117.20,4095.90,4116.10,1319
2026-06-11,05:35,4116.30,4117.70,4111.80,4114.90,703
2026-06-11,05:40,4115.20,4120.90,4115.20,4120.10,568
2026-06-11,05:45,4120.00,4127.40,4117.50,4121.40,627
2026-06-11,05:50,4121.30,4122.40,4114.40,4114.50,420
2026-06-11,05:55,4115.00,4119.60,4114.50,4115.50,209
2026-06-11,06:00,4115.00,4115.80,4105.50,4105.50,705
2026-06-11,06:05,4105.70,4106.70,4099.10,4101.30,746
2026-06-11,06:10,4101.40,4105.60,4097.00,4105.40,451
2026-06-11,06:15,4105.00,4109.00,4102.60,4107.60,444
2026-06-11,06:20,4107.70,4112.10,4107.40,4111.90,222
2026-06-11,06:25,4112.10,4114.00,4107.00,4107.50,295
2026-06-11,06:30,4108.00,4108.60,4104.50,4105.20,246
2026-06-11,06:35,4105.40,4112.30,4103.70,4109.40,389
2026-06-11,06:40,4109.20,4113.60,4107.80,4113.60,207
2026-06-11,06:45,4113.90,4115.20,4112.00,4112.40,236
2026-06-11,06:50,4112.60,4118.40,4112.10,4117.90,342
2026-06-11,06:55,4118.50,4118.50,4112.70,4115.70,295
2026-06-11,07:00,4115.60,4118.90,4113.90,4115.90,477
2026-06-11,07:05,4115.80,4118.30,4114.00,4114.90,338
2026-06-11,07:10,4114.60,4119.40,4112.00,4117.80,574
2026-06-11,07:15,4117.70,4127.40,4117.70,4126.10,1341
2026-06-11,07:20,4125.90,4129.00,4123.60,4128.70,488
2026-06-11,07:25,4128.50,4131.20,4127.20,4128.40,640
2026-06-11,07:30,4128.20,4131.50,4126.50,4128.10,555
2026-06-11,07:35,4128.20,4129.80,4122.50,4125.70,598
2026-06-11,07:40,4125.70,4130.30,4124.00,4128.40,416
2026-06-11,07:45,4128.20,4128.80,4124.00,4124.00,344
2026-06-11,07:50,4123.70,4125.20,4119.40,4123.80,549
2026-06-11,07:55,4123.70,4126.90,4123.70,4125.80,168
2026-06-11,08:00,4125.70,4132.80,4124.80,4127.00,554
2026-06-11,08:05,4127.30,4133.50,4126.30,4132.40,521
2026-06-11,08:10,4132.50,4133.60,4125.90,4126.80,457
2026-06-11,08:15,4127.10,4129.30,4123.60,4126.50,438
2026-06-11,08:20,4126.00,4126.10,4120.90,4123.40,446
2026-06-11,08:25,4124.00,4124.40,4117.80,4118.50,355
2026-06-11,08:30,4118.40,4118.50,4114.70,4116.10,529
2026-06-11,08:35,4116.30,4120.50,4115.50,4116.10,505
2026-06-11,08:40,4115.90,4117.60,4111.00,4111.50,447
2026-06-11,08:45,4111.30,4113.10,4109.60,4110.30,350
2026-06-11,08:50,4110.20,4112.60,4107.40,4107.70,469
2026-06-11,08:55,4107.30,4108.70,4105.60,4105.60,396
2026-06-11,09:00,4105.00,4108.50,4103.70,4106.40,443
2026-06-11,09:05,4106.50,4108.30,4101.90,4101.90,319
2026-06-11,09:10,4102.30,4108.40,4101.90,4107.10,465
2026-06-11,09:15,4106.80,4110.00,4106.00,4107.30,427
2026-06-11,09:20,4107.30,4107.30,4104.10,4106.00,282
2026-06-11,09:25,4105.80,4105.90,4099.50,4100.00,751
2026-06-11,09:30,4100.00,4103.90,4098.10,4101.50,788
2026-06-11,09:35,4101.20,4109.80,4101.20,4109.80,391
2026-06-11,09:40,4109.70,4112.90,4108.40,4112.60,308
2026-06-11,09:45,4112.60,4117.50,4112.40,4114.40,425
2026-06-11,09:50,4115.00,4116.60,4111.00,4114.60,300
2026-06-11,09:55,4115.00,4115.60,4110.20,4112.40,250
2026-06-11,10:00,4111.80,4115.00,4110.00,4112.30,262
2026-06-11,10:05,4112.70,4114.60,4111.20,4111.40,160
2026-06-11,10:10,4110.80,4113.40,4108.30,4113.00,269
2026-06-11,10:15,4112.60,4114.00,4107.20,4107.40,238
2026-06-11,10:20,4108.00,4115.60,4107.70,4114.60,196
2026-06-11,10:25,4114.30,4114.60,4108.10,4108.60,237
2026-06-11,10:30,4108.20,4113.70,4107.50,4112.90,298
2026-06-11,10:35,4112.70,4113.40,4109.50,4111.50,163
2026-06-11,10:40,4111.40,4112.80,4110.10,4111.10,134
2026-06-11,10:45,4111.00,4112.20,4108.10,4109.20,233
2026-06-11,10:50,4109.00,4113.60,4109.00,4110.50,159
2026-06-11,10:55,4110.50,4111.90,4108.20,4110.30,190
2026-06-11,11:00,4110.30,4113.60,4107.30,4112.30,321
2026-06-11,11:05,4112.40,4114.00,4108.40,4111.90,265
2026-06-11,11:10,4111.80,4113.50,4106.40,4106.60,320
2026-06-11,11:15,4106.30,4110.00,4104.40,4106.80,324
2026-06-11,11:20,4107.00,4108.90,4103.40,4106.60,268
2026-06-11,11:25,4107.00,4111.60,4104.70,4110.90,498
2026-06-11,11:30,4110.40,4116.40,4108.30,4108.40,888
2026-06-11,11:35,4108.50,4109.30,4102.80,4103.80,642
2026-06-11,11:40,4104.30,4107.30,4102.00,4105.40,211
2026-06-11,11:45,4105.00,4106.90,4103.00,4105.40,147
2026-06-11,11:50,4105.40,4108.30,4105.00,4106.60,229
2026-06-11,11:55,4106.50,4108.10,4100.20,4100.70,330
2026-06-11,12:00,4100.90,4107.80,4098.90,4107.60,505
2026-06-11,12:05,4106.90,4107.60,4099.70,4100.40,575
2026-06-11,12:10,4100.20,4100.30,4091.90,4096.40,617
2026-06-11,12:15,4096.40,4102.50,4095.10,4095.10,394
2026-06-11,12:20,4095.40,4098.80,4081.60,4089.80,2389
2026-06-11,12:25,4089.40,4093.40,4083.20,4089.50,928
2026-06-11,12:30,4089.00,4096.10,4078.00,4082.80,1826
2026-06-11,12:35,4082.60,4087.60,4078.20,4086.70,906
2026-06-11,12:40,4086.90,4097.70,4085.70,4093.50,1196
2026-06-11,12:45,4093.60,4102.10,4090.40,4098.40,1066
2026-06-11,12:50,4097.70,4102.20,4093.50,4100.90,942
2026-06-11,12:55,4100.60,4106.30,4097.50,4102.50,1145
2026-06-11,13:00,4102.70,4106.60,4098.50,4104.30,819
2026-06-11,13:05,4104.80,4106.90,4099.60,4106.90,727
2026-06-11,13:10,4106.70,4106.80,4092.70,4094.10,953
2026-06-11,13:15,4094.30,4098.20,4093.70,4093.70,632
2026-06-11,13:20,4093.60,4099.80,4093.50,4097.00,565
2026-06-11,13:25,4096.60,4102.70,4093.00,4096.40,633
2026-06-11,13:30,4096.20,4102.50,4092.90,4096.20,1243
2026-06-11,13:35,4095.60,4103.70,4089.20,4093.60,1143
2026-06-11,13:40,4093.20,4099.70,4088.00,4097.40,816
2026-06-11,13:45,4097.60,4114.30,4094.40,4104.80,2466
2026-06-11,13:50,4104.90,4113.50,4104.90,4106.10,1061
2026-06-11,13:55,4106.50,4112.50,4103.30,4104.30,1241
2026-06-11,14:00,4104.00,4106.60,4096.00,4098.90,2113
2026-06-11,14:05,4098.30,4098.50,4081.10,4082.80,1621
2026-06-11,14:10,4083.40,4084.40,4072.80,4081.60,2237
2026-06-11,14:15,4081.70,4086.90,4075.80,4084.00,1467
2026-06-11,14:20,4083.80,4102.80,4083.40,4100.00,1499
2026-06-11,14:25,4100.20,4105.60,4094.40,4095.30,1138
2026-06-11,14:30,4095.30,4098.50,4091.30,4093.30,811
2026-06-11,14:35,4092.10,4100.90,4091.60,4099.40,791
2026-06-11,14:40,4099.70,4104.40,4096.80,4097.20,1018
2026-06-11,14:45,4097.30,4100.20,4093.60,4099.30,579
2026-06-11,14:50,4098.60,4101.40,4094.40,4097.90,562
2026-06-11,14:55,4097.50,4099.70,4092.70,4094.40,564
2026-06-11,15:00,4094.20,4097.20,4090.90,4094.10,1149
2026-06-11,15:05,4094.30,4107.50,4092.70,4101.80,1215
2026-06-11,15:10,4102.20,4108.80,4100.20,4101.30,867
2026-06-11,15:15,4101.90,4107.50,4100.80,4103.20,1007
2026-06-11,15:20,4102.70,4110.60,4097.60,4100.10,797
2026-06-11,15:25,4100.10,4106.00,4096.00,4102.90,657
2026-06-11,15:30,4102.90,4103.70,4098.50,4100.60,606
2026-06-11,15:35,4100.70,4108.30,4099.90,4107.30,619
2026-06-11,15:40,4107.60,4111.90,4107.40,4109.00,727
2026-06-11,15:45,4109.70,4113.00,4109.00,4111.00,593
2026-06-11,15:50,4111.40,4116.80,4109.70,4112.20,794
2026-06-11,15:55,4111.60,4111.60,4106.70,4110.00,672
2026-06-11,16:00,4110.20,4114.60,4108.00,4108.90,488
2026-06-11,16:05,4108.80,4114.90,4108.00,4114.30,335
2026-06-11,16:10,4113.50,4124.60,4112.40,4124.00,1118
2026-06-11,16:15,4123.80,4129.00,4117.20,4117.90,1152
2026-06-11,16:20,4118.20,4119.60,4108.10,4109.40,1005
2026-06-11,16:25,4109.30,4110.00,4100.40,4100.80,818
2026-06-11,16:30,4100.40,4109.10,4099.50,4105.90,769
2026-06-11,16:35,4105.60,4107.70,4102.70,4103.80,492
2026-06-11,16:40,4104.00,4106.60,4102.30,4103.30,375
2026-06-11,16:45,4103.00,4105.50,4101.40,4102.60,304
2026-06-11,16:50,4102.50,4103.70,4098.90,4100.90,363
2026-06-11,16:55,4100.90,4103.60,4100.50,4101.20,468
2026-06-11,17:00,4101.50,4101.90,4092.90,4095.60,1084
2026-06-11,17:05,4095.40,4098.90,4095.30,4097.50,669
2026-06-11,17:10,4097.80,4099.90,4093.30,4097.20,474
2026-06-11,17:15,4096.90,4099.80,4095.20,4099.40,1123
2026-06-11,17:20,4099.20,4102.10,4097.00,4101.30,912
2026-06-11,17:25,4101.30,4123.20,4099.20,4122.50,4407
2026-06-11,17:30,4122.60,4171.00,4122.10,4170.80,6598
2026-06-11,17:35,4169.90,4176.10,4159.20,4171.10,2986
2026-06-11,17:40,4171.80,4191.80,4168.90,4188.20,3948
2026-06-11,17:45,4188.40,4188.40,4174.60,4175.80,1904
2026-06-11,17:50,4175.70,4182.80,4168.10,4174.80,1579
2026-06-11,17:55,4173.90,4178.50,4167.40,4173.20,1166
2026-06-11,18:00,4173.20,4176.70,4157.10,4159.60,2011
2026-06-11,18:05,4159.00,4162.20,4152.00,4156.20,1053
2026-06-11,18:10,4156.60,4167.70,4156.60,4167.50,638
2026-06-11,18:15,4167.20,4184.10,4165.70,4181.90,1922
2026-06-11,18:20,4181.60,4183.50,4172.20,4177.10,1905
2026-06-11,18:25,4177.30,4178.10,4171.60,4173.70,625
2026-06-11,18:30,4173.80,4179.20,4170.10,4175.50,481
2026-06-11,18:35,4175.60,4179.90,4173.80,4177.70,280
2026-06-11,18:40,4177.00,4186.60,4176.30,4186.00,540
2026-06-11,18:45,4185.80,4193.00,4185.30,4189.80,897
2026-06-11,18:50,4189.40,4191.30,4185.50,4186.10,673
2026-06-11,18:55,4186.60,4187.00,4181.80,4183.10,543
2026-06-11,19:00,4183.50,4195.80,4183.50,4195.80,853
2026-06-11,19:05,4195.50,4197.40,4190.90,4195.10,691
2026-06-11,19:10,4195.10,4211.00,4194.50,4209.90,2260
2026-06-11,19:15,4210.00,4218.60,4207.70,4217.20,1436
2026-06-11,19:20,4217.20,4219.50,4210.00,4213.30,844
2026-06-11,19:25,4212.90,4220.00,4211.10,4216.80,578
2026-06-11,19:30,4217.00,4236.00,4217.00,4235.80,2244
2026-06-11,19:35,4235.80,4241.30,4229.30,4229.90,1474
2026-06-11,19:40,4229.20,4238.50,4229.20,4230.90,784
2026-06-11,19:45,4231.30,4236.00,4230.80,4231.10,637
2026-06-11,19:50,4231.10,4236.40,4230.00,4236.40,827
2026-06-11,19:55,4236.20,4236.20,4228.20,4229.90,1184
2026-06-11,20:00,4230.20,4237.10,4229.30,4229.70,847
2026-06-11,20:05,4229.60,4237.40,4229.20,4236.20,490
2026-06-11,20:10,4235.30,4240.00,4233.10,4235.40,259
2026-06-11,20:15,4234.80,4236.20,4233.40,4234.20,169
2026-06-11,20:20,4234.70,4237.40,4234.10,4236.90,241
2026-06-11,20:25,4236.60,4237.10,4232.80,4235.40,313
2026-06-11,20:30,4235.70,4237.30,4233.20,4234.80,253
2026-06-11,20:35,4234.80,4236.60,4231.40,4231.90,390
2026-06-11,20:40,4232.30,4233.60,4230.40,4230.40,201
2026-06-11,20:45,4230.40,4232.90,4230.00,4232.10,375
2026-06-11,20:50,4232.20,4233.70,4231.10,4233.00,213
2026-06-11,20:55,4232.80,4233.80,4231.50,4233.80,182
2026-06-11,22:00,4234.90,4243.50,4226.20,4229.60,0
2026-06-11,22:05,4229.40,4231.60,4227.60,4230.10,135
2026-06-11,22:10,4229.90,4231.40,4227.60,4230.70,93
2026-06-11,22:15,4229.80,4231.40,4227.70,4229.20,104
2026-06-11,22:20,4229.20,4232.10,4226.80,4227.10,206
2026-06-11,22:25,4227.20,4236.30,4227.20,4235.50,304
2026-06-11,22:30,4235.50,4237.50,4232.40,4235.10,261
2026-06-11,22:35,4235.50,4236.80,4232.70,4236.80,145
2026-06-11,22:40,4236.50,4249.20,4236.40,4246.70,638
2026-06-11,22:45,4246.50,4257.20,4246.20,4253.00,724
2026-06-11,22:50,4252.30,4256.30,4245.90,4256.20,562
2026-06-11,22:55,4256.10,4267.80,4254.00,4264.20,748
2026-06-11,23:00,4264.50,4267.20,4245.00,4247.80,704
2026-06-11,23:05,4247.40,4250.20,4244.00,4246.50,330
2026-06-11,23:10,4246.60,4248.60,4240.00,4245.00,245
2026-06-11,23:15,4244.10,4246.80,4241.60,4243.00,269
2026-06-11,23:20,4242.60,4243.60,4236.10,4236.70,199
2026-06-11,23:25,4237.00,4238.80,4234.60,4237.30,267
2026-06-11,23:30,4236.80,4243.70,4235.00,4237.40,319
2026-06-11,23:35,4237.40,4241.10,4234.80,4237.30,308
2026-06-11,23:40,4236.90,4241.50,4235.50,4240.10,229
2026-06-11,23:45,4240.70,4245.20,4238.10,4240.90,290
2026-06-11,23:50,4239.60,4243.60,4235.60,4237.30,217
2026-06-11,23:55,4236.80,4242.80,4236.70,4240.60,113
2026-06-12,00:00,4240.10,4243.50,4233.00,4239.40,347
2026-06-12,00:05,4239.70,4246.80,4236.70,4237.30,371
2026-06-12,00:10,4239.10,4239.50,4236.10,4237.30,208
2026-06-12,00:15,4237.00,4238.00,4228.10,4237.50,528
2026-06-12,00:20,4237.00,4245.00,4235.70,4244.80,408
2026-06-12,00:25,4244.60,4251.70,4241.00,4241.40,615
2026-06-12,00:30,4241.70,4249.80,4240.80,4242.40,400
2026-06-12,00:35,4243.10,4245.00,4235.70,4235.70,294
2026-06-12,00:40,4235.90,4235.90,4223.70,4225.00,435
2026-06-12,00:45,4225.70,4229.40,4222.40,4223.00,392
2026-06-12,00:50,4223.10,4226.70,4221.40,4221.90,305
2026-06-12,00:55,4221.80,4229.20,4221.40,4229.00,340
2026-06-12,01:00,4229.70,4232.40,4204.60,4205.70,1973
2026-06-12,01:05,4205.90,4214.80,4204.00,4214.60,605
2026-06-12,01:10,4212.80,4214.70,4206.20,4208.40,419
2026-06-12,01:15,4208.90,4215.40,4206.90,4211.00,325
2026-06-12,01:20,4211.20,4213.60,4209.10,4211.60,196
2026-06-12,01:25,4210.90,4210.90,4200.30,4202.60,660
2026-06-12,01:30,4204.00,4208.30,4198.30,4201.50,791
2026-06-12,01:35,4201.40,4202.20,4192.90,4200.70,912
2026-06-12,01:40,4200.90,4205.50,4198.60,4201.10,535
2026-06-12,01:45,4201.30,4213.20,4201.30,4213.20,471
2026-06-12,01:50,4213.00,4213.00,4207.70,4207.90,322
2026-06-12,01:55,4208.30,4211.80,4205.70,4208.20,167
2026-06-12,02:00,4208.20,4216.20,4205.50,4213.10,657
2026-06-12,02:05,4212.90,4219.30,4212.00,4219.30,280
2026-06-12,02:10,4219.40,4221.90,4215.50,4215.90,233
2026-06-12,02:15,4215.90,4215.90,4212.30,4214.50,154
2026-06-12,02:20,4214.70,4215.30,4212.00,4212.90,87
2026-06-12,02:25,4213.00,4213.00,4208.30,4209.90,216
2026-06-12,02:30,4210.60,4210.90,4204.20,4204.80,288
2026-06-12,02:35,4204.80,4215.30,4204.40,4210.00,254
2026-06-12,02:40,4211.30,4212.30,4206.30,4208.30,183
2026-06-12,02:45,4208.00,4213.00,4205.60,4212.30,202
2026-06-12,02:50,4212.60,4214.10,4209.40,4210.40,170
2026-06-12,02:55,4210.50,4215.40,4209.50,4213.50,172
2026-06-12,03:00,4212.70,4218.10,4211.40,4213.50,236
2026-06-12,03:05,4213.40,4216.90,4212.40,4214.10,114
2026-06-12,03:10,4215.10,4217.30,4213.40,4216.00,100
2026-06-12,03:15,4215.90,4223.20,4215.60,4218.20,365
2026-06-12,03:20,4218.00,4221.10,4215.00,4219.30,186
2026-06-12,03:25,4219.00,4225.40,4218.50,4225.10,364
2026-06-12,03:30,4224.80,4226.10,4220.90,4225.40,309
2026-06-12,03:35,4225.00,4226.60,4222.70,4223.70,136
2026-06-12,03:40,4223.90,4226.70,4220.80,4221.10,157
2026-06-12,03:45,4221.00,4221.20,4217.40,4219.00,199
2026-06-12,03:50,4219.10,4222.60,4218.20,4222.10,105
2026-06-12,03:55,4221.90,4223.30,4220.10,4220.90,47
2026-06-12,04:00,4219.00,4222.60,4214.20,4219.00,228
2026-06-12,04:05,4219.00,4219.00,4213.70,4217.80,156
2026-06-12,04:10,4217.90,4218.00,4214.00,4216.50,133
2026-06-12,04:15,4216.30,4217.20,4212.20,4213.60,125
2026-06-12,04:20,4213.60,4215.00,4212.00,4215.00,77
2026-06-12,04:25,4215.00,4215.50,4213.40,4214.50,68
2026-06-12,04:30,4214.50,4219.10,4213.90,4217.50,127
2026-06-12,04:35,4216.90,4220.10,4215.40,4217.10,124
2026-06-12,04:40,4217.10,4219.00,4215.10,4215.20,103
2026-06-12,04:45,4215.50,4215.90,4211.80,4212.50,138
2026-06-12,04:50,4212.70,4214.70,4211.80,4213.80,67
2026-06-12,04:55,4213.50,4214.80,4211.10,4211.90,51
2026-06-12,05:00,4211.80,4214.40,4209.00,4209.30,251
2026-06-12,05:05,4209.70,4212.00,4206.80,4207.00,147
2026-06-12,05:10,4207.00,4211.40,4203.60,4210.50,286
2026-06-12,05:15,4209.90,4211.00,4206.20,4207.50,118
2026-06-12,05:20,4208.00,4210.60,4208.00,4208.90,105
2026-06-12,05:25,4208.80,4211.10,4207.50,4208.90,117
2026-06-12,05:30,4208.50,4209.60,4198.50,4201.70,667
2026-06-12,05:35,4201.20,4201.20,4194.00,4196.40,409
2026-06-12,05:40,4195.90,4202.50,4195.90,4201.80,274
2026-06-12,05:45,4202.20,4202.20,4197.50,4200.90,206
2026-06-12,05:50,4200.30,4201.70,4194.40,4196.80,374
2026-06-12,05:55,4196.40,4198.20,4192.10,4194.70,314
2026-06-12,06:00,4194.70,4204.70,4194.70,4202.70,540
2026-06-12,06:05,4202.70,4205.50,4200.10,4203.20,268
2026-06-12,06:10,4203.10,4207.00,4203.00,4204.90,290
2026-06-12,06:15,4204.40,4204.60,4201.30,4202.80,200
2026-06-12,06:20,4202.50,4204.20,4200.60,4201.80,207
2026-06-12,06:25,4202.30,4204.10,4201.00,4203.80,133
2026-06-12,06:30,4204.00,4204.50,4196.70,4199.10,266
2026-06-12,06:35,4198.20,4202.60,4197.50,4199.40,288
2026-06-12,06:40,4199.00,4200.20,4193.70,4198.10,300
2026-06-12,06:45,4198.20,4199.20,4195.60,4197.80,229
2026-06-12,06:50,4197.40,4202.20,4197.40,4200.00,308
2026-06-12,06:55,4199.70,4206.10,4198.40,4205.40,303
2026-06-12,07:00,4205.50,4206.30,4197.50,4199.60,263
2026-06-12,07:05,4199.00,4203.20,4198.90,4202.00,250
2026-06-12,07:10,4202.30,4204.00,4198.90,4199.40,339
2026-06-12,07:15,4199.60,4200.10,4195.40,4197.90,294
2026-06-12,07:20,4197.90,4200.20,4196.60,4199.20,190
2026-06-12,07:25,4199.10,4201.20,4195.30,4195.30,400
2026-06-12,07:30,4195.30,4197.10,4191.10,4194.90,602
2026-06-12,07:35,4195.40,4200.70,4195.30,4199.90,643
2026-06-12,07:40,4200.20,4205.70,4200.20,4204.30,486
2026-06-12,07:45,4204.70,4204.90,4195.90,4196.50,483
2026-06-12,07:50,4196.50,4199.20,4195.20,4197.00,370
2026-06-12,07:55,4198.00,4215.20,4197.00,4215.20,1387
2026-06-12,08:00,4215.90,4224.10,4213.20,4219.00,1233
2026-06-12,08:05,4219.30,4225.00,4216.40,4223.50,613
2026-06-12,08:10,4223.30,4226.40,4222.70,4224.90,373
2026-06-12,08:15,4225.70,4241.50,4220.80,4239.10,1268
2026-06-12,08:20,4239.70,4242.00,4233.70,4239.90,604
2026-06-12,08:25,4239.90,4240.60,4232.80,4234.50,632
2026-06-12,08:30,4235.00,4241.60,4234.40,4239.80,531
2026-06-12,08:35,4239.70,4244.90,4236.90,4242.50,677
2026-06-12,08:40,4242.40,4242.40,4233.70,4239.80,683
2026-06-12,08:45,4240.10,4241.80,4236.30,4239.90,352
2026-06-12,08:50,4240.40,4244.10,4237.40,4243.30,389
2026-06-12,08:55,4243.40,4247.70,4241.20,4241.20,453
2026-06-12,09:00,4241.40,4244.20,4239.10,4243.20,259
2026-06-12,09:05,4243.50,4245.80,4240.90,4244.80,343
2026-06-12,09:10,4245.10,4247.00,4243.30,4245.80,284
2026-06-12,09:15,4245.90,4248.60,4243.10,4245.30,739
2026-06-12,09:20,4244.90,4247.00,4240.60,4243.50,589
2026-06-12,09:25,4243.80,4247.00,4240.60,4242.50,595
2026-06-12,09:30,4242.10,4247.50,4240.40,4247.30,1068
2026-06-12,09:35,4247.10,4249.00,4242.90,4245.00,468
2026-06-12,09:40,4244.70,4249.30,4244.30,4246.70,388
2026-06-12,09:45,4246.90,4249.60,4244.90,4245.30,325
2026-06-12,09:50,4245.10,4246.00,4242.90,4244.70,300
2026-06-12,09:55,4244.60,4246.70,4242.80,4243.10,241
2026-06-12,10:00,4242.90,4245.70,4240.00,4242.90,405
2026-06-12,10:05,4242.70,4246.70,4241.70,4245.70,189
2026-06-12,10:10,4246.00,4246.20,4241.30,4242.40,460
2026-06-12,10:15,4242.30,4242.90,4236.10,4238.90,666
2026-06-12,10:20,4238.60,4238.90,4231.50,4234.50,520
2026-06-12,10:25,4234.30,4234.90,4223.60,4227.80,724
2026-06-12,10:30,4227.90,4239.40,4227.50,4235.60,534
2026-06-12,10:35,4236.00,4237.00,4235.30,4236.60,161
2026-06-12,10:40,4237.00,4238.10,4235.60,4236.80,110
2026-06-12,10:45,4236.30,4239.70,4235.30,4236.40,221
2026-06-12,10:50,4236.70,4237.00,4233.60,4233.80,119
2026-06-12,10:55,4234.20,4236.70,4230.30,4231.90,708
2026-06-12,11:00,4232.30,4233.10,4226.40,4226.90,359
2026-06-12,11:05,4227.00,4230.10,4225.90,4228.20,290
2026-06-12,11:10,4228.30,4229.10,4226.40,4228.30,284
2026-06-12,11:15,4228.10,4229.00,4224.90,4226.90,241
2026-06-12,11:20,4226.80,4231.00,4226.50,4230.70,266
2026-06-12,11:25,4230.90,4231.40,4223.00,4223.50,336
2026-06-12,11:30,4223.40,4223.40,4218.10,4220.30,690
2026-06-12,11:35,4220.90,4223.70,4220.10,4223.20,185
2026-06-12,11:40,4222.90,4232.00,4222.70,4230.70,488
2026-06-12,11:45,4230.90,4232.80,4229.60,4231.00,277
2026-06-12,11:50,4231.20,4236.30,4229.40,4236.10,413
2026-06-12,11:55,4235.60,4235.60,4227.40,4227.80,256
2026-06-12,12:00,4227.90,4229.40,4223.60,4227.40,828
2026-06-12,12:05,4227.40,4230.10,4226.50,4228.80,598
2026-06-12,12:10,4229.00,4235.20,4228.80,4235.20,460
2026-06-12,12:15,4235.40,4236.30,4232.60,4233.00,474
2026-06-12,12:20,4232.60,4233.30,4223.00,4224.30,789
2026-06-12,12:25,4224.30,4224.60,4221.20,4221.90,424
2026-06-12,12:30,4222.20,4222.70,4218.10,4221.00,980
2026-06-12,12:35,4220.90,4221.80,4213.00,4213.70,1208
2026-06-12,12:40,4213.90,4221.50,4211.90,4217.40,939
2026-06-12,12:45,4217.40,4219.20,4214.30,4217.60,635
2026-06-12,12:50,4217.80,4221.20,4214.20,4214.60,738
2026-06-12,12:55,4214.70,4215.40,4209.30,4212.30,938
2026-06-12,13:00,4212.10,4218.70,4207.30,4218.00,953
2026-06-12,13:05,4217.60,4222.00,4214.30,4221.00,600
2026-06-12,13:10,4221.30,4221.50,4214.50,4219.10,397
2026-06-12,13:15,4219.00,4224.00,4218.00,4223.10,438
2026-06-12,13:20,4223.10,4227.70,4222.80,4224.90,499
2026-06-12,13:25,4225.20,4226.20,4222.40,4223.90,366
2026-06-12,13:30,4223.70,4226.60,4217.80,4219.90,1011
2026-06-12,13:35,4220.20,4231.20,4219.40,4228.20,1266
2026-06-12,13:40,4228.00,4228.60,4203.00,4211.30,3208
2026-06-12,13:45,4211.10,4214.50,4204.00,4211.60,1487
2026-06-12,13:50,4211.20,4214.50,4206.90,4209.80,758
2026-06-12,13:55,4210.20,4213.10,4203.20,4206.70,712
2026-06-12,14:00,4207.40,4219.10,4206.00,4215.30,1680
2026-06-12,14:05,4215.40,4219.20,4205.60,4219.10,995
2026-06-12,14:10,4218.80,4218.80,4210.70,4214.10,715
2026-06-12,14:15,4213.60,4220.10,4211.00,4211.00,645
2026-06-12,14:20,4211.00,4212.70,4202.90,4208.10,948
2026-06-12,14:25,4207.80,4215.00,4207.40,4208.80,849
2026-06-12,14:30,4209.30,4210.30,4201.30,4207.40,978
2026-06-12,14:35,4207.00,4213.40,4206.70,4213.00,1202
2026-06-12,14:40,4213.00,4213.90,4201.40,4205.00,1052
2026-06-12,14:45,4204.80,4205.40,4197.50,4203.50,844
2026-06-12,14:50,4203.50,4228.70,4199.70,4228.00,2634
2026-06-12,14:55,4228.10,4229.50,4221.80,4224.90,1441
2026-06-12,15:00,4224.90,4230.00,4221.00,4224.00,1025
2026-06-12,15:05,4224.10,4231.70,4224.00,4229.20,876
2026-06-12,15:10,4229.70,4236.10,4229.50,4234.60,619
2026-06-12,15:15,4235.00,4240.00,4233.50,4235.70,846
2026-06-12,15:20,4235.70,4251.60,4233.70,4248.70,1540
2026-06-12,15:25,4249.00,4256.80,4244.30,4246.80,1611
2026-06-12,15:30,4247.00,4249.20,4239.50,4240.30,1240
2026-06-12,15:35,4240.20,4247.50,4235.60,4239.90,1545
2026-06-12,15:40,4239.50,4240.10,4230.40,4231.60,691
2026-06-12,15:45,4232.10,4235.90,4227.40,4228.50,686
2026-06-12,15:50,4228.70,4237.30,4228.20,4235.90,827
2026-06-12,15:55,4235.70,4239.30,4231.70,4232.40,794
2026-06-12,16:00,4232.30,4234.40,4228.60,4230.30,472
2026-06-12,16:05,4230.20,4235.10,4228.90,4233.90,395
2026-06-12,16:10,4233.80,4246.00,4231.90,4242.10,1275
2026-06-12,16:15,4242.60,4254.10,4241.40,4244.60,1183
2026-06-12,16:20,4244.40,4246.10,4239.10,4239.10,617
2026-06-12,16:25,4239.10,4241.40,4236.80,4237.50,392
2026-06-12,16:30,4237.90,4239.60,4236.90,4238.90,296
2026-06-12,16:35,4238.80,4239.10,4232.30,4237.90,507
2026-06-12,16:40,4237.60,4241.00,4234.00,4234.10,540
2026-06-12,16:45,4234.20,4235.40,4232.00,4234.30,471
2026-06-12,16:50,4234.10,4237.70,4232.30,4235.70,495
2026-06-12,16:55,4235.90,4238.50,4234.10,4236.50,449
2026-06-12,17:00,4236.50,4241.40,4236.40,4241.00,385
2026-06-12,17:05,4240.90,4247.10,4239.60,4241.60,959
2026-06-12,17:10,4241.30,4242.10,4235.50,4238.50,623
2026-06-12,17:15,4239.00,4239.00,4234.40,4238.20,452
2026-06-12,17:20,4238.50,4244.20,4238.10,4241.30,697
2026-06-12,17:25,4241.60,4241.70,4237.00,4239.20,1419
2026-06-12,17:30,4239.20,4240.70,4234.00,4240.40,597
2026-06-12,17:35,4240.00,4241.70,4237.90,4238.60,217
2026-06-12,17:40,4238.90,4243.90,4237.60,4242.60,373
2026-06-12,17:45,4243.00,4245.30,4242.20,4243.40,174
2026-06-12,17:50,4243.80,4244.80,4242.90,4244.10,203
2026-06-12,17:55,4243.90,4244.00,4239.60,4241.80,217
2026-06-12,18:00,4242.20,4243.20,4239.90,4240.20,193
2026-06-12,18:05,4240.40,4242.40,4238.50,4241.30,414
2026-06-12,18:10,4241.60,4249.20,4240.90,4247.90,523
2026-06-12,18:15,4247.20,4251.20,4245.60,4250.10,534
2026-06-12,18:20,4249.80,4256.20,4249.50,4249.80,683
2026-06-12,18:25,4249.90,4250.00,4245.30,4247.20,422
2026-06-12,18:30,4247.40,4249.30,4245.20,4248.50,257
2026-06-12,18:35,4248.00,4248.40,4246.20,4247.20,211
2026-06-12,18:40,4247.10,4250.80,4246.90,4250.00,247
2026-06-12,18:45,4249.20,4250.00,4243.40,4243.40,465
2026-06-12,18:50,4243.70,4244.00,4241.30,4242.70,217
2026-06-12,18:55,4242.50,4243.10,4234.90,4236.20,640
2026-06-12,19:00,4236.20,4239.50,4235.20,4238.80,373
2026-06-12,19:05,4238.90,4240.80,4236.70,4238.80,241
2026-06-12,19:10,4238.70,4240.20,4237.70,4238.80,181
2026-06-12,19:15,4238.60,4238.60,4234.80,4236.30,228
2026-06-12,19:20,4236.50,4236.50,4231.20,4231.70,294
2026-06-12,19:25,4231.60,4233.00,4228.90,4229.90,649
2026-06-12,19:30,4229.90,4231.60,4225.30,4225.60,717
2026-06-12,19:35,4225.50,4230.30,4223.20,4226.70,571
2026-06-12,19:40,4226.90,4228.70,4225.90,4226.40,186
2026-06-12,19:45,4226.70,4229.40,4225.30,4228.40,238
2026-06-12,19:50,4228.60,4229.60,4227.10,4227.90,293
2026-06-12,19:55,4228.10,4232.50,4226.70,4231.90,498
2026-06-12,20:00,4231.60,4233.10,4230.70,4232.10,246
2026-06-12,20:05,4232.30,4233.20,4230.90,4232.50,127
2026-06-12,20:10,4232.10,4234.90,4232.00,4234.10,143
2026-06-12,20:15,4234.30,4235.60,4233.50,4235.60,131
2026-06-12,20:20,4235.60,4238.10,4235.60,4235.60,164
2026-06-12,20:25,4235.60,4236.40,4234.80,4235.80,73
2026-06-12,20:30,4235.90,4235.90,4233.90,4235.10,108
2026-06-12,20:35,4235.00,4235.60,4233.70,4235.10,89
2026-06-12,20:40,4235.10,4235.10,4234.30,4234.70,71
2026-06-12,20:45,4234.90,4236.50,4233.80,4236.40,161
2026-06-12,20:50,4236.30,4239.10,4236.30,4238.20,206
2026-06-12,20:55,4238.20,4240.60,4237.10,4238.80,210
2026-06-14,22:10,4325.60,4326.00,4315.70,4320.00,584
2026-06-14,22:15,4320.30,4326.30,4317.70,4326.00,552
2026-06-14,22:20,4325.80,4327.00,4317.90,4318.80,486
2026-06-14,22:25,4318.10,4318.40,4303.80,4306.90,1311
2026-06-14,22:30,4306.90,4307.50,4300.00,4304.00,601
2026-06-14,22:35,4303.90,4306.90,4301.90,4304.90,318
2026-06-14,22:40,4305.40,4308.80,4304.20,4304.90,241
2026-06-14,22:45,4304.90,4311.90,4304.60,4311.50,577
2026-06-14,22:50,4311.80,4311.90,4308.40,4311.70,187
2026-06-14,22:55,4311.70,4311.80,4305.00,4305.80,126
2026-06-14,23:00,4305.60,4307.70,4302.60,4304.80,371
2026-06-14,23:05,4306.00,4308.60,4302.20,4303.10,222
2026-06-14,23:10,4303.10,4305.00,4302.90,4303.40,245
2026-06-14,23:15,4303.00,4303.50,4301.30,4302.90,135
2026-06-14,23:20,4302.80,4304.20,4301.30,4303.50,111
2026-06-14,23:25,4303.00,4305.00,4302.60,4302.90,149
2026-06-14,23:30,4304.20,4306.50,4301.80,4304.80,440
2026-06-14,23:35,4304.90,4306.50,4303.70,4305.70,204
2026-06-14,23:40,4305.60,4305.90,4302.50,4305.80,126
2026-06-14,23:45,4305.90,4314.40,4304.70,4313.90,889
2026-06-14,23:50,4314.30,4315.00,4311.90,4313.30,210
2026-06-14,23:55,4313.00,4315.40,4312.10,4314.30,210
2026-06-15,00:00,4314.30,4316.30,4313.50,4314.70,307
2026-06-15,00:05,4314.70,4316.90,4313.90,4316.90,254
2026-06-15,00:10,4316.90,4321.30,4316.50,4319.90,797
2026-06-15,00:15,4320.30,4324.30,4319.90,4324.30,458
2026-06-15,00:20,4324.50,4328.10,4321.30,4326.50,581
2026-06-15,00:25,4326.60,4328.50,4320.20,4321.20,395
2026-06-15,00:30,4321.30,4326.10,4316.00,4323.50,900
2026-06-15,00:35,4323.60,4325.50,4318.00,4319.60,387
2026-06-15,00:40,4319.90,4321.00,4316.70,4318.30,270
2026-06-15,00:45,4318.80,4321.20,4317.00,4317.50,261
2026-06-15,00:50,4317.40,4318.10,4313.40,4317.30,327
2026-06-15,00:55,4316.90,4317.50,4312.70,4313.10,203
2026-06-15,01:00,4313.90,4321.30,4306.40,4312.50,1026
2026-06-15,01:05,4312.50,4317.30,4309.10,4310.40,459
2026-06-15,01:10,4310.50,4318.40,4310.50,4317.70,261
2026-06-15,01:15,4316.80,4317.20,4310.40,4314.20,282
2026-06-15,01:20,4314.80,4327.60,4314.80,4323.60,641
2026-06-15,01:25,4324.00,4326.20,4317.90,4324.90,339
2026-06-15,01:30,4324.60,4336.40,4322.70,4333.30,639
2026-06-15,01:35,4333.80,4337.80,4329.30,4336.70,741
2026-06-15,01:40,4336.40,4340.70,4336.00,4339.20,449
2026-06-15,01:45,4338.60,4339.00,4334.40,4338.60,449
2026-06-15,01:50,4338.70,4340.20,4336.10,4337.30,282
2026-06-15,01:55,4337.60,4340.30,4336.40,4337.50,232
2026-06-15,02:00,4337.10,4345.50,4337.10,4343.50,583
2026-06-15,02:05,4343.70,4346.00,4342.40,4342.40,350
2026-06-15,02:10,4342.90,4347.80,4341.40,4347.60,356
2026-06-15,02:15,4347.80,4350.00,4345.50,4346.50,657
2026-06-15,02:20,4346.50,4352.10,4346.50,4350.70,721
2026-06-15,02:25,4351.20,4352.30,4348.10,4349.50,208
2026-06-15,02:30,4349.00,4353.40,4349.00,4351.00,376
2026-06-15,02:35,4351.20,4355.80,4350.00,4354.10,345
2026-06-15,02:40,4354.00,4354.30,4349.30,4351.30,535
2026-06-15,02:45,4351.50,4356.20,4350.70,4355.80,349
2026-06-15,02:50,4356.00,4356.80,4349.10,4351.40,389
2026-06-15,02:55,4351.80,4352.20,4349.30,4350.70,201
2026-06-15,03:00,4350.50,4352.50,4346.60,4348.00,279
2026-06-15,03:05,4348.00,4349.80,4343.10,4344.60,428
2026-06-15,03:10,4345.30,4347.00,4343.70,4346.70,273
2026-06-15,03:15,4347.00,4350.80,4345.60,4348.20,235
2026-06-15,03:20,4348.40,4348.40,4345.30,4346.70,95
2026-06-15,03:25,4346.50,4346.50,4342.50,4345.00,324
2026-06-15,03:30,4345.00,4348.50,4344.40,4347.20,233
2026-06-15,03:35,4347.00,4348.20,4345.60,4345.90,136
2026-06-15,03:40,4345.90,4345.90,4342.50,4345.00,176
2026-06-15,03:45,4344.10,4348.40,4344.00,4347.70,130
2026-06-15,03:50,4347.00,4347.50,4346.00,4346.50,77
2026-06-15,03:55,4345.60,4346.90,4344.50,4345.70,52
2026-06-15,04:00,4346.40,4348.30,4343.90,4344.20,219
2026-06-15,04:05,4344.60,4347.20,4344.00,4345.00,64
2026-06-15,04:10,4345.30,4347.30,4345.30,4347.30,28
2026-06-15,04:15,4347.70,4348.60,4344.00,4345.40,313
2026-06-15,04:20,4345.50,4346.30,4341.70,4343.80,332
2026-06-15,04:25,4343.90,4349.00,4343.70,4348.40,275
2026-06-15,04:30,4348.40,4350.30,4346.70,4349.80,132
2026-06-15,04:35,4349.50,4351.70,4348.20,4348.90,156
2026-06-15,04:40,4349.10,4349.70,4347.70,4348.70,57
2026-06-15,04:45,4349.50,4350.30,4349.00,4349.30,44
2026-06-15,04:50,4349.30,4349.50,4348.00,4348.20,59
2026-06-15,04:55,4348.00,4349.70,4347.90,4349.50,52
2026-06-15,05:00,4349.20,4350.80,4348.50,4349.30,98
2026-06-15,05:05,4348.90,4350.60,4345.10,4350.00,338
2026-06-15,05:10,4349.70,4352.10,4349.60,4350.00,122
2026-06-15,05:15,4350.20,4351.00,4346.90,4349.20,175
2026-06-15,05:20,4349.50,4353.90,4349.40,4351.70,164
2026-06-15,05:25,4352.30,4353.00,4349.40,4350.80,164
2026-06-15,05:30,4351.50,4353.70,4346.10,4348.40,431
2026-06-15,05:35,4348.60,4349.00,4340.70,4342.00,448
2026-06-15,05:40,4341.40,4342.00,4333.90,4333.90,430
2026-06-15,05:45,4334.00,4337.60,4330.60,4335.20,409
2026-06-15,05:50,4335.00,4335.90,4329.10,4331.40,377
2026-06-15,05:55,4331.30,4333.00,4328.60,4331.40,228
2026-06-15,06:00,4331.50,4333.90,4330.60,4333.00,360
2026-06-15,06:05,4332.70,4334.40,4323.50,4326.20,710
2026-06-15,06:10,4326.40,4329.90,4323.90,4329.80,385
2026-06-15,06:15,4330.00,4330.40,4324.90,4325.70,344
2026-06-15,06:20,4325.80,4329.10,4324.00,4327.80,277
2026-06-15,06:25,4328.80,4330.40,4324.60,4325.60,303
2026-06-15,06:30,4325.70,4327.90,4323.70,4327.30,173
2026-06-15,06:35,4327.70,4327.90,4323.20,4324.00,179
2026-06-15,06:40,4323.90,4327.70,4321.60,4327.40,365
2026-06-15,06:45,4327.50,4328.70,4325.20,4328.40,237
2026-06-15,06:50,4328.30,4328.90,4326.00,4328.30,214
2026-06-15,06:55,4328.60,4330.80,4328.10,4329.10,362
2026-06-15,07:00,4329.20,4331.60,4326.10,4331.10,473
2026-06-15,07:05,4331.30,4334.00,4328.80,4333.30,486
2026-06-15,07:10,4333.70,4335.50,4331.00,4334.40,436
2026-06-15,07:15,4334.50,4336.40,4334.00,4335.10,326
2026-06-15,07:20,4335.30,4339.90,4334.00,4337.30,348
2026-06-15,07:25,4337.60,4339.10,4336.70,4337.70,180
2026-06-15,07:30,4337.90,4338.30,4333.30,4335.10,459
2026-06-15,07:35,4335.10,4337.20,4332.30,4336.90,196
2026-06-15,07:40,4336.70,4338.40,4335.40,4337.70,209
2026-06-15,07:45,4337.90,4338.30,4333.70,4334.80,270
2026-06-15,07:50,4334.80,4344.30,4334.10,4344.00,540
2026-06-15,07:55,4344.10,4346.00,4341.40,4344.30,591
2026-06-15,08:00,4344.10,4350.00,4342.70,4348.80,417
2026-06-15,08:05,4349.00,4350.00,4346.70,4349.70,368
2026-06-15,08:10,4349.50,4350.30,4344.80,4349.40,491
2026-06-15,08:15,4349.30,4352.00,4348.20,4350.20,409
2026-06-15,08:20,4349.90,4352.30,4349.10,4349.60,397
2026-06-15,08:25,4349.50,4353.00,4347.80,4349.10,431
2026-06-15,08:30,4348.80,4364.50,4348.40,4364.40,1228
2026-06-15,08:35,4364.10,4366.10,4361.80,4363.70,935
2026-06-15,08:40,4363.90,4365.90,4361.50,4362.00,616
2026-06-15,08:45,4362.10,4364.00,4358.30,4358.90,385
2026-06-15,08:50,4358.70,4360.20,4355.60,4360.00,491
2026-06-15,08:55,4359.90,4360.00,4355.00,4355.40,295
2026-06-15,09:00,4355.50,4362.90,4355.30,4362.50,603
2026-06-15,09:05,4362.60,4364.00,4360.50,4361.20,1006
2026-06-15,09:10,4361.50,4362.00,4358.40,4361.10,253
2026-06-15,09:15,4361.00,4363.50,4358.60,4360.50,436
2026-06-15,09:20,4360.30,4364.40,4359.50,4361.80,269
2026-06-15,09:25,4361.70,4361.70,4357.50,4359.90,755
2026-06-15,09:30,4359.60,4359.90,4355.10,4356.60,1128
2026-06-15,09:35,4356.50,4361.70,4356.00,4360.60,331
2026-06-15,09:40,4360.80,4361.00,4356.00,4356.10,307
2026-06-15,09:45,4356.40,4361.10,4355.70,4360.70,248
2026-06-15,09:50,4360.90,4362.00,4360.40,4361.10,213
2026-06-15,09:55,4360.90,4361.80,4357.60,4357.70,309
2026-06-15,10:00,4357.90,4358.60,4356.80,4357.00,259
2026-06-15,10:05,4357.00,4361.60,4356.90,4358.80,267
2026-06-15,10:10,4358.50,4359.50,4357.50,4358.90,97
2026-06-15,10:15,4359.40,4360.30,4358.70,4359.60,98
2026-06-15,10:20,4359.80,4359.90,4357.00,4359.40,130
2026-06-15,10:25,4359.60,4360.70,4358.70,4359.40,119
2026-06-15,10:30,4359.90,4361.50,4358.20,4360.10,275
2026-06-15,10:35,4360.10,4361.30,4357.50,4357.60,357
2026-06-15,10:40,4357.80,4359.60,4356.30,4359.10,400
2026-06-15,10:45,4359.00,4362.80,4358.60,4361.60,623
2026-06-15,10:50,4361.30,4361.90,4357.60,4358.50,275
2026-06-15,10:55,4358.40,4359.80,4358.00,4359.10,152
2026-06-15,11:00,4359.00,4359.90,4357.10,4358.60,207
2026-06-15,11:05,4359.00,4360.20,4358.70,4359.90,99
2026-06-15,11:10,4359.30,4361.00,4357.80,4359.20,183
2026-06-15,11:15,4358.90,4360.70,4358.10,4360.40,221
2026-06-15,11:20,4360.00,4361.60,4357.00,4358.70,627
2026-06-15,11:25,4358.70,4362.40,4357.30,4361.90,256
2026-06-15,11:30,4362.00,4368.00,4362.00,4367.10,711
2026-06-15,11:35,4367.10,4368.00,4362.90,4368.00,274
2026-06-15,11:40,4367.70,4368.90,4359.00,4359.80,688
2026-06-15,11:45,4359.40,4359.80,4352.90,4354.80,788
2026-06-15,11:50,4355.10,4358.00,4355.10,4357.00,288
2026-06-15,11:55,4357.10,4357.50,4355.10,4356.60,225
2026-06-15,12:00,4356.60,4360.00,4355.10,4358.70,311
2026-06-15,12:05,4358.60,4359.30,4355.40,4355.80,285
2026-06-15,12:10,4355.90,4359.60,4351.60,4352.20,587
2026-06-15,12:15,4352.30,4354.20,4345.30,4348.10,967
2026-06-15,12:20,4348.00,4356.00,4345.60,4354.20,868
2026-06-15,12:25,4354.20,4359.30,4354.20,4358.20,544
2026-06-15,12:30,4358.50,4364.70,4356.00,4363.70,1251
2026-06-15,12:35,4363.40,4367.80,4361.40,4365.30,714
2026-06-15,12:40,4365.20,4367.90,4364.30,4366.50,492
2026-06-15,12:45,4366.20,4368.30,4364.70,4367.30,581
2026-06-15,12:50,4367.30,4370.70,4365.00,4365.70,749
2026-06-15,12:55,4365.40,4370.80,4365.30,4370.50,313
2026-06-15,13:00,4370.40,4370.40,4363.50,4364.40,650
2026-06-15,13:05,4363.90,4369.00,4362.80,4366.50,548
2026-06-15,13:10,4366.80,4372.00,4366.80,4371.00,477
2026-06-15,13:15,4371.20,4375.50,4370.80,4374.70,1022
2026-06-15,13:20,4374.10,4377.10,4373.10,4375.30,758
2026-06-15,13:25,4375.20,4377.90,4374.20,4374.90,850
2026-06-15,13:30,4375.00,4386.40,4373.60,4384.50,2210
2026-06-15,13:35,4384.30,4388.50,4381.10,4384.70,2088
2026-06-15,13:40,4385.00,4390.80,4382.00,4384.80,2051
2026-06-15,13:45,4385.10,4386.50,4380.90,4383.60,1081
2026-06-15,13:50,4383.90,4384.50,4377.90,4379.80,1249
2026-06-15,13:55,4379.50,4383.60,4375.90,4376.80,1192
2026-06-15,14:00,4376.70,4382.40,4375.50,4380.40,1850
2026-06-15,14:05,4380.50,4391.50,4379.60,4387.70,1738
2026-06-15,14:10,4387.60,4387.60,4375.70,4379.00,1311
2026-06-15,14:15,4379.20,4384.90,4378.50,4383.20,965
2026-06-15,14:20,4383.10,4383.60,4375.50,4379.20,756
2026-06-15,14:25,4379.00,4386.10,4379.00,4385.50,810
2026-06-15,14:30,4385.60,4387.10,4378.20,4379.00,1156
2026-06-15,14:35,4378.90,4381.80,4375.50,4379.10,801
2026-06-15,14:40,4379.30,4380.60,4376.30,4378.70,573
2026-06-15,14:45,4378.60,4384.70,4377.10,4383.80,1053
2026-06-15,14:50,4383.90,4385.40,4380.70,4383.20,635
2026-06-15,14:55,4383.10,4383.90,4378.20,4378.50,688
2026-06-15,15:00,4378.30,4379.00,4373.00,4376.50,793
2026-06-15,15:05,4376.80,4381.10,4374.70,4376.00,678
2026-06-15,15:10,4375.90,4376.00,4371.20,4372.90,649
2026-06-15,15:15,4372.50,4377.90,4372.10,4373.30,932
2026-06-15,15:20,4373.10,4379.10,4371.80,4378.20,660
2026-06-15,15:25,4378.00,4380.40,4375.00,4375.80,645
2026-06-15,15:30,4375.70,4376.50,4370.60,4374.60,738
2026-06-15,15:35,4374.90,4377.40,4374.10,4376.40,315
2026-06-15,15:40,4376.10,4381.80,4375.60,4379.50,438
2026-06-15,15:45,4379.80,4382.80,4378.70,4378.70,706
2026-06-15,15:50,4378.70,4379.50,4376.50,4378.40,517
2026-06-15,15:55,4378.50,4380.40,4377.60,4377.60,401
2026-06-15,16:00,4377.80,4378.70,4376.00,4378.60,446
2026-06-15,16:05,4378.70,4380.30,4373.60,4373.80,527
2026-06-15,16:10,4373.70,4374.10,4370.30,4373.20,555
2026-06-15,16:15,4373.20,4374.10,4365.30,4367.10,617
2026-06-15,16:20,4367.20,4368.10,4361.20,4361.50,916
2026-06-15,16:25,4361.60,4366.40,4360.50,4364.40,645
2026-06-15,16:30,4364.50,4364.50,4359.60,4361.90,536
2026-06-15,16:35,4361.80,4362.70,4358.90,4360.30,374
2026-06-15,16:40,4360.30,4362.60,4357.20,4357.80,429
2026-06-15,16:45,4357.50,4359.90,4357.10,4357.80,327
2026-06-15,16:50,4358.10,4360.10,4355.90,4358.90,397
2026-06-15,16:55,4359.10,4361.30,4357.50,4360.60,381
2026-06-15,17:00,4360.50,4360.50,4354.40,4355.50,512
2026-06-15,17:05,4355.10,4356.60,4352.80,4353.70,701
2026-06-15,17:10,4353.40,4356.30,4352.00,4355.40,434
2026-06-15,17:15,4355.20,4356.30,4351.70,4352.50,398
2026-06-15,17:20,4352.00,4352.90,4350.30,4352.20,406
2026-06-15,17:25,4352.30,4355.20,4350.70,4351.20,1082
2026-06-15,17:30,4351.20,4351.20,4347.00,4347.20,853
2026-06-15,17:35,4347.40,4348.90,4343.00,4345.40,732
2026-06-15,17:40,4345.50,4346.50,4342.40,4343.30,329
2026-06-15,17:45,4343.60,4346.90,4342.50,4343.80,305
2026-06-15,17:50,4344.50,4345.30,4341.70,4342.80,260
2026-06-15,17:55,4342.50,4346.50,4342.10,4346.00,297
2026-06-15,18:00,4346.20,4346.30,4339.10,4342.00,567
2026-06-15,18:05,4341.90,4343.10,4340.00,4342.40,176
2026-06-15,18:10,4342.30,4345.90,4341.90,4345.30,206
2026-06-15,18:15,4345.60,4347.50,4344.30,4346.50,357
2026-06-15,18:20,4346.40,4349.70,4346.30,4348.00,366
2026-06-15,18:25,4348.30,4349.40,4345.50,4346.50,232
2026-06-15,18:30,4346.30,4346.80,4343.30,4344.70,286
2026-06-15,18:35,4344.60,4347.20,4343.50,4346.50,207
2026-06-15,18:40,4346.40,4347.90,4345.60,4346.00,132
2026-06-15,18:45,4346.50,4346.80,4345.60,4346.60,114
2026-06-15,18:50,4346.80,4349.00,4346.40,4347.50,520
2026-06-15,18:55,4347.40,4348.30,4346.60,4347.30,199
2026-06-15,19:00,4347.50,4348.30,4343.20,4343.80,253
2026-06-15,19:05,4343.60,4345.10,4342.60,4343.80,233
2026-06-15,19:10,4343.50,4344.60,4342.30,4344.20,158
2026-06-15,19:15,4344.30,4346.20,4344.00,4345.80,180
2026-06-15,19:20,4346.00,4346.40,4342.40,4345.10,558
2026-06-15,19:25,4345.40,4345.60,4342.60,4343.00,114
2026-06-15,19:30,4343.60,4345.50,4343.20,4344.40,189
2026-06-15,19:35,4344.40,4344.40,4341.30,4342.50,164
2026-06-15,19:40,4342.40,4342.80,4340.00,4341.00,267
2026-06-15,19:45,4341.30,4342.00,4339.70,4340.40,290
2026-06-15,19:50,4340.10,4342.30,4338.20,4341.70,414
2026-06-15,19:55,4341.90,4343.10,4340.70,4342.40,378
2026-06-15,20:00,4342.60,4343.90,4341.20,4341.20,203
2026-06-15,20:05,4341.20,4342.50,4340.70,4341.10,82
2026-06-15,20:10,4340.70,4340.80,4337.30,4337.90,179
2026-06-15,20:15,4337.60,4340.20,4336.00,4339.30,184
2026-06-15,20:20,4339.40,4339.40,4333.20,4334.20,328
2026-06-15,20:25,4334.10,4336.00,4332.60,4334.60,244
2026-06-15,20:30,4334.70,4335.10,4332.60,4333.30,158
2026-06-15,20:35,4333.50,4334.70,4331.80,4333.70,110
2026-06-15,20:40,4333.50,4334.50,4330.20,4331.60,307
2026-06-15,20:45,4331.50,4332.40,4330.40,4331.80,126
2026-06-15,20:50,4332.10,4332.50,4328.50,4329.60,298
2026-06-15,20:55,4330.00,4331.60,4328.50,4331.00,111
2026-06-15,22:00,4331.30,4335.20,4330.30,4334.30,0
2026-06-15,22:05,4335.20,4337.30,4333.40,4334.20,104
2026-06-15,22:10,4335.10,4335.30,4330.00,4330.90,126
2026-06-15,22:15,4330.90,4333.00,4327.60,4331.80,284
2026-06-15,22:20,4332.30,4334.90,4328.60,4328.60,235
2026-06-15,22:25,4328.00,4331.00,4326.70,4330.30,127
2026-06-15,22:30,4330.00,4332.80,4328.00,4330.70,151
2026-06-15,22:35,4331.50,4332.50,4331.20,4332.50,39
2026-06-15,22:40,4331.80,4335.60,4331.80,4333.50,170
2026-06-15,22:45,4333.90,4333.90,4331.60,4331.60,47
2026-06-15,22:50,4332.10,4335.50,4331.60,4334.70,55
2026-06-15,22:55,4335.10,4335.40,4332.70,4333.10,110
2026-06-15,23:00,4333.70,4337.30,4333.70,4336.60,54
2026-06-15,23:05,4336.80,4337.30,4335.20,4335.40,162
2026-06-15,23:10,4335.60,4337.40,4334.70,4334.70,382
2026-06-15,23:15,4334.00,4336.10,4332.80,4334.30,102
2026-06-15,23:20,4333.80,4336.90,4333.80,4335.20,114
2026-06-15,23:25,4335.60,4337.00,4335.60,4336.50,54
2026-06-15,23:30,4336.70,4337.70,4336.00,4337.20,78
2026-06-15,23:35,4338.00,4340.80,4336.40,4336.60,355
2026-06-15,23:40,4336.70,4339.70,4334.90,4339.20,117
2026-06-15,23:45,4339.70,4340.00,4334.20,4338.40,261
2026-06-15,23:50,4338.50,4340.50,4338.00,4339.90,105
2026-06-15,23:55,4340.10,4340.10,4336.00,4337.30,153
2026-06-16,00:00,4336.60,4339.70,4334.40,4336.60,293
2026-06-16,00:05,4337.00,4338.50,4336.30,4338.00,75
2026-06-16,00:10,4337.70,4338.70,4334.60,4335.00,74
2026-06-16,00:15,4334.40,4337.10,4331.50,4332.80,192
2026-06-16,00:20,4332.80,4333.40,4327.40,4329.80,360
2026-06-16,00:25,4330.10,4331.20,4327.60,4329.40,415
2026-06-16,00:30,4329.40,4332.60,4328.70,4332.00,753
2026-06-16,00:35,4331.20,4334.60,4330.30,4332.90,255
2026-06-16,00:40,4332.70,4332.70,4330.90,4331.80,96
2026-06-16,00:45,4331.70,4333.80,4331.70,4333.10,301
2026-06-16,00:50,4333.00,4335.00,4332.60,4334.40,128
2026-06-16,00:55,4334.50,4341.60,4334.50,4340.30,331
2026-06-16,01:00,4340.30,4346.80,4337.80,4342.80,795
2026-06-16,01:05,4343.00,4343.20,4336.00,4339.70,316
2026-06-16,01:10,4339.30,4343.70,4338.90,4340.40,220
2026-06-16,01:15,4340.70,4342.00,4339.30,4339.70,105
2026-06-16,01:20,4339.50,4342.10,4337.10,4339.50,146
2026-06-16,01:25,4340.10,4345.00,4338.50,4340.10,758
2026-06-16,01:30,4340.00,4341.20,4335.20,4336.30,172
2026-06-16,01:35,4336.20,4339.50,4334.10,4338.70,314
2026-06-16,01:40,4338.60,4339.30,4334.00,4335.70,117
2026-06-16,01:45,4335.50,4340.10,4334.80,4338.30,136
2026-06-16,01:50,4337.80,4338.00,4333.60,4335.00,180
2026-06-16,01:55,4334.30,4334.70,4332.80,4334.00,154
2026-06-16,02:00,4334.60,4334.80,4330.70,4330.70,416
2026-06-16,02:05,4330.70,4333.00,4328.00,4331.70,742
2026-06-16,02:10,4332.40,4332.40,4329.70,4330.30,78
2026-06-16,02:15,4330.30,4332.40,4328.90,4331.30,119
2026-06-16,02:20,4331.60,4332.60,4330.50,4330.50,45
2026-06-16,02:25,4331.30,4333.80,4331.20,4333.70,94
2026-06-16,02:30,4333.70,4338.90,4333.30,4338.80,167
2026-06-16,02:35,4338.50,4339.00,4334.10,4334.60,115
2026-06-16,02:40,4334.20,4334.40,4330.30,4333.00,157
2026-06-16,02:45,4332.90,4334.80,4332.20,4333.00,87
2026-06-16,02:50,4333.10,4338.20,4332.60,4336.90,139
2026-06-16,02:55,4336.50,4341.60,4335.80,4339.70,126
2026-06-16,03:00,4339.80,4340.70,4338.00,4339.90,116
2026-06-16,03:05,4340.00,4341.10,4338.30,4338.30,82
2026-06-16,03:10,4338.50,4341.80,4338.20,4339.70,96
2026-06-16,03:15,4339.10,4340.60,4336.60,4338.10,148
2026-06-16,03:20,4338.40,4340.60,4337.00,4340.50,78
2026-06-16,03:25,4340.50,4343.40,4340.40,4342.20,120
2026-06-16,03:30,4342.40,4346.20,4340.60,4346.20,210
2026-06-16,03:35,4346.00,4349.00,4345.40,4348.10,231
2026-06-16,03:40,4348.30,4354.10,4347.80,4352.90,376
2026-06-16,03:45,4352.90,4353.80,4351.00,4352.40,131
2026-06-16,03:50,4352.20,4353.00,4349.60,4352.80,152
2026-06-16,03:55,4352.40,4353.90,4350.70,4351.40,117
2026-06-16,04:00,4352.10,4353.00,4350.80,4350.80,77
2026-06-16,04:05,4350.50,4351.70,4349.00,4349.20,100
2026-06-16,04:10,4349.30,4349.30,4346.60,4347.90,182
2026-06-16,04:15,4348.00,4348.60,4345.60,4346.70,103
2026-06-16,04:20,4347.20,4348.10,4345.40,4345.80,53
2026-06-16,04:25,4345.40,4345.50,4343.00,4343.90,124
2026-06-16,04:30,4343.90,4345.60,4342.80,4344.60,142
2026-06-16,04:35,4344.60,4346.20,4343.60,4344.70,197
2026-06-16,04:40,4344.80,4346.20,4344.00,4344.00,89
2026-06-16,04:45,4344.70,4345.00,4342.90,4344.50,86
2026-06-16,04:50,4344.60,4344.80,4342.10,4342.40,184
2026-06-16,04:55,4342.80,4344.70,4342.50,4343.20,96
2026-06-16,05:00,4343.40,4347.30,4342.80,4346.40,285
2026-06-16,05:05,4346.10,4350.30,4345.50,4349.40,185
2026-06-16,05:10,4349.00,4350.30,4346.90,4347.10,112
2026-06-16,05:15,4347.40,4349.20,4347.20,4347.90,37
2026-06-16,05:20,4347.50,4348.20,4346.00,4346.90,51
2026-06-16,05:25,4346.90,4348.40,4345.40,4348.40,64
2026-06-16,05:30,4348.00,4351.90,4340.30,4342.50,548
2026-06-16,05:35,4342.80,4345.30,4337.80,4337.80,274
2026-06-16,05:40,4337.10,4339.50,4336.90,4339.00,161
2026-06-16,05:45,4338.80,4340.60,4337.10,4339.00,177
2026-06-16,05:50,4339.30,4342.20,4339.20,4340.20,136
2026-06-16,05:55,4340.80,4342.00,4335.50,4337.20,508
2026-06-16,06:00,4337.40,4339.00,4334.20,4338.40,501
2026-06-16,06:05,4338.40,4339.30,4336.10,4337.80,122
2026-06-16,06:10,4338.50,4341.00,4337.20,4339.90,120
2026-06-16,06:15,4340.00,4340.00,4336.60,4338.50,134
2026-06-16,06:20,4338.80,4339.30,4335.40,4336.40,291
2026-06-16,06:25,4336.00,4339.20,4335.80,4337.80,219
2026-06-16,06:30,4337.80,4340.90,4335.30,4339.40,348
2026-06-16,06:35,4339.70,4341.50,4338.10,4338.70,219
2026-06-16,06:40,4338.70,4339.10,4336.60,4337.50,172
2026-06-16,06:45,4337.40,4340.50,4337.20,4339.40,83
2026-06-16,06:50,4339.00,4341.10,4338.20,4340.50,118
2026-06-16,06:55,4340.40,4345.50,4340.40,4345.00,300
2026-06-16,07:00,4345.10,4348.00,4343.50,4348.00,259
2026-06-16,07:05,4347.90,4349.60,4346.70,4347.70,353
2026-06-16,07:10,4347.90,4349.80,4346.80,4347.00,183
2026-06-16,07:15,4347.30,4349.00,4347.00,4349.00,98
2026-06-16,07:20,4348.90,4348.90,4345.40,4346.10,144
2026-06-16,07:25,4346.00,4351.00,4345.30,4350.10,318
2026-06-16,07:30,4350.00,4354.00,4349.30,4350.40,303
2026-06-16,07:35,4349.70,4351.60,4347.20,4351.20,200
2026-06-16,07:40,4352.00,4352.60,4348.50,4348.50,178
2026-06-16,07:45,4348.60,4351.20,4347.70,4349.30,215
2026-06-16,07:50,4349.40,4354.70,4349.40,4353.20,275
2026-06-16,07:55,4353.20,4357.10,4352.90,4356.60,312
2026-06-16,08:00,4356.40,4357.10,4354.20,4356.10,230
2026-06-16,08:05,4356.50,4360.60,4355.40,4360.60,358
2026-06-16,08:10,4360.90,4361.70,4358.20,4359.40,388
2026-06-16,08:15,4359.30,4363.50,4359.30,4360.20,304
2026-06-16,08:20,4360.70,4361.90,4359.00,4359.40,242
2026-06-16,08:25,4359.60,4365.30,4359.60,4362.80,599
2026-06-16,08:30,4362.80,4364.60,4361.00,4363.00,319
2026-06-16,08:35,4363.20,4364.90,4360.60,4362.20,364
2026-06-16,08:40,4362.60,4367.00,4361.40,4365.20,380
2026-06-16,08:45,4365.10,4365.70,4363.20,4364.10,128
2026-06-16,08:50,4364.00,4366.50,4362.30,4365.90,247
2026-06-16,08:55,4365.80,4369.50,4365.30,4368.30,381
2026-06-16,09:00,4368.10,4369.00,4365.40,4366.40,420
2026-06-16,09:05,4366.30,4369.80,4365.40,4368.70,264
2026-06-16,09:10,4368.40,4369.20,4366.80,4367.60,159
2026-06-16,09:15,4367.80,4367.80,4363.50,4364.00,336
2026-06-16,09:20,4364.30,4364.30,4361.10,4362.40,357
2026-06-16,09:25,4362.30,4362.40,4359.40,4361.00,865
2026-06-16,09:30,4361.00,4366.20,4360.60,4366.00,1025
2026-06-16,09:35,4366.10,4367.40,4365.10,4367.20,220
2026-06-16,09:40,4367.30,4367.50,4362.50,4362.80,257
2026-06-16,09:45,4363.40,4365.10,4361.20,4365.10,205
2026-06-16,09:50,4365.30,4369.00,4365.30,4368.90,306
2026-06-16,09:55,4369.20,4369.20,4365.90,4366.20,173
2026-06-16,10:00,4366.20,4366.30,4364.20,4364.50,172
2026-06-16,10:05,4364.70,4366.60,4364.40,4366.50,157
2026-06-16,10:10,4366.40,4367.50,4365.10,4366.80,280
2026-06-16,10:15,4367.00,4367.50,4365.20,4365.30,136
2026-06-16,10:20,4365.30,4367.50,4364.60,4367.10,182
2026-06-16,10:25,4367.10,4367.70,4365.40,4365.40,158
2026-06-16,10:30,4365.30,4366.30,4363.90,4363.90,127
2026-06-16,10:35,4363.60,4366.60,4363.10,4366.00,246
2026-06-16,10:40,4365.90,4367.80,4365.50,4367.70,88
2026-06-16,10:45,4367.60,4368.90,4367.50,4367.70,261
2026-06-16,10:50,4367.50,4369.90,4367.50,4368.30,242
2026-06-16,10:55,4368.30,4369.90,4367.50,4369.90,168
2026-06-16,11:00,4369.90,4370.60,4364.80,4365.10,471
2026-06-16,11:05,4365.40,4366.10,4360.60,4361.20,432
2026-06-16,11:10,4361.20,4363.20,4360.20,4362.70,391
2026-06-16,11:15,4362.20,4362.80,4359.10,4361.30,364
2026-06-16,11:20,4361.20,4361.70,4359.50,4361.50,213
2026-06-16,11:25,4361.80,4364.30,4360.80,4363.20,119
2026-06-16,11:30,4362.90,4363.10,4358.80,4361.60,593
2026-06-16,11:35,4361.60,4361.60,4355.70,4359.20,911
2026-06-16,11:40,4359.20,4360.80,4358.30,4359.60,214
2026-06-16,11:45,4359.30,4362.10,4357.60,4357.70,204
2026-06-16,11:50,4357.70,4361.90,4357.30,4360.40,304
2026-06-16,11:55,4360.80,4362.40,4357.90,4361.40,361
2026-06-16,12:00,4361.60,4363.40,4359.50,4359.80,419
2026-06-16,12:05,4360.00,4366.00,4359.00,4364.30,351
2026-06-16,12:10,4364.20,4366.90,4363.20,4365.40,230
2026-06-16,12:15,4365.40,4365.90,4361.50,4362.60,205
2026-06-16,12:20,4362.60,4364.30,4358.20,4362.90,602
2026-06-16,12:25,4362.70,4364.90,4359.90,4364.60,260
2026-06-16,12:30,4364.40,4368.00,4362.60,4365.20,586
2026-06-16,12:35,4365.40,4368.40,4363.90,4368.00,277
2026-06-16,12:40,4367.90,4371.00,4366.50,4370.90,617
2026-06-16,12:45,4370.90,4372.20,4369.50,4370.00,525
2026-06-16,12:50,4370.40,4376.00,4370.00,4372.30,1318
2026-06-16,12:55,4372.40,4376.50,4372.30,4375.90,294
2026-06-16,13:00,4375.90,4376.50,4368.40,4368.60,900
2026-06-16,13:05,4368.70,4369.80,4364.50,4364.50,641
2026-06-16,13:10,4364.30,4367.00,4363.30,4364.70,526
2026-06-16,13:15,4364.90,4366.00,4360.60,4361.50,439
2026-06-16,13:20,4361.50,4361.50,4354.30,4359.10,1023
2026-06-16,13:25,4359.10,4360.60,4355.00,4356.20,541
2026-06-16,13:30,4356.00,4361.90,4354.50,4359.30,718
2026-06-16,13:35,4359.60,4361.60,4357.60,4359.00,454
2026-06-16,13:40,4358.60,4360.80,4356.30,4359.90,442
2026-06-16,13:45,4360.20,4361.70,4355.10,4358.80,584
2026-06-16,13:50,4358.80,4361.60,4355.90,4358.10,934
2026-06-16,13:55,4357.80,4357.90,4352.60,4352.70,705
2026-06-16,14:00,4352.50,4359.90,4352.40,4359.90,1009
2026-06-16,14:05,4359.90,4360.00,4354.20,4354.80,611
2026-06-16,14:10,4355.10,4357.30,4353.50,4356.60,1417
2026-06-16,14:15,4356.50,4356.50,4343.50,4344.20,1475
2026-06-16,14:20,4344.00,4347.10,4342.30,4346.00,632
2026-06-16,14:25,4346.30,4346.70,4338.20,4340.50,1430
2026-06-16,14:30,4340.70,4342.20,4333.70,4338.40,1682
2026-06-16,14:35,4338.50,4346.50,4338.30,4345.90,1099
2026-06-16,14:40,4345.90,4349.30,4344.50,4345.10,679
2026-06-16,14:45,4345.10,4347.80,4343.70,4346.40,843
2026-06-16,14:50,4345.70,4348.40,4344.40,4345.20,334
2026-06-16,14:55,4345.50,4345.50,4342.30,4344.40,567
2026-06-16,15:00,4344.40,4347.70,4342.90,4344.00,550
2026-06-16,15:05,4343.70,4346.50,4343.40,4345.00,335
2026-06-16,15:10,4344.70,4347.20,4343.70,4345.10,299
2026-06-16,15:15,4345.20,4349.40,4344.50,4345.70,356
2026-06-16,15:20,4346.10,4348.40,4341.40,4342.20,533
2026-06-16,15:25,4342.10,4347.40,4341.90,4346.70,302
2026-06-16,15:30,4346.50,4348.40,4345.00,4347.00,305
2026-06-16,15:35,4347.40,4350.40,4343.60,4346.40,645
2026-06-16,15:40,4346.30,4347.50,4344.20,4347.30,275
2026-06-16,15:45,4347.30,4347.40,4342.60,4345.80,473
2026-06-16,15:50,4346.30,4359.30,4345.40,4359.00,1192
2026-06-16,15:55,4359.00,4364.50,4355.70,4355.70,1664
2026-06-16,16:00,4355.60,4360.00,4355.40,4358.10,533
2026-06-16,16:05,4358.50,4365.10,4358.40,4362.80,596
2026-06-16,16:10,4362.50,4368.10,4361.80,4366.70,968
2026-06-16,16:15,4367.00,4367.50,4364.10,4366.90,332
2026-06-16,16:20,4366.80,4366.80,4362.00,4364.10,477
2026-06-16,16:25,4363.70,4366.60,4363.20,4365.70,324
2026-06-16,16:30,4365.40,4366.20,4361.40,4361.90,375
2026-06-16,16:35,4361.70,4365.60,4361.00,4365.30,283
2026-06-16,16:40,4365.40,4366.30,4364.30,4365.00,208
2026-06-16,16:45,4365.00,4367.00,4364.60,4364.90,198
2026-06-16,16:50,4365.00,4367.60,4362.30,4362.60,314
2026-06-16,16:55,4362.60,4363.60,4361.20,4361.80,185
2026-06-16,17:00,4361.50,4361.70,4358.80,4360.60,393
2026-06-16,17:05,4360.10,4362.30,4359.50,4360.80,211
2026-06-16,17:10,4361.00,4361.10,4354.30,4356.60,794
2026-06-16,17:15,4356.30,4357.00,4351.20,4352.10,585
2026-06-16,17:20,4352.30,4352.70,4346.40,4349.60,1016
2026-06-16,17:25,4349.40,4356.80,4349.10,4356.00,1451
2026-06-16,17:30,4356.10,4359.40,4355.40,4358.50,491
2026-06-16,17:35,4358.70,4361.30,4357.20,4357.90,299
2026-06-16,17:40,4358.30,4360.60,4357.50,4359.90,163
2026-06-16,17:45,4359.90,4359.90,4357.20,4358.40,105
2026-06-16,17:50,4359.00,4361.80,4358.30,4360.70,317
2026-06-16,17:55,4360.60,4361.70,4360.30,4361.50,76
2026-06-16,18:00,4361.80,4364.30,4361.00,4362.00,161
2026-06-16,18:05,4362.40,4362.50,4360.40,4361.70,161
2026-06-16,18:10,4361.90,4364.00,4361.90,4363.20,198
2026-06-16,18:15,4362.70,4363.60,4360.70,4361.40,186
2026-06-16,18:20,4361.60,4362.30,4360.50,4361.10,170
2026-06-16,18:25,4361.30,4363.10,4360.60,4363.00,153
2026-06-16,18:30,4362.70,4364.40,4361.40,4361.60,151
2026-06-16,18:35,4361.60,4362.40,4359.60,4359.80,110
2026-06-16,18:40,4360.00,4360.90,4359.60,4360.00,157
2026-06-16,18:45,4360.20,4360.90,4357.80,4357.80,133
2026-06-16,18:50,4357.90,4359.80,4357.40,4359.70,160
2026-06-16,18:55,4359.50,4360.80,4358.80,4360.00,146
2026-06-16,19:00,4359.60,4363.90,4359.20,4363.30,130
2026-06-16,19:05,4363.10,4364.30,4362.20,4362.30,142
2026-06-16,19:10,4362.10,4362.60,4360.30,4360.50,115
2026-06-16,19:15,4360.60,4360.60,4357.60,4360.10,237
2026-06-16,19:20,4359.90,4362.20,4359.90,4361.20,103
2026-06-16,19:25,4361.40,4362.30,4361.00,4361.00,85
2026-06-16,19:30,4361.00,4361.40,4359.80,4360.50,169
2026-06-16,19:35,4360.60,4361.10,4358.90,4359.30,130
2026-06-16,19:40,4359.00,4360.60,4358.40,4360.00,211
2026-06-16,19:45,4360.30,4361.40,4358.70,4359.00,161
2026-06-16,19:50,4359.40,4360.60,4355.10,4355.70,521
2026-06-16,19:55,4355.50,4356.10,4352.40,4355.60,646
2026-06-16,20:00,4355.30,4355.60,4352.60,4354.10,208
2026-06-16,20:05,4354.40,4354.90,4353.40,4353.70,52
2026-06-16,20:10,4353.50,4354.80,4352.60,4352.70,178
2026-06-16,20:15,4352.50,4355.10,4352.50,4354.70,66
2026-06-16,20:20,4354.70,4355.30,4354.10,4355.30,35
2026-06-16,20:25,4355.20,4355.50,4354.50,4354.50,58
2026-06-16,20:30,4354.50,4355.10,4352.90,4353.50,80
2026-06-16,20:35,4353.80,4355.80,4353.80,4355.70,34
2026-06-16,20:40,4355.60,4356.70,4354.40,4355.20,98
2026-06-16,20:45,4355.10,4355.40,4351.90,4353.50,143
2026-06-16,20:50,4353.70,4354.50,4352.30,4352.80,82
2026-06-16,20:55,4352.60,4353.40,4351.30,4353.00,108
2026-06-16,22:00,4352.60,4355.30,4350.20,4351.50,0
2026-06-16,22:05,4351.30,4353.50,4351.30,4352.60,63
2026-06-16,22:10,4352.60,4352.80,4351.90,4351.90,71
2026-06-16,22:15,4351.80,4352.90,4349.10,4351.00,181
2026-06-16,22:20,4351.30,4351.90,4348.80,4349.10,96
2026-06-16,22:25,4348.80,4351.40,4348.70,4349.70,131
2026-06-16,22:30,4350.10,4353.00,4349.90,4351.80,107
2026-06-16,22:35,4351.70,4353.10,4351.10,4352.10,51
2026-06-16,22:40,4352.80,4352.90,4351.70,4352.60,167
2026-06-16,22:45,4353.00,4354.30,4352.60,4353.00,60
2026-06-16,22:50,4353.50,4354.40,4351.80,4353.90,65
2026-06-16,22:55,4353.70,4355.90,4353.40,4355.00,95
2026-06-16,23:00,4354.80,4355.00,4354.00,4354.00,17
2026-06-16,23:05,4353.60,4356.20,4353.60,4355.80,50
2026-06-16,23:10,4355.10,4358.00,4355.00,4356.10,163
2026-06-16,23:15,4356.50,4356.50,4355.30,4355.60,13
2026-06-16,23:20,4355.50,4356.20,4355.40,4355.50,20
2026-06-16,23:25,4355.60,4356.30,4355.60,4356.30,12
2026-06-16,23:30,4356.10,4356.10,4353.80,4354.80,81
2026-06-16,23:35,4355.40,4355.60,4352.80,4353.40,27
2026-06-16,23:40,4353.80,4354.50,4352.70,4354.10,25
2026-06-16,23:45,4354.00,4354.50,4352.10,4352.80,38
2026-06-16,23:50,4352.80,4352.80,4350.50,4351.90,64
2026-06-16,23:55,4351.70,4351.70,4349.10,4350.80,65
2026-06-17,00:00,4350.90,4355.50,4348.20,4354.00,185
2026-06-17,00:05,4353.90,4358.90,4353.30,4358.00,171
2026-06-17,00:10,4357.60,4359.80,4357.00,4357.30,141
2026-06-17,00:15,4357.90,4361.90,4357.90,4359.40,156
2026-06-17,00:20,4359.50,4359.90,4357.00,4357.70,140
2026-06-17,00:25,4357.90,4359.00,4356.20,4356.80,89
2026-06-17,00:30,4356.90,4358.50,4356.00,4358.00,84
2026-06-17,00:35,4358.00,4358.50,4354.40,4354.40,96
2026-06-17,00:40,4354.40,4356.30,4354.40,4355.00,62
2026-06-17,00:45,4354.90,4355.00,4351.70,4353.40,251
2026-06-17,00:50,4353.30,4358.00,4352.60,4354.90,166
2026-06-17,00:55,4354.70,4357.00,4354.50,4356.90,98
2026-06-17,01:00,4356.40,4363.80,4354.10,4362.00,592
2026-06-17,01:05,4361.40,4369.60,4360.40,4367.40,538
2026-06-17,01:10,4368.00,4369.80,4366.30,4367.50,164
2026-06-17,01:15,4367.90,4367.90,4361.40,4362.60,317
2026-06-17,01:20,4362.10,4362.80,4359.10,4361.10,246
2026-06-17,01:25,4361.30,4363.50,4359.60,4363.50,206
2026-06-17,01:30,4363.10,4364.00,4358.40,4358.90,231
2026-06-17,01:35,4359.40,4361.30,4358.40,4361.00,154
2026-06-17,01:40,4360.30,4361.50,4357.80,4359.80,112
2026-06-17,01:45,4359.30,4360.50,4356.80,4357.40,135
2026-06-17,01:50,4357.50,4360.80,4357.50,4360.00,98
2026-06-17,01:55,4360.00,4364.00,4360.00,4361.00,133
2026-06-17,02:00,4360.90,4362.70,4360.00,4361.00,94
2026-06-17,02:05,4361.10,4362.80,4359.90,4361.90,93
2026-06-17,02:10,4361.80,4364.40,4360.80,4362.70,103
2026-06-17,02:15,4362.50,4364.40,4361.50,4362.90,71
2026-06-17,02:20,4362.00,4364.20,4359.90,4361.10,139
2026-06-17,02:25,4361.60,4361.60,4359.40,4360.50,64
2026-06-17,02:30,4360.40,4364.00,4359.50,4360.20,110
2026-06-17,02:35,4361.00,4361.00,4357.70,4359.20,142
2026-06-17,02:40,4359.60,4360.70,4358.60,4358.80,61
2026-06-17,02:45,4358.80,4358.90,4351.40,4354.70,482
2026-06-17,02:50,4354.80,4356.20,4349.60,4349.90,211
2026-06-17,02:55,4350.10,4353.50,4350.10,4351.20,252
2026-06-17,03:00,4351.00,4353.60,4350.50,4351.60,90
2026-06-17,03:05,4351.40,4353.40,4350.30,4352.50,79
2026-06-17,03:10,4352.30,4352.30,4349.10,4350.20,124
2026-06-17,03:15,4349.90,4351.60,4348.40,4350.90,181
2026-06-17,03:20,4350.90,4352.00,4348.70,4349.90,115
2026-06-17,03:25,4348.70,4352.20,4348.70,4351.30,130
2026-06-17,03:30,4351.20,4352.70,4351.20,4352.40,142
2026-06-17,03:35,4352.00,4353.00,4349.60,4350.30,136
2026-06-17,03:40,4350.40,4353.30,4350.10,4353.00,82
2026-06-17,03:45,4352.60,4353.70,4352.10,4352.80,82
2026-06-17,03:50,4352.20,4353.70,4351.10,4352.50,107
2026-06-17,03:55,4352.60,4352.60,4350.00,4351.20,71
2026-06-17,04:00,4352.20,4352.20,4348.10,4349.30,160
2026-06-17,04:05,4349.40,4351.00,4348.80,4350.00,68
2026-06-17,04:10,4350.50,4351.80,4350.00,4350.20,58
2026-06-17,04:15,4349.70,4353.60,4349.40,4351.60,263
2026-06-17,04:20,4351.50,4351.70,4346.80,4349.00,171
2026-06-17,04:25,4348.80,4348.80,4343.30,4344.10,222
2026-06-17,04:30,4343.80,4345.20,4337.10,4337.50,378
2026-06-17,04:35,4337.80,4344.90,4337.80,4343.10,243
2026-06-17,04:40,4343.10,4343.80,4341.30,4342.50,106
2026-06-17,04:45,4342.50,4343.40,4342.00,4343.00,55
2026-06-17,04:50,4342.40,4345.00,4341.70,4344.80,102
2026-06-17,04:55,4344.60,4346.10,4343.40,4346.10,65
2026-06-17,05:00,4346.20,4347.50,4345.00,4345.30,193
2026-06-17,05:05,4344.60,4346.70,4343.70,4344.10,158
2026-06-17,05:10,4343.80,4344.10,4340.40,4342.20,104
2026-06-17,05:15,4342.10,4347.00,4340.60,4345.80,241
2026-06-17,05:20,4345.80,4346.00,4344.60,4344.60,63
2026-06-17,05:25,4344.50,4347.00,4343.90,4346.50,139
2026-06-17,05:30,4346.80,4352.70,4346.80,4349.40,640
2026-06-17,05:35,4349.50,4349.50,4347.00,4348.10,113
2026-06-17,05:40,4348.00,4349.70,4346.40,4349.50,139
2026-06-17,05:45,4349.40,4353.80,4348.90,4351.40,247
2026-06-17,05:50,4351.10,4352.60,4349.60,4349.60,150
2026-06-17,05:55,4349.50,4350.00,4343.90,4346.10,187
2026-06-17,06:00,4346.50,4347.70,4343.80,4347.30,342
2026-06-17,06:05,4347.70,4349.60,4346.70,4347.30,99
2026-06-17,06:10,4347.30,4349.60,4346.50,4348.80,172
2026-06-17,06:15,4348.50,4349.00,4343.00,4343.30,300
2026-06-17,06:20,4343.70,4345.50,4340.10,4343.60,291
2026-06-17,06:25,4343.50,4346.80,4341.80,4343.70,467
2026-06-17,06:30,4343.60,4346.00,4342.00,4345.70,174
2026-06-17,06:35,4345.90,4346.50,4343.40,4345.30,294
2026-06-17,06:40,4345.80,4348.70,4345.10,4347.30,203
2026-06-17,06:45,4347.30,4349.30,4346.30,4348.60,161
2026-06-17,06:50,4348.50,4349.80,4347.40,4349.00,109
2026-06-17,06:55,4348.80,4351.20,4348.00,4351.20,138
2026-06-17,07:00,4351.10,4352.50,4349.80,4350.10,179
2026-06-17,07:05,4350.10,4352.20,4348.50,4350.30,226
2026-06-17,07:10,4350.10,4351.70,4346.60,4346.90,190
2026-06-17,07:15,4347.00,4352.30,4346.10,4347.00,356
2026-06-17,07:20,4346.70,4349.70,4346.70,4348.40,115
2026-06-17,07:25,4348.30,4348.50,4346.70,4348.30,185
2026-06-17,07:30,4347.90,4349.70,4345.20,4345.20,143
2026-06-17,07:35,4345.00,4350.90,4344.80,4350.40,282
2026-06-17,07:40,4350.50,4351.10,4348.00,4348.20,211
2026-06-17,07:45,4348.50,4348.90,4345.80,4346.20,491
2026-06-17,07:50,4346.10,4348.30,4344.60,4344.60,208
2026-06-17,07:55,4344.70,4347.60,4344.10,4344.70,164
2026-06-17,08:00,4344.80,4346.40,4343.30,4345.60,179
2026-06-17,08:05,4345.40,4347.50,4345.00,4346.60,90
2026-06-17,08:10,4346.50,4346.50,4341.50,4342.20,200
2026-06-17,08:15,4342.10,4342.80,4338.80,4342.20,576
2026-06-17,08:20,4341.70,4343.60,4340.10,4343.60,127
2026-06-17,08:25,4343.40,4344.40,4341.70,4343.20,145
2026-06-17,08:30,4342.70,4343.90,4339.10,4342.80,187
2026-06-17,08:35,4342.90,4343.40,4339.50,4339.50,120
2026-06-17,08:40,4339.20,4341.20,4337.90,4339.20,166
2026-06-17,08:45,4339.10,4339.60,4335.60,4338.20,315
2026-06-17,08:50,4338.40,4344.30,4337.40,4344.00,305
2026-06-17,08:55,4344.10,4345.00,4342.40,4344.20,171
2026-06-17,09:00,4344.40,4344.40,4340.50,4342.90,161
2026-06-17,09:05,4343.30,4343.60,4341.40,4341.40,62
2026-06-17,09:10,4341.20,4345.30,4341.20,4344.70,124
2026-06-17,09:15,4345.00,4347.10,4345.00,4346.30,192
2026-06-17,09:20,4346.00,4347.70,4345.40,4346.90,204
2026-06-17,09:25,4346.80,4352.60,4346.80,4351.00,751
2026-06-17,09:30,4351.10,4355.10,4347.90,4348.50,552
2026-06-17,09:35,4349.20,4350.80,4348.30,4348.60,238
2026-06-17,09:40,4348.60,4350.40,4347.80,4348.00,186
2026-06-17,09:45,4348.30,4348.90,4346.50,4346.80,164
2026-06-17,09:50,4347.00,4347.80,4345.20,4346.50,155
2026-06-17,09:55,4346.60,4349.30,4346.10,4349.30,96
2026-06-17,10:00,4349.20,4349.40,4347.50,4348.30,139
2026-06-17,10:05,4348.20,4349.40,4347.40,4349.40,50
2026-06-17,10:10,4349.10,4350.50,4346.90,4350.30,98
2026-06-17,10:15,4350.10,4350.30,4347.60,4347.70,65
2026-06-17,10:20,4347.80,4348.30,4346.50,4348.20,79
2026-06-17,10:25,4348.30,4348.90,4346.20,4348.60,159
2026-06-17,10:30,4348.80,4350.00,4346.80,4347.10,138
2026-06-17,10:35,4347.10,4350.00,4347.00,4349.40,87
2026-06-17,10:40,4349.00,4350.80,4347.80,4350.70,93
2026-06-17,10:45,4350.50,4354.00,4350.50,4352.20,366
2026-06-17,10:50,4352.40,4355.10,4350.60,4350.60,239
2026-06-17,10:55,4351.00,4352.70,4350.30,4351.10,123
2026-06-17,11:00,4351.30,4351.50,4348.00,4348.00,195
2026-06-17,11:05,4348.10,4350.50,4347.20,4348.10,142
2026-06-17,11:10,4348.20,4349.40,4347.50,4348.60,226
2026-06-17,11:15,4348.40,4351.40,4347.90,4350.10,88
2026-06-17,11:20,4349.80,4350.10,4348.60,4348.60,89
2026-06-17,11:25,4348.10,4349.40,4347.50,4348.00,99
2026-06-17,11:30,4348.40,4348.50,4345.00,4345.00,288
2026-06-17,11:35,4345.00,4346.40,4344.30,4346.00,148
2026-06-17,11:40,4346.30,4346.50,4343.40,4345.20,190
2026-06-17,11:45,4345.00,4346.60,4342.80,4344.30,238
2026-06-17,11:50,4344.70,4345.70,4343.00,4345.70,131
2026-06-17,11:55,4345.40,4345.40,4340.00,4342.60,335
2026-06-17,12:00,4342.80,4344.30,4340.70,4341.20,308
2026-06-17,12:05,4341.20,4344.00,4339.10,4342.20,645
2026-06-17,12:10,4342.40,4344.20,4338.70,4342.60,529
2026-06-17,12:15,4342.60,4343.50,4341.00,4342.80,172
2026-06-17,12:20,4343.00,4347.00,4342.00,4346.10,543
2026-06-17,12:25,4346.50,4346.80,4343.20,4343.80,264
2026-06-17,12:30,4344.50,4350.20,4342.70,4348.50,484
2026-06-17,12:35,4348.30,4351.70,4347.60,4350.10,390
2026-06-17,12:40,4350.00,4351.70,4349.00,4351.10,249
2026-06-17,12:45,4351.50,4354.40,4350.70,4353.10,489
2026-06-17,12:50,4353.00,4355.20,4351.90,4352.10,291
2026-06-17,12:55,4352.40,4355.00,4351.90,4353.30,378
2026-06-17,13:00,4353.40,4354.10,4348.30,4349.40,636
2026-06-17,13:05,4350.20,4350.40,4343.70,4346.80,541
2026-06-17,13:10,4347.10,4354.00,4347.10,4351.40,575
2026-06-17,13:15,4351.50,4353.60,4350.40,4351.70,330
2026-06-17,13:20,4351.90,4358.60,4351.00,4356.20,701
2026-06-17,13:25,4356.20,4357.00,4353.70,4355.30,463
2026-06-17,13:30,4355.60,4357.60,4352.30,4354.60,545
2026-06-17,13:35,4354.70,4361.00,4354.00,4357.50,951
2026-06-17,13:40,4357.70,4361.90,4356.30,4361.30,627
2026-06-17,13:45,4361.70,4364.50,4360.10,4362.20,1316
2026-06-17,13:50,4362.00,4365.50,4359.40,4360.20,1254
2026-06-17,13:55,4360.60,4362.90,4359.20,4359.80,742
2026-06-17,14:00,4359.60,4361.40,4355.50,4360.70,1420
2026-06-17,14:05,4360.60,4366.40,4359.80,4363.30,1153
2026-06-17,14:10,4362.90,4364.60,4359.90,4362.50,614
2026-06-17,14:15,4362.50,4363.30,4360.90,4361.60,526
2026-06-17,14:20,4361.90,4382.40,4361.10,4377.90,1977
2026-06-17,14:25,4378.00,4381.50,4375.10,4380.40,1701
2026-06-17,14:30,4380.00,4384.20,4378.00,4380.60,1342
2026-06-17,14:35,4380.80,4380.90,4370.20,4372.10,1231
2026-06-17,14:40,4372.20,4373.30,4367.10,4372.00,889
2026-06-17,14:45,4372.10,4375.60,4349.90,4365.40,3351
2026-06-17,14:50,4365.70,4372.10,4363.70,4366.80,860
2026-06-17,14:55,4366.20,4368.30,4362.90,4364.10,742
2026-06-17,15:00,4363.80,4367.90,4363.70,4366.50,367
2026-06-17,15:05,4366.90,4368.20,4363.70,4364.70,268
2026-06-17,15:10,4364.30,4368.30,4363.60,4367.90,366
2026-06-17,15:15,4367.60,4374.40,4366.90,4373.60,1041
2026-06-17,15:20,4374.00,4379.50,4373.10,4378.70,653
2026-06-17,15:25,4379.00,4380.00,4374.20,4375.20,585
2026-06-17,15:30,4375.40,4381.20,4374.40,4379.00,484
2026-06-17,15:35,4378.70,4379.80,4376.20,4379.70,284
2026-06-17,15:40,4379.40,4379.40,4375.60,4378.10,285
2026-06-17,15:45,4378.10,4380.00,4377.80,4378.70,340
2026-06-17,15:50,4378.70,4380.40,4377.00,4378.80,316
2026-06-17,15:55,4379.00,4385.50,4379.00,4383.60,960
2026-06-17,16:00,4383.30,4386.20,4382.50,4383.20,682
2026-06-17,16:05,4383.00,4384.60,4381.60,4383.10,281
2026-06-17,16:10,4382.50,4383.40,4380.60,4382.40,254
2026-06-17,16:15,4382.50,4385.60,4380.80,4385.50,522
2026-06-17,16:20,4385.30,4386.70,4383.50,4385.50,272
2026-06-17,16:25,4385.50,4385.80,4383.80,4385.30,240
2026-06-17,16:30,4385.30,4385.40,4381.70,4382.00,361
2026-06-17,16:35,4381.90,4382.10,4379.30,4380.00,207
2026-06-17,16:40,4380.10,4380.10,4375.20,4377.90,422
2026-06-17,16:45,4378.00,4378.80,4376.20,4377.00,257
2026-06-17,16:50,4377.20,4378.80,4376.50,4377.50,329
2026-06-17,16:55,4377.60,4380.10,4377.10,4379.80,271
2026-06-17,17:00,4379.60,4379.90,4375.70,4376.80,483
2026-06-17,17:05,4376.80,4380.70,4376.00,4379.50,825
2026-06-17,17:10,4380.00,4381.60,4377.70,4379.50,257
2026-06-17,17:15,4379.20,4384.60,4378.20,4382.40,407
2026-06-17,17:20,4382.30,4383.50,4381.40,4382.30,340
2026-06-17,17:25,4382.50,4384.30,4380.50,4381.70,896
2026-06-17,17:30,4381.40,4402.80,4381.20,4397.80,2736
2026-06-17,17:35,4398.40,4398.60,4390.70,4395.10,1327
2026-06-17,17:40,4395.00,4402.50,4395.00,4396.70,1142
2026-06-17,17:45,4397.10,4399.10,4394.60,4396.50,364
2026-06-17,17:50,4396.70,4403.60,4395.40,4398.50,664
2026-06-17,17:55,4398.60,4402.10,4397.80,4401.10,891
2026-06-17,18:00,4399.60,4399.60,4335.70,4336.60,8853
2026-06-17,18:05,4336.60,4339.10,4305.20,4314.00,5996
2026-06-17,18:10,4314.10,4318.20,4296.10,4303.30,3316
2026-06-17,18:15,4304.00,4328.00,4302.10,4326.20,3080
2026-06-17,18:20,4326.50,4327.80,4310.50,4312.10,1302
2026-06-17,18:25,4311.90,4313.90,4304.60,4312.60,1288
2026-06-17,18:30,4311.70,4334.00,4288.30,4290.20,5288
2026-06-17,18:35,4290.50,4331.60,4289.70,4322.50,2805
2026-06-17,18:40,4323.00,4347.00,4315.40,4343.20,3204
2026-06-17,18:45,4343.40,4352.50,4333.90,4338.30,2201
2026-06-17,18:50,4338.00,4344.00,4329.10,4330.40,1190
2026-06-17,18:55,4330.00,4331.10,4296.00,4305.20,3356
2026-06-17,19:00,4305.00,4315.00,4291.00,4291.50,2154
2026-06-17,19:05,4290.70,4298.90,4281.50,4287.30,2776
2026-06-17,19:10,4287.00,4293.40,4277.60,4283.00,2897
2026-06-17,19:15,4282.70,4283.60,4259.30,4263.50,3255
2026-06-17,19:20,4262.60,4265.10,4254.00,4255.10,2000
2026-06-17,19:25,4255.40,4263.90,4244.90,4245.80,2187
2026-06-17,19:30,4245.60,4255.20,4239.20,4245.60,3653
2026-06-17,19:35,4246.00,4250.50,4237.80,4240.00,1538
2026-06-17,19:40,4240.30,4254.60,4237.40,4249.20,2922
2026-06-17,19:45,4249.30,4262.70,4247.40,4257.30,2730
2026-06-17,19:50,4257.10,4265.50,4253.10,4256.80,1490
2026-06-17,19:55,4256.80,4262.50,4253.60,4254.30,1012
2026-06-17,20:00,4254.20,4264.80,4253.30,4259.10,699
2026-06-17,20:05,4259.50,4273.50,4259.30,4272.60,1185
2026-06-17,20:10,4272.70,4279.30,4271.50,4276.00,902
2026-06-17,20:15,4276.80,4286.30,4272.80,4286.30,1138
2026-06-17,20:20,4285.90,4289.00,4276.60,4278.60,908
2026-06-17,20:25,4278.80,4282.60,4277.50,4277.50,369
2026-06-17,20:30,4277.50,4281.90,4277.50,4279.30,245
2026-06-17,20:35,4279.00,4284.90,4278.00,4283.50,414
2026-06-17,20:40,4283.50,4284.00,4278.80,4279.50,201
2026-06-17,20:45,4279.90,4281.60,4277.80,4277.80,116
2026-06-17,20:50,4277.80,4279.20,4275.30,4277.40,172
2026-06-17,20:55,4277.40,4278.10,4275.10,4276.30,140
2026-06-17,22:00,4275.10,4278.00,4273.30,4277.50,0
2026-06-17,22:05,4277.80,4287.30,4277.80,4285.90,417
2026-06-17,22:10,4285.50,4287.00,4280.60,4284.80,296
2026-06-17,22:15,4284.90,4288.90,4283.80,4287.50,302
2026-06-17,22:20,4287.20,4290.50,4286.70,4288.00,205
2026-06-17,22:25,4287.70,4289.20,4283.70,4286.00,370
2026-06-17,22:30,4285.50,4287.80,4284.00,4284.40,184
2026-06-17,22:35,4284.50,4286.70,4282.40,4286.20,192
2026-06-17,22:40,4286.20,4286.40,4282.70,4282.70,46
2026-06-17,22:45,4283.30,4284.10,4279.30,4283.10,176
2026-06-17,22:50,4282.80,4287.70,4282.70,4286.80,244
2026-06-17,22:55,4287.00,4289.90,4285.40,4285.80,163
2026-06-17,23:00,4285.70,4286.20,4283.20,4283.90,156
2026-06-17,23:05,4284.20,4294.00,4283.70,4293.10,245
2026-06-17,23:10,4292.70,4301.70,4292.50,4301.40,402
2026-06-17,23:15,4301.40,4302.00,4294.50,4295.90,319
2026-06-17,23:20,4296.00,4302.60,4296.00,4297.20,371
2026-06-17,23:25,4297.30,4303.00,4296.60,4299.00,285
2026-06-17,23:30,4298.80,4301.70,4297.00,4300.00,285
2026-06-17,23:35,4300.00,4300.00,4293.60,4293.60,281
2026-06-17,23:40,4293.20,4295.50,4287.40,4295.40,418
2026-06-17,23:45,4295.40,4298.30,4292.30,4292.30,287
2026-06-17,23:50,4293.20,4296.50,4291.70,4294.60,188
2026-06-17,23:55,4294.90,4297.30,4292.60,4297.20,98
2026-06-18,00:00,4297.60,4311.70,4296.20,4311.30,627
2026-06-18,00:05,4311.40,4317.90,4310.70,4313.00,420
2026-06-18,00:10,4312.70,4318.80,4311.30,4317.10,457
2026-06-18,00:15,4316.90,4320.00,4315.30,4316.50,345
2026-06-18,00:20,4315.70,4320.90,4315.10,4315.90,502
2026-06-18,00:25,4315.90,4320.80,4313.80,4319.90,340
2026-06-18,00:30,4320.00,4328.50,4319.50,4326.10,722
2026-06-18,00:35,4326.20,4329.50,4322.40,4324.60,457
2026-06-18,00:40,4324.60,4331.20,4323.80,4330.40,245
2026-06-18,00:45,4330.60,4333.70,4327.70,4333.30,366
2026-06-18,00:50,4333.10,4335.00,4330.90,4333.80,400
2026-06-18,00:55,4333.80,4334.10,4328.00,4328.00,606
2026-06-18,01:00,4328.80,4348.00,4326.30,4341.20,1642
2026-06-18,01:05,4341.70,4345.00,4338.90,4341.00,526
2026-06-18,01:10,4341.10,4348.90,4340.80,4342.90,437
2026-06-18,01:15,4342.60,4343.70,4335.70,4337.30,632
2026-06-18,01:20,4337.10,4343.20,4335.00,4339.20,315
2026-06-18,01:25,4340.00,4341.80,4337.90,4339.20,130
2026-06-18,01:30,4339.20,4341.50,4337.00,4337.80,423
2026-06-18,01:35,4337.70,4342.10,4337.30,4340.10,380
2026-06-18,01:40,4339.90,4345.30,4337.60,4342.50,455
2026-06-18,01:45,4342.10,4346.10,4339.30,4341.80,318
2026-06-18,01:50,4341.00,4341.30,4337.00,4338.60,322
2026-06-18,01:55,4338.40,4340.00,4337.60,4337.70,155
2026-06-18,02:00,4338.00,4342.40,4336.10,4342.00,339
2026-06-18,02:05,4341.80,4346.80,4339.30,4345.80,348
2026-06-18,02:10,4345.30,4350.20,4344.80,4347.30,522
2026-06-18,02:15,4347.10,4350.00,4346.40,4346.50,410
2026-06-18,02:20,4346.80,4347.30,4344.40,4345.80,148
2026-06-18,02:25,4345.50,4346.00,4343.40,4344.50,169
2026-06-18,02:30,4344.30,4345.40,4340.80,4343.10,319
2026-06-18,02:35,4342.80,4343.00,4337.40,4341.00,335
2026-06-18,02:40,4341.80,4343.10,4336.10,4336.60,319
2026-06-18,02:45,4336.30,4338.90,4331.90,4334.20,358
2026-06-18,02:50,4333.40,4336.20,4331.60,4333.80,195
2026-06-18,02:55,4334.00,4335.00,4330.40,4331.00,301
2026-06-18,03:00,4331.30,4332.30,4328.90,4331.90,279
2026-06-18,03:05,4332.20,4336.20,4331.80,4332.80,284
2026-06-18,03:10,4332.90,4333.40,4329.70,4331.30,210
2026-06-18,03:15,4332.90,4335.20,4330.40,4334.40,238
2026-06-18,03:20,4334.20,4336.80,4333.40,4335.90,169
2026-06-18,03:25,4335.70,4336.60,4332.40,4334.30,343
2026-06-18,03:30,4334.80,4340.70,4333.30,4339.70,715
2026-06-18,03:35,4339.90,4343.00,4338.30,4341.00,336
2026-06-18,03:40,4340.70,4342.00,4337.90,4339.00,147
2026-06-18,03:45,4338.90,4341.00,4338.00,4338.20,120
2026-06-18,03:50,4338.50,4339.50,4336.70,4338.60,109
2026-06-18,03:55,4338.40,4340.60,4337.60,4339.60,81
2026-06-18,04:00,4340.00,4344.20,4339.60,4340.70,272
2026-06-18,04:05,4340.60,4341.00,4336.50,4337.10,314
2026-06-18,04:10,4337.20,4338.50,4334.90,4338.20,194
2026-06-18,04:15,4338.10,4339.30,4335.60,4335.60,126
2026-06-18,04:20,4335.40,4335.50,4331.60,4334.00,242
2026-06-18,04:25,4332.80,4335.10,4332.30,4333.70,117
2026-06-18,04:30,4333.60,4337.40,4333.10,4336.60,120
2026-06-18,04:35,4336.80,4338.30,4332.40,4332.90,253
2026-06-18,04:40,4333.20,4334.00,4330.00,4330.00,182
2026-06-18,04:45,4330.10,4335.50,4330.00,4335.50,394
2026-06-18,04:50,4335.40,4336.20,4333.80,4335.60,103
2026-06-18,04:55,4335.70,4337.50,4335.10,4336.00,178
2026-06-18,05:00,4335.80,4337.40,4332.50,4335.30,135
2026-06-18,05:05,4335.00,4338.60,4334.60,4337.90,122
2026-06-18,05:10,4337.40,4338.60,4335.20,4335.60,123
2026-06-18,05:15,4336.40,4342.80,4335.80,4341.70,256
2026-06-18,05:20,4341.50,4342.10,4339.10,4339.40,170
2026-06-18,05:25,4339.60,4343.30,4338.90,4343.30,167
2026-06-18,05:30,4343.00,4345.20,4339.60,4343.00,413
2026-06-18,05:35,4342.70,4344.00,4336.50,4336.70,191
2026-06-18,05:40,4336.80,4338.40,4329.60,4330.50,564
2026-06-18,05:45,4330.10,4331.40,4322.00,4323.00,1159
2026-06-18,05:50,4322.90,4330.20,4321.50,4327.90,526
2026-06-18,05:55,4328.40,4330.10,4327.00,4328.00,211
2026-06-18,06:00,4328.40,4330.30,4326.70,4327.50,304
2026-06-18,06:05,4327.50,4327.50,4316.60,4321.30,628
2026-06-18,06:10,4321.10,4321.30,4316.40,4319.40,386
2026-06-18,06:15,4318.90,4322.70,4316.30,4319.00,300
2026-06-18,06:20,4319.10,4325.70,4319.10,4323.00,247
2026-06-18,06:25,4323.60,4325.40,4320.40,4325.40,328
2026-06-18,06:30,4325.00,4325.40,4323.00,4324.10,217
2026-06-18,06:35,4323.60,4323.60,4319.60,4321.00,286
2026-06-18,06:40,4321.30,4322.30,4319.30,4321.80,209
2026-06-18,06:45,4321.40,4327.80,4321.40,4324.50,267
2026-06-18,06:50,4325.00,4326.30,4323.40,4325.60,199
2026-06-18,06:55,4326.00,4327.40,4324.10,4326.60,386
2026-06-18,07:00,4326.40,4327.80,4323.30,4324.10,392
2026-06-18,07:05,4323.90,4325.30,4320.40,4324.80,346
2026-06-18,07:10,4325.20,4329.30,4324.40,4327.00,288
2026-06-18,07:15,4327.00,4329.70,4325.50,4327.50,216
2026-06-18,07:20,4327.50,4329.20,4324.60,4325.00,345
2026-06-18,07:25,4324.60,4328.00,4323.80,4327.60,198
2026-06-18,07:30,4327.20,4327.20,4315.40,4318.00,613
2026-06-18,07:35,4318.50,4319.20,4313.30,4314.20,447
2026-06-18,07:40,4314.30,4317.80,4312.80,4317.30,198
2026-06-18,07:45,4317.90,4318.50,4314.70,4314.70,184
2026-06-18,07:50,4314.90,4316.10,4311.00,4311.70,315
2026-06-18,07:55,4311.90,4313.30,4307.10,4308.40,478
2026-06-18,08:00,4308.60,4312.10,4305.10,4309.80,623
2026-06-18,08:05,4309.80,4312.60,4308.40,4310.90,253
2026-06-18,08:10,4310.90,4311.30,4303.50,4306.70,344
2026-06-18,08:15,4306.40,4309.70,4305.30,4307.20,266
2026-06-18,08:20,4307.70,4308.30,4305.10,4305.90,146
2026-06-18,08:25,4306.80,4307.90,4302.60,4304.10,328
2026-06-18,08:30,4304.10,4309.00,4302.30,4304.80,556
2026-06-18,08:35,4304.60,4307.60,4300.10,4304.90,428
2026-06-18,08:40,4304.60,4305.30,4300.10,4300.70,457
2026-06-18,08:45,4300.80,4300.90,4296.30,4298.40,706
2026-06-18,08:50,4298.50,4298.60,4292.80,4296.60,427
2026-06-18,08:55,4296.20,4296.60,4284.60,4285.90,787
2026-06-18,09:00,4286.00,4288.50,4280.40,4287.90,844
2026-06-18,09:05,4287.70,4288.30,4284.40,4285.20,455
2026-06-18,09:10,4284.60,4286.80,4278.60,4286.30,648
2026-06-18,09:15,4286.60,4291.90,4285.50,4291.60,443
2026-06-18,09:20,4291.40,4292.50,4286.20,4286.50,359
2026-06-18,09:25,4286.30,4289.00,4284.40,4285.40,599
2026-06-18,09:30,4285.20,4287.50,4283.80,4284.80,927
2026-06-18,09:35,4284.20,4288.20,4282.60,4286.20,388
2026-06-18,09:40,4287.00,4287.70,4285.10,4287.70,191
2026-06-18,09:45,4287.60,4289.40,4286.60,4288.30,223
2026-06-18,09:50,4288.60,4292.60,4287.80,4289.40,447
2026-06-18,09:55,4289.40,4290.70,4286.70,4287.70,371
2026-06-18,10:00,4287.60,4289.00,4284.20,4287.30,331
2026-06-18,10:05,4287.30,4288.70,4281.40,4283.10,376
2026-06-18,10:10,4283.20,4287.70,4280.50,4287.20,427
2026-06-18,10:15,4287.10,4289.30,4286.10,4288.90,186
2026-06-18,10:20,4288.60,4291.90,4282.60,4284.90,990
2026-06-18,10:25,4284.60,4288.70,4282.20,4288.40,438
2026-06-18,10:30,4288.50,4289.50,4284.00,4284.90,324
2026-06-18,10:35,4284.80,4285.90,4282.90,4285.70,138
2026-06-18,10:40,4285.40,4286.20,4282.10,4282.80,216
2026-06-18,10:45,4283.20,4285.50,4280.70,4281.30,284
2026-06-18,10:50,4281.20,4281.70,4277.30,4280.00,362
2026-06-18,10:55,4279.50,4279.50,4273.20,4273.90,469
2026-06-18,11:00,4274.20,4274.20,4268.30,4271.00,966
2026-06-18,11:05,4270.10,4271.50,4265.40,4266.60,487
2026-06-18,11:10,4267.00,4267.30,4258.60,4266.10,1150
2026-06-18,11:15,4265.80,4268.60,4262.20,4264.10,770
2026-06-18,11:20,4263.90,4267.70,4262.70,4266.50,283
2026-06-18,11:25,4266.60,4269.10,4264.40,4268.00,410
2026-06-18,11:30,4267.90,4268.10,4266.00,4267.40,171
2026-06-18,11:35,4267.40,4269.70,4261.00,4261.60,1031
2026-06-18,11:40,4261.40,4264.80,4261.00,4262.60,336
2026-06-18,11:45,4262.70,4264.50,4260.00,4260.30,556
2026-06-18,11:50,4260.10,4264.70,4257.90,4261.60,950
2026-06-18,11:55,4260.90,4261.80,4258.50,4260.60,269
2026-06-18,12:00,4260.50,4264.30,4260.10,4262.00,479
2026-06-18,12:05,4262.20,4263.80,4259.00,4262.90,289
2026-06-18,12:10,4262.80,4277.10,4262.00,4275.30,1536
2026-06-18,12:15,4275.70,4279.80,4274.10,4279.50,728
2026-06-18,12:20,4279.30,4288.60,4279.00,4282.30,1575
2026-06-18,12:25,4282.50,4284.70,4273.20,4273.90,1192
2026-06-18,12:30,4273.90,4277.60,4267.80,4268.80,1016
2026-06-18,12:35,4268.70,4271.10,4260.40,4261.30,1085
2026-06-18,12:40,4261.00,4270.40,4259.70,4261.80,1013
2026-06-18,12:45,4261.90,4266.50,4261.00,4263.50,679
2026-06-18,12:50,4263.00,4264.40,4259.20,4262.30,786
2026-06-18,12:55,4263.00,4266.90,4259.60,4265.10,801
2026-06-18,13:00,4265.00,4268.00,4263.50,4265.40,610
2026-06-18,13:05,4265.00,4272.60,4264.40,4270.60,655
2026-06-18,13:10,4270.70,4278.20,4270.30,4278.20,577
2026-06-18,13:15,4278.30,4280.60,4276.40,4277.50,600
2026-06-18,13:20,4277.60,4277.70,4271.60,4276.40,665
2026-06-18,13:25,4276.80,4282.50,4276.60,4282.10,715
2026-06-18,13:30,4282.00,4296.20,4281.90,4291.50,2250
2026-06-18,13:35,4291.50,4293.50,4287.90,4292.00,1288
2026-06-18,13:40,4291.50,4291.60,4282.50,4283.60,871
2026-06-18,13:45,4283.80,4284.60,4272.20,4279.50,1168
2026-06-18,13:50,4279.50,4282.80,4275.90,4280.30,722
2026-06-18,13:55,4280.60,4280.80,4269.80,4275.50,1027
2026-06-18,14:00,4275.30,4277.30,4257.20,4266.80,3721
2026-06-18,14:05,4266.50,4266.80,4258.80,4262.70,1729
2026-06-18,14:10,4261.90,4263.50,4258.30,4260.20,761
2026-06-18,14:15,4259.70,4269.60,4255.00,4268.50,2228
2026-06-18,14:20,4268.50,4275.10,4265.20,4272.00,867
2026-06-18,14:25,4272.10,4274.60,4263.50,4263.50,702
2026-06-18,14:30,4263.40,4269.00,4260.80,4268.50,710
2026-06-18,14:35,4269.00,4271.70,4267.00,4270.60,752
2026-06-18,14:40,4270.70,4270.70,4260.30,4263.80,741
2026-06-18,14:45,4263.50,4265.00,4258.90,4262.40,594
2026-06-18,14:50,4262.30,4266.40,4259.30,4266.10,554
2026-06-18,14:55,4266.10,4274.30,4265.10,4271.70,950
2026-06-18,15:00,4271.90,4274.00,4267.50,4270.30,584
2026-06-18,15:05,4270.10,4274.20,4268.60,4272.70,336
2026-06-18,15:10,4272.10,4273.80,4265.50,4266.30,497
2026-06-18,15:15,4266.40,4268.40,4258.20,4261.20,1180
2026-06-18,15:20,4261.20,4263.70,4258.40,4259.20,570
2026-06-18,15:25,4259.90,4261.20,4253.20,4254.90,931
2026-06-18,15:30,4254.20,4255.60,4245.40,4252.20,1959
2026-06-18,15:35,4252.20,4253.20,4242.60,4245.80,919
2026-06-18,15:40,4246.20,4254.50,4246.10,4250.50,736
2026-06-18,15:45,4250.20,4250.60,4245.70,4245.90,598
2026-06-18,15:50,4246.10,4247.20,4241.70,4243.30,745
2026-06-18,15:55,4243.40,4249.20,4243.30,4245.50,887
2026-06-18,16:00,4245.80,4251.10,4245.00,4245.80,669
2026-06-18,16:05,4245.70,4252.50,4245.00,4250.80,676
2026-06-18,16:10,4251.60,4252.40,4246.50,4246.60,538
2026-06-18,16:15,4246.80,4247.90,4241.30,4242.50,1131
2026-06-18,16:20,4242.60,4246.10,4241.20,4241.70,720
2026-06-18,16:25,4241.40,4245.30,4241.30,4244.00,485
2026-06-18,16:30,4244.60,4248.90,4240.80,4241.10,689
2026-06-18,16:35,4241.10,4242.60,4234.20,4242.40,2255
2026-06-18,16:40,4242.50,4245.20,4239.70,4241.30,696
2026-06-18,16:45,4241.40,4241.60,4236.60,4237.30,517
2026-06-18,16:50,4236.90,4237.80,4233.00,4236.60,691
2026-06-18,16:55,4236.70,4238.70,4233.00,4238.70,538
2026-06-18,17:00,4238.70,4243.70,4237.80,4243.00,395
2026-06-18,17:05,4242.90,4245.90,4242.40,4243.80,486
2026-06-18,17:10,4244.10,4247.50,4241.10,4247.30,1050
2026-06-18,17:15,4246.80,4250.60,4246.30,4249.40,703
2026-06-18,17:20,4249.40,4250.90,4246.20,4248.00,953
2026-06-18,17:25,4247.50,4248.10,4244.80,4245.30,1293
2026-06-18,17:30,4245.10,4247.10,4242.40,4242.40,730
2026-06-18,17:35,4242.00,4244.40,4241.50,4243.20,412
2026-06-18,17:40,4243.50,4249.40,4243.30,4249.40,402
2026-06-18,17:45,4249.00,4249.00,4246.30,4247.80,212
2026-06-18,17:50,4248.20,4252.50,4248.00,4252.10,370
2026-06-18,17:55,4251.30,4251.70,4248.90,4249.50,248
2026-06-18,18:00,4249.20,4249.50,4246.20,4247.40,253
2026-06-18,18:05,4247.70,4251.10,4247.70,4250.90,130
2026-06-18,18:10,4250.90,4252.10,4247.30,4247.30,132
2026-06-18,18:15,4247.20,4249.00,4245.20,4247.30,184
2026-06-18,18:20,4246.90,4247.90,4245.30,4246.90,101
2026-06-18,18:25,4247.00,4248.30,4244.40,4245.20,154
2026-06-18,18:30,4245.10,4245.20,4240.60,4241.60,621
2026-06-18,18:35,4242.10,4242.20,4239.50,4240.00,189
2026-06-18,18:40,4240.00,4244.20,4239.60,4243.80,202
2026-06-18,18:45,4243.70,4244.20,4239.30,4240.80,426
2026-06-18,18:50,4240.70,4241.60,4238.00,4239.90,195
2026-06-18,18:55,4240.00,4240.90,4237.40,4237.70,165
2026-06-18,19:00,4237.90,4238.40,4231.00,4231.90,665
2026-06-18,19:05,4231.80,4232.00,4226.50,4227.70,762
2026-06-18,19:10,4227.50,4228.60,4223.10,4226.70,615
2026-06-18,19:15,4226.70,4227.50,4221.00,4224.00,824
2026-06-18,19:20,4224.00,4227.10,4223.90,4224.70,351
2026-06-18,19:25,4224.40,4226.90,4224.00,4224.10,210
2026-06-18,19:30,4224.00,4226.10,4220.30,4222.40,633
2026-06-18,19:35,4222.50,4229.30,4222.00,4229.30,344
2026-06-18,19:40,4229.00,4234.00,4229.00,4233.40,340
2026-06-18,19:45,4233.30,4235.80,4232.60,4235.60,360
2026-06-18,19:50,4235.00,4236.90,4234.40,4236.10,271
2026-06-18,19:55,4236.00,4237.70,4233.30,4236.20,650
2026-06-18,20:00,4236.20,4237.20,4233.90,4236.00,184
2026-06-18,20:05,4235.90,4236.70,4234.50,4235.60,84
2026-06-18,20:10,4235.30,4236.60,4235.20,4235.90,92
2026-06-18,20:15,4236.10,4236.10,4234.00,4235.70,55
2026-06-18,20:20,4235.90,4236.10,4234.50,4235.20,134
2026-06-18,20:25,4234.90,4238.70,4234.50,4237.70,98
2026-06-18,20:30,4237.90,4237.90,4234.30,4235.20,127
2026-06-18,20:35,4235.40,4237.70,4233.00,4234.00,200
2026-06-18,20:40,4233.60,4234.00,4231.80,4232.00,85
2026-06-18,20:45,4232.10,4232.30,4228.80,4228.80,180
2026-06-18,20:50,4229.10,4229.80,4228.10,4228.80,142
2026-06-18,20:55,4228.60,4229.00,4226.60,4227.90,246
2026-06-18,22:00,4231.20,4231.40,4221.40,4223.60,0
2026-06-18,22:05,4223.60,4226.50,4223.60,4225.10,72
2026-06-18,22:10,4226.00,4227.10,4225.80,4226.60,26
2026-06-18,22:15,4226.90,4229.00,4223.50,4224.50,106
2026-06-18,22:20,4224.20,4224.20,4221.30,4221.50,84
2026-06-18,22:25,4222.00,4224.40,4221.50,4222.60,54
2026-06-18,22:30,4223.00,4224.20,4222.60,4223.00,34
2026-06-18,22:35,4223.70,4224.20,4221.70,4222.00,65
2026-06-18,22:40,4222.20,4223.80,4222.20,4223.60,36
2026-06-18,22:45,4223.90,4228.10,4222.90,4227.30,126
2026-06-18,22:50,4227.10,4229.30,4226.50,4227.60,102
2026-06-18,22:55,4227.20,4227.40,4225.30,4225.90,50
2026-06-18,23:00,4226.20,4226.80,4217.70,4219.10,324
2026-06-18,23:05,4219.30,4220.60,4217.20,4218.70,113
2026-06-18,23:10,4218.40,4219.50,4210.50,4214.50,214
2026-06-18,23:15,4215.00,4217.70,4212.40,4214.00,168
2026-06-18,23:20,4214.10,4215.90,4213.50,4213.50,75
2026-06-18,23:25,4214.20,4215.60,4212.10,4215.40,58
2026-06-18,23:30,4215.60,4217.40,4213.70,4214.30,123
2026-06-18,23:35,4214.50,4217.10,4213.00,4216.40,47
2026-06-18,23:40,4216.40,4216.40,4212.20,4212.90,30
2026-06-18,23:45,4212.40,4213.20,4206.50,4207.40,396
2026-06-18,23:50,4207.90,4210.30,4206.70,4208.30,60
2026-06-18,23:55,4208.30,4209.30,4205.00,4206.80,113
2026-06-19,00:00,4206.90,4216.90,4206.90,4209.70,345
2026-06-19,00:05,4209.80,4212.30,4202.70,4203.80,209
2026-06-19,00:10,4204.80,4208.50,4202.50,4204.00,197
2026-06-19,00:15,4203.90,4206.20,4202.20,4204.40,426
2026-06-19,00:20,4203.90,4206.50,4202.30,4206.50,210
2026-06-19,00:25,4206.70,4207.50,4202.90,4203.20,114
2026-06-19,00:30,4203.40,4209.00,4202.70,4208.50,215
2026-06-19,00:35,4208.40,4210.00,4205.00,4205.40,288
2026-06-19,00:40,4205.80,4209.10,4205.00,4206.90,56
2026-06-19,00:45,4207.30,4210.30,4206.60,4209.90,61
2026-06-19,00:50,4209.20,4210.30,4207.60,4209.40,75
2026-06-19,00:55,4208.40,4209.70,4206.00,4209.00,80
2026-06-19,01:00,4209.30,4213.10,4207.80,4209.00,270
2026-06-19,01:05,4208.70,4208.70,4202.30,4203.20,340
2026-06-19,01:10,4203.00,4205.60,4203.00,4204.50,78
2026-06-19,01:15,4204.60,4207.00,4202.30,4203.60,199
2026-06-19,01:20,4203.40,4206.60,4201.20,4205.40,272
2026-06-19,01:25,4205.10,4209.80,4204.60,4209.00,190
2026-06-19,01:30,4208.30,4208.30,4205.00,4206.00,75
2026-06-19,01:35,4206.60,4207.70,4202.50,4203.00,139
2026-06-19,01:40,4203.00,4204.90,4202.30,4203.80,131
2026-06-19,01:45,4203.80,4205.40,4201.90,4203.10,200
2026-06-19,01:50,4202.80,4203.40,4201.50,4203.00,218
2026-06-19,01:55,4202.40,4203.90,4201.60,4202.60,121
2026-06-19,02:00,4202.30,4204.00,4201.30,4203.00,198
2026-06-19,02:05,4202.50,4203.70,4196.70,4200.80,947
2026-06-19,02:10,4201.80,4202.50,4195.80,4197.20,238
2026-06-19,02:15,4197.50,4197.50,4192.50,4192.50,372
2026-06-19,02:20,4193.50,4197.40,4193.00,4196.20,212
2026-06-19,02:25,4195.80,4197.60,4195.00,4197.10,113
2026-06-19,02:30,4197.10,4197.70,4194.70,4197.10,131
2026-06-19,02:35,4197.70,4200.50,4196.00,4197.20,198
2026-06-19,02:40,4197.30,4201.40,4197.30,4197.40,119
2026-06-19,02:45,4197.60,4198.10,4193.40,4193.70,126
2026-06-19,02:50,4193.40,4194.40,4189.50,4194.20,436
2026-06-19,02:55,4194.10,4195.00,4192.50,4193.90,118
2026-06-19,03:00,4194.00,4194.70,4186.90,4187.40,343
2026-06-19,03:05,4187.40,4187.40,4184.00,4185.50,413
2026-06-19,03:10,4185.30,4187.70,4183.70,4183.70,201
2026-06-19,03:15,4184.20,4186.70,4182.50,4186.00,340
2026-06-19,03:20,4185.70,4188.50,4185.60,4186.20,228
2026-06-19,03:25,4186.00,4186.60,4184.00,4185.10,112
2026-06-19,03:30,4185.00,4185.50,4179.10,4182.90,396
2026-06-19,03:35,4181.60,4183.10,4180.00,4181.00,103
2026-06-19,03:40,4180.70,4182.00,4175.10,4180.10,394
2026-06-19,03:45,4179.40,4179.50,4175.50,4176.40,133
2026-06-19,03:50,4176.20,4178.20,4175.20,4175.70,144
2026-06-19,03:55,4176.60,4177.50,4162.70,4167.50,1141
2026-06-21,22:00,4163.90,4174.70,4151.40,4173.20,838
2026-06-21,22:05,4173.20,4176.00,4168.00,4170.90,300
2026-06-21,22:10,4171.00,4172.70,4165.00,4168.10,253
2026-06-21,22:15,4167.90,4172.90,4164.80,4169.60,277
2026-06-21,22:20,4169.80,4172.90,4166.20,4167.20,218
2026-06-21,22:25,4166.90,4169.70,4165.70,4168.40,195
2026-06-21,22:30,4168.70,4171.90,4167.60,4168.00,322
2026-06-21,22:35,4168.90,4169.10,4167.00,4168.60,102
2026-06-21,22:40,4168.40,4172.90,4167.00,4172.90,131
2026-06-21,22:45,4170.70,4172.90,4169.50,4171.60,123
2026-06-21,22:50,4171.60,4172.90,4169.70,4172.90,137
2026-06-21,22:55,4173.30,4173.30,4172.00,4172.80,76
2026-06-21,23:00,4172.80,4176.90,4171.90,4176.20,217
2026-06-21,23:05,4175.90,4179.90,4172.90,4179.60,369
2026-06-21,23:10,4180.00,4181.50,4172.90,4174.90,385
2026-06-21,23:15,4174.90,4174.90,4170.40,4171.30,407
2026-06-21,23:20,4170.90,4175.70,4170.40,4174.20,435
2026-06-21,23:25,4174.40,4174.40,4171.50,4172.80,78
2026-06-21,23:30,4172.00,4172.90,4163.10,4164.60,355
2026-06-21,23:35,4164.40,4172.90,4158.30,4161.30,442
2026-06-21,23:40,4161.00,4162.50,4158.00,4162.10,139
2026-06-21,23:45,4161.70,4163.50,4152.90,4153.70,454
2026-06-21,23:50,4153.70,4157.00,4153.00,4153.40,247
2026-06-21,23:55,4153.80,4172.90,4153.40,4157.00,443
2026-06-22,00:00,4157.30,4172.90,4156.60,4163.90,479
2026-06-22,00:05,4163.20,4166.30,4160.00,4165.30,400
2026-06-22,00:10,4165.20,4179.40,4164.10,4177.60,679
2026-06-22,00:15,4178.30,4187.70,4178.00,4180.70,707
2026-06-22,00:20,4181.20,4182.20,4172.90,4181.20,232
2026-06-22,00:25,4180.60,4185.00,4172.90,4184.60,258
2026-06-22,00:30,4184.60,4188.30,4183.00,4183.30,320
2026-06-22,00:35,4183.70,4190.00,4183.70,4189.00,229
2026-06-22,00:40,4188.80,4193.70,4187.50,4193.10,296
2026-06-22,00:45,4193.30,4201.70,4172.90,4201.00,735
2026-06-22,00:50,4200.60,4206.70,4172.90,4205.70,567
2026-06-22,00:55,4205.40,4218.30,4205.30,4218.10,872
2026-06-22,01:00,4217.70,4238.10,4217.70,4223.20,2223
2026-06-22,01:05,4224.00,4234.00,4221.50,4230.50,749
2026-06-22,01:10,4230.50,4231.30,4172.90,4229.50,605
2026-06-22,01:15,4228.90,4232.40,4172.90,4225.80,503
2026-06-22,01:20,4225.80,4230.80,4222.30,4227.70,664
2026-06-22,01:25,4227.20,4230.20,4224.00,4225.00,506
2026-06-22,01:30,4224.60,4224.60,4212.80,4215.30,910
2026-06-22,01:35,4214.90,4220.90,4172.90,4220.30,458
2026-06-22,01:40,4220.60,4222.50,4172.90,4218.00,439
2026-06-22,01:45,4218.90,4219.00,4211.00,4213.10,324
2026-06-22,01:50,4212.70,4215.80,4209.60,4211.80,479
2026-06-22,01:55,4211.90,4212.70,4207.00,4208.10,367
2026-06-22,02:00,4208.20,4210.20,4172.90,4207.30,384
2026-06-22,02:05,4207.00,4212.50,4172.90,4208.90,236
2026-06-22,02:10,4208.50,4209.00,4201.10,4201.40,288
2026-06-22,02:15,4201.60,4206.40,4201.40,4206.00,197
2026-06-22,02:20,4205.90,4207.40,4201.10,4206.30,449
2026-06-22,02:25,4206.60,4207.60,4172.90,4206.30,204
2026-06-22,02:30,4206.00,4212.50,4172.90,4212.50,379
2026-06-22,02:35,4212.20,4217.90,4211.00,4213.70,342
2026-06-22,02:40,4213.00,4213.30,4208.00,4209.30,322
2026-06-22,02:45,4209.10,4209.70,4205.00,4208.90,359
2026-06-22,02:50,4208.40,4209.20,4172.90,4206.60,86
2026-06-22,02:55,4206.90,4208.30,4172.90,4205.70,96
2026-06-22,03:00,4206.30,4207.20,4204.00,4205.80,161
2026-06-22,03:05,4206.40,4207.40,4199.40,4199.90,187
2026-06-22,03:10,4199.90,4203.60,4196.00,4196.00,317
2026-06-22,03:15,4196.30,4198.50,4172.90,4194.10,469
2026-06-22,03:20,4193.60,4197.30,4172.90,4196.30,185
2026-06-22,03:25,4196.50,4198.50,4195.30,4197.50,169
2026-06-22,03:30,4197.90,4198.50,4195.40,4197.40,143
2026-06-22,03:35,4197.20,4197.20,4193.40,4193.50,96
2026-06-22,03:40,4193.10,4194.00,4172.90,4193.10,78
2026-06-22,03:45,4193.30,4196.60,4172.90,4194.70,98
2026-06-22,03:50,4194.60,4194.80,4192.10,4192.90,67
2026-06-22,03:55,4192.50,4193.50,4188.40,4189.60,176
2026-06-22,04:00,4189.20,4193.00,4188.10,4191.70,159
2026-06-22,04:05,4191.70,4195.90,4191.10,4195.60,95
2026-06-22,04:10,4195.60,4196.20,4193.70,4193.70,68
2026-06-22,04:15,4194.10,4195.30,4172.90,4193.50,58
2026-06-22,04:20,4195.00,4196.60,4172.90,4194.40,61
2026-06-22,04:25,4193.70,4194.90,4192.10,4194.20,69
2026-06-22,04:30,4194.20,4195.20,4193.60,4193.70,91
2026-06-22,04:35,4193.70,4196.00,4193.10,4195.50,77
2026-06-22,04:40,4195.50,4195.50,4172.90,4194.40,55
2026-06-22,04:45,4194.10,4197.70,4172.90,4196.60,90
2026-06-22,04:50,4196.70,4197.70,4195.40,4195.40,98
2026-06-22,04:55,4195.00,4199.70,4195.00,4199.40,117
2026-06-22,05:00,4199.30,4199.70,4197.80,4199.30,77
2026-06-22,05:05,4199.00,4202.40,4172.90,4201.20,258
2026-06-22,05:10,4200.80,4204.40,4172.90,4203.30,117
2026-06-22,05:15,4204.20,4205.80,4202.00,4203.80,210
2026-06-22,05:20,4204.70,4206.70,4204.40,4206.70,154
2026-06-22,05:25,4206.70,4211.90,4205.00,4211.80,304
2026-06-22,05:30,4211.50,4214.30,4172.90,4172.90,514
2026-06-22,05:35,4209.40,4215.60,4208.70,4214.10,277
2026-06-22,05:40,4214.30,4216.40,4209.80,4210.50,271
2026-06-22,05:45,4210.80,4211.50,4207.90,4210.90,143
2026-06-22,05:50,4210.90,4214.70,4210.10,4213.70,209
2026-06-22,05:55,4213.60,4214.70,4172.90,4211.30,145
2026-06-22,06:00,4211.60,4214.10,4208.90,4209.80,304
2026-06-22,06:05,4209.80,4214.70,4209.10,4214.60,210
2026-06-22,06:10,4214.40,4216.00,4211.20,4211.80,241
2026-06-22,06:15,4212.20,4217.80,4211.60,4215.50,549
2026-06-22,06:20,4215.80,4218.60,4172.90,4218.50,347
2026-06-22,06:25,4218.70,4219.10,4214.10,4214.90,218
2026-06-22,06:30,4214.80,4217.00,4212.90,4217.00,185
2026-06-22,06:35,4216.60,4218.30,4215.50,4216.60,198
2026-06-22,06:40,4216.30,4220.60,4215.00,4220.50,166
2026-06-22,06:45,4220.40,4222.90,4172.90,4220.60,367
2026-06-22,06:50,4220.90,4225.40,4220.90,4222.50,448
2026-06-22,06:55,4222.10,4223.40,4215.10,4215.40,445
2026-06-22,07:00,4216.00,4219.30,4215.40,4216.70,331
2026-06-22,07:05,4216.90,4219.60,4215.50,4218.10,268
2026-06-22,07:10,4218.00,4219.00,4172.90,4217.20,151
2026-06-22,07:15,4217.90,4219.70,4217.00,4218.60,120
2026-06-22,07:20,4218.80,4218.80,4215.00,4215.30,244
2026-06-22,07:25,4215.40,4216.60,4215.00,4215.60,290
2026-06-22,07:30,4215.70,4217.90,4211.90,4217.40,452
2026-06-22,07:35,4216.80,4216.80,4172.90,4212.70,233
2026-06-22,07:40,4213.10,4213.90,4210.10,4212.50,238
2026-06-22,07:45,4212.20,4213.00,4210.10,4212.70,152
2026-06-22,07:50,4213.20,4214.20,4208.10,4209.10,306
2026-06-22,07:55,4208.90,4210.20,4206.50,4208.50,158
2026-06-22,08:00,4208.30,4210.90,4172.90,4210.20,648
2026-06-22,08:05,4209.90,4212.70,4209.00,4209.50,220
2026-06-22,08:10,4210.00,4210.00,4207.00,4208.00,179
2026-06-22,08:15,4208.00,4209.70,4207.00,4208.50,162
2026-06-22,08:20,4208.70,4213.30,4208.50,4210.20,175
2026-06-22,08:25,4209.40,4211.30,4172.90,4209.90,203
2026-06-22,08:30,4209.50,4209.70,4207.00,4209.00,237
2026-06-22,08:35,4209.40,4212.10,4208.60,4209.00,215
2026-06-22,08:40,4209.00,4211.70,4208.60,4211.60,120
2026-06-22,08:45,4211.60,4212.50,4172.90,4172.90,168
2026-06-22,08:50,4212.30,4215.90,4172.90,4213.40,251
2026-06-22,08:55,4213.70,4215.80,4212.50,4215.70,175
2026-06-22,09:00,4215.50,4221.00,4214.20,4220.20,330
2026-06-22,09:05,4220.10,4227.80,4219.70,4226.70,446
2026-06-22,09:10,4226.40,4227.70,4172.90,4223.50,250
2026-06-22,09:15,4223.70,4225.50,4172.90,4225.10,177
2026-06-22,09:20,4225.30,4227.10,4223.00,4224.00,273
2026-06-22,09:25,4223.60,4224.40,4220.70,4222.00,306
2026-06-22,09:30,4222.20,4227.90,4219.30,4226.00,1091
2026-06-22,09:35,4226.00,4227.30,4172.90,4226.20,622
2026-06-22,09:40,4226.40,4227.90,4172.90,4224.90,287
2026-06-22,09:45,4224.80,4225.80,4222.20,4225.20,252
2026-06-22,09:50,4225.50,4228.60,4224.20,4226.70,496
2026-06-22,09:55,4226.90,4228.50,4226.00,4226.20,289
2026-06-22,10:00,4226.50,4228.80,4172.90,4226.70,244
2026-06-22,10:05,4226.70,4229.70,4172.90,4228.70,175
2026-06-22,10:10,4228.90,4232.20,4227.00,4230.90,361
2026-06-22,10:15,4230.60,4230.60,4228.10,4228.60,263
2026-06-22,10:20,4228.00,4229.10,4226.10,4229.10,98
2026-06-22,10:25,4229.40,4232.30,4172.90,4228.10,237
2026-06-22,10:30,4228.00,4228.90,4172.90,4228.20,135
2026-06-22,10:35,4228.10,4229.40,4226.60,4226.90,64
2026-06-22,10:40,4227.00,4228.30,4226.00,4226.40,112
2026-06-22,10:45,4226.60,4226.70,4222.30,4223.40,339
2026-06-22,10:50,4223.50,4227.40,4172.90,4226.00,181
2026-06-22,10:55,4225.90,4225.90,4172.90,4222.70,141
2026-06-22,11:00,4222.80,4228.20,4222.40,4227.40,248
2026-06-22,11:05,4227.60,4233.70,4227.30,4229.20,755
2026-06-22,11:10,4229.20,4229.20,4224.10,4226.30,256
2026-06-22,11:15,4226.10,4227.00,4172.90,4225.80,96
2026-06-22,11:20,4225.90,4227.80,4172.90,4225.90,104
2026-06-22,11:25,4225.30,4225.30,4221.30,4222.00,128
2026-06-22,11:30,4221.90,4226.30,4221.60,4224.70,188
2026-06-22,11:35,4223.20,4224.40,4220.10,4224.40,307
2026-06-22,11:40,4224.60,4226.00,4172.90,4224.40,204
2026-06-22,11:45,4224.40,4224.60,4172.90,4222.70,134
2026-06-22,11:50,4222.50,4223.50,4219.20,4223.40,210
2026-06-22,11:55,4223.10,4225.80,4222.60,4225.30,270
2026-06-22,12:00,4225.90,4229.40,4223.80,4228.80,380
2026-06-22,12:05,4229.00,4229.50,4172.90,4225.90,309
2026-06-22,12:10,4226.20,4227.90,4172.90,4226.10,183
2026-06-22,12:15,4225.40,4227.00,4224.40,4225.60,229
2026-06-22,12:20,4225.70,4229.90,4224.90,4228.80,765
2026-06-22,12:25,4228.80,4229.90,4224.20,4226.70,507
2026-06-22,12:30,4226.30,4226.60,4172.90,4223.60,408
2026-06-22,12:35,4223.40,4224.00,4172.90,4221.50,421
2026-06-22,12:40,4221.70,4222.70,4218.70,4221.80,395
2026-06-22,12:45,4222.00,4223.10,4217.40,4220.30,607
2026-06-22,12:50,4220.10,4220.20,4215.30,4215.70,524
2026-06-22,12:55,4215.30,4215.60,4172.90,4211.40,518
2026-06-22,13:00,4211.60,4215.30,4172.90,4211.90,1070
2026-06-22,13:05,4211.70,4212.90,4207.00,4209.10,947
2026-06-22,13:10,4208.80,4213.50,4208.30,4212.90,1323
2026-06-22,13:15,4212.80,4215.90,4212.30,4214.70,1188
2026-06-22,13:20,4214.50,4214.80,4172.90,4208.30,694
2026-06-22,13:25,4208.80,4210.00,4172.90,4205.10,774
2026-06-22,13:30,4205.50,4206.60,4201.20,4204.20,1190
2026-06-22,13:35,4203.80,4211.30,4203.30,4210.40,717
2026-06-22,13:40,4210.60,4212.80,4205.40,4209.60,1051
2026-06-22,13:45,4209.20,4221.00,4172.90,4218.20,1701
2026-06-22,13:50,4218.30,4223.50,4172.90,4222.50,907
2026-06-22,13:55,4222.80,4224.50,4217.30,4218.50,898
2026-06-22,14:00,4218.70,4219.10,4212.00,4217.30,1204
2026-06-22,14:05,4217.10,4229.50,4214.90,4225.00,1860
2026-06-22,14:10,4224.60,4226.30,4172.90,4223.90,916
2026-06-22,14:15,4223.90,4224.80,4172.90,4214.50,1015
2026-06-22,14:20,4214.80,4215.20,4209.10,4210.70,908
2026-06-22,14:25,4210.80,4215.30,4210.10,4210.40,513
2026-06-22,14:30,4210.00,4210.90,4205.80,4206.20,967
2026-06-22,14:35,4206.30,4210.30,4172.90,4209.30,927
2026-06-22,14:40,4209.70,4216.00,4172.90,4211.00,575
2026-06-22,14:45,4211.10,4224.30,4210.90,4219.20,1290
2026-06-22,14:50,4219.00,4221.10,4215.70,4215.70,639
2026-06-22,14:55,4216.00,4218.70,4214.60,4216.70,324
2026-06-22,15:00,4216.60,4219.60,4172.90,4217.50,360
2026-06-22,15:05,4217.00,4217.40,4172.90,4213.60,405
2026-06-22,15:10,4213.90,4217.40,4213.90,4216.30,203
2026-06-22,15:15,4216.00,4216.30,4208.30,4210.30,543
2026-06-22,15:20,4210.40,4211.10,4207.20,4209.10,463
2026-06-22,15:25,4209.30,4210.50,4172.90,4207.60,580
2026-06-22,15:30,4207.20,4208.80,4172.90,4206.30,458
2026-06-22,15:35,4206.60,4207.40,4197.80,4200.40,814
2026-06-22,15:40,4200.50,4203.70,4198.30,4199.10,687
2026-06-22,15:45,4198.90,4199.20,4187.70,4187.80,2484
2026-06-22,15:50,4187.90,4197.30,4172.90,4197.30,1140
2026-06-22,15:55,4196.90,4203.20,4172.90,4201.00,675
2026-06-22,16:00,4200.80,4203.10,4194.80,4195.60,659
2026-06-22,16:05,4195.50,4197.60,4193.80,4195.00,424
2026-06-22,16:10,4195.40,4196.40,4192.20,4195.60,576
2026-06-22,16:15,4194.80,4198.20,4172.90,4197.10,445
2026-06-22,16:20,4197.10,4200.90,4172.90,4198.80,387
2026-06-22,16:25,4199.70,4201.10,4198.20,4201.10,250
2026-06-22,16:30,4200.70,4203.20,4199.70,4202.80,270
2026-06-22,16:35,4203.10,4204.60,4201.30,4201.30,218
2026-06-22,16:40,4201.60,4201.90,4172.90,4200.00,204
2026-06-22,16:45,4199.90,4203.00,4172.90,4202.80,156
2026-06-22,16:50,4202.40,4206.10,4202.20,4205.20,238
2026-06-22,16:55,4205.40,4211.90,4204.70,4208.50,690
2026-06-22,17:00,4208.50,4209.70,4206.50,4207.80,364
2026-06-22,17:05,4207.30,4207.40,4172.90,4206.30,180
2026-06-22,17:10,4206.10,4206.80,4172.90,4205.00,170
2026-06-22,17:15,4205.10,4208.40,4204.60,4207.50,327
2026-06-22,17:20,4208.00,4210.10,4207.20,4207.40,286
2026-06-22,17:25,4207.40,4207.40,4201.50,4202.60,1337
2026-06-22,17:30,4202.50,4203.10,4172.90,4197.10,448
2026-06-22,17:35,4196.90,4199.50,4172.90,4199.10,439
2026-06-22,17:40,4199.20,4200.00,4198.50,4199.80,136
2026-06-22,17:45,4199.80,4201.50,4198.20,4200.40,137
2026-06-22,17:50,4200.60,4201.50,4198.80,4200.90,73
2026-06-22,17:55,4201.00,4202.00,4172.90,4201.40,86
2026-06-22,18:00,4201.60,4203.50,4172.90,4201.50,121
2026-06-22,18:05,4201.50,4203.00,4201.30,4202.70,66
2026-06-22,18:10,4203.00,4204.60,4201.90,4202.30,111
2026-06-22,18:15,4202.50,4205.10,4202.50,4203.70,256
2026-06-22,18:20,4204.00,4208.30,4172.90,4207.30,285
2026-06-22,18:25,4206.80,4206.80,4172.90,4206.00,107
2026-06-22,18:30,4206.60,4207.50,4204.20,4204.90,254
2026-06-22,18:35,4204.70,4206.30,4204.40,4205.20,66
2026-06-22,18:40,4205.60,4208.40,4205.40,4208.30,104
2026-06-22,18:45,4208.00,4211.30,4172.90,4172.90,288
2026-06-22,18:50,4209.90,4210.40,4208.10,4208.50,113
2026-06-22,18:55,4208.60,4209.90,4207.60,4209.10,93
2026-06-22,19:00,4209.50,4211.60,4209.40,4210.30,151
2026-06-22,19:05,4210.40,4210.90,4209.70,4210.50,68
2026-06-22,19:10,4210.60,4211.30,4172.90,4209.50,178
2026-06-22,19:15,4209.70,4210.10,4208.00,4209.00,97
2026-06-22,19:20,4209.20,4209.20,4206.10,4206.60,134
2026-06-22,19:25,4206.40,4207.10,4205.60,4205.80,124
2026-06-22,19:30,4205.80,4205.80,4204.30,4205.20,89
2026-06-22,19:35,4205.00,4208.70,4172.90,4206.70,204
2026-06-22,19:40,4206.10,4206.50,4202.80,4203.00,161
2026-06-22,19:45,4202.80,4204.60,4202.80,4203.90,106
2026-06-22,19:50,4204.10,4206.50,4203.20,4206.00,360
2026-06-22,19:55,4206.20,4210.40,4204.70,4209.40,580
2026-06-22,20:00,4209.40,4212.30,4172.90,4172.90,125
2026-06-22,20:05,4210.70,4211.40,4208.60,4208.70,135
2026-06-22,20:10,4209.10,4209.80,4208.90,4209.10,24
2026-06-22,20:15,4209.00,4209.80,4208.00,4209.60,61
2026-06-22,20:20,4209.50,4209.70,4206.90,4209.00,98
2026-06-22,20:25,4208.60,4209.60,4172.90,4208.60,36
2026-06-22,20:30,4208.60,4210.00,4208.00,4210.00,71
2026-06-22,20:35,4210.00,4212.20,4209.20,4212.20,106
2026-06-22,20:40,4211.60,4211.90,4210.40,4211.00,66
2026-06-22,20:45,4211.40,4211.80,4209.10,4209.60,121
2026-06-22,20:50,4209.40,4211.00,4172.90,4209.80,48
2026-06-22,20:55,4210.30,4211.00,4172.90,4172.90,74
2026-06-22,22:00,4210.80,4212.70,4209.30,4211.00,0
2026-06-22,22:05,4210.80,4212.00,4209.50,4210.70,146
2026-06-22,22:10,4210.90,4211.30,4210.10,4210.50,57
2026-06-22,22:15,4210.80,4211.40,4209.00,4210.40,51
2026-06-22,22:20,4210.40,4210.40,4209.40,4209.40,57
2026-06-22,22:25,4210.00,4211.30,4209.50,4211.10,61
2026-06-22,22:30,4211.10,4212.70,4210.20,4210.60,110
2026-06-22,22:35,4210.80,4210.90,4208.00,4209.90,218
2026-06-22,22:40,4209.50,4209.50,4207.30,4208.10,97
2026-06-22,22:45,4208.20,4208.20,4206.10,4206.60,96
2026-06-22,22:50,4206.60,4208.70,4206.50,4208.70,79
2026-06-22,22:55,4208.40,4208.50,4207.00,4207.80,39
2026-06-22,23:00,4207.50,4210.80,4207.50,4208.70,118
2026-06-22,23:05,4208.90,4210.10,4208.40,4210.10,60
2026-06-22,23:10,4209.50,4210.30,4208.60,4209.20,14
2026-06-22,23:15,4208.50,4209.50,4208.30,4208.90,30
2026-06-22,23:20,4209.30,4210.00,4208.20,4208.50,25
2026-06-22,23:25,4208.20,4209.30,4208.10,4209.20,40
2026-06-22,23:30,4208.70,4210.70,4208.60,4210.00,16
2026-06-22,23:35,4210.00,4213.60,4210.00,4213.30,116
2026-06-22,23:40,4213.10,4213.40,4211.90,4213.40,64
2026-06-22,23:45,4213.10,4213.10,4207.60,4208.60,120
2026-06-22,23:50,4208.40,4208.40,4204.60,4205.80,209
2026-06-22,23:55,4205.00,4207.50,4205.00,4205.50,52
2026-06-23,00:00,4205.00,4210.00,4204.50,4205.80,201
2026-06-23,00:05,4206.50,4206.80,4201.20,4201.90,156
2026-06-23,00:10,4200.90,4201.40,4196.00,4196.60,248
2026-06-23,00:15,4197.00,4200.40,4197.00,4199.80,132
2026-06-23,00:20,4199.90,4201.00,4196.00,4200.00,162
2026-06-23,00:25,4200.30,4203.30,4197.90,4200.80,185
2026-06-23,00:30,4201.50,4203.60,4200.00,4201.80,159
2026-06-23,00:35,4201.20,4204.00,4199.80,4203.60,66
2026-06-23,00:40,4203.00,4211.30,4201.50,4209.80,231
2026-06-23,00:45,4210.00,4212.70,4208.00,4208.30,209
2026-06-23,00:50,4208.40,4211.40,4207.30,4209.00,83
2026-06-23,00:55,4209.20,4211.40,4208.00,4210.70,107
2026-06-23,01:00,4210.60,4216.00,4206.80,4207.10,468
2026-06-23,01:05,4207.50,4211.80,4202.20,4205.80,424
2026-06-23,01:10,4206.20,4206.80,4202.40,4202.40,133
2026-06-23,01:15,4202.40,4203.20,4189.60,4190.60,707
2026-06-23,01:20,4191.10,4197.50,4188.00,4196.00,471
2026-06-23,01:25,4196.00,4198.30,4193.90,4195.70,181
2026-06-23,01:30,4195.20,4195.20,4185.50,4186.50,518
2026-06-23,01:35,4186.90,4187.50,4178.10,4179.30,1482
2026-06-23,01:40,4179.50,4183.10,4171.00,4171.80,1068
2026-06-23,01:45,4171.50,4173.20,4167.70,4168.00,680
2026-06-23,01:50,4168.00,4176.00,4167.50,4174.70,527
2026-06-23,01:55,4175.10,4180.90,4173.80,4179.30,455
2026-06-23,02:00,4179.40,4181.20,4174.40,4177.10,488
2026-06-23,02:05,4177.00,4177.00,4168.50,4168.70,493
2026-06-23,02:10,4168.90,4171.80,4166.60,4171.80,351
2026-06-23,02:15,4171.40,4178.10,4171.30,4176.40,405
2026-06-23,02:20,4175.80,4178.00,4175.60,4177.40,127
2026-06-23,02:25,4178.10,4181.30,4177.40,4180.10,290
2026-06-23,02:30,4179.70,4180.10,4174.40,4174.40,250
2026-06-23,02:35,4174.60,4177.50,4174.10,4175.90,99
2026-06-23,02:40,4176.50,4176.50,4170.40,4173.40,181
2026-06-23,02:45,4172.70,4175.00,4169.90,4172.30,265
2026-06-23,02:50,4172.10,4173.60,4169.60,4170.30,130
2026-06-23,02:55,4170.20,4172.90,4164.30,4164.90,422
2026-06-23,03:00,4164.90,4167.60,4157.90,4160.20,737
2026-06-23,03:05,4160.00,4160.90,4157.20,4158.30,361
2026-06-23,03:10,4158.40,4161.40,4156.30,4160.70,269
2026-06-23,03:15,4160.80,4161.80,4148.40,4151.10,1022
2026-06-23,03:20,4151.70,4153.50,4148.50,4153.50,459
2026-06-23,03:25,4153.10,4158.80,4152.00,4158.80,413
2026-06-23,03:30,4158.70,4159.00,4156.20,4156.80,367
2026-06-23,03:35,4157.30,4158.90,4151.30,4154.00,380
2026-06-23,03:40,4154.00,4157.00,4152.80,4156.40,125
2026-06-23,03:45,4156.40,4157.90,4154.50,4156.70,77
2026-06-23,03:50,4157.00,4159.50,4157.00,4158.40,143
2026-06-23,03:55,4158.40,4162.20,4157.30,4162.20,383
2026-06-23,04:00,4161.80,4164.80,4161.20,4162.30,375
2026-06-23,04:05,4161.90,4162.30,4160.50,4161.40,83
2026-06-23,04:10,4161.80,4161.80,4159.20,4160.80,137
2026-06-23,04:15,4160.30,4160.30,4156.30,4157.50,117
2026-06-23,04:20,4157.30,4157.60,4155.50,4157.40,175
2026-06-23,04:25,4157.70,4157.80,4154.60,4157.70,144
2026-06-23,04:30,4157.10,4157.10,4152.70,4154.00,143
2026-06-23,04:35,4153.80,4157.00,4152.30,4156.60,386
2026-06-23,04:40,4156.10,4158.00,4154.40,4156.00,167
2026-06-23,04:45,4156.20,4157.50,4155.40,4155.90,57
2026-06-23,04:50,4156.10,4156.70,4151.50,4151.60,137
2026-06-23,04:55,4151.70,4151.70,4132.20,4135.60,1672
2026-06-23,05:00,4136.00,4152.60,4133.10,4152.00,658
2026-06-23,05:05,4152.00,4155.00,4144.80,4145.50,403
2026-06-23,05:10,4146.20,4148.70,4144.30,4147.50,245
2026-06-23,05:15,4147.40,4147.80,4143.90,4145.70,165
2026-06-23,05:20,4145.80,4148.20,4144.30,4145.40,108
2026-06-23,05:25,4145.70,4146.00,4141.60,4143.00,219
2026-06-23,05:30,4143.10,4149.10,4134.90,4149.10,734
2026-06-23,05:35,4148.60,4151.50,4142.70,4143.20,440
2026-06-23,05:40,4143.30,4146.90,4138.80,4145.60,297
2026-06-23,05:45,4145.40,4145.70,4135.20,4137.00,352
2026-06-23,05:50,4137.20,4140.20,4135.40,4138.70,474
2026-06-23,05:55,4138.60,4139.80,4134.60,4138.90,692
2026-06-23,06:00,4139.60,4144.90,4137.40,4141.00,670
2026-06-23,06:05,4141.10,4141.20,4130.90,4131.40,938
2026-06-23,06:10,4131.40,4142.80,4129.20,4140.30,697
2026-06-23,06:15,4141.00,4144.70,4139.20,4140.20,491
2026-06-23,06:20,4140.80,4143.40,4135.60,4140.70,685
2026-06-23,06:25,4140.70,4140.70,4132.50,4134.00,369
2026-06-23,06:30,4134.20,4139.20,4133.00,4137.60,369
2026-06-23,06:35,4137.60,4138.20,4131.60,4133.70,307
2026-06-23,06:40,4134.30,4135.50,4128.80,4131.60,511
2026-06-23,06:45,4131.60,4136.20,4127.90,4133.50,499
2026-06-23,06:50,4133.70,4137.00,4133.70,4136.10,168
2026-06-23,06:55,4136.00,4138.20,4131.70,4132.40,397
2026-06-23,07:00,4131.90,4137.00,4127.50,4136.90,364
2026-06-23,07:05,4137.80,4142.70,4136.10,4139.30,546
2026-06-23,07:10,4138.80,4139.20,4130.00,4133.50,735
2026-06-23,07:15,4133.70,4136.20,4131.30,4135.60,257
2026-06-23,07:20,4135.60,4141.00,4135.40,4137.30,458
2026-06-23,07:25,4137.20,4138.30,4136.00,4136.20,103
2026-06-23,07:30,4135.90,4137.40,4133.00,4137.40,298
2026-06-23,07:35,4137.00,4137.00,4128.50,4129.30,426
2026-06-23,07:40,4129.30,4131.20,4121.00,4122.10,627
2026-06-23,07:45,4122.80,4125.80,4121.50,4124.10,366
2026-06-23,07:50,4123.60,4123.60,4116.00,4118.30,753
2026-06-23,07:55,4118.10,4118.60,4114.00,4116.00,656
2026-06-23,08:00,4116.30,4117.50,4109.00,4109.90,1680
2026-06-23,08:05,4110.00,4113.60,4108.20,4111.50,528
2026-06-23,08:10,4112.60,4113.50,4109.10,4111.50,320
2026-06-23,08:15,4110.80,4117.40,4109.70,4115.40,504
2026-06-23,08:20,4115.50,4117.40,4113.40,4114.20,271
2026-06-23,08:25,4114.90,4116.00,4112.00,4115.90,254
2026-06-23,08:30,4115.80,4119.80,4114.20,4119.50,324
2026-06-23,08:35,4119.50,4122.90,4118.00,4119.40,379
2026-06-23,08:40,4119.90,4128.40,4119.80,4127.30,887
2026-06-23,08:45,4127.20,4127.20,4119.50,4122.00,407
2026-06-23,08:50,4121.10,4126.50,4119.90,4125.50,162
2026-06-23,08:55,4124.80,4125.10,4120.00,4122.60,252
2026-06-23,09:00,4123.00,4127.80,4122.10,4127.70,348
2026-06-23,09:05,4127.80,4130.40,4126.40,4127.60,507
2026-06-23,09:10,4127.30,4131.70,4126.70,4129.10,309
2026-06-23,09:15,4129.10,4130.40,4126.50,4129.30,374
2026-06-23,09:20,4129.50,4134.90,4129.50,4134.00,473
2026-06-23,09:25,4133.60,4134.90,4129.60,4130.20,439
2026-06-23,09:30,4130.60,4134.50,4130.10,4134.50,551
2026-06-23,09:35,4134.50,4138.50,4133.20,4136.50,396
2026-06-23,09:40,4136.00,4137.70,4134.50,4134.70,171
2026-06-23,09:45,4135.20,4136.00,4134.30,4135.00,127
2026-06-23,09:50,4135.20,4136.00,4133.00,4133.40,129
2026-06-23,09:55,4133.30,4140.10,4133.00,4140.10,320
2026-06-23,10:00,4140.00,4151.10,4139.90,4149.30,985
2026-06-23,10:05,4149.20,4150.10,4144.90,4144.90,241
2026-06-23,10:10,4144.80,4147.60,4144.40,4147.60,156
2026-06-23,10:15,4147.60,4150.60,4146.40,4150.00,225
2026-06-23,10:20,4149.50,4149.70,4145.60,4146.00,296
2026-06-23,10:25,4145.70,4149.20,4144.20,4148.10,198
2026-06-23,10:30,4148.20,4149.70,4146.90,4148.30,186
2026-06-23,10:35,4148.30,4149.00,4144.40,4146.60,254
2026-06-23,10:40,4146.60,4147.70,4142.00,4144.30,228
2026-06-23,10:45,4144.40,4144.40,4141.30,4142.50,313
2026-06-23,10:50,4142.40,4143.40,4139.90,4140.20,296
2026-06-23,10:55,4140.10,4141.00,4137.40,4137.70,356
2026-06-23,11:00,4137.60,4139.50,4135.20,4136.90,437
2026-06-23,11:05,4136.70,4144.50,4136.40,4143.90,416
2026-06-23,11:10,4143.30,4147.90,4142.70,4146.90,239
2026-06-23,11:15,4146.70,4147.00,4143.10,4145.10,202
2026-06-23,11:20,4146.00,4150.00,4142.30,4147.50,664
2026-06-23,11:25,4146.80,4147.70,4142.60,4144.90,284
2026-06-23,11:30,4144.60,4146.40,4141.40,4141.40,272
2026-06-23,11:35,4141.50,4144.10,4137.80,4143.80,407
2026-06-23,11:40,4143.30,4143.80,4136.40,4138.90,508
2026-06-23,11:45,4138.40,4139.40,4135.70,4139.40,190
2026-06-23,11:50,4139.20,4141.60,4136.80,4139.50,669
2026-06-23,11:55,4139.70,4144.00,4137.70,4141.10,406
2026-06-23,12:00,4141.00,4145.30,4140.40,4140.40,399
2026-06-23,12:05,4140.90,4141.70,4137.10,4137.50,405
2026-06-23,12:10,4137.80,4139.90,4130.60,4131.80,473
2026-06-23,12:15,4131.40,4135.90,4129.00,4135.00,562
2026-06-23,12:20,4135.10,4137.60,4129.60,4134.70,1113
2026-06-23,12:25,4134.60,4135.50,4131.00,4132.10,437
2026-06-23,12:30,4132.20,4137.80,4131.40,4133.00,462
2026-06-23,12:35,4133.50,4140.00,4133.10,4139.50,449
2026-06-23,12:40,4139.40,4139.40,4135.10,4135.50,336
2026-06-23,12:45,4135.40,4135.90,4130.60,4135.50,603
2026-06-23,12:50,4135.90,4139.40,4133.50,4136.90,481
2026-06-23,12:55,4136.90,4139.10,4130.20,4131.00,454
2026-06-23,13:00,4131.10,4132.10,4125.60,4129.60,1185
2026-06-23,13:05,4129.60,4137.10,4129.30,4134.30,633
2026-06-23,13:10,4134.30,4134.60,4129.70,4131.30,425
2026-06-23,13:15,4131.00,4131.60,4124.10,4124.50,488
2026-06-23,13:20,4125.00,4134.30,4122.80,4134.10,737
2026-06-23,13:25,4134.00,4136.70,4131.70,4133.40,598
2026-06-23,13:30,4133.80,4141.50,4127.90,4140.30,1339
2026-06-23,13:35,4140.00,4142.40,4136.10,4136.80,960
2026-06-23,13:40,4136.90,4146.60,4135.90,4144.00,970
2026-06-23,13:45,4144.70,4153.10,4142.40,4149.30,1805
2026-06-23,13:50,4148.90,4158.50,4148.60,4155.30,1405
2026-06-23,13:55,4154.50,4157.30,4149.80,4154.10,1345
2026-06-23,14:00,4153.10,4159.30,4151.20,4156.00,1543
2026-06-23,14:05,4156.20,4162.30,4153.30,4160.00,1505
2026-06-23,14:10,4159.60,4163.50,4150.80,4155.50,1461
2026-06-23,14:15,4156.00,4160.10,4150.70,4159.50,1225
2026-06-23,14:20,4159.10,4160.70,4151.90,4152.50,1907
2026-06-23,14:25,4152.50,4154.20,4146.20,4150.10,1274
2026-06-23,14:30,4150.20,4150.50,4142.10,4144.40,1156
2026-06-23,14:35,4144.60,4147.00,4140.00,4142.00,800
2026-06-23,14:40,4142.10,4146.60,4140.50,4143.70,902
2026-06-23,14:45,4143.50,4146.00,4142.50,4144.30,772
2026-06-23,14:50,4144.50,4148.00,4141.50,4145.30,706
2026-06-23,14:55,4145.20,4147.90,4142.70,4147.50,790
2026-06-23,15:00,4148.00,4152.30,4146.30,4151.40,862
2026-06-23,15:05,4151.10,4153.20,4141.00,4141.00,1467
2026-06-23,15:10,4140.90,4145.80,4140.60,4145.50,782
2026-06-23,15:15,4146.00,4148.00,4144.20,4145.10,437
2026-06-23,15:20,4144.80,4147.10,4141.30,4142.30,379
2026-06-23,15:25,4142.60,4145.80,4141.60,4144.80,524
2026-06-23,15:30,4144.70,4155.00,4144.20,4150.70,1034
2026-06-23,15:35,4150.60,4155.30,4150.60,4155.00,791
2026-06-23,15:40,4155.30,4159.40,4154.50,4156.70,1064
2026-06-23,15:45,4156.90,4157.40,4151.80,4152.80,410
2026-06-23,15:50,4153.20,4156.90,4152.10,4155.30,344
2026-06-23,15:55,4155.30,4157.10,4154.00,4156.70,194
2026-06-23,16:00,4156.80,4158.10,4154.00,4154.00,280
2026-06-23,16:05,4154.00,4154.70,4151.60,4152.70,406
2026-06-23,16:10,4152.70,4154.60,4152.00,4153.30,149
2026-06-23,16:15,4153.70,4156.30,4150.90,4155.50,415
2026-06-23,16:20,4155.30,4156.00,4153.30,4154.50,328
2026-06-23,16:25,4154.30,4154.90,4153.40,4154.60,135
2026-06-23,16:30,4154.30,4160.40,4153.50,4158.40,569
2026-06-23,16:35,4158.90,4161.00,4157.20,4159.70,248
2026-06-23,16:40,4159.60,4161.80,4158.20,4161.10,399
2026-06-23,16:45,4161.30,4161.80,4157.30,4158.10,199
2026-06-23,16:50,4158.20,4158.70,4156.60,4157.20,136
2026-06-23,16:55,4157.40,4157.80,4149.30,4151.90,950
2026-06-23,17:00,4151.90,4152.30,4148.50,4150.00,700
2026-06-23,17:05,4150.20,4152.20,4147.60,4150.10,329
2026-06-23,17:10,4150.40,4157.70,4150.10,4156.30,573
2026-06-23,17:15,4156.30,4156.30,4153.00,4154.20,348
2026-06-23,17:20,4154.40,4155.50,4151.10,4151.40,365
2026-06-23,17:25,4151.20,4151.20,4147.70,4148.90,1015
2026-06-23,17:30,4149.20,4149.50,4145.50,4147.70,460
2026-06-23,17:35,4147.40,4148.50,4146.50,4147.40,121
2026-06-23,17:40,4147.90,4150.30,4147.00,4149.90,222
2026-06-23,17:45,4150.00,4151.10,4148.80,4150.30,262
2026-06-23,17:50,4149.60,4149.90,4146.10,4146.30,189
2026-06-23,17:55,4146.30,4147.50,4145.70,4145.90,213
2026-06-23,18:00,4146.00,4148.80,4144.30,4145.00,248
2026-06-23,18:05,4144.90,4145.50,4141.80,4142.90,234
2026-06-23,18:10,4143.20,4144.30,4141.80,4142.10,199
2026-06-23,18:15,4142.10,4143.30,4141.50,4142.10,143
2026-06-23,18:20,4142.60,4143.40,4140.40,4141.80,265
2026-06-23,18:25,4141.50,4141.50,4138.30,4139.00,344
2026-06-23,18:30,4139.00,4140.80,4137.50,4139.50,184
2026-06-23,18:35,4139.60,4140.60,4138.00,4138.10,128
2026-06-23,18:40,4138.00,4138.10,4133.70,4134.00,382
2026-06-23,18:45,4134.30,4134.70,4130.80,4132.90,329
2026-06-23,18:50,4132.80,4135.50,4132.00,4133.50,225
2026-06-23,18:55,4133.50,4136.40,4132.90,4135.60,164
2026-06-23,19:00,4135.80,4142.50,4135.00,4141.60,319
2026-06-23,19:05,4141.40,4144.40,4139.00,4139.80,221
2026-06-23,19:10,4140.50,4141.50,4138.50,4139.30,167
2026-06-23,19:15,4139.30,4139.50,4135.30,4135.50,171
2026-06-23,19:20,4135.50,4140.20,4135.50,4138.60,146
2026-06-23,19:25,4138.50,4140.50,4138.30,4139.90,108
2026-06-23,19:30,4140.00,4141.50,4138.70,4139.80,129
2026-06-23,19:35,4140.00,4142.30,4139.50,4140.40,113
2026-06-23,19:40,4140.70,4140.70,4138.80,4138.80,94
2026-06-23,19:45,4138.80,4139.30,4135.60,4138.20,293
2026-06-23,19:50,4138.30,4138.90,4131.80,4133.50,567
2026-06-23,19:55,4133.60,4134.40,4129.10,4129.60,973
2026-06-23,20:00,4129.90,4130.50,4126.50,4129.40,534
2026-06-23,20:05,4129.30,4130.80,4128.70,4130.10,292
2026-06-23,20:10,4130.10,4130.70,4127.60,4127.80,414
2026-06-23,20:15,4127.80,4127.80,4125.40,4127.80,221
2026-06-23,20:20,4126.80,4128.60,4125.00,4126.50,260
2026-06-23,20:25,4126.30,4129.10,4126.30,4128.20,59
2026-06-23,20:30,4128.60,4129.00,4126.60,4127.80,60
2026-06-23,20:35,4128.50,4128.50,4127.00,4128.40,63
2026-06-23,20:40,4128.60,4129.40,4126.40,4128.10,219
2026-06-23,20:45,4128.00,4129.20,4127.60,4128.10,79
2026-06-23,20:50,4127.60,4128.90,4127.00,4127.00,80
2026-06-23,20:55,4127.00,4129.00,4126.30,4129.00,100
2026-06-23,22:00,4130.00,4131.80,4128.20,4128.90,0
2026-06-23,22:05,4128.90,4131.70,4128.50,4129.60,90
2026-06-23,22:10,4130.00,4131.10,4129.60,4130.80,37
2026-06-23,22:15,4130.90,4132.40,4128.50,4128.50,205
2026-06-23,22:20,4129.10,4129.60,4122.10,4123.30,659
2026-06-23,22:25,4123.20,4128.10,4121.60,4123.10,417
2026-06-23,22:30,4123.30,4125.30,4113.90,4115.70,283
2026-06-23,22:35,4116.20,4120.50,4115.90,4118.30,660
2026-06-23,22:40,4118.40,4121.70,4116.60,4121.70,216
2026-06-23,22:45,4121.10,4124.80,4120.90,4122.70,228
2026-06-23,22:50,4123.00,4126.00,4122.60,4123.50,147
2026-06-23,22:55,4123.20,4124.40,4120.40,4121.20,273
2026-06-23,23:00,4120.90,4120.90,4116.00,4116.90,138
2026-06-23,23:05,4117.10,4117.10,4111.90,4113.80,298
2026-06-23,23:10,4113.40,4118.70,4113.10,4117.00,136
2026-06-23,23:15,4116.50,4117.80,4114.20,4117.60,129
2026-06-23,23:20,4116.30,4117.10,4115.80,4116.40,38
2026-06-23,23:25,4116.40,4116.80,4114.20,4114.20,69
2026-06-23,23:30,4114.50,4115.00,4110.60,4111.50,165
2026-06-23,23:35,4112.10,4112.40,4097.90,4101.30,792
2026-06-23,23:40,4102.10,4104.70,4097.90,4103.60,410
2026-06-23,23:45,4103.10,4115.10,4102.90,4113.00,579
2026-06-23,23:50,4113.50,4118.00,4112.20,4113.60,183
2026-06-23,23:55,4114.00,4118.20,4113.60,4116.60,159
2026-06-24,00:00,4117.00,4122.60,4112.20,4119.70,530
2026-06-24,00:05,4121.00,4129.70,4118.40,4127.90,418
2026-06-24,00:10,4128.30,4129.00,4122.20,4125.10,295
2026-06-24,00:15,4125.00,4126.60,4120.50,4121.00,346
2026-06-24,00:20,4121.80,4121.80,4113.70,4113.70,249
2026-06-24,00:25,4114.20,4117.60,4111.40,4117.60,347
2026-06-24,00:30,4117.20,4117.60,4112.50,4114.90,177
2026-06-24,00:35,4114.50,4115.90,4111.60,4115.30,200
2026-06-24,00:40,4114.00,4114.40,4111.40,4112.70,83
2026-06-24,00:45,4112.60,4117.20,4112.50,4115.80,151
2026-06-24,00:50,4115.50,4116.20,4112.00,4113.60,79
2026-06-24,00:55,4113.20,4116.20,4111.70,4114.70,216
2026-06-24,01:00,4114.90,4115.20,4086.00,4090.90,1336
2026-06-24,01:05,4090.30,4100.50,4086.00,4094.70,1256
2026-06-24,01:10,4095.20,4109.50,4094.60,4107.20,665
2026-06-24,01:15,4107.70,4108.60,4102.40,4105.90,338
2026-06-24,01:20,4106.20,4107.90,4101.10,4105.70,263
2026-06-24,01:25,4106.10,4118.40,4106.10,4116.00,674
2026-06-24,01:30,4115.60,4119.80,4111.10,4116.00,370
2026-06-24,01:35,4115.90,4116.50,4110.10,4112.10,185
2026-06-24,01:40,4113.00,4116.10,4109.30,4109.80,307
2026-06-24,01:45,4109.90,4110.50,4103.00,4103.20,305
2026-06-24,01:50,4103.20,4105.10,4099.80,4103.00,260
2026-06-24,01:55,4102.80,4107.40,4102.00,4106.50,296
2026-06-24,02:00,4106.40,4113.10,4103.40,4104.90,434
2026-06-24,02:05,4104.60,4104.60,4096.70,4098.10,313
2026-06-24,02:10,4097.60,4101.80,4097.00,4097.10,240
2026-06-24,02:15,4097.10,4098.30,4090.00,4091.40,538
2026-06-24,02:20,4091.50,4093.50,4089.40,4092.40,398
2026-06-24,02:25,4092.90,4093.60,4088.20,4090.40,720
2026-06-24,02:30,4090.50,4093.60,4080.10,4086.00,939
2026-06-24,02:35,4086.00,4087.80,4076.40,4077.10,696
2026-06-24,02:40,4077.80,4079.00,4069.00,4073.80,847
2026-06-24,02:45,4074.00,4078.10,4071.80,4075.20,451
2026-06-24,02:50,4075.60,4082.40,4073.40,4082.00,461
2026-06-24,02:55,4081.80,4086.60,4077.70,4078.30,530
2026-06-24,03:00,4078.10,4081.80,4072.90,4073.00,298
2026-06-24,03:05,4073.20,4075.60,4069.60,4075.00,285
2026-06-24,03:10,4075.00,4077.20,4073.40,4074.20,277
2026-06-24,03:15,4074.40,4075.60,4067.00,4069.90,553
2026-06-24,03:20,4070.10,4073.20,4068.60,4069.70,257
2026-06-24,03:25,4070.90,4074.00,4068.20,4073.60,335
2026-06-24,03:30,4073.80,4077.60,4072.60,4077.00,414
2026-06-24,03:35,4077.30,4079.80,4076.90,4079.00,333
2026-06-24,03:40,4079.40,4086.90,4078.90,4085.90,442
2026-06-24,03:45,4086.10,4088.50,4081.00,4084.10,315
2026-06-24,03:50,4083.70,4085.10,4080.10,4081.00,217
2026-06-24,03:55,4080.60,4080.80,4079.50,4079.90,68
2026-06-24,04:00,4080.10,4081.30,4075.50,4076.20,315
2026-06-24,04:05,4075.90,4078.10,4073.00,4075.30,276
2026-06-24,04:10,4074.90,4076.00,4072.50,4075.40,98
2026-06-24,04:15,4075.70,4076.90,4071.60,4072.20,257
2026-06-24,04:20,4072.40,4079.50,4071.70,4077.70,314
2026-06-24,04:25,4078.10,4083.70,4078.10,4080.40,245
2026-06-24,04:30,4080.00,4082.50,4080.00,4081.60,85
2026-06-24,04:35,4080.80,4083.00,4079.20,4081.40,107
2026-06-24,04:40,4081.60,4083.60,4080.10,4080.80,91
2026-06-24,04:45,4080.00,4083.00,4079.20,4080.40,67
2026-06-24,04:50,4080.40,4080.50,4078.80,4080.20,88
2026-06-24,04:55,4080.20,4083.50,4079.30,4080.60,156
2026-06-24,05:00,4081.20,4081.80,4077.90,4078.30,117
2026-06-24,05:05,4078.40,4086.20,4077.60,4086.00,196
2026-06-24,05:10,4085.60,4086.00,4082.60,4084.40,287
2026-06-24,05:15,4084.00,4085.40,4082.10,4082.60,314
2026-06-24,05:20,4082.90,4089.90,4082.90,4087.40,361
2026-06-24,05:25,4088.50,4091.50,4087.00,4090.10,362
2026-06-24,05:30,4090.20,4103.10,4089.00,4099.30,806
2026-06-24,05:35,4099.50,4100.00,4092.90,4094.60,486
2026-06-24,05:40,4094.40,4094.80,4089.50,4094.80,238
2026-06-24,05:45,4094.40,4096.70,4091.10,4091.90,252
2026-06-24,05:50,4090.70,4093.30,4088.50,4089.20,256
2026-06-24,05:55,4090.30,4093.90,4089.60,4093.10,183
2026-06-24,06:00,4093.10,4098.40,4093.10,4094.90,410
2026-06-24,06:05,4095.20,4108.90,4094.60,4107.90,725
2026-06-24,06:10,4107.60,4114.20,4106.20,4113.50,740
2026-06-24,06:15,4113.60,4114.70,4102.10,4104.40,736
2026-06-24,06:20,4104.70,4106.70,4103.00,4105.90,305
2026-06-24,06:25,4105.70,4108.00,4100.30,4104.70,486
2026-06-24,06:30,4104.40,4105.50,4102.10,4105.40,241
2026-06-24,06:35,4105.40,4109.00,4105.00,4106.40,178
2026-06-24,06:40,4106.60,4111.10,4106.50,4109.10,247
2026-06-24,06:45,4108.80,4112.20,4106.20,4106.60,425
2026-06-24,06:50,4106.30,4108.80,4101.60,4107.10,377
2026-06-24,06:55,4107.70,4107.90,4101.60,4103.90,170
2026-06-24,07:00,4103.90,4106.80,4102.50,4106.10,209
2026-06-24,07:05,4105.70,4107.80,4103.90,4105.20,127
2026-06-24,07:10,4105.50,4106.30,4103.00,4103.10,79
2026-06-24,07:15,4103.30,4104.70,4101.50,4102.90,204
2026-06-24,07:20,4103.00,4103.90,4100.40,4102.00,179
2026-06-24,07:25,4102.20,4103.00,4100.00,4101.30,120
2026-06-24,07:30,4101.50,4102.10,4097.50,4098.00,244
2026-06-24,07:35,4098.00,4098.10,4093.00,4095.90,567
2026-06-24,07:40,4096.20,4100.90,4093.70,4099.70,405
2026-06-24,07:45,4099.60,4103.30,4097.90,4102.10,332
2026-06-24,07:50,4101.60,4102.80,4093.30,4095.90,230
2026-06-24,07:55,4096.00,4096.40,4090.70,4091.50,331
2026-06-24,08:00,4091.60,4095.20,4090.70,4093.90,311
2026-06-24,08:05,4094.20,4094.90,4092.50,4092.70,154
2026-06-24,08:10,4092.80,4093.80,4090.00,4091.00,153
2026-06-24,08:15,4091.00,4093.60,4090.30,4090.30,142
2026-06-24,08:20,4090.80,4094.70,4090.60,4094.00,510
2026-06-24,08:25,4093.60,4097.80,4093.60,4097.70,471
2026-06-24,08:30,4097.50,4104.80,4097.30,4101.30,381
2026-06-24,08:35,4101.40,4102.20,4096.10,4099.50,223
2026-06-24,08:40,4099.40,4102.20,4098.40,4100.00,186
2026-06-24,08:45,4100.30,4100.50,4094.50,4095.80,136
2026-06-24,08:50,4096.00,4097.30,4093.60,4093.60,139
2026-06-24,08:55,4094.00,4095.20,4092.70,4093.30,134
2026-06-24,09:00,4093.30,4095.20,4090.90,4091.30,269
2026-06-24,09:05,4091.80,4092.20,4086.80,4086.90,294
2026-06-24,09:10,4087.20,4093.70,4087.10,4093.30,310
2026-06-24,09:15,4092.90,4095.80,4092.30,4095.00,226
2026-06-24,09:20,4095.50,4095.50,4090.50,4091.30,195
2026-06-24,09:25,4091.30,4091.50,4085.20,4086.40,460
2026-06-24,09:30,4086.10,4089.70,4086.00,4087.50,627
2026-06-24,09:35,4087.50,4088.40,4084.20,4085.60,424
2026-06-24,09:40,4085.50,4086.70,4082.70,4085.70,273
2026-06-24,09:45,4085.40,4087.50,4082.70,4086.40,279
2026-06-24,09:50,4086.10,4088.30,4085.20,4085.90,303
2026-06-24,09:55,4086.00,4086.00,4081.60,4081.80,209
2026-06-24,10:00,4082.00,4083.50,4076.60,4079.20,465
2026-06-24,10:05,4079.50,4079.70,4076.80,4077.30,268
2026-06-24,10:10,4077.00,4080.00,4076.20,4078.20,202
2026-06-24,10:15,4078.30,4078.30,4072.10,4076.00,486
2026-06-24,10:20,4075.90,4077.50,4072.80,4074.70,188
2026-06-24,10:25,4074.40,4077.30,4074.00,4077.10,155
2026-06-24,10:30,4077.80,4080.10,4077.60,4078.50,313
2026-06-24,10:35,4078.20,4078.70,4073.50,4075.00,304
2026-06-24,10:40,4074.80,4083.70,4074.50,4081.70,299
2026-06-24,10:45,4081.60,4082.50,4078.70,4080.00,152
2026-06-24,10:50,4079.90,4080.20,4073.60,4075.10,252
2026-06-24,10:55,4074.90,4075.00,4071.00,4072.30,201
2026-06-24,11:00,4072.10,4075.60,4067.40,4069.00,414
2026-06-24,11:05,4068.40,4070.30,4064.60,4066.00,894
2026-06-24,11:10,4065.70,4070.50,4061.30,4062.70,568
2026-06-24,11:15,4062.40,4063.50,4053.90,4058.30,1399
2026-06-24,11:20,4058.40,4063.10,4056.50,4063.10,611
2026-06-24,11:25,4063.10,4063.40,4055.30,4060.60,552
2026-06-24,11:30,4060.40,4064.60,4060.00,4060.50,492
2026-06-24,11:35,4060.40,4068.00,4059.90,4066.40,544
2026-06-24,11:40,4066.40,4068.10,4062.10,4062.40,326
2026-06-24,11:45,4062.20,4062.70,4055.30,4061.50,669
2026-06-24,11:50,4061.10,4072.80,4060.90,4070.90,754
2026-06-24,11:55,4070.80,4070.80,4061.90,4063.20,515
2026-06-24,12:00,4063.40,4065.20,4058.70,4060.80,465
2026-06-24,12:05,4061.40,4062.20,4051.30,4057.20,965
2026-06-24,12:10,4057.10,4060.70,4054.10,4054.30,1002
2026-06-24,12:15,4054.10,4058.30,4051.10,4057.50,799
2026-06-24,12:20,4057.10,4057.60,4048.70,4049.00,1173
2026-06-24,12:25,4049.20,4049.40,4022.60,4031.80,5635
2026-06-24,12:30,4032.00,4037.30,4025.20,4035.00,2128
2026-06-24,12:35,4035.20,4035.20,4023.00,4027.90,1658
2026-06-24,12:40,4027.70,4031.30,4023.40,4029.50,1759
2026-06-24,12:45,4029.40,4033.80,4018.80,4020.20,1761
2026-06-24,12:50,4020.20,4024.20,4015.40,4020.00,2281
2026-06-24,12:55,4019.90,4020.10,4003.30,4004.00,2934
2026-06-24,13:00,4004.10,4011.10,3987.30,3995.90,8578
2026-06-24,13:05,3995.90,4002.70,3987.40,3991.80,2888
2026-06-24,13:10,3992.90,3994.60,3982.40,3987.70,2618
2026-06-24,13:15,3987.20,3993.30,3980.90,3992.60,2035
2026-06-24,13:20,3992.20,3992.20,3980.30,3989.80,1840
2026-06-24,13:25,3990.20,3992.90,3985.90,3991.40,2079
2026-06-24,13:30,3991.30,4012.30,3990.00,4002.60,3860
2026-06-24,13:35,4002.80,4023.80,4001.70,4022.10,3734
2026-06-24,13:40,4022.10,4035.20,4017.30,4032.10,3436
2026-06-24,13:45,4032.40,4037.50,4026.00,4036.60,2149
2026-06-24,13:50,4036.30,4051.00,4035.50,4045.80,3841
2026-06-24,13:55,4046.10,4059.00,4039.90,4054.90,2845
2026-06-24,14:00,4054.90,4058.20,4038.60,4041.70,3448
2026-06-24,14:05,4041.30,4048.10,4038.50,4045.50,1775
2026-06-24,14:10,4045.70,4049.20,4036.00,4036.90,1639
2026-06-24,14:15,4037.20,4038.20,4031.90,4035.60,1416
2026-06-24,14:20,4035.60,4042.50,4031.40,4041.30,1219
2026-06-24,14:25,4041.10,4045.50,4038.00,4041.10,831
2026-06-24,14:30,4041.10,4052.20,4040.90,4048.10,1308
2026-06-24,14:35,4048.30,4049.60,4035.90,4037.00,1056
2026-06-24,14:40,4037.10,4039.00,4028.20,4033.20,1075
2026-06-24,14:45,4032.70,4033.00,4026.60,4028.40,1060
2026-06-24,14:50,4028.40,4030.00,4022.50,4022.90,636
2026-06-24,14:55,4023.60,4025.70,4020.00,4025.00,872
2026-06-24,15:00,4025.40,4027.70,4017.50,4021.10,731
2026-06-24,15:05,4021.30,4021.40,4014.30,4017.20,860
2026-06-24,15:10,4016.70,4021.40,4015.30,4019.20,840
2026-06-24,15:15,4018.80,4028.80,4016.60,4028.20,1056
2026-06-24,15:20,4028.30,4031.90,4024.90,4026.20,706
2026-06-24,15:25,4025.80,4032.00,4020.80,4031.90,925
2026-06-24,15:30,4031.70,4032.70,4023.20,4025.90,422
2026-06-24,15:35,4025.70,4027.10,4023.20,4023.80,374
2026-06-24,15:40,4023.80,4024.10,4018.10,4023.00,559
2026-06-24,15:45,4023.20,4032.00,4021.10,4030.10,826
2026-06-24,15:50,4030.00,4033.90,4020.20,4022.50,857
2026-06-24,15:55,4022.00,4022.90,4017.00,4019.50,440
2026-06-24,16:00,4019.40,4022.70,4016.70,4019.20,1016
2026-06-24,16:05,4019.30,4023.70,4012.60,4017.50,1124
2026-06-24,16:10,4017.40,4021.50,4016.50,4019.90,433
2026-06-24,16:15,4019.90,4023.30,4018.50,4020.00,542
2026-06-24,16:20,4019.80,4030.30,4019.60,4028.00,1112
2026-06-24,16:25,4028.40,4034.30,4027.30,4033.70,473
2026-06-24,16:30,4033.00,4036.80,4030.10,4032.00,925
2026-06-24,16:35,4032.00,4039.70,4032.00,4035.00,1481
2026-06-24,16:40,4035.00,4037.20,4026.40,4029.10,824
2026-06-24,16:45,4028.90,4029.20,4024.50,4024.80,399
2026-06-24,16:50,4024.40,4028.20,4024.30,4024.60,237
2026-06-24,16:55,4024.60,4026.20,4023.20,4023.40,239
2026-06-24,17:00,4023.70,4028.60,4022.70,4026.60,448
2026-06-24,17:05,4026.80,4027.70,4021.20,4023.50,402
2026-06-24,17:10,4024.90,4026.80,4022.50,4023.00,381
2026-06-24,17:15,4023.00,4024.40,4016.90,4017.60,801
2026-06-24,17:20,4017.20,4018.30,4009.90,4010.10,1361
2026-06-24,17:25,4009.90,4013.50,4006.80,4007.40,2594
2026-06-24,17:30,4007.80,4008.20,4000.40,4003.10,1582
2026-06-24,17:35,4003.40,4005.00,4000.00,4003.00,1211
2026-06-24,17:40,4002.70,4003.70,4000.00,4001.40,572
2026-06-24,17:45,4001.20,4004.10,3997.20,3997.20,954
2026-06-24,17:50,3997.00,3998.60,3993.70,3997.00,467
2026-06-24,17:55,3996.80,3999.70,3989.50,3989.80,833
2026-06-24,18:00,3989.90,3992.30,3975.70,3983.40,2051
2026-06-24,18:05,3983.80,4001.00,3983.70,4000.60,1313
2026-06-24,18:10,4000.70,4009.50,3997.50,4005.60,1383
2026-06-24,18:15,4005.70,4009.30,4003.00,4004.20,811
2026-06-24,18:20,4004.20,4005.00,3996.60,4004.10,1092
2026-06-24,18:25,4005.00,4009.50,4003.70,4007.30,440
2026-06-24,18:30,4007.90,4011.70,4004.10,4006.00,578
2026-06-24,18:35,4006.30,4006.70,4000.40,4002.00,466
2026-06-24,18:40,4001.90,4002.90,3998.90,4000.80,196
2026-06-24,18:45,3998.90,4000.10,3994.10,3996.50,281
2026-06-24,18:50,3996.70,3999.30,3993.90,3998.70,301
2026-06-24,18:55,3998.60,4001.30,3997.10,3998.10,217
2026-06-24,19:00,3998.70,4002.20,3994.70,3999.40,304
2026-06-24,19:05,4000.10,4000.60,3993.50,3994.40,292
2026-06-24,19:10,3993.90,3994.00,3990.40,3993.70,340
2026-06-24,19:15,3992.90,3994.40,3990.60,3994.20,270
2026-06-24,19:20,3994.20,3996.60,3993.40,3995.40,256
2026-06-24,19:25,3996.00,4001.10,3995.00,4000.70,297
2026-06-24,19:30,4001.00,4005.60,4000.70,4002.60,311
2026-06-24,19:35,4002.60,4002.60,3997.60,3999.40,159
2026-06-24,19:40,3999.30,4000.70,3996.40,4000.00,223
2026-06-24,19:45,3999.70,4001.80,3998.30,3999.10,231
2026-06-24,19:50,3998.90,4008.20,3997.80,4007.80,859
2026-06-24,19:55,4007.80,4007.80,4001.90,4004.90,1171
2026-06-24,20:00,4005.50,4015.70,4001.60,4014.70,747
2026-06-24,20:05,4014.30,4020.00,4014.10,4015.90,592
2026-06-24,20:10,4016.10,4017.20,4011.80,4012.70,184
2026-06-24,20:15,4012.70,4013.20,4009.10,4010.20,248
2026-06-24,20:20,4010.60,4017.00,4010.40,4015.60,454
2026-06-24,20:25,4015.90,4018.40,4013.90,4017.60,197
2026-06-24,20:30,4017.40,4018.60,4014.80,4016.40,161
2026-06-24,20:35,4015.90,4018.40,4013.00,4013.20,206
2026-06-24,20:40,4013.70,4016.50,4013.70,4016.20,74
2026-06-24,20:45,4016.00,4017.50,4014.40,4014.40,100
2026-06-24,20:50,4014.60,4017.00,4013.70,4016.50,79
2026-06-24,20:55,4016.20,4018.50,4015.70,4016.40,148
2026-06-24,22:00,4019.00,4024.90,4018.40,4023.60,0
2026-06-24,22:05,4023.10,4023.10,4016.90,4019.50,777
2026-06-24,22:10,4018.70,4021.50,4016.50,4017.40,102
2026-06-24,22:15,4017.20,4017.80,4016.20,4017.00,76
2026-06-24,22:20,4016.80,4018.40,4016.50,4017.60,70
2026-06-24,22:25,4017.50,4018.90,4016.40,4017.90,40
2026-06-24,22:30,4018.10,4020.80,4015.40,4020.10,323
2026-06-24,22:35,4020.00,4023.00,4017.80,4018.30,242
2026-06-24,22:40,4018.70,4020.30,4017.40,4018.10,194
2026-06-24,22:45,4018.40,4018.60,4013.50,4013.50,177
2026-06-24,22:50,4014.00,4015.00,4010.30,4011.10,227
2026-06-24,22:55,4010.90,4013.30,4008.80,4012.00,194
2026-06-24,23:00,4012.50,4015.00,4009.60,4011.20,391
2026-06-24,23:05,4011.30,4011.30,4006.00,4009.90,280
2026-06-24,23:10,4010.00,4011.40,4007.70,4011.10,182
2026-06-24,23:15,4011.30,4014.90,4011.00,4013.40,139
2026-06-24,23:20,4013.40,4015.90,4013.30,4015.90,39
2026-06-24,23:25,4015.90,4016.30,4012.50,4014.20,125
2026-06-24,23:30,4015.00,4024.60,4015.00,4024.60,362
2026-06-24,23:35,4024.50,4033.90,4023.70,4031.20,705
2026-06-24,23:40,4031.10,4032.30,4026.20,4030.20,200
2026-06-24,23:45,4029.90,4033.00,4025.30,4026.70,181
2026-06-24,23:50,4026.20,4028.90,4025.10,4026.60,101
2026-06-24,23:55,4026.00,4028.90,4024.70,4026.60,267
2026-06-25,00:00,4028.30,4029.50,4024.60,4028.50,172
2026-06-25,00:05,4028.40,4031.30,4026.90,4030.00,188
2026-06-25,00:10,4029.30,4031.50,4019.10,4020.60,223
2026-06-25,00:15,4020.70,4021.40,4015.70,4018.30,448
2026-06-25,00:20,4017.60,4021.00,4016.00,4017.20,169
2026-06-25,00:25,4017.00,4017.80,4010.70,4011.60,313
2026-06-25,00:30,4011.30,4012.00,4003.20,4003.20,315
2026-06-25,00:35,4003.00,4003.40,3996.90,3998.30,607
2026-06-25,00:40,3998.60,4003.00,3996.80,4001.20,267
2026-06-25,00:45,4001.00,4001.70,3994.20,3999.40,520
2026-06-25,00:50,3998.80,4016.20,3998.10,4015.30,688
2026-06-25,00:55,4015.20,4016.50,4004.20,4007.30,549
2026-06-25,01:00,4007.20,4021.40,4004.30,4012.10,606
2026-06-25,01:05,4011.60,4012.50,4002.80,4006.60,382
2026-06-25,01:10,4007.00,4007.10,3997.40,4001.90,368
2026-06-25,01:15,3999.80,4010.20,3999.40,4009.80,212
2026-06-25,01:20,4010.00,4015.20,4010.00,4010.10,201
2026-06-25,01:25,4010.90,4015.60,4005.00,4006.50,288
2026-06-25,01:30,4006.40,4011.50,3997.60,3998.90,394
2026-06-25,01:35,3998.70,4003.80,3992.30,4002.70,562
2026-06-25,01:40,4002.50,4003.00,3995.20,3997.50,615
2026-06-25,01:45,3997.50,4003.00,3993.80,4000.80,303
2026-06-25,01:50,4001.10,4004.20,3994.50,3995.70,284
2026-06-25,01:55,3996.40,3998.90,3987.90,3992.20,499
2026-06-25,02:00,3992.90,3997.30,3989.10,3990.40,408
2026-06-25,02:05,3989.70,3991.10,3979.20,3981.60,816
2026-06-25,02:10,3980.50,3986.30,3976.30,3983.30,879
2026-06-25,02:15,3983.50,3997.50,3982.80,3996.50,786
2026-06-25,02:20,3996.50,4006.60,3996.50,4000.40,738
2026-06-25,02:25,4000.60,4003.80,3999.60,4002.20,374
2026-06-25,02:30,4002.20,4002.90,3994.00,3998.90,480
2026-06-25,02:35,3999.50,4003.80,3998.40,4000.10,317
2026-06-25,02:40,4000.50,4000.50,3990.40,3994.40,392
2026-06-25,02:45,3995.30,3999.40,3992.70,3998.70,218
2026-06-25,02:50,3998.80,3998.80,3991.50,3994.00,273
2026-06-25,02:55,3994.70,4000.50,3993.10,3998.70,265
2026-06-25,03:00,3998.80,4005.10,3996.80,3998.20,295
2026-06-25,03:05,3997.40,3997.40,3988.90,3989.70,527
2026-06-25,03:10,3989.00,3989.40,3981.60,3986.30,552
2026-06-25,03:15,3986.50,3998.00,3983.00,3997.50,409
2026-06-25,03:20,3997.20,3998.60,3988.90,3988.90,367
2026-06-25,03:25,3989.00,3992.80,3988.00,3991.80,159
2026-06-25,03:30,3991.50,3992.80,3987.20,3991.60,193
2026-06-25,03:35,3991.00,3991.00,3984.20,3987.20,201
2026-06-25,03:40,3987.10,3990.70,3985.50,3990.40,206
2026-06-25,03:45,3990.40,4002.60,3990.10,4002.20,642
2026-06-25,03:50,4002.20,4014.60,4002.10,4012.30,974
2026-06-25,03:55,4013.00,4016.60,4009.20,4012.40,392
2026-06-25,04:00,4011.10,4013.20,4009.20,4009.80,369
2026-06-25,04:05,4009.80,4012.20,4007.70,4011.20,153
2026-06-25,04:10,4011.00,4011.00,4005.40,4005.80,291
2026-06-25,04:15,4005.00,4007.30,4003.30,4007.00,277
2026-06-25,04:20,4006.90,4012.20,4006.30,4011.70,156
2026-06-25,04:25,4010.90,4013.20,4009.20,4010.00,159
2026-06-25,04:30,4010.90,4011.60,4005.80,4006.70,177
2026-06-25,04:35,4006.60,4006.70,4003.10,4003.10,221
2026-06-25,04:40,4003.70,4007.30,3999.50,4007.30,295
2026-06-25,04:45,4007.60,4011.20,4007.00,4008.00,289
2026-06-25,04:50,4008.30,4012.70,4008.30,4011.40,132
2026-06-25,04:55,4011.20,4011.80,4010.40,4011.80,42
2026-06-25,05:00,4012.00,4013.90,4009.90,4013.00,158
2026-06-25,05:05,4012.30,4014.90,4007.90,4014.90,401
2026-06-25,05:10,4014.90,4015.70,4012.20,4013.80,335
2026-06-25,05:15,4014.10,4014.30,4004.70,4007.80,421
2026-06-25,05:20,4008.00,4010.50,4006.60,4010.50,242
2026-06-25,05:25,4011.10,4014.30,4006.30,4009.80,440
2026-06-25,05:30,4009.60,4013.00,4001.50,4010.10,660
2026-06-25,05:35,4010.90,4011.70,4000.00,4000.50,321
2026-06-25,05:40,4001.00,4002.20,3997.20,3999.10,215
2026-06-25,05:45,3998.60,4000.40,3996.20,3999.00,387
2026-06-25,05:50,3998.80,4004.70,3998.40,4003.80,245
2026-06-25,05:55,4004.10,4007.20,4001.60,4001.60,356
2026-06-25,06:00,4001.50,4003.10,3997.20,4001.70,326
2026-06-25,06:05,4002.10,4004.60,3998.20,4001.30,203
2026-06-25,06:10,4001.00,4001.90,3995.80,3995.90,202
2026-06-25,06:15,3995.30,3995.60,3990.20,3990.20,423
2026-06-25,06:20,3990.00,3997.40,3988.90,3994.50,468
2026-06-25,06:25,3994.80,4002.20,3993.60,3999.60,406
2026-06-25,06:30,3999.30,4000.50,3993.60,3995.70,328
2026-06-25,06:35,3995.70,3996.60,3991.80,3995.90,357
2026-06-25,06:40,3995.30,3998.80,3992.70,3997.00,549
2026-06-25,06:45,3997.60,3999.40,3996.20,3998.00,420
2026-06-25,06:50,3998.10,3999.40,3993.00,3993.00,302
2026-06-25,06:55,3992.80,3996.20,3991.10,3992.70,390
2026-06-25,07:00,3992.50,3995.10,3988.50,3995.00,479
2026-06-25,07:05,3995.20,4000.90,3993.70,3999.90,619
2026-06-25,07:10,4000.40,4001.50,3993.80,3995.30,470
2026-06-25,07:15,3995.00,4000.20,3992.90,4000.00,294
2026-06-25,07:20,4000.10,4002.00,3995.10,3999.30,440
2026-06-25,07:25,3999.30,4005.50,3997.50,4000.80,456
2026-06-25,07:30,4000.90,4005.10,3997.60,3998.20,585
2026-06-25,07:35,3998.90,4000.40,3993.30,3993.30,372
2026-06-25,07:40,3993.20,3996.90,3988.80,3989.80,507
2026-06-25,07:45,3989.50,3993.00,3986.60,3992.80,488
2026-06-25,07:50,3993.00,3993.60,3990.20,3992.80,283
2026-06-25,07:55,3992.90,4004.80,3992.00,4003.50,619
2026-06-25,08:00,4003.60,4011.10,4002.90,4006.30,782
2026-06-25,08:05,4006.90,4008.50,4003.50,4004.50,303
2026-06-25,08:10,4003.80,4005.50,4000.20,4002.60,401
2026-06-25,08:15,4003.00,4010.80,4002.10,4010.50,987
2026-06-25,08:20,4010.60,4017.10,4010.60,4012.90,928
2026-06-25,08:25,4012.70,4012.70,4008.00,4009.40,321
2026-06-25,08:30,4009.80,4016.90,4009.80,4016.80,303
2026-06-25,08:35,4016.20,4017.50,4011.90,4017.50,453
2026-06-25,08:40,4017.00,4017.90,4013.90,4015.30,402
2026-06-25,08:45,4015.40,4015.40,4007.10,4008.60,612
2026-06-25,08:50,4008.20,4009.50,4005.50,4006.80,297
2026-06-25,08:55,4006.10,4006.80,4004.20,4004.90,183
2026-06-25,09:00,4004.90,4011.60,4004.60,4011.50,424
2026-06-25,09:05,4011.60,4012.00,4007.00,4007.00,216
2026-06-25,09:10,4006.80,4009.40,4006.70,4006.90,106
2026-06-25,09:15,4006.40,4009.30,4004.70,4006.30,224
2026-06-25,09:20,4007.30,4011.10,4007.30,4010.00,197
2026-06-25,09:25,4010.20,4010.90,4008.10,4009.70,251
2026-06-25,09:30,4010.00,4013.50,4009.10,4009.60,749
2026-06-25,09:35,4009.70,4009.70,4001.90,4007.30,718
2026-06-25,09:40,4007.40,4007.50,4002.60,4003.80,275
2026-06-25,09:45,4003.40,4005.40,4003.30,4004.80,146
2026-06-25,09:50,4004.50,4007.40,4004.50,4006.20,257
2026-06-25,09:55,4006.30,4008.80,4002.70,4003.40,190
2026-06-25,10:00,4003.00,4004.60,4000.40,4001.80,195
2026-06-25,10:05,4002.00,4003.20,4001.30,4002.40,161
2026-06-25,10:10,4002.00,4003.60,3998.70,3999.20,387
2026-06-25,10:15,3999.30,4002.00,3998.20,3999.80,184
2026-06-25,10:20,3999.50,4001.70,3998.90,4000.50,218
2026-06-25,10:25,4001.10,4004.60,4000.70,4004.60,171
2026-06-25,10:30,4004.40,4004.40,3999.80,4002.20,362
2026-06-25,10:35,4001.70,4003.60,4001.20,4002.70,197
2026-06-25,10:40,4002.50,4002.50,3999.90,4000.80,92
2026-06-25,10:45,4000.60,4000.60,3997.40,3999.10,204
2026-06-25,10:50,3999.10,4000.60,3997.00,3997.70,164
2026-06-25,10:55,3997.90,3999.80,3996.40,3999.50,200
2026-06-25,11:00,4000.00,4001.10,3997.10,4000.10,216
2026-06-25,11:05,3999.70,4000.90,3997.90,3999.50,259
2026-06-25,11:10,3999.30,4000.70,3997.00,3998.40,127
2026-06-25,11:15,3998.10,3998.30,3991.00,3997.00,815
2026-06-25,11:20,3996.60,3997.70,3994.80,3996.20,152
2026-06-25,11:25,3995.20,3995.80,3991.60,3992.30,378
2026-06-25,11:30,3992.00,3996.60,3991.50,3992.20,275
2026-06-25,11:35,3992.10,3997.40,3988.60,3997.20,530
2026-06-25,11:40,3997.40,4001.50,3997.20,3999.90,294
2026-06-25,11:45,4000.30,4003.20,3999.80,4001.00,286
2026-06-25,11:50,4000.80,4001.80,3997.20,3997.60,259
2026-06-25,11:55,3997.30,3997.40,3994.40,3995.30,172
2026-06-25,12:00,3995.40,3999.90,3995.20,3998.00,377
2026-06-25,12:05,3997.50,3998.70,3994.60,3998.60,329
2026-06-25,12:10,3997.70,3998.60,3995.00,3997.60,274
2026-06-25,12:15,3997.50,4001.20,3995.00,3998.10,343
2026-06-25,12:20,3998.40,3998.50,3993.50,3994.80,484
2026-06-25,12:25,3995.40,4001.20,3993.90,3999.50,726
2026-06-25,12:30,4000.30,4027.40,3998.30,4010.70,3555
2026-06-25,12:35,4011.00,4023.20,4004.80,4014.00,2023
2026-06-25,12:40,4013.70,4022.60,4007.70,4021.40,1776
2026-06-25,12:45,4021.90,4034.20,4019.40,4029.50,1888
2026-06-25,12:50,4030.20,4035.10,4026.60,4031.50,1201
2026-06-25,12:55,4032.00,4032.50,4024.20,4028.20,983
2026-06-25,13:00,4028.20,4049.90,4027.40,4044.80,3154
2026-06-25,13:05,4045.10,4049.60,4039.80,4045.40,1583
2026-06-25,13:10,4045.90,4049.60,4041.20,4046.80,795
2026-06-25,13:15,4046.80,4047.10,4036.10,4038.60,1198
2026-06-25,13:20,4038.90,4046.20,4035.60,4037.90,1179
2026-06-25,13:25,4037.80,4040.00,4034.40,4037.80,684
2026-06-25,13:30,4037.90,4044.20,4029.40,4029.70,2151
2026-06-25,13:35,4029.90,4042.60,4028.50,4039.80,1766
2026-06-25,13:40,4039.50,4039.50,4026.60,4027.70,1318
2026-06-25,13:45,4027.80,4032.00,4023.70,4028.40,1491
2026-06-25,13:50,4029.40,4035.10,4022.90,4024.10,1300
2026-06-25,13:55,4023.90,4026.00,4016.60,4017.50,1917
2026-06-25,14:00,4017.90,4034.70,4015.10,4030.60,2998
2026-06-25,14:05,4031.10,4037.90,4026.10,4032.70,1366
2026-06-25,14:10,4033.10,4035.90,4029.10,4032.40,841
2026-06-25,14:15,4032.10,4037.10,4029.80,4033.50,1581
2026-06-25,14:20,4033.40,4038.80,4028.40,4030.40,1238
2026-06-25,14:25,4030.70,4045.00,4028.60,4042.70,1571
2026-06-25,14:30,4042.30,4045.60,4038.10,4041.50,922
2026-06-25,14:35,4041.90,4043.10,4032.10,4033.50,606
2026-06-25,14:40,4033.60,4036.00,4031.40,4035.80,452
2026-06-25,14:45,4036.00,4037.00,4030.30,4032.50,479
2026-06-25,14:50,4032.50,4036.10,4028.80,4033.20,639
2026-06-25,14:55,4033.00,4033.60,4026.80,4027.60,745
2026-06-25,15:00,4027.80,4031.00,4024.80,4030.50,611
2026-06-25,15:05,4030.20,4036.00,4029.50,4032.20,850
2026-06-25,15:10,4032.10,4032.50,4020.40,4023.90,1082
2026-06-25,15:15,4023.00,4030.80,4021.10,4030.50,634
2026-06-25,15:20,4030.10,4056.90,4028.10,4053.70,3400
2026-06-25,15:25,4053.50,4053.50,4041.40,4042.40,1082
2026-06-25,15:30,4042.20,4044.10,4037.20,4038.00,572
2026-06-25,15:35,4037.40,4046.40,4037.40,4044.30,576
2026-06-25,15:40,4044.10,4046.30,4042.00,4043.50,398
2026-06-25,15:45,4043.50,4052.40,4042.40,4046.70,931
2026-06-25,15:50,4046.90,4057.60,4045.70,4053.90,1589
2026-06-25,15:55,4053.90,4058.70,4052.20,4057.50,1165
2026-06-25,16:00,4057.20,4058.70,4050.30,4053.60,917
2026-06-25,16:05,4053.50,4055.40,4049.30,4049.40,598
2026-06-25,16:10,4049.90,4056.90,4049.30,4052.80,640
2026-06-25,16:15,4052.90,4060.00,4052.90,4056.30,872
2026-06-25,16:20,4057.10,4059.90,4056.00,4057.20,583
2026-06-25,16:25,4057.70,4058.30,4055.40,4056.20,443
2026-06-25,16:30,4056.30,4056.40,4049.10,4050.50,635
2026-06-25,16:35,4049.90,4052.00,4046.60,4047.50,445
2026-06-25,16:40,4047.50,4049.60,4046.40,4047.20,320
2026-06-25,16:45,4046.70,4047.70,4039.10,4047.20,985
2026-06-25,16:50,4047.10,4049.00,4043.80,4046.90,305
2026-06-25,16:55,4046.80,4046.80,4042.90,4044.00,195
2026-06-25,17:00,4044.40,4045.90,4042.30,4045.50,438
2026-06-25,17:05,4046.00,4047.70,4044.80,4045.70,378
2026-06-25,17:10,4045.70,4047.30,4044.60,4044.80,240
2026-06-25,17:15,4044.70,4048.60,4044.70,4045.90,439
2026-06-25,17:20,4045.50,4048.50,4043.40,4048.10,783
2026-06-25,17:25,4048.00,4051.80,4045.80,4048.40,2426
2026-06-25,17:30,4048.10,4050.70,4046.80,4047.40,434
2026-06-25,17:35,4047.50,4049.80,4046.90,4049.10,240
2026-06-25,17:40,4048.80,4051.40,4048.50,4049.60,217
2026-06-25,17:45,4049.70,4049.70,4045.00,4046.80,248
2026-06-25,17:50,4046.70,4049.50,4046.50,4049.00,136
2026-06-25,17:55,4049.00,4052.30,4049.00,4050.20,805
2026-06-25,18:00,4050.50,4051.10,4042.90,4043.90,418
2026-06-25,18:05,4043.90,4049.10,4041.60,4048.10,436
2026-06-25,18:10,4048.60,4050.10,4045.90,4047.70,235
2026-06-25,18:15,4047.80,4056.30,4047.60,4053.60,460
2026-06-25,18:20,4053.50,4055.10,4052.90,4054.20,174
2026-06-25,18:25,4054.20,4059.90,4053.80,4059.70,367
2026-06-25,18:30,4059.60,4059.60,4049.20,4049.80,679
2026-06-25,18:35,4049.70,4051.90,4048.30,4051.50,421
2026-06-25,18:40,4051.70,4051.70,4046.20,4048.30,682
2026-06-25,18:45,4047.90,4048.40,4045.40,4047.70,292
2026-06-25,18:50,4047.90,4051.90,4047.60,4050.90,159
2026-06-25,18:55,4051.40,4051.90,4049.40,4050.40,103
2026-06-25,19:00,4051.00,4051.70,4048.30,4049.60,131
2026-06-25,19:05,4049.80,4055.60,4048.90,4054.60,259
2026-06-25,19:10,4054.30,4056.30,4054.00,4055.50,503
2026-06-25,19:15,4055.80,4059.70,4051.80,4052.90,714
2026-06-25,19:20,4052.90,4055.80,4052.90,4054.80,241
2026-06-25,19:25,4055.00,4056.50,4050.70,4051.30,135
2026-06-25,19:30,4051.80,4052.60,4047.40,4049.30,430
2026-06-25,19:35,4049.90,4050.80,4048.00,4050.10,272
2026-06-25,19:40,4050.30,4053.10,4048.10,4049.80,473
2026-06-25,19:45,4049.30,4049.40,4041.10,4042.00,495
2026-06-25,19:50,4041.70,4042.50,4037.00,4041.40,1850
2026-06-25,19:55,4041.80,4042.40,4036.80,4041.60,695
2026-06-25,20:00,4042.10,4049.80,4040.30,4046.00,358
2026-06-25,20:05,4046.20,4046.20,4043.20,4043.20,105
2026-06-25,20:10,4043.00,4044.20,4042.30,4042.90,46
2026-06-25,20:15,4043.30,4044.40,4041.60,4043.60,178
2026-06-25,20:20,4043.70,4045.60,4043.60,4045.40,51
2026-06-25,20:25,4045.30,4045.90,4043.00,4045.60,166
2026-06-25,20:30,4045.40,4045.40,4042.00,4042.10,89
2026-06-25,20:35,4042.00,4042.60,4040.70,4040.90,56
2026-06-25,20:40,4041.00,4042.40,4039.50,4041.40,238
2026-06-25,20:45,4041.40,4041.60,4039.50,4039.50,70
2026-06-25,20:50,4039.70,4040.90,4039.40,4039.90,96
2026-06-25,20:55,4039.60,4042.30,4039.40,4041.60,183
2026-06-25,22:00,4044.40,4046.70,4041.80,4044.10,0
2026-06-25,22:05,4044.60,4044.60,4040.20,4040.20,83
2026-06-25,22:10,4040.00,4041.10,4036.30,4038.20,148
2026-06-25,22:15,4038.00,4039.00,4036.50,4037.10,78
2026-06-25,22:20,4036.70,4038.60,4034.50,4036.30,215
2026-06-25,22:25,4036.70,4041.50,4034.90,4039.40,264
2026-06-25,22:30,4039.30,4045.50,4039.10,4044.70,267
2026-06-25,22:35,4044.60,4051.60,4044.50,4049.30,247
2026-06-25,22:40,4049.50,4051.60,4043.70,4043.70,278
2026-06-25,22:45,4043.70,4045.90,4039.20,4039.50,183
2026-06-25,22:50,4039.70,4040.70,4037.10,4038.10,342
2026-06-25,22:55,4037.30,4042.50,4037.30,4041.40,209
2026-06-25,23:00,4041.30,4042.20,4038.90,4038.90,55
2026-06-25,23:05,4038.50,4039.60,4036.80,4038.30,88
2026-06-25,23:10,4038.40,4039.50,4036.50,4038.90,67
2026-06-25,23:15,4038.30,4041.40,4037.40,4041.00,69
2026-06-25,23:20,4041.50,4044.90,4040.40,4043.30,69
2026-06-25,23:25,4043.30,4045.70,4043.30,4045.10,45
2026-06-25,23:30,4045.50,4045.50,4035.60,4036.50,95
2026-06-25,23:35,4036.80,4040.60,4036.70,4039.10,171
2026-06-25,23:40,4039.40,4039.40,4038.90,4039.20,13
2026-06-25,23:45,4039.10,4039.10,4031.40,4032.60,162
2026-06-25,23:50,4032.70,4034.80,4031.60,4032.30,62
2026-06-25,23:55,4032.90,4033.10,4027.50,4030.20,235
2026-06-26,00:00,4029.90,4033.50,4027.10,4027.50,200
2026-06-26,00:05,4027.50,4031.00,4026.30,4029.90,162
2026-06-26,00:10,4029.70,4035.00,4027.00,4034.70,318
2026-06-26,00:15,4034.40,4038.50,4033.40,4036.90,247
2026-06-26,00:20,4036.60,4037.10,4031.90,4032.80,167
2026-06-26,00:25,4033.60,4034.00,4027.30,4030.40,127
2026-06-26,00:30,4030.80,4031.30,4027.50,4030.30,105
2026-06-26,00:35,4030.70,4033.00,4029.30,4030.80,67
2026-06-26,00:40,4031.40,4034.80,4030.00,4034.30,140
2026-06-26,00:45,4034.40,4038.50,4033.60,4034.10,146
2026-06-26,00:50,4033.50,4036.00,4030.90,4031.10,298
2026-06-26,00:55,4031.70,4039.60,4031.30,4035.10,354
2026-06-26,01:00,4035.60,4044.80,4032.30,4032.30,563
2026-06-26,01:05,4032.30,4035.80,4029.30,4033.00,431
2026-06-26,01:10,4032.70,4036.60,4032.70,4034.80,138
2026-06-26,01:15,4034.40,4041.70,4033.80,4040.00,462
2026-06-26,01:20,4039.70,4040.00,4036.60,4037.10,89
2026-06-26,01:25,4038.00,4038.00,4033.00,4038.00,275
2026-06-26,01:30,4038.20,4039.00,4034.50,4035.90,203
2026-06-26,01:35,4035.80,4038.20,4031.50,4036.50,377
2026-06-26,01:40,4037.20,4041.10,4035.10,4035.70,211
2026-06-26,01:45,4036.20,4038.50,4029.60,4030.40,408
2026-06-26,01:50,4032.20,4034.00,4029.60,4033.20,155
2026-06-26,01:55,4034.10,4037.00,4033.90,4035.90,135
2026-06-26,02:00,4036.20,4038.30,4032.90,4035.90,206
2026-06-26,02:05,4035.50,4035.50,4030.70,4032.00,83
2026-06-26,02:10,4031.80,4031.80,4028.50,4030.50,233
2026-06-26,02:15,4029.90,4031.80,4024.10,4024.10,396
2026-06-26,02:20,4024.50,4026.00,4020.30,4021.20,588
2026-06-26,02:25,4020.50,4023.60,4019.00,4022.90,630
2026-06-26,02:30,4022.60,4024.30,4016.30,4018.00,940
2026-06-26,02:35,4018.00,4018.40,4007.00,4012.70,1220
2026-06-26,02:40,4012.20,4012.20,4006.30,4007.90,461
2026-06-26,02:45,4007.40,4009.60,4006.00,4008.50,320
2026-06-26,02:50,4008.80,4010.70,4000.00,4001.40,945
2026-06-26,02:55,4001.80,4008.90,3998.10,4006.00,652
2026-06-26,03:00,4005.90,4007.70,4001.80,4005.50,482
2026-06-26,03:05,4005.60,4010.70,4004.60,4010.40,449
2026-06-26,03:10,4009.60,4015.00,4008.50,4012.70,543
2026-06-26,03:15,4013.20,4015.70,4009.10,4014.30,404
2026-06-26,03:20,4013.50,4013.60,4008.00,4008.80,133
2026-06-26,03:25,4008.80,4011.10,4007.50,4010.40,124
2026-06-26,03:30,4010.10,4013.80,4008.70,4010.80,146
2026-06-26,03:35,4011.30,4013.60,4010.50,4013.00,59
2026-06-26,03:40,4012.40,4016.80,4012.40,4015.50,257
2026-06-26,03:45,4015.30,4015.40,4012.80,4013.00,44
2026-06-26,03:50,4013.30,4017.60,4013.30,4017.30,150
2026-06-26,03:55,4017.00,4022.00,4017.00,4018.60,193
2026-06-26,04:00,4019.40,4020.90,4016.00,4016.20,197
2026-06-26,04:05,4016.20,4018.60,4013.80,4016.40,271
2026-06-26,04:10,4016.70,4024.70,4016.60,4023.40,314
2026-06-26,04:15,4023.40,4027.60,4021.60,4024.90,285
2026-06-26,04:20,4024.50,4025.80,4023.00,4023.00,98
2026-06-26,04:25,4023.10,4023.80,4021.20,4022.50,114
2026-06-26,04:30,4022.60,4023.60,4019.80,4020.10,100
2026-06-26,04:35,4019.80,4020.30,4017.30,4018.50,158
2026-06-26,04:40,4018.50,4023.40,4016.90,4023.10,187
2026-06-26,04:45,4023.60,4025.10,4022.20,4024.20,138
2026-06-26,04:50,4024.80,4030.20,4024.20,4029.60,295
2026-06-26,04:55,4029.10,4030.00,4026.00,4026.80,208
2026-06-26,05:00,4026.40,4028.30,4024.90,4025.70,98
2026-06-26,05:05,4025.90,4027.60,4021.70,4027.50,116
2026-06-26,05:10,4027.50,4030.50,4026.90,4030.50,101
2026-06-26,05:15,4030.80,4034.60,4028.90,4030.10,274
2026-06-26,05:20,4030.00,4030.00,4027.00,4028.40,174
2026-06-26,05:25,4028.60,4033.90,4028.60,4032.10,179
2026-06-26,05:30,4031.90,4037.10,4030.20,4031.80,453
2026-06-26,05:35,4032.20,4034.00,4027.50,4029.00,281
2026-06-26,05:40,4028.90,4032.20,4026.30,4026.50,235
2026-06-26,05:45,4027.30,4027.60,4021.10,4026.90,428
2026-06-26,05:50,4026.60,4030.70,4025.90,4030.30,220
2026-06-26,05:55,4030.10,4030.20,4021.80,4023.20,333
2026-06-26,06:00,4023.20,4025.80,4022.10,4022.90,251
2026-06-26,06:05,4023.20,4027.00,4023.20,4024.10,315
2026-06-26,06:10,4024.20,4025.10,4022.40,4025.00,201
2026-06-26,06:15,4025.70,4027.00,4023.90,4024.10,144
2026-06-26,06:20,4024.20,4040.80,4023.90,4038.40,1078
2026-06-26,06:25,4038.80,4040.60,4035.90,4039.60,547
2026-06-26,06:30,4039.80,4044.00,4038.20,4038.80,1171
2026-06-26,06:35,4039.60,4040.80,4036.70,4038.70,504
2026-06-26,06:40,4039.30,4042.20,4036.20,4040.90,401
2026-06-26,06:45,4041.00,4044.00,4039.10,4039.40,446
2026-06-26,06:50,4038.80,4041.00,4037.40,4039.10,290
2026-06-26,06:55,4038.90,4049.00,4038.60,4047.20,1018
2026-06-26,07:00,4047.80,4049.70,4042.50,4045.20,660
2026-06-26,07:05,4045.20,4048.10,4043.70,4044.90,465
2026-06-26,07:10,4045.20,4045.40,4042.50,4043.50,217
2026-06-26,07:15,4043.10,4047.20,4042.60,4046.90,193
2026-06-26,07:20,4046.60,4046.80,4043.10,4045.00,300
2026-06-26,07:25,4045.10,4055.50,4045.10,4053.70,1225
2026-06-26,07:30,4053.20,4054.50,4052.40,4053.00,410
2026-06-26,07:35,4053.40,4053.50,4049.50,4051.80,266
2026-06-26,07:40,4051.90,4051.90,4046.40,4046.40,161
2026-06-26,07:45,4046.70,4047.10,4043.60,4044.30,242
2026-06-26,07:50,4043.60,4045.70,4042.80,4045.40,153
2026-06-26,07:55,4045.40,4047.30,4045.00,4046.40,225
2026-06-26,08:00,4046.10,4048.60,4041.20,4041.70,180
2026-06-26,08:05,4042.20,4046.80,4041.20,4045.70,157
2026-06-26,08:10,4045.10,4046.50,4043.50,4046.40,256
2026-06-26,08:15,4046.40,4050.00,4045.50,4048.20,257
2026-06-26,08:20,4047.30,4049.50,4045.60,4046.10,181
2026-06-26,08:25,4046.50,4051.10,4045.90,4050.80,263
2026-06-26,08:30,4051.00,4051.20,4047.90,4049.60,117
2026-06-26,08:35,4049.70,4049.70,4047.40,4048.50,109
2026-06-26,08:40,4048.80,4051.60,4047.80,4050.60,241
2026-06-26,08:45,4050.80,4053.00,4048.10,4048.80,233
2026-06-26,08:50,4048.70,4049.50,4047.20,4048.00,177
2026-06-26,08:55,4047.80,4047.80,4045.00,4046.10,174
2026-06-26,09:00,4045.80,4050.00,4044.60,4049.80,198
2026-06-26,09:05,4049.30,4055.20,4049.30,4054.00,582
2026-06-26,09:10,4054.20,4057.00,4052.70,4054.70,495
2026-06-26,09:15,4055.10,4062.70,4050.00,4061.80,1490
2026-06-26,09:20,4061.90,4064.60,4058.20,4063.30,680
2026-06-26,09:25,4063.70,4066.40,4062.10,4063.60,910
2026-06-26,09:30,4063.40,4064.90,4060.50,4063.60,859
2026-06-26,09:35,4063.80,4069.70,4063.80,4067.10,581
2026-06-26,09:40,4066.70,4068.90,4062.70,4063.20,418
2026-06-26,09:45,4063.60,4065.00,4060.80,4062.10,414
2026-06-26,09:50,4062.70,4069.30,4062.00,4066.00,790
2026-06-26,09:55,4065.60,4066.10,4062.40,4062.80,98
2026-06-26,10:00,4062.30,4064.20,4059.70,4062.70,271
2026-06-26,10:05,4063.40,4066.40,4062.20,4065.00,186
2026-06-26,10:10,4065.40,4067.70,4065.30,4066.40,272
2026-06-26,10:15,4066.70,4066.80,4060.00,4060.00,198
2026-06-26,10:20,4060.20,4061.50,4057.50,4059.50,382
2026-06-26,10:25,4060.10,4063.90,4058.90,4063.30,288
2026-06-26,10:30,4063.30,4069.50,4062.60,4069.10,277
2026-06-26,10:35,4069.20,4069.20,4064.10,4064.10,222
2026-06-26,10:40,4064.70,4065.90,4062.00,4063.60,147
2026-06-26,10:45,4063.30,4065.50,4062.50,4064.20,161
2026-06-26,10:50,4063.90,4069.80,4063.60,4068.20,169
2026-06-26,10:55,4068.40,4070.80,4066.80,4069.80,207
2026-06-26,11:00,4070.00,4071.00,4066.60,4068.50,315
2026-06-26,11:05,4067.80,4070.00,4067.10,4068.00,236
2026-06-26,11:10,4068.20,4068.30,4062.40,4062.70,398
2026-06-26,11:15,4062.60,4069.50,4061.50,4068.30,452
2026-06-26,11:20,4068.40,4069.20,4066.60,4067.30,168
2026-06-26,11:25,4067.50,4068.90,4066.00,4068.10,152
2026-06-26,11:30,4068.40,4071.50,4068.10,4069.70,348
2026-06-26,11:35,4068.20,4068.90,4063.60,4063.60,270
2026-06-26,11:40,4063.70,4065.50,4061.40,4061.90,228
2026-06-26,11:45,4062.00,4063.60,4060.60,4060.90,260
2026-06-26,11:50,4061.20,4061.30,4057.60,4059.10,589
2026-06-26,11:55,4059.50,4062.50,4059.50,4061.00,352
2026-06-26,12:00,4061.10,4061.10,4058.40,4060.40,241
2026-06-26,12:05,4059.70,4063.10,4059.70,4063.00,196
2026-06-26,12:10,4063.10,4065.90,4062.60,4064.00,242
2026-06-26,12:15,4063.80,4066.50,4058.80,4059.10,158
2026-06-26,12:20,4059.30,4061.90,4056.80,4059.10,537
2026-06-26,12:25,4059.10,4062.50,4059.00,4061.40,303
2026-06-26,12:30,4061.10,4064.00,4057.70,4060.10,545
2026-06-26,12:35,4059.70,4061.00,4057.90,4059.10,330
2026-06-26,12:40,4059.10,4059.10,4050.60,4055.10,783
2026-06-26,12:45,4054.80,4059.20,4054.00,4059.00,516
2026-06-26,12:50,4059.00,4063.80,4058.40,4060.60,512
2026-06-26,12:55,4060.80,4076.70,4060.80,4074.00,1396
2026-06-26,13:00,4074.10,4081.30,4065.00,4067.20,1500
2026-06-26,13:05,4067.00,4068.10,4058.00,4059.60,927
2026-06-26,13:10,4059.70,4065.70,4058.40,4065.10,683
2026-06-26,13:15,4065.30,4068.00,4057.70,4065.20,1040
2026-06-26,13:20,4065.40,4073.20,4064.20,4072.10,1126
2026-06-26,13:25,4071.80,4073.60,4068.00,4071.90,1173
2026-06-26,13:30,4071.20,4071.80,4062.60,4065.40,1215
2026-06-26,13:35,4065.60,4066.20,4059.40,4061.50,860
2026-06-26,13:40,4062.30,4077.30,4062.30,4077.30,1006
2026-06-26,13:45,4077.30,4080.40,4073.00,4076.50,727
2026-06-26,13:50,4077.10,4084.50,4075.60,4078.70,1469
2026-06-26,13:55,4079.80,4093.10,4078.90,4088.70,1780
2026-06-26,14:00,4088.60,4094.90,4083.00,4093.00,2304
2026-06-26,14:05,4092.60,4095.20,4087.50,4094.90,1595
2026-06-26,14:10,4094.90,4101.00,4092.40,4097.80,2312
2026-06-26,14:15,4097.90,4108.70,4096.80,4104.30,2236
2026-06-26,14:20,4104.00,4108.10,4102.90,4104.40,1394
2026-06-26,14:25,4104.40,4106.80,4099.40,4099.70,1211
2026-06-26,14:30,4099.90,4100.50,4094.90,4095.40,1084
2026-06-26,14:35,4095.70,4097.00,4091.30,4094.50,640
2026-06-26,14:40,4094.40,4099.20,4091.40,4097.70,771
2026-06-26,14:45,4098.00,4106.80,4098.00,4103.50,974
2026-06-26,14:50,4103.70,4103.90,4099.10,4103.20,844
2026-06-26,14:55,4103.10,4106.50,4095.60,4095.70,1024
2026-06-26,15:00,4095.90,4098.30,4094.30,4094.30,344
2026-06-26,15:05,4094.50,4096.20,4090.70,4096.00,637
2026-06-26,15:10,4096.00,4097.50,4092.50,4094.30,337
2026-06-26,15:15,4094.20,4099.80,4093.00,4097.00,560
2026-06-26,15:20,4097.20,4099.10,4095.30,4097.30,498
2026-06-26,15:25,4096.70,4099.90,4095.60,4099.10,285
2026-06-26,15:30,4099.60,4103.90,4097.00,4097.00,582
2026-06-26,15:35,4097.20,4109.30,4096.60,4106.70,768
2026-06-26,15:40,4106.80,4110.70,4106.30,4110.20,1081
2026-06-26,15:45,4110.50,4111.50,4106.00,4110.10,924
2026-06-26,15:50,4110.60,4110.90,4098.50,4101.70,1579
2026-06-26,15:55,4101.50,4107.50,4101.00,4106.30,448
2026-06-26,16:00,4106.10,4108.40,4105.10,4106.90,530
2026-06-26,16:05,4106.60,4106.60,4103.60,4104.40,198
2026-06-26,16:10,4104.60,4107.70,4103.60,4106.80,238
2026-06-26,16:15,4106.60,4109.20,4104.80,4105.70,286
2026-06-26,16:20,4106.00,4106.00,4098.50,4101.30,761
2026-06-26,16:25,4100.80,4103.90,4099.90,4102.30,267
2026-06-26,16:30,4102.50,4108.60,4102.50,4103.50,568
2026-06-26,16:35,4103.60,4104.10,4099.40,4100.00,495
2026-06-26,16:40,4100.20,4101.30,4097.40,4099.60,413
2026-06-26,16:45,4099.50,4101.90,4098.80,4098.80,382
2026-06-26,16:50,4099.30,4100.50,4098.00,4100.50,626
2026-06-26,16:55,4100.60,4100.90,4098.80,4099.90,130
2026-06-26,17:00,4100.20,4100.70,4098.60,4099.60,269
2026-06-26,17:05,4099.80,4103.40,4099.30,4102.00,395
2026-06-26,17:10,4102.20,4102.50,4097.70,4098.40,537
2026-06-26,17:15,4098.70,4099.40,4096.50,4096.80,490
2026-06-26,17:20,4096.90,4100.30,4095.30,4099.90,550
2026-06-26,17:25,4099.70,4099.80,4095.50,4096.70,1316
2026-06-26,17:30,4096.80,4098.40,4091.00,4093.00,779
2026-06-26,17:35,4093.20,4094.00,4089.40,4090.70,425
2026-06-26,17:40,4091.00,4092.70,4089.10,4091.60,369
2026-06-26,17:45,4091.80,4092.60,4089.20,4091.20,205
2026-06-26,17:50,4091.20,4091.90,4089.40,4090.40,166
2026-06-26,17:55,4090.10,4090.70,4088.70,4089.60,258
2026-06-26,18:00,4089.90,4091.80,4087.30,4091.40,325
2026-06-26,18:05,4090.90,4094.00,4090.00,4092.20,436
2026-06-26,18:10,4092.30,4092.90,4090.60,4091.60,164
2026-06-26,18:15,4091.50,4091.70,4088.40,4089.10,144
2026-06-26,18:20,4089.10,4089.40,4086.00,4086.70,388
2026-06-26,18:25,4086.80,4088.70,4086.60,4088.30,245
2026-06-26,18:30,4088.40,4090.30,4088.40,4089.30,157
2026-06-26,18:35,4089.20,4089.40,4087.50,4088.40,100
2026-06-26,18:40,4088.90,4088.90,4086.50,4087.50,121
2026-06-26,18:45,4087.20,4087.20,4082.10,4084.20,435
2026-06-26,18:50,4084.40,4085.60,4083.30,4085.10,236
2026-06-26,18:55,4085.40,4086.20,4081.90,4082.20,298
2026-06-26,19:00,4082.00,4083.20,4079.50,4080.20,354
2026-06-26,19:05,4080.30,4082.20,4079.00,4081.40,205
2026-06-26,19:10,4081.30,4084.50,4080.70,4084.00,210
2026-06-26,19:15,4084.40,4084.40,4081.80,4082.80,116
2026-06-26,19:20,4082.60,4082.60,4079.10,4080.10,448
2026-06-26,19:25,4080.60,4082.30,4079.80,4080.80,111
2026-06-26,19:30,4080.70,4084.70,4079.90,4084.60,302
2026-06-26,19:35,4084.70,4085.60,4082.50,4083.00,187
2026-06-26,19:40,4082.80,4084.80,4082.40,4083.20,213
2026-06-26,19:45,4083.00,4084.70,4081.60,4084.70,306
2026-06-26,19:50,4084.70,4088.80,4084.50,4087.70,397
2026-06-26,19:55,4087.80,4089.00,4085.70,4086.20,486
2026-06-26,20:00,4086.40,4087.20,4085.20,4085.80,286
2026-06-26,20:05,4085.90,4085.90,4080.30,4080.30,159
2026-06-26,20:10,4080.80,4082.60,4079.00,4082.40,134
2026-06-26,20:15,4081.60,4082.80,4080.50,4082.10,245
2026-06-26,20:20,4082.40,4085.70,4081.60,4085.70,119
2026-06-26,20:25,4085.90,4087.10,4085.50,4086.60,91
2026-06-26,20:30,4086.40,4086.40,4081.30,4084.70,147
2026-06-26,20:35,4083.50,4084.60,4081.90,4083.80,73
2026-06-26,20:40,4084.10,4085.30,4083.30,4085.30,91
2026-06-26,20:45,4085.00,4090.50,4084.60,4089.90,173
2026-06-26,20:50,4089.90,4096.40,4087.70,4095.80,341
2026-06-26,20:55,4095.30,4104.40,4094.50,4096.30,541
2026-06-28,22:10,4089.80,4092.40,4083.80,4083.80,319
2026-06-28,22:15,4084.10,4084.30,4067.10,4074.40,687
2026-06-28,22:20,4073.60,4076.70,4069.80,4074.00,363
2026-06-28,22:25,4073.70,4075.60,4070.60,4071.30,371
2026-06-28,22:30,4070.90,4076.90,4070.20,4071.20,250
2026-06-28,22:35,4071.10,4075.90,4069.60,4075.10,191
2026-06-28,22:40,4075.60,4079.60,4075.60,4077.70,185
2026-06-28,22:45,4077.50,4083.20,4077.40,4083.20,153
2026-06-28,22:50,4082.60,4083.00,4076.20,4079.00,176
2026-06-28,22:55,4078.70,4083.50,4078.40,4080.80,255
2026-06-28,23:00,4080.20,4084.30,4079.60,4082.10,132
2026-06-28,23:05,4082.20,4084.80,4080.10,4084.10,98
2026-06-28,23:10,4083.80,4083.80,4079.50,4079.90,75
2026-06-28,23:15,4079.40,4079.40,4073.40,4074.20,177
2026-06-28,23:20,4074.40,4075.00,4070.00,4071.70,211
2026-06-28,23:25,4071.60,4072.60,4069.20,4071.20,110
2026-06-28,23:30,4069.90,4071.70,4065.90,4070.00,235
2026-06-28,23:35,4070.50,4076.60,4069.90,4075.20,393
2026-06-28,23:40,4075.00,4077.20,4074.40,4077.20,93
2026-06-28,23:45,4077.10,4079.80,4075.60,4076.60,210
2026-06-28,23:50,4076.60,4080.40,4075.30,4078.90,134
2026-06-28,23:55,4078.70,4079.50,4076.70,4076.70,70
2026-06-29,00:00,4076.30,4079.00,4071.50,4076.60,281
2026-06-29,00:05,4076.40,4076.60,4068.10,4072.20,341
2026-06-29,00:10,4071.60,4075.30,4070.90,4073.50,162
2026-06-29,00:15,4073.20,4076.60,4071.50,4072.40,288
2026-06-29,00:20,4071.50,4072.80,4064.60,4067.00,427
2026-06-29,00:25,4067.00,4067.20,4062.60,4062.60,330
2026-06-29,00:30,4062.80,4069.40,4062.80,4068.70,389
2026-06-29,00:35,4067.90,4075.60,4067.70,4074.70,304
2026-06-29,00:40,4075.00,4083.80,4075.00,4083.30,521
2026-06-29,00:45,4083.50,4083.50,4077.10,4080.30,367
2026-06-29,00:50,4080.40,4083.90,4078.70,4083.90,163
2026-06-29,00:55,4083.80,4088.70,4082.00,4083.90,343
2026-06-29,01:00,4083.70,4083.90,4072.30,4078.80,671
2026-06-29,01:05,4077.50,4088.60,4074.20,4075.80,475
2026-06-29,01:10,4076.50,4078.30,4068.00,4069.50,438
2026-06-29,01:15,4069.20,4075.30,4069.10,4071.00,429
2026-06-29,01:20,4072.90,4077.30,4072.00,4076.70,138
2026-06-29,01:25,4075.90,4080.60,4073.60,4074.30,167
2026-06-29,01:30,4073.30,4074.80,4070.10,4074.30,234
2026-06-29,01:35,4075.00,4079.00,4074.50,4075.90,107
2026-06-29,01:40,4076.60,4081.00,4076.40,4077.50,140
2026-06-29,01:45,4078.40,4078.40,4069.20,4075.10,320
2026-06-29,01:50,4074.80,4075.70,4071.10,4075.40,220
2026-06-29,01:55,4076.10,4077.80,4074.00,4075.80,130
2026-06-29,02:00,4075.40,4085.50,4073.70,4080.40,389
2026-06-29,02:05,4080.20,4081.50,4074.20,4076.40,264
2026-06-29,02:10,4076.50,4081.20,4074.90,4076.00,239
2026-06-29,02:15,4075.60,4083.60,4074.90,4082.30,193
2026-06-29,02:20,4083.20,4084.70,4079.80,4082.00,139
2026-06-29,02:25,4082.60,4085.30,4081.60,4083.30,136
2026-06-29,02:30,4083.40,4086.50,4081.70,4083.60,209
2026-06-29,02:35,4082.70,4083.10,4074.20,4075.20,246
2026-06-29,02:40,4074.30,4077.80,4073.20,4074.70,287
2026-06-29,02:45,4075.50,4084.00,4073.60,4082.10,423
2026-06-29,02:50,4081.70,4084.30,4078.70,4082.50,273
2026-06-29,02:55,4082.20,4083.30,4079.70,4080.80,104
2026-06-29,03:00,4081.10,4082.30,4079.90,4080.50,52
2026-06-29,03:05,4081.00,4085.00,4080.30,4084.50,66
2026-06-29,03:10,4083.90,4085.30,4080.20,4083.80,75
2026-06-29,03:15,4083.50,4086.40,4082.30,4083.70,133
2026-06-29,03:20,4084.10,4090.40,4083.90,4088.40,176
2026-06-29,03:25,4087.70,4087.90,4085.90,4087.00,56
2026-06-29,03:30,4087.40,4088.50,4082.50,4084.30,165
2026-06-29,03:35,4083.90,4083.90,4080.10,4081.30,160
2026-06-29,03:40,4081.50,4086.10,4080.00,4082.50,256
2026-06-29,03:45,4081.40,4082.60,4081.00,4082.00,46
2026-06-29,03:50,4082.20,4086.00,4081.30,4084.50,96
2026-06-29,03:55,4084.30,4084.30,4082.50,4083.20,44
2026-06-29,04:00,4082.80,4083.20,4079.50,4082.00,133
2026-06-29,04:05,4081.80,4082.50,4079.50,4080.60,45
2026-06-29,04:10,4080.30,4081.20,4078.50,4079.60,136
2026-06-29,04:15,4079.60,4079.80,4076.50,4078.70,83
2026-06-29,04:20,4078.60,4079.00,4076.50,4077.90,54
2026-06-29,04:25,4078.30,4080.80,4078.30,4079.70,140
2026-06-29,04:30,4079.60,4079.70,4074.60,4075.20,132
2026-06-29,04:35,4075.70,4075.90,4069.00,4069.00,427
2026-06-29,04:40,4069.30,4071.90,4066.90,4071.40,543
2026-06-29,04:45,4071.40,4072.00,4069.80,4071.00,116
2026-06-29,04:50,4071.00,4072.00,4068.10,4068.10,110
2026-06-29,04:55,4068.10,4068.30,4063.50,4065.70,379
2026-06-29,05:00,4065.50,4068.80,4061.10,4068.60,469
2026-06-29,05:05,4068.50,4071.70,4064.90,4066.50,369
2026-06-29,05:10,4066.90,4070.30,4066.70,4069.90,192
2026-06-29,05:15,4069.80,4071.30,4067.80,4068.40,230
2026-06-29,05:20,4068.60,4070.60,4063.20,4065.00,301
2026-06-29,05:25,4064.50,4066.90,4061.90,4063.70,239
2026-06-29,05:30,4063.50,4064.50,4054.10,4059.50,1066
2026-06-29,05:35,4059.60,4059.70,4053.80,4058.40,332
2026-06-29,05:40,4058.40,4066.00,4057.40,4064.60,365
2026-06-29,05:45,4065.30,4067.50,4063.50,4064.10,240
2026-06-29,05:50,4064.20,4069.90,4061.20,4068.00,414
2026-06-29,05:55,4067.70,4071.40,4066.50,4069.00,392
2026-06-29,06:00,4068.60,4075.00,4068.10,4073.20,491
2026-06-29,06:05,4073.20,4078.50,4071.80,4076.30,598
2026-06-29,06:10,4075.60,4076.90,4071.70,4073.90,269
2026-06-29,06:15,4073.70,4074.70,4071.80,4074.70,297
2026-06-29,06:20,4074.10,4074.60,4071.70,4072.70,154
2026-06-29,06:25,4072.90,4077.80,4070.60,4075.50,472
2026-06-29,06:30,4075.40,4076.00,4070.00,4071.70,269
2026-06-29,06:35,4071.80,4074.70,4069.60,4073.80,357
2026-06-29,06:40,4074.10,4076.50,4073.50,4076.00,129
2026-06-29,06:45,4076.10,4079.50,4074.60,4077.80,463
2026-06-29,06:50,4077.70,4079.60,4076.90,4078.10,242
2026-06-29,06:55,4077.90,4078.90,4076.40,4077.00,198
2026-06-29,07:00,4077.50,4077.60,4072.80,4075.00,251
2026-06-29,07:05,4075.30,4075.30,4072.40,4074.20,131
2026-06-29,07:10,4074.20,4075.90,4070.70,4073.60,231
2026-06-29,07:15,4074.00,4077.30,4072.90,4075.00,202
2026-06-29,07:20,4075.20,4077.10,4073.00,4077.10,144
2026-06-29,07:25,4076.90,4081.10,4075.30,4080.60,341
2026-06-29,07:30,4080.90,4080.90,4077.50,4077.80,152
2026-06-29,07:35,4077.30,4078.20,4076.00,4077.70,178
2026-06-29,07:40,4078.00,4079.50,4075.70,4077.10,140
2026-06-29,07:45,4077.00,4079.10,4075.40,4077.50,210
2026-06-29,07:50,4077.80,4083.20,4077.60,4078.80,522
2026-06-29,07:55,4079.20,4080.80,4075.90,4076.30,198
2026-06-29,08:00,4075.70,4078.70,4074.90,4077.10,169
2026-06-29,08:05,4077.50,4080.60,4076.60,4078.10,150
2026-06-29,08:10,4078.00,4078.90,4076.50,4078.50,85
2026-06-29,08:15,4078.40,4080.00,4076.30,4078.30,101
2026-06-29,08:20,4077.90,4077.90,4075.10,4076.80,153
2026-06-29,08:25,4077.10,4078.10,4074.40,4075.50,260
2026-06-29,08:30,4075.30,4081.00,4075.30,4078.20,227
2026-06-29,08:35,4077.80,4078.40,4074.80,4076.60,135
2026-06-29,08:40,4076.80,4076.80,4068.80,4069.90,984
2026-06-29,08:45,4069.60,4071.50,4067.40,4069.30,276
2026-06-29,08:50,4069.50,4069.80,4065.60,4066.00,470
2026-06-29,08:55,4065.70,4066.70,4057.50,4060.90,939
2026-06-29,09:00,4061.30,4064.50,4059.20,4063.30,412
2026-06-29,09:05,4063.60,4069.40,4063.20,4066.90,410
2026-06-29,09:10,4067.00,4067.90,4062.50,4064.50,330
2026-06-29,09:15,4063.70,4067.50,4063.00,4065.70,201
2026-06-29,09:20,4065.70,4065.70,4060.80,4062.10,439
2026-06-29,09:25,4061.80,4062.90,4059.30,4061.20,664
2026-06-29,09:30,4061.60,4064.70,4055.60,4059.60,1677
2026-06-29,09:35,4059.40,4059.60,4055.00,4057.40,473
2026-06-29,09:40,4057.40,4058.40,4054.40,4057.60,368
2026-06-29,09:45,4057.50,4058.30,4051.30,4054.30,558
2026-06-29,09:50,4053.70,4053.70,4046.40,4048.20,1136
2026-06-29,09:55,4048.30,4050.70,4038.10,4045.80,1269
2026-06-29,10:00,4046.50,4047.90,4041.50,4044.00,476
2026-06-29,10:05,4043.90,4046.80,4043.80,4046.30,361
2026-06-29,10:10,4046.40,4053.90,4046.40,4053.20,602
2026-06-29,10:15,4052.40,4052.80,4047.10,4049.80,528
2026-06-29,10:20,4049.80,4052.70,4048.80,4052.00,280
2026-06-29,10:25,4051.50,4053.10,4050.80,4051.40,245
2026-06-29,10:30,4051.80,4052.70,4046.10,4047.90,579
2026-06-29,10:35,4047.80,4052.80,4045.90,4052.40,499
2026-06-29,10:40,4052.50,4053.00,4047.70,4049.20,448
2026-06-29,10:45,4048.80,4049.70,4046.80,4049.40,303
2026-06-29,10:50,4049.10,4052.70,4048.30,4052.70,368
2026-06-29,10:55,4052.20,4052.50,4049.80,4051.10,318
2026-06-29,11:00,4051.70,4053.00,4049.70,4050.80,175
2026-06-29,11:05,4051.00,4052.20,4049.70,4051.50,131
2026-06-29,11:10,4051.10,4051.10,4046.90,4049.00,192
2026-06-29,11:15,4049.00,4050.50,4047.50,4047.90,246
2026-06-29,11:20,4047.50,4048.80,4043.50,4043.50,255
2026-06-29,11:25,4043.40,4046.20,4041.50,4046.20,396
2026-06-29,11:30,4046.40,4052.90,4044.10,4049.70,796
2026-06-29,11:35,4049.70,4050.00,4046.10,4046.80,177
2026-06-29,11:40,4046.60,4050.90,4046.50,4049.20,184
2026-06-29,11:45,4049.80,4052.40,4049.10,4049.40,294
2026-06-29,11:50,4049.90,4053.10,4049.80,4052.40,245
2026-06-29,11:55,4052.50,4056.70,4051.60,4053.30,311
2026-06-29,12:00,4053.50,4062.40,4052.50,4059.90,941
2026-06-29,12:05,4060.30,4062.70,4058.50,4062.40,438
2026-06-29,12:10,4062.60,4067.00,4061.70,4061.80,586
2026-06-29,12:15,4062.20,4064.20,4057.60,4057.60,469
2026-06-29,12:20,4058.10,4060.10,4052.00,4053.80,925
2026-06-29,12:25,4053.70,4055.30,4051.80,4052.50,346
2026-06-29,12:30,4052.60,4058.40,4051.80,4057.40,419
2026-06-29,12:35,4057.90,4061.50,4057.60,4059.10,419
2026-06-29,12:40,4059.40,4060.90,4055.60,4058.90,287
2026-06-29,12:45,4059.00,4061.30,4056.50,4057.50,239
2026-06-29,12:50,4057.90,4062.30,4057.90,4058.70,360
2026-06-29,12:55,4058.50,4059.50,4056.40,4057.80,280
2026-06-29,13:00,4057.80,4066.20,4057.70,4065.00,627
2026-06-29,13:05,4065.10,4065.90,4060.00,4060.40,327
2026-06-29,13:10,4060.30,4064.10,4058.80,4061.40,336
2026-06-29,13:15,4061.40,4064.00,4060.30,4063.50,197
2026-06-29,13:20,4063.20,4063.50,4057.40,4058.10,414
2026-06-29,13:25,4057.90,4057.90,4052.00,4052.00,505
2026-06-29,13:30,4052.30,4058.80,4050.60,4057.30,767
2026-06-29,13:35,4057.20,4058.20,4048.10,4050.50,768
2026-06-29,13:40,4050.10,4056.20,4049.30,4052.60,580
2026-06-29,13:45,4052.40,4054.50,4047.30,4049.30,495
2026-06-29,13:50,4048.50,4050.50,4044.40,4046.10,531
2026-06-29,13:55,4046.10,4047.60,4042.20,4046.40,994
2026-06-29,14:00,4046.60,4049.60,4036.20,4041.40,1451
2026-06-29,14:05,4041.00,4042.10,4028.20,4029.80,2556
2026-06-29,14:10,4029.90,4031.80,4021.60,4022.80,1801
2026-06-29,14:15,4022.30,4033.00,4012.00,4031.40,3902
2026-06-29,14:20,4031.80,4034.80,4029.30,4034.40,1313
2026-06-29,14:25,4034.40,4042.60,4034.30,4038.90,1612
2026-06-29,14:30,4038.80,4042.40,4037.60,4040.50,549
2026-06-29,14:35,4040.90,4042.00,4035.60,4038.10,505
2026-06-29,14:40,4037.70,4038.30,4034.10,4034.90,369
2026-06-29,14:45,4035.30,4037.80,4031.90,4033.90,671
2026-06-29,14:50,4033.40,4041.40,4033.10,4040.30,716
2026-06-29,14:55,4040.40,4044.70,4037.70,4039.50,641
2026-06-29,15:00,4039.90,4040.30,4035.00,4035.80,356
2026-06-29,15:05,4035.10,4039.00,4034.60,4037.20,249
2026-06-29,15:10,4037.40,4038.40,4033.10,4035.40,512
2026-06-29,15:15,4035.70,4041.70,4035.20,4036.10,667
2026-06-29,15:20,4036.30,4036.40,4030.50,4032.00,779
2026-06-29,15:25,4032.30,4038.90,4031.60,4038.40,636
2026-06-29,15:30,4038.60,4040.90,4037.10,4037.60,618
2026-06-29,15:35,4037.20,4039.10,4031.50,4036.90,972
2026-06-29,15:40,4037.00,4037.80,4035.60,4037.20,242
2026-06-29,15:45,4037.00,4042.00,4036.40,4041.20,768
2026-06-29,15:50,4041.10,4044.10,4040.00,4042.80,458
2026-06-29,15:55,4042.50,4045.00,4041.30,4041.50,594
2026-06-29,16:00,4041.50,4043.30,4040.00,4040.70,553
2026-06-29,16:05,4040.60,4042.10,4038.70,4041.80,304
2026-06-29,16:10,4041.60,4042.10,4037.90,4038.40,271
2026-06-29,16:15,4038.20,4040.20,4036.30,4040.00,477
2026-06-29,16:20,4039.60,4041.20,4039.20,4040.60,127
2026-06-29,16:25,4040.10,4040.20,4037.80,4038.20,146
2026-06-29,16:30,4038.30,4039.00,4033.00,4033.70,521
2026-06-29,16:35,4034.10,4036.20,4033.80,4035.70,161
2026-06-29,16:40,4035.50,4036.70,4034.00,4035.70,240
2026-06-29,16:45,4035.60,4040.50,4035.30,4040.50,595
2026-06-29,16:50,4040.70,4042.50,4039.80,4040.40,291
2026-06-29,16:55,4040.00,4041.10,4038.00,4038.40,220
2026-06-29,17:00,4038.50,4040.40,4037.80,4039.60,308
2026-06-29,17:05,4040.20,4046.40,4040.20,4045.00,307
2026-06-29,17:10,4045.00,4046.70,4042.30,4043.60,706
2026-06-29,17:15,4043.40,4045.30,4042.90,4044.80,457
2026-06-29,17:20,4044.90,4044.90,4041.20,4041.80,419
2026-06-29,17:25,4041.30,4041.70,4036.90,4038.30,1783
2026-06-29,17:30,4038.50,4038.70,4035.20,4038.10,361
2026-06-29,17:35,4038.00,4038.90,4036.70,4038.30,151
2026-06-29,17:40,4038.00,4038.90,4036.20,4036.30,131
2026-06-29,17:45,4036.70,4036.90,4034.90,4035.50,230
2026-06-29,17:50,4036.20,4037.10,4034.00,4035.80,291
2026-06-29,17:55,4035.80,4036.30,4033.80,4035.30,133
2026-06-29,18:00,4035.70,4038.70,4035.00,4038.20,160
2026-06-29,18:05,4038.20,4038.20,4036.50,4037.10,58
2026-06-29,18:10,4037.40,4039.10,4037.40,4038.70,84
2026-06-29,18:15,4038.50,4040.00,4037.20,4039.50,217
2026-06-29,18:20,4039.20,4039.90,4038.50,4039.50,68
2026-06-29,18:25,4039.00,4039.00,4034.80,4035.70,331
2026-06-29,18:30,4035.70,4036.10,4034.50,4035.10,204
2026-06-29,18:35,4035.10,4035.60,4034.20,4035.30,134
2026-06-29,18:40,4035.20,4035.90,4033.90,4035.30,221
2026-06-29,18:45,4035.40,4035.60,4030.00,4030.00,469
2026-06-29,18:50,4030.40,4032.40,4030.00,4032.00,185
2026-06-29,18:55,4031.90,4031.90,4026.10,4027.80,361
2026-06-29,19:00,4027.70,4029.10,4024.20,4024.30,272
2026-06-29,19:05,4024.20,4026.20,4023.90,4026.10,237
2026-06-29,19:10,4025.90,4026.40,4022.20,4022.30,457
2026-06-29,19:15,4022.20,4023.40,4019.20,4023.40,541
2026-06-29,19:20,4023.10,4027.00,4022.90,4026.10,514
2026-06-29,19:25,4026.10,4031.50,4026.10,4031.50,309
2026-06-29,19:30,4031.50,4034.40,4031.10,4032.00,238
2026-06-29,19:35,4032.20,4033.50,4031.20,4031.60,135
2026-06-29,19:40,4031.70,4033.00,4030.90,4032.50,102
2026-06-29,19:45,4032.60,4033.00,4029.30,4029.40,197
2026-06-29,19:50,4029.60,4029.90,4027.50,4028.30,220
2026-06-29,19:55,4028.20,4031.50,4027.10,4030.40,411
2026-06-29,20:00,4030.60,4030.60,4028.70,4030.00,134
2026-06-29,20:05,4029.60,4030.30,4027.20,4028.80,132
2026-06-29,20:10,4029.00,4029.40,4028.20,4028.80,50
2026-06-29,20:15,4029.00,4031.20,4029.00,4031.20,135
2026-06-29,20:20,4031.20,4031.50,4030.50,4031.00,27
2026-06-29,20:25,4030.90,4032.50,4030.80,4032.50,58
2026-06-29,20:30,4032.50,4032.50,4030.70,4031.60,59
2026-06-29,20:35,4031.40,4031.40,4029.30,4029.40,48
2026-06-29,20:40,4029.40,4030.20,4029.20,4030.20,41
2026-06-29,20:45,4030.00,4030.50,4029.00,4029.30,45
2026-06-29,20:50,4029.30,4031.80,4029.10,4031.20,119
2026-06-29,20:55,4031.20,4031.90,4030.30,4030.50,90
2026-06-29,22:00,4032.50,4035.20,4031.10,4032.90,0
2026-06-29,22:05,4033.00,4035.50,4030.70,4035.50,76
2026-06-29,22:10,4035.30,4036.50,4032.00,4032.00,78
2026-06-29,22:15,4032.80,4034.20,4031.90,4033.90,220
2026-06-29,22:20,4034.30,4034.80,4031.40,4031.60,174
2026-06-29,22:25,4031.50,4031.50,4029.50,4029.90,151
2026-06-29,22:30,4029.80,4029.80,4027.30,4028.10,106
2026-06-29,22:35,4027.70,4028.50,4026.20,4026.70,90
2026-06-29,22:40,4026.40,4028.70,4024.30,4024.30,276
2026-06-29,22:45,4024.20,4028.60,4023.50,4028.30,239
2026-06-29,22:50,4028.30,4030.80,4027.30,4029.80,204
2026-06-29,22:55,4030.00,4031.30,4027.00,4028.40,395
2026-06-29,23:00,4029.00,4032.70,4028.20,4032.10,194
2026-06-29,23:05,4032.10,4035.60,4031.70,4033.20,146
2026-06-29,23:10,4034.20,4035.40,4033.90,4035.10,78
2026-06-29,23:15,4034.80,4036.70,4034.50,4035.00,135
2026-06-29,23:20,4035.60,4035.70,4032.20,4032.60,172
2026-06-29,23:25,4032.30,4032.50,4030.00,4031.10,123
2026-06-29,23:30,4030.60,4035.60,4029.80,4033.10,234
2026-06-29,23:35,4033.10,4034.00,4032.60,4033.10,68
2026-06-29,23:40,4032.70,4032.70,4027.40,4029.20,201
2026-06-29,23:45,4029.00,4031.20,4027.60,4030.00,155
2026-06-29,23:50,4031.50,4032.10,4029.40,4029.60,29
2026-06-29,23:55,4028.80,4029.80,4028.00,4029.40,62
2026-06-30,00:00,4028.60,4028.90,4021.20,4022.10,229
2026-06-30,00:05,4022.00,4022.00,4017.10,4018.20,470
2026-06-30,00:10,4018.60,4027.50,4018.60,4024.70,432
2026-06-30,00:15,4024.00,4025.20,4018.30,4020.00,171
2026-06-30,00:20,4019.90,4023.10,4019.40,4021.90,103
2026-06-30,00:25,4022.40,4022.60,4017.70,4019.60,115
2026-06-30,00:30,4020.40,4020.40,4014.20,4015.90,325
2026-06-30,00:35,4015.40,4016.10,4008.00,4009.10,1015
2026-06-30,00:40,4009.20,4011.20,4004.20,4005.00,675
2026-06-30,00:45,4005.60,4007.60,4003.90,4005.70,238
2026-06-30,00:50,4006.30,4007.20,4004.00,4005.50,172
2026-06-30,00:55,4005.20,4005.20,3992.60,4001.30,1643
2026-06-30,01:00,4000.50,4000.80,3988.80,3993.40,909
2026-06-30,01:05,3992.50,3993.00,3955.40,3976.90,5117
2026-06-30,01:10,3978.00,3983.00,3968.00,3971.70,1054
2026-06-30,01:15,3971.60,3984.80,3963.60,3983.90,1423
2026-06-30,01:20,3983.80,3988.80,3979.90,3983.50,927
2026-06-30,01:25,3983.90,3994.20,3981.70,3992.10,799
2026-06-30,01:30,3992.10,3993.10,3987.90,3989.20,439
2026-06-30,01:35,3989.70,3990.50,3983.30,3984.10,572
2026-06-30,01:40,3985.00,3986.30,3979.40,3982.50,794
2026-06-30,01:45,3981.80,3986.90,3974.50,3976.10,981
2026-06-30,01:50,3976.10,3980.10,3974.90,3976.80,488
2026-06-30,01:55,3977.30,3983.20,3975.60,3982.70,359
2026-06-30,02:00,3982.40,3986.80,3979.70,3982.70,668
2026-06-30,02:05,3982.80,3984.40,3971.90,3972.30,658
2026-06-30,02:10,3972.10,3973.70,3965.50,3971.00,802
2026-06-30,02:15,3971.30,3975.40,3969.40,3974.20,325
2026-06-30,02:20,3973.90,3977.60,3969.30,3976.70,389
2026-06-30,02:25,3976.30,3979.00,3973.50,3975.50,488
2026-06-30,02:30,3975.00,3976.50,3969.70,3971.60,225
2026-06-30,02:35,3972.30,3976.10,3967.40,3976.10,368
2026-06-30,02:40,3975.50,3977.00,3970.20,3972.60,225
2026-06-30,02:45,3973.00,3977.60,3972.50,3976.80,199
2026-06-30,02:50,3977.10,3983.80,3976.30,3979.50,404
2026-06-30,02:55,3979.70,3980.20,3972.80,3975.80,307
2026-06-30,03:00,3976.10,3982.80,3976.00,3981.40,343
2026-06-30,03:05,3981.30,3982.10,3978.60,3980.50,203
2026-06-30,03:10,3980.60,3982.90,3978.90,3979.80,361
2026-06-30,03:15,3979.30,3984.20,3979.20,3983.00,180
2026-06-30,03:20,3982.80,3984.20,3978.20,3979.30,437
2026-06-30,03:25,3978.50,3981.20,3976.20,3979.10,388
2026-06-30,03:30,3979.10,3980.00,3973.10,3974.00,288
2026-06-30,03:35,3974.00,3979.00,3974.00,3977.90,76
2026-06-30,03:40,3977.70,3978.30,3975.40,3976.40,102
2026-06-30,03:45,3977.10,3981.50,3977.00,3981.00,148
2026-06-30,03:50,3981.60,3983.20,3980.00,3980.50,157
2026-06-30,03:55,3979.60,3984.00,3979.00,3983.80,157
2026-06-30,04:00,3982.50,3988.10,3982.10,3984.80,371
2026-06-30,04:05,3984.00,3984.60,3981.30,3982.10,166
2026-06-30,04:10,3982.50,3986.60,3981.50,3985.80,201
2026-06-30,04:15,3986.00,3988.50,3985.20,3987.70,232
2026-06-30,04:20,3988.00,3990.90,3987.90,3990.60,235
2026-06-30,04:25,3990.70,3997.10,3990.70,3995.80,379
2026-06-30,04:30,3995.80,4010.10,3995.80,4009.50,998
2026-06-30,04:35,4010.00,4011.60,4005.90,4006.30,658
2026-06-30,04:40,4005.80,4006.50,4000.70,4002.20,386
2026-06-30,04:45,4002.20,4003.60,3997.20,4002.80,405
2026-06-30,04:50,4002.70,4005.00,4001.80,4001.90,302
2026-06-30,04:55,4001.70,4002.40,3999.20,3999.20,126
2026-06-30,05:00,3999.70,4002.40,3997.80,4001.90,206
2026-06-30,05:05,4001.10,4004.30,3999.60,4001.20,184
2026-06-30,05:10,4001.90,4001.90,3997.80,3998.80,100
2026-06-30,05:15,3998.70,3999.20,3994.40,3994.40,222
2026-06-30,05:20,3994.70,3999.50,3993.30,3999.00,240
2026-06-30,05:25,3999.00,4001.30,3992.90,3996.20,284
2026-06-30,05:30,3996.30,3996.50,3989.50,3990.50,447
2026-06-30,05:35,3990.70,3996.10,3988.60,3995.70,191
2026-06-30,05:40,3995.60,3998.60,3992.50,3992.50,296
2026-06-30,05:45,3992.70,3995.30,3991.30,3993.40,153
2026-06-30,05:50,3993.00,3995.30,3989.80,3994.00,201
2026-06-30,05:55,3994.20,3994.40,3990.70,3991.10,104
2026-06-30,06:00,3991.50,4000.00,3991.50,3998.10,266
2026-06-30,06:05,3997.90,4003.40,3997.90,4000.70,320
2026-06-30,06:10,4000.40,4001.20,3998.50,4001.20,193
2026-06-30,06:15,4000.90,4001.60,3997.40,4000.20,197
2026-06-30,06:20,4000.10,4017.00,3999.20,4013.50,899
2026-06-30,06:25,4013.30,4027.10,4010.60,4025.50,1271
2026-06-30,06:30,4025.30,4045.10,4024.20,4044.10,1801
2026-06-30,06:35,4043.90,4047.80,4035.10,4035.80,1027
2026-06-30,06:40,4035.70,4042.50,4035.10,4039.10,766
2026-06-30,06:45,4038.30,4047.50,4037.10,4045.60,709
2026-06-30,06:50,4045.30,4046.00,4040.40,4041.10,514
2026-06-30,06:55,4041.10,4046.20,4040.60,4043.50,476
2026-06-30,07:00,4043.70,4043.90,4038.90,4040.50,453
2026-06-30,07:05,4041.00,4044.00,4038.00,4041.90,280
2026-06-30,07:10,4041.60,4041.60,4037.50,4039.30,292
2026-06-30,07:15,4040.00,4044.50,4039.40,4043.20,257
2026-06-30,07:20,4043.10,4046.10,4040.90,4044.70,569
2026-06-30,07:25,4045.10,4048.70,4042.30,4042.30,515
2026-06-30,07:30,4042.70,4045.90,4040.10,4045.50,322
2026-06-30,07:35,4045.50,4046.30,4041.40,4045.40,298
2026-06-30,07:40,4044.00,4044.40,4041.70,4042.80,166
2026-06-30,07:45,4042.60,4045.00,4040.80,4042.30,140
2026-06-30,07:50,4041.20,4044.50,4039.60,4043.90,201
2026-06-30,07:55,4044.20,4047.20,4043.70,4046.30,298
2026-06-30,08:00,4046.40,4050.60,4045.60,4049.70,603
2026-06-30,08:05,4049.70,4051.80,4040.20,4041.50,522
2026-06-30,08:10,4041.30,4041.90,4035.40,4038.00,581
2026-06-30,08:15,4038.20,4038.20,4034.50,4035.90,434
2026-06-30,08:20,4035.80,4039.70,4033.90,4035.00,434
2026-06-30,08:25,4034.90,4040.40,4034.80,4039.90,251
2026-06-30,08:30,4040.00,4040.70,4037.10,4037.20,207
2026-06-30,08:35,4036.90,4037.20,4032.30,4033.10,242
2026-06-30,08:40,4033.00,4033.40,4029.20,4031.60,615
2026-06-30,08:45,4031.70,4033.50,4030.60,4032.40,249
2026-06-30,08:50,4032.60,4033.70,4027.20,4030.30,500
2026-06-30,08:55,4030.60,4031.10,4028.10,4029.00,231
2026-06-30,09:00,4029.00,4033.00,4028.30,4033.00,226
2026-06-30,09:05,4033.20,4035.70,4032.70,4032.70,478
2026-06-30,09:10,4032.80,4034.00,4030.80,4032.40,88
2026-06-30,09:15,4032.20,4033.30,4031.20,4031.90,75
2026-06-30,09:20,4032.30,4037.00,4031.90,4032.80,613
2026-06-30,09:25,4033.20,4034.10,4029.70,4031.20,393
2026-06-30,09:30,4031.50,4032.70,4026.70,4027.70,723
2026-06-30,09:35,4027.00,4030.90,4025.90,4029.60,247
2026-06-30,09:40,4029.90,4032.60,4029.50,4032.60,239
2026-06-30,09:45,4032.70,4034.40,4032.40,4032.90,211
2026-06-30,09:50,4032.80,4037.30,4032.30,4036.30,269
2026-06-30,09:55,4035.80,4038.00,4034.30,4038.00,175
2026-06-30,10:00,4038.10,4040.40,4037.40,4038.70,298
2026-06-30,10:05,4038.70,4040.70,4036.00,4038.50,277
2026-06-30,10:10,4038.40,4040.00,4035.50,4039.80,133
2026-06-30,10:15,4040.10,4041.30,4038.10,4038.10,253
2026-06-30,10:20,4038.20,4040.10,4038.10,4039.70,120
2026-06-30,10:25,4040.00,4042.40,4039.20,4042.40,180
2026-06-30,10:30,4042.00,4042.10,4039.10,4040.90,302
2026-06-30,10:35,4040.10,4042.90,4040.00,4041.80,106
2026-06-30,10:40,4041.50,4044.00,4040.80,4041.70,312
2026-06-30,10:45,4042.10,4044.00,4040.10,4042.40,377
2026-06-30,10:50,4042.60,4043.80,4042.10,4043.10,146
2026-06-30,10:55,4042.90,4045.50,4042.90,4043.90,499
2026-06-30,11:00,4043.90,4044.20,4039.30,4042.50,464
2026-06-30,11:05,4042.70,4046.00,4042.70,4045.20,305
2026-06-30,11:10,4045.00,4048.00,4045.00,4047.60,228
2026-06-30,11:15,4047.80,4048.80,4044.10,4044.50,465
2026-06-30,11:20,4044.70,4048.00,4044.30,4045.30,241
2026-06-30,11:25,4045.00,4048.50,4043.80,4046.20,302
2026-06-30,11:30,4046.00,4047.60,4043.40,4044.60,168
2026-06-30,11:35,4045.00,4045.70,4042.10,4045.60,204
2026-06-30,11:40,4045.30,4049.40,4044.20,4049.10,359
2026-06-30,11:45,4048.80,4051.40,4045.20,4046.50,556
2026-06-30,11:50,4046.90,4046.90,4043.40,4045.50,245
2026-06-30,11:55,4045.80,4048.20,4044.60,4047.50,251
2026-06-30,12:00,4048.00,4048.20,4043.90,4045.40,400
2026-06-30,12:05,4045.60,4045.90,4042.20,4042.20,304
2026-06-30,12:10,4042.30,4042.30,4039.90,4040.10,454
2026-06-30,12:15,4040.20,4042.30,4038.50,4040.20,335
2026-06-30,12:20,4039.40,4040.40,4031.20,4031.70,780
2026-06-30,12:25,4031.40,4032.40,4028.70,4030.80,793
2026-06-30,12:30,4030.80,4035.70,4028.10,4029.80,598
2026-06-30,12:35,4029.90,4032.00,4026.20,4032.00,473
2026-06-30,12:40,4032.00,4033.50,4029.60,4032.40,236
2026-06-30,12:45,4032.10,4032.10,4027.40,4028.90,340
2026-06-30,12:50,4028.70,4029.80,4026.10,4027.90,276
2026-06-30,12:55,4028.10,4028.50,4022.10,4023.90,810
2026-06-30,13:00,4023.70,4031.80,4022.90,4030.00,887
2026-06-30,13:05,4029.10,4038.30,4028.90,4037.10,586
2026-06-30,13:10,4037.00,4039.70,4036.00,4037.40,785
2026-06-30,13:15,4037.60,4044.50,4035.80,4044.00,1111
2026-06-30,13:20,4043.70,4047.50,4033.00,4033.70,1409
2026-06-30,13:25,4033.40,4038.20,4033.40,4038.20,499
2026-06-30,13:30,4038.00,4041.70,4033.50,4035.30,850
2026-06-30,13:35,4036.20,4037.60,4027.20,4028.10,1057
2026-06-30,13:40,4028.00,4040.90,4027.80,4039.30,802
2026-06-30,13:45,4039.50,4042.30,4036.50,4038.50,803
2026-06-30,13:50,4038.50,4047.00,4038.50,4043.00,1063
2026-06-30,13:55,4043.00,4046.70,4041.30,4043.90,740
2026-06-30,14:00,4044.40,4045.80,4039.50,4040.40,1892
2026-06-30,14:05,4040.80,4059.90,4039.80,4058.00,2249
2026-06-30,14:10,4057.50,4064.70,4051.60,4058.00,2520
2026-06-30,14:15,4057.90,4064.70,4057.70,4063.70,1354
2026-06-30,14:20,4063.80,4078.10,4062.50,4077.30,2839
2026-06-30,14:25,4077.60,4077.60,4068.10,4068.80,1085
2026-06-30,14:30,4069.00,4073.30,4066.00,4066.50,806
2026-06-30,14:35,4066.40,4068.30,4059.20,4063.90,1239
2026-06-30,14:40,4064.00,4068.50,4062.80,4065.40,766
2026-06-30,14:45,4065.80,4065.80,4058.00,4058.80,691
2026-06-30,14:50,4058.60,4061.90,4056.40,4057.80,513
2026-06-30,14:55,4058.20,4059.20,4051.80,4052.00,735
2026-06-30,15:00,4052.10,4054.30,4048.60,4049.40,1515
2026-06-30,15:05,4049.30,4053.00,4046.60,4049.70,1062
2026-06-30,15:10,4049.40,4051.80,4046.60,4050.60,446
2026-06-30,15:15,4050.40,4050.40,4040.30,4041.60,954
2026-06-30,15:20,4041.40,4043.40,4036.40,4041.80,1116
2026-06-30,15:25,4041.70,4045.10,4041.20,4042.70,382
2026-06-30,15:30,4043.20,4045.60,4041.40,4044.00,313
2026-06-30,15:35,4044.40,4045.50,4041.80,4045.20,407
2026-06-30,15:40,4045.10,4045.10,4040.70,4043.70,325
2026-06-30,15:45,4043.50,4049.30,4043.50,4048.00,487
2026-06-30,15:50,4047.00,4048.50,4045.70,4048.20,221
2026-06-30,15:55,4048.50,4049.00,4043.20,4044.20,250
2026-06-30,16:00,4043.80,4045.00,4040.80,4041.60,323
2026-06-30,16:05,4042.10,4043.60,4040.10,4041.50,299
2026-06-30,16:10,4041.60,4044.70,4041.20,4044.50,235
2026-06-30,16:15,4044.60,4045.70,4042.30,4044.30,183
2026-06-30,16:20,4044.70,4046.10,4043.50,4043.80,174
2026-06-30,16:25,4044.00,4045.40,4043.20,4044.50,163
2026-06-30,16:30,4044.00,4045.90,4043.40,4045.30,230
2026-06-30,16:35,4045.40,4045.60,4041.90,4044.60,174
2026-06-30,16:40,4044.50,4046.80,4042.70,4045.80,239
2026-06-30,16:45,4045.70,4048.50,4045.60,4046.10,312
2026-06-30,16:50,4045.80,4046.50,4044.50,4046.10,184
2026-06-30,16:55,4045.90,4045.90,4040.30,4040.30,518
2026-06-30,17:00,4040.80,4042.50,4039.00,4041.30,547
2026-06-30,17:05,4041.20,4041.40,4035.40,4037.00,846
2026-06-30,17:10,4036.90,4037.90,4034.90,4037.60,683
2026-06-30,17:15,4037.50,4042.80,4037.50,4041.30,524
2026-06-30,17:20,4041.00,4041.50,4037.50,4038.50,558
2026-06-30,17:25,4038.10,4040.90,4036.10,4040.00,2118
2026-06-30,17:30,4040.10,4043.10,4039.80,4042.60,548
2026-06-30,17:35,4042.00,4043.30,4040.50,4041.70,210
2026-06-30,17:40,4041.60,4044.60,4040.80,4044.00,137
2026-06-30,17:45,4043.90,4045.80,4043.80,4044.40,195
2026-06-30,17:50,4044.80,4047.10,4044.60,4046.30,126
2026-06-30,17:55,4046.00,4046.30,4044.60,4045.50,144
2026-06-30,18:00,4045.90,4047.00,4045.50,4046.40,106
2026-06-30,18:05,4047.00,4048.70,4046.40,4047.70,136
2026-06-30,18:10,4047.60,4048.20,4046.80,4047.20,135
2026-06-30,18:15,4047.00,4047.10,4045.10,4047.10,189
2026-06-30,18:20,4046.90,4047.80,4045.90,4046.40,107
2026-06-30,18:25,4046.40,4047.10,4045.20,4046.20,99
2026-06-30,18:30,4046.50,4046.60,4044.10,4044.80,105
2026-06-30,18:35,4045.10,4046.30,4044.50,4044.50,42
2026-06-30,18:40,4044.80,4046.10,4042.80,4045.70,294
2026-06-30,18:45,4045.60,4046.50,4043.80,4046.30,234
2026-06-30,18:50,4046.50,4047.40,4045.40,4046.80,105
2026-06-30,18:55,4046.60,4046.60,4043.30,4043.60,169
2026-06-30,19:00,4043.00,4044.20,4041.30,4041.50,233
2026-06-30,19:05,4041.60,4042.30,4039.30,4039.80,190
2026-06-30,19:10,4040.10,4041.30,4038.50,4039.20,465
2026-06-30,19:15,4038.70,4040.10,4038.10,4038.70,171
2026-06-30,19:20,4038.60,4039.20,4036.20,4036.70,165
2026-06-30,19:25,4036.80,4037.30,4035.60,4035.60,115
2026-06-30,19:30,4036.00,4038.20,4035.30,4036.80,190
2026-06-30,19:35,4036.60,4037.20,4035.40,4036.60,180
2026-06-30,19:40,4036.60,4037.40,4035.60,4036.90,187
2026-06-30,19:45,4036.80,4037.30,4034.50,4035.10,202
2026-06-30,19:50,4034.90,4035.40,4030.20,4030.90,568
2026-06-30,19:55,4031.20,4033.20,4029.10,4030.20,777
2026-06-30,20:00,4030.20,4033.60,4028.30,4032.50,557
2026-06-30,20:05,4032.50,4035.00,4032.00,4034.10,220
2026-06-30,20:10,4034.10,4035.10,4033.90,4034.60,41
2026-06-30,20:15,4034.80,4036.00,4032.50,4032.50,329
2026-06-30,20:20,4032.50,4032.70,4030.40,4030.40,85
2026-06-30,20:25,4030.10,4030.30,4027.10,4027.40,175
2026-06-30,20:30,4027.40,4028.60,4025.90,4026.20,90
2026-06-30,20:35,4026.00,4026.10,4024.50,4025.00,67
2026-06-30,20:40,4025.30,4026.80,4025.00,4025.80,52
2026-06-30,20:45,4025.70,4026.30,4024.70,4025.30,75
2026-06-30,20:50,4025.50,4026.00,4024.50,4025.40,74
2026-06-30,20:55,4024.90,4025.40,4020.60,4021.80,302
2026-06-30,22:00,4025.00,4028.20,4022.10,4027.10,0
2026-06-30,22:05,4027.30,4030.20,4027.30,4030.10,96
2026-06-30,22:10,4030.40,4030.40,4026.90,4027.50,92
2026-06-30,22:15,4028.00,4029.70,4025.60,4027.90,177
2026-06-30,22:20,4027.70,4027.70,4025.20,4026.40,228
2026-06-30,22:25,4026.00,4028.00,4025.40,4027.20,149
2026-06-30,22:30,4026.60,4028.80,4026.60,4028.20,43
2026-06-30,22:35,4028.40,4030.00,4028.30,4029.50,51
2026-06-30,22:40,4029.50,4032.00,4027.30,4027.30,146
2026-06-30,22:45,4027.10,4029.50,4025.70,4026.20,214
2026-06-30,22:50,4026.10,4026.30,4024.20,4025.00,87
2026-06-30,22:55,4025.30,4026.40,4024.90,4026.40,61
2026-06-30,23:00,4026.50,4027.00,4024.30,4025.60,225
2026-06-30,23:05,4026.10,4031.80,4026.00,4030.30,295
2026-06-30,23:10,4030.50,4031.30,4027.20,4027.40,127
2026-06-30,23:15,4027.90,4028.50,4025.30,4025.30,112
2026-06-30,23:20,4025.40,4025.40,4021.50,4023.10,160
2026-06-30,23:25,4023.10,4024.80,4021.30,4024.40,114
2026-06-30,23:30,4024.30,4025.80,4022.50,4024.60,121
2026-06-30,23:35,4023.30,4024.10,4022.10,4023.60,29
2026-06-30,23:40,4023.30,4023.80,4022.30,4023.20,61
2026-06-30,23:45,4022.70,4023.20,4018.40,4020.30,304
2026-06-30,23:50,4020.00,4021.80,4018.80,4020.50,211
2026-06-30,23:55,4020.10,4020.60,4018.00,4018.90,271
2026-07-01,00:00,4018.90,4021.00,4018.20,4019.70,136
2026-07-01,00:05,4019.00,4020.60,4018.20,4019.80,92
2026-07-01,00:10,4021.00,4022.70,4020.10,4021.60,141
2026-07-01,00:15,4021.70,4022.10,4014.60,4015.60,281
2026-07-01,00:20,4015.40,4019.60,4014.70,4018.40,245
2026-07-01,00:25,4017.80,4019.20,4013.00,4015.00,487
2026-07-01,00:30,4015.00,4018.70,4014.00,4016.10,171
2026-07-01,00:35,4016.50,4018.10,4014.00,4014.00,175
2026-07-01,00:40,4014.20,4014.40,4008.40,4009.50,656
2026-07-01,00:45,4009.40,4010.30,4008.00,4008.70,193
2026-07-01,00:50,4009.30,4011.60,4006.00,4007.10,293
2026-07-01,00:55,4007.00,4012.90,4006.90,4010.20,240
2026-07-01,01:00,4010.50,4013.20,4002.80,4003.20,916
2026-07-01,01:05,4003.20,4004.00,3995.50,3998.40,845
2026-07-01,01:10,3998.10,3998.60,3991.60,3997.50,495
2026-07-01,01:15,3996.80,3997.60,3988.60,3994.80,442
2026-07-01,01:20,3994.50,3999.00,3993.70,3996.20,352
2026-07-01,01:25,3997.30,3998.90,3994.40,3998.60,204
2026-07-01,01:30,3998.50,4001.60,3989.60,3992.60,541
2026-07-01,01:35,3992.90,3993.90,3988.30,3988.30,333
2026-07-01,01:40,3988.60,3993.10,3987.30,3992.00,237
2026-07-01,01:45,3991.80,3994.80,3986.70,3991.80,465
2026-07-01,01:50,3991.90,3993.20,3986.70,3988.90,527
2026-07-01,01:55,3988.70,3991.90,3988.50,3990.80,133
2026-07-01,02:00,3990.40,3992.70,3987.30,3987.50,275
2026-07-01,02:05,3987.40,3987.80,3983.00,3985.50,573
2026-07-01,02:10,3985.60,3989.80,3984.80,3989.40,360
2026-07-01,02:15,3989.40,3993.60,3988.80,3993.30,365
2026-07-01,02:20,3993.60,3995.10,3992.40,3994.50,286
2026-07-01,02:25,3994.50,3996.00,3993.00,3993.70,217
2026-07-01,02:30,3993.60,3997.80,3991.50,3994.50,378
2026-07-01,02:35,3994.80,3999.00,3994.60,3996.60,246
2026-07-01,02:40,3996.90,3996.90,3993.70,3995.90,141
2026-07-01,02:45,3996.40,3998.40,3994.90,3995.40,118
2026-07-01,02:50,3995.30,3998.00,3992.80,3993.20,159
2026-07-01,02:55,3993.60,3994.10,3991.20,3991.90,177
2026-07-01,03:00,3991.80,3995.60,3991.40,3994.90,241
2026-07-01,03:05,3994.20,3998.10,3994.00,3997.90,286
2026-07-01,03:10,3997.80,3998.50,3996.10,3996.40,111
2026-07-01,03:15,3996.30,3999.90,3996.30,3997.00,239
2026-07-01,03:20,3996.80,3996.80,3993.40,3995.50,216
2026-07-01,03:25,3996.00,3996.00,3993.20,3994.10,242
2026-07-01,03:30,3994.50,3994.50,3989.10,3989.70,361
2026-07-01,03:35,3989.80,3994.20,3989.80,3994.20,223
2026-07-01,03:40,3994.10,3995.30,3990.20,3990.20,200
2026-07-01,03:45,3990.40,3992.20,3989.30,3990.40,278
2026-07-01,03:50,3990.00,3991.30,3989.80,3990.40,75
2026-07-01,03:55,3990.60,3993.10,3990.30,3992.90,97
2026-07-01,04:00,3993.40,3993.90,3987.80,3988.60,245
2026-07-01,04:05,3988.50,3990.40,3988.30,3988.30,141
2026-07-01,04:10,3988.30,3989.30,3987.00,3989.00,214
2026-07-01,04:15,3988.60,3989.20,3987.30,3988.80,96
2026-07-01,04:20,3988.70,3989.90,3987.60,3989.60,156
2026-07-01,04:25,3989.60,3990.90,3988.90,3990.10,152
2026-07-01,04:30,3990.10,3993.50,3990.10,3990.60,265
2026-07-01,04:35,3990.40,3991.10,3987.00,3987.40,235
2026-07-01,04:40,3987.10,3987.70,3985.30,3987.70,153
2026-07-01,04:45,3987.50,3993.00,3987.10,3992.60,348
2026-07-01,04:50,3992.40,3994.20,3991.60,3993.00,253
2026-07-01,04:55,3993.70,3995.40,3989.20,3989.20,373
2026-07-01,05:00,3989.10,3989.60,3984.80,3986.40,197
2026-07-01,05:05,3986.10,3987.70,3985.30,3986.00,157
2026-07-01,05:10,3985.80,3985.80,3982.30,3984.80,305
2026-07-01,05:15,3984.50,3985.50,3982.60,3984.70,228
2026-07-01,05:20,3984.70,3988.00,3984.70,3987.50,160
2026-07-01,05:25,3987.60,3987.60,3985.50,3986.10,161
2026-07-01,05:30,3986.40,3991.70,3983.30,3989.00,319
2026-07-01,05:35,3990.00,3990.90,3986.30,3988.40,243
2026-07-01,05:40,3988.00,3988.30,3984.70,3987.60,342
2026-07-01,05:45,3986.40,3989.30,3986.30,3988.10,208
2026-07-01,05:50,3987.80,3990.60,3986.50,3987.50,176
2026-07-01,05:55,3987.70,3992.00,3986.50,3986.60,293
2026-07-01,06:00,3986.60,3990.30,3985.90,3987.80,375
2026-07-01,06:05,3987.70,3988.70,3977.20,3979.20,1096
2026-07-01,06:10,3979.50,3981.70,3976.20,3978.00,527
2026-07-01,06:15,3978.30,3979.40,3975.90,3979.20,520
2026-07-01,06:20,3979.40,3982.60,3978.80,3982.10,562
2026-07-01,06:25,3981.90,3982.60,3980.00,3980.40,230
2026-07-01,06:30,3980.60,3981.30,3976.20,3978.00,393
2026-07-01,06:35,3977.80,3981.00,3977.00,3980.40,292
2026-07-01,06:40,3980.60,3986.60,3980.40,3984.70,696
2026-07-01,06:45,3984.80,3986.00,3981.80,3982.90,545
2026-07-01,06:50,3983.00,3986.60,3982.30,3986.00,265
2026-07-01,06:55,3986.20,3986.20,3983.80,3985.00,236
2026-07-01,07:00,3985.00,3986.70,3978.50,3979.30,580
2026-07-01,07:05,3979.00,3979.40,3973.30,3977.40,795
2026-07-01,07:10,3977.00,3977.40,3973.50,3974.50,346
2026-07-01,07:15,3974.10,3983.80,3973.00,3983.20,820
2026-07-01,07:20,3982.80,3984.90,3980.20,3980.50,384
2026-07-01,07:25,3980.50,3984.00,3976.90,3977.30,548
2026-07-01,07:30,3977.40,3978.10,3973.60,3975.90,947
2026-07-01,07:35,3976.40,3982.70,3976.10,3982.20,309
2026-07-01,07:40,3982.30,3984.50,3981.30,3984.20,295
2026-07-01,07:45,3984.00,3985.90,3982.10,3984.00,832
2026-07-01,07:50,3983.90,3988.00,3983.70,3984.00,725
2026-07-01,07:55,3984.00,3991.00,3983.80,3988.70,533
2026-07-01,08:00,3988.80,3989.30,3983.20,3984.60,333
2026-07-01,08:05,3984.50,3986.00,3982.90,3984.50,205
2026-07-01,08:10,3984.40,3987.50,3982.50,3987.50,255
2026-07-01,08:15,3987.50,3996.10,3987.30,3995.90,614
2026-07-01,08:20,3995.60,3997.70,3992.00,3992.30,657
2026-07-01,08:25,3992.60,3995.60,3991.80,3992.00,358
2026-07-01,08:30,3991.90,3992.80,3989.00,3991.20,228
2026-07-01,08:35,3990.90,3990.90,3985.80,3986.40,251
2026-07-01,08:40,3986.10,3992.00,3985.60,3990.20,234
2026-07-01,08:45,3990.10,3990.50,3987.70,3988.10,124
2026-07-01,08:50,3988.40,3990.80,3988.00,3990.40,118
2026-07-01,08:55,3990.40,3990.80,3984.50,3987.70,325
2026-07-01,09:00,3987.20,3989.20,3986.00,3988.60,186
2026-07-01,09:05,3988.30,3989.30,3985.90,3986.60,227
2026-07-01,09:10,3987.30,3990.80,3987.30,3989.10,116
2026-07-01,09:15,3989.00,3993.70,3988.90,3991.70,337
2026-07-01,09:20,3991.70,3992.70,3990.30,3990.60,199
2026-07-01,09:25,3990.70,3992.30,3990.30,3992.30,131
2026-07-01,09:30,3991.80,3994.70,3990.80,3993.40,383
2026-07-01,09:35,3993.40,3995.80,3992.80,3995.60,234
2026-07-01,09:40,3995.60,3995.70,3992.50,3994.70,218
2026-07-01,09:45,3995.10,3999.30,3995.10,3998.80,273
2026-07-01,09:50,3998.50,3998.70,3996.50,3998.50,351
2026-07-01,09:55,3998.30,3999.30,3996.90,3997.90,254
2026-07-01,10:00,3997.80,4002.90,3997.70,4001.40,409
2026-07-01,10:05,4001.30,4003.50,4000.60,4001.00,287
2026-07-01,10:10,4000.90,4001.30,3996.40,3997.60,356
2026-07-01,10:15,3997.80,3998.40,3995.20,3995.50,270
2026-07-01,10:20,3995.60,3998.60,3994.60,3998.60,159
2026-07-01,10:25,3998.60,4000.70,3996.60,4000.50,113
2026-07-01,10:30,4000.40,4005.40,4000.10,4004.50,322
2026-07-01,10:35,4004.60,4007.60,4002.30,4003.00,434
2026-07-01,10:40,4002.90,4003.30,4000.00,4000.40,281
2026-07-01,10:45,4000.80,4004.10,4000.20,4004.10,222
2026-07-01,10:50,4004.90,4007.70,4004.40,4007.20,262
2026-07-01,10:55,4007.30,4012.00,4007.30,4011.90,429
2026-07-01,11:00,4011.50,4021.70,4011.30,4020.20,1101
2026-07-01,11:05,4020.20,4024.40,4020.00,4024.10,517
2026-07-01,11:10,4024.00,4033.00,4023.70,4029.80,994
2026-07-01,11:15,4029.70,4038.50,4028.70,4036.20,952
2026-07-01,11:20,4036.00,4039.70,4032.50,4037.80,757
2026-07-01,11:25,4038.10,4042.60,4035.30,4039.90,735
2026-07-01,11:30,4040.30,4042.10,4036.90,4038.20,570
2026-07-01,11:35,4038.30,4040.30,4037.60,4038.30,247
2026-07-01,11:40,4038.30,4045.80,4037.00,4043.10,644
2026-07-01,11:45,4043.30,4048.60,4042.70,4048.00,569
2026-07-01,11:50,4047.80,4049.40,4043.40,4046.00,682
2026-07-01,11:55,4046.10,4047.30,4043.90,4044.00,484
2026-07-01,12:00,4044.50,4047.80,4037.50,4037.60,1050
2026-07-01,12:05,4037.80,4038.60,4035.40,4036.70,713
2026-07-01,12:10,4037.00,4038.30,4033.20,4036.00,963
2026-07-01,12:15,4036.00,4042.20,4035.80,4042.10,651
2026-07-01,12:20,4041.70,4044.00,4038.80,4043.10,657
2026-07-01,12:25,4043.20,4044.20,4039.30,4039.70,387
2026-07-01,12:30,4039.40,4047.20,4039.40,4042.80,852
2026-07-01,12:35,4042.90,4044.00,4037.60,4038.00,892
2026-07-01,12:40,4038.00,4044.90,4037.00,4040.10,697
2026-07-01,12:45,4040.50,4041.70,4038.60,4040.20,380
2026-07-01,12:50,4040.10,4043.00,4038.80,4039.80,323
2026-07-01,12:55,4039.80,4041.10,4036.70,4036.80,470
2026-07-01,13:00,4036.80,4039.10,4030.80,4035.90,1159
2026-07-01,13:05,4036.10,4036.40,4026.60,4031.70,785
2026-07-01,13:10,4031.60,4036.30,4028.00,4034.60,756
2026-07-01,13:15,4035.00,4045.90,4035.00,4038.70,1617
2026-07-01,13:20,4038.70,4061.00,4038.40,4057.60,2885
2026-07-01,13:25,4057.40,4061.70,4052.00,4061.20,1967
2026-07-01,13:30,4061.20,4068.70,4055.30,4062.50,2445
2026-07-01,13:35,4062.80,4086.40,4061.20,4085.70,3254
2026-07-01,13:40,4084.90,4116.00,4084.00,4113.30,5249
2026-07-01,13:45,4113.10,4122.60,4099.60,4105.00,4379
2026-07-01,13:50,4104.80,4113.10,4100.10,4102.30,2411
2026-07-01,13:55,4102.80,4108.00,4100.50,4104.20,1676
2026-07-01,14:00,4104.80,4116.40,4096.90,4100.20,3565
2026-07-01,14:05,4100.00,4110.50,4100.00,4108.80,1765
2026-07-01,14:10,4109.30,4114.50,4106.90,4107.40,1416
2026-07-01,14:15,4107.60,4113.30,4103.90,4109.00,1336
2026-07-01,14:20,4108.90,4120.80,4108.40,4119.10,2155
2026-07-01,14:25,4119.50,4121.50,4110.30,4115.20,1475
2026-07-01,14:30,4115.20,4126.20,4112.80,4125.20,1641
2026-07-01,14:35,4125.30,4131.00,4120.30,4120.50,2038
2026-07-01,14:40,4120.80,4121.50,4106.40,4107.10,1377
2026-07-01,14:45,4107.80,4110.10,4101.50,4103.40,1131
2026-07-01,14:50,4103.80,4105.80,4100.80,4103.90,667
2026-07-01,14:55,4103.70,4109.70,4103.60,4107.90,755
2026-07-01,15:00,4108.00,4108.80,4102.50,4104.30,573
2026-07-01,15:05,4104.30,4108.10,4097.80,4098.80,926
2026-07-01,15:10,4098.50,4100.60,4095.90,4099.50,795
2026-07-01,15:15,4099.20,4106.40,4099.20,4101.20,964
2026-07-01,15:20,4100.90,4104.60,4092.90,4095.20,1081
2026-07-01,15:25,4095.20,4099.00,4093.30,4098.30,579
2026-07-01,15:30,4097.80,4097.80,4092.00,4092.50,734
2026-07-01,15:35,4092.30,4095.60,4090.80,4094.90,874
2026-07-01,15:40,4094.60,4097.00,4093.10,4096.70,422
2026-07-01,15:45,4096.40,4099.70,4095.70,4098.30,399
2026-07-01,15:50,4098.30,4102.60,4097.50,4098.40,469
2026-07-01,15:55,4098.10,4098.40,4093.80,4095.10,439
2026-07-01,16:00,4095.50,4101.40,4095.50,4099.60,448
2026-07-01,16:05,4099.50,4102.90,4098.30,4098.30,382
2026-07-01,16:10,4098.60,4099.10,4095.90,4097.00,226
2026-07-01,16:15,4096.60,4099.00,4095.50,4098.40,233
2026-07-01,16:20,4098.10,4099.50,4095.00,4096.10,328
2026-07-01,16:25,4096.20,4098.70,4095.80,4096.10,146
2026-07-01,16:30,4095.90,4097.40,4089.70,4090.60,641
2026-07-01,16:35,4091.00,4094.90,4090.90,4091.30,246
2026-07-01,16:40,4091.50,4091.80,4086.80,4088.10,505
2026-07-01,16:45,4088.70,4090.30,4086.70,4087.10,415
2026-07-01,16:50,4087.00,4088.60,4084.30,4087.00,469
2026-07-01,16:55,4087.10,4087.40,4084.00,4085.00,286
2026-07-01,17:00,4084.90,4087.60,4083.60,4085.40,445
2026-07-01,17:05,4085.00,4085.20,4081.60,4082.60,467
2026-07-01,17:10,4083.00,4085.70,4081.20,4085.00,459
2026-07-01,17:15,4085.30,4085.90,4081.60,4083.60,395
2026-07-01,17:20,4084.20,4085.50,4082.90,4083.80,524
2026-07-01,17:25,4084.20,4084.60,4081.50,4081.80,1410
2026-07-01,17:30,4082.00,4085.80,4081.70,4084.50,434
2026-07-01,17:35,4084.30,4085.40,4083.70,4084.90,137
2026-07-01,17:40,4084.60,4087.30,4083.20,4084.80,255
2026-07-01,17:45,4084.70,4085.40,4084.00,4084.70,125
2026-07-01,17:50,4085.00,4086.50,4083.10,4083.90,153
2026-07-01,17:55,4083.80,4084.20,4081.00,4082.20,261
2026-07-01,18:00,4082.30,4084.40,4081.90,4084.40,201
2026-07-01,18:05,4083.90,4084.10,4081.60,4081.60,114
2026-07-01,18:10,4081.70,4084.70,4081.00,4082.70,302
2026-07-01,18:15,4082.80,4083.00,4078.80,4080.80,220
2026-07-01,18:20,4080.60,4080.90,4077.50,4078.80,293
2026-07-01,18:25,4079.50,4079.80,4074.60,4074.90,215
2026-07-01,18:30,4075.30,4079.90,4075.30,4078.60,209
2026-07-01,18:35,4078.30,4079.00,4076.80,4077.30,124
2026-07-01,18:40,4077.50,4077.50,4075.00,4076.40,235
2026-07-01,18:45,4076.50,4076.90,4074.30,4075.10,166
2026-07-01,18:50,4075.50,4076.00,4071.30,4072.20,459
2026-07-01,18:55,4072.00,4076.30,4071.90,4076.00,166
2026-07-01,19:00,4075.50,4080.00,4075.30,4079.90,406
2026-07-01,19:05,4079.70,4082.20,4078.10,4081.70,207
2026-07-01,19:10,4081.00,4081.00,4078.10,4079.20,336
2026-07-01,19:15,4079.20,4080.00,4075.10,4075.40,383
2026-07-01,19:20,4075.60,4076.30,4070.40,4070.40,907
2026-07-01,19:25,4070.30,4073.50,4070.30,4072.70,312
2026-07-01,19:30,4072.80,4073.40,4069.00,4070.20,264
2026-07-01,19:35,4070.40,4070.60,4069.00,4069.30,197
2026-07-01,19:40,4069.60,4069.60,4066.20,4067.60,398
2026-07-01,19:45,4067.40,4068.00,4064.40,4065.70,369
2026-07-01,19:50,4066.00,4066.40,4052.80,4055.50,1366
2026-07-01,19:55,4055.70,4056.30,4048.40,4052.30,1062
2026-07-01,20:00,4052.20,4053.60,4042.20,4043.80,849
2026-07-01,20:05,4043.50,4048.70,4042.10,4048.20,395
2026-07-01,20:10,4047.70,4050.30,4046.80,4049.20,203
2026-07-01,20:15,4049.20,4050.50,4048.00,4049.40,94
2026-07-01,20:20,4049.10,4051.50,4048.50,4051.00,169
2026-07-01,20:25,4051.10,4052.80,4050.70,4051.90,118
2026-07-01,20:30,4051.60,4052.60,4049.70,4049.90,120
2026-07-01,20:35,4049.70,4050.00,4047.90,4048.40,123
2026-07-01,20:40,4048.30,4049.10,4046.80,4047.50,112
2026-07-01,20:45,4047.50,4047.90,4045.20,4046.50,156
2026-07-01,20:50,4046.60,4049.50,4045.90,4045.90,293
2026-07-01,20:55,4046.20,4046.20,4043.80,4044.60,245
2026-07-01,22:00,4049.20,4051.90,4045.10,4051.90,0
2026-07-01,22:05,4051.10,4053.60,4047.70,4047.80,200
2026-07-01,22:10,4048.10,4050.10,4047.60,4049.20,91
2026-07-01,22:15,4049.40,4050.20,4047.40,4047.80,101
2026-07-01,22:20,4048.20,4051.80,4047.80,4051.00,210
2026-07-01,22:25,4050.60,4051.40,4049.80,4050.60,113
2026-07-01,22:30,4050.10,4051.00,4049.00,4050.20,248
2026-07-01,22:35,4050.30,4052.60,4049.40,4052.30,180
2026-07-01,22:40,4052.20,4053.00,4051.00,4052.00,231
2026-07-01,22:45,4052.30,4056.00,4052.00,4055.50,245
2026-07-01,22:50,4055.80,4056.70,4054.70,4055.00,132
2026-07-01,22:55,4054.50,4057.20,4054.50,4057.20,95
2026-07-01,23:00,4056.80,4057.10,4054.80,4055.50,99
2026-07-01,23:05,4055.20,4055.30,4053.40,4053.70,131
2026-07-01,23:10,4054.00,4054.80,4049.50,4049.60,408
2026-07-01,23:15,4050.10,4051.70,4048.30,4051.20,148
2026-07-01,23:20,4051.60,4051.70,4048.00,4048.00,148
2026-07-01,23:25,4048.40,4049.60,4046.10,4049.60,394
2026-07-01,23:30,4049.70,4052.90,4049.60,4051.50,196
2026-07-01,23:35,4050.90,4051.80,4047.30,4047.30,117
2026-07-01,23:40,4047.50,4048.70,4046.50,4048.00,83
2026-07-01,23:45,4048.00,4048.50,4045.50,4046.20,114
2026-07-01,23:50,4046.30,4049.40,4045.90,4048.60,89
2026-07-01,23:55,4049.00,4049.00,4047.30,4047.40,21
2026-07-02,00:00,4047.10,4048.40,4042.80,4045.20,317
2026-07-02,00:05,4045.50,4052.80,4045.10,4051.60,408
2026-07-02,00:10,4051.60,4058.90,4051.50,4057.40,387
2026-07-02,00:15,4056.00,4058.20,4052.10,4053.20,240
2026-07-02,00:20,4053.60,4059.00,4053.00,4058.90,249
2026-07-02,00:25,4058.60,4060.70,4056.30,4058.40,188
2026-07-02,00:30,4059.00,4059.40,4054.80,4057.30,268
2026-07-02,00:35,4057.10,4058.70,4054.40,4054.90,160
2026-07-02,00:40,4055.00,4055.00,4050.00,4050.90,243
2026-07-02,00:45,4051.40,4065.00,4051.40,4063.00,524
2026-07-02,00:50,4062.60,4064.90,4061.70,4062.40,254
2026-07-02,00:55,4063.20,4064.10,4060.80,4063.50,134
2026-07-02,01:00,4063.50,4080.50,4062.40,4077.20,1448
2026-07-02,01:05,4076.70,4078.40,4072.40,4076.20,278
2026-07-02,01:10,4077.00,4080.00,4076.10,4076.90,250
2026-07-02,01:15,4077.30,4077.60,4071.40,4072.50,297
2026-07-02,01:20,4072.90,4073.10,4063.80,4064.20,472
2026-07-02,01:25,4064.30,4067.40,4062.20,4065.20,328
2026-07-02,01:30,4065.60,4066.80,4058.00,4059.80,329
2026-07-02,01:35,4060.30,4065.00,4058.70,4065.00,207
2026-07-02,01:40,4064.90,4067.50,4059.80,4059.80,351
2026-07-02,01:45,4059.50,4065.70,4057.00,4064.80,246
2026-07-02,01:50,4064.50,4067.40,4063.70,4066.60,175
2026-07-02,01:55,4066.60,4068.80,4061.30,4062.40,220
2026-07-02,02:00,4062.60,4063.30,4055.70,4059.20,261
2026-07-02,02:05,4059.60,4059.60,4054.50,4056.50,170
2026-07-02,02:10,4056.30,4060.60,4053.30,4060.50,184
2026-07-02,02:15,4060.60,4066.60,4060.20,4066.00,317
2026-07-02,02:20,4066.00,4067.00,4061.00,4063.00,164
2026-07-02,02:25,4063.00,4065.00,4062.50,4063.90,86
2026-07-02,02:30,4063.70,4066.10,4060.00,4062.60,250
2026-07-02,02:35,4062.20,4066.40,4061.70,4063.20,141
2026-07-02,02:40,4063.60,4069.40,4062.50,4068.30,209
2026-07-02,02:45,4068.50,4070.90,4066.50,4069.10,201
2026-07-02,02:50,4069.30,4071.40,4068.30,4070.00,167
2026-07-02,02:55,4069.60,4073.20,4069.10,4069.20,197
2026-07-02,03:00,4069.40,4071.80,4068.70,4068.70,159
2026-07-02,03:05,4069.00,4072.00,4067.80,4068.00,158
2026-07-02,03:10,4068.20,4071.00,4067.70,4069.90,147
2026-07-02,03:15,4069.90,4072.40,4069.90,4070.70,207
2026-07-02,03:20,4070.80,4074.30,4070.50,4074.00,342
2026-07-02,03:25,4073.60,4079.20,4073.00,4077.20,403
2026-07-02,03:30,4077.30,4078.90,4075.40,4076.10,272
2026-07-02,03:35,4075.90,4078.00,4073.80,4076.70,274
2026-07-02,03:40,4076.80,4080.00,4076.80,4078.00,250
2026-07-02,03:45,4078.20,4081.20,4075.00,4080.80,322
2026-07-02,03:50,4080.80,4084.90,4079.90,4084.00,301
2026-07-02,03:55,4084.10,4086.30,4082.30,4082.30,241
2026-07-02,04:00,4082.10,4084.70,4081.80,4083.20,253
2026-07-02,04:05,4083.40,4085.00,4082.70,4083.10,76
2026-07-02,04:10,4082.50,4083.10,4080.20,4082.40,123
2026-07-02,04:15,4082.50,4082.60,4078.40,4079.30,100
2026-07-02,04:20,4079.50,4079.60,4076.50,4076.50,161
2026-07-02,04:25,4076.70,4078.60,4076.20,4077.90,150
2026-07-02,04:30,4077.80,4078.70,4074.80,4075.60,99
2026-07-02,04:35,4075.10,4076.40,4074.50,4075.30,74
2026-07-02,04:40,4075.00,4076.10,4073.30,4075.40,106
2026-07-02,04:45,4075.20,4075.20,4073.60,4074.00,41
2026-07-02,04:50,4074.40,4077.10,4074.40,4075.20,89
2026-07-02,04:55,4075.00,4075.80,4072.70,4073.20,229
2026-07-02,05:00,4073.10,4073.40,4069.50,4071.20,302
2026-07-02,05:05,4071.20,4072.80,4069.70,4070.20,91
2026-07-02,05:10,4070.30,4071.00,4066.20,4067.50,344
2026-07-02,05:15,4067.60,4070.70,4066.70,4070.70,205
2026-07-02,05:20,4070.60,4074.60,4070.20,4073.50,193
2026-07-02,05:25,4073.30,4074.00,4069.30,4069.60,296
2026-07-02,05:30,4069.70,4074.10,4065.20,4067.10,500
2026-07-02,05:35,4067.90,4078.10,4067.30,4074.70,446
2026-07-02,05:40,4074.60,4076.00,4073.20,4074.00,152
2026-07-02,05:45,4073.70,4077.00,4072.20,4072.80,183
2026-07-02,05:50,4072.90,4077.10,4072.90,4076.30,154
2026-07-02,05:55,4076.00,4079.80,4074.60,4078.20,387
2026-07-02,06:00,4078.30,4088.10,4077.90,4082.60,912
2026-07-02,06:05,4082.80,4085.90,4080.60,4082.20,374
2026-07-02,06:10,4082.00,4084.40,4080.50,4080.90,268
2026-07-02,06:15,4081.00,4087.30,4079.70,4086.90,275
2026-07-02,06:20,4086.90,4092.50,4086.70,4090.70,602
2026-07-02,06:25,4090.60,4092.50,4086.60,4086.60,424
2026-07-02,06:30,4086.80,4089.70,4086.10,4088.60,187
2026-07-02,06:35,4088.70,4088.70,4084.10,4085.10,276
2026-07-02,06:40,4085.00,4085.30,4078.50,4080.70,191
2026-07-02,06:45,4080.60,4086.40,4079.30,4086.20,228
2026-07-02,06:50,4085.50,4087.60,4082.20,4085.40,368
2026-07-02,06:55,4085.20,4089.10,4084.80,4086.20,263
2026-07-02,07:00,4086.00,4086.20,4079.60,4082.00,234
2026-07-02,07:05,4082.10,4084.90,4080.10,4084.90,178
2026-07-02,07:10,4084.50,4086.90,4079.60,4080.10,322
2026-07-02,07:15,4079.80,4080.90,4077.10,4077.10,233
2026-07-02,07:20,4077.10,4079.60,4074.00,4074.30,441
2026-07-02,07:25,4074.00,4077.40,4073.50,4075.50,177
2026-07-02,07:30,4075.30,4077.20,4073.40,4076.40,238
2026-07-02,07:35,4076.60,4083.70,4075.90,4083.50,267
2026-07-02,07:40,4083.60,4088.20,4083.00,4086.80,285
2026-07-02,07:45,4086.80,4087.10,4079.80,4082.30,268
2026-07-02,07:50,4083.00,4083.00,4078.10,4079.20,108
2026-07-02,07:55,4078.80,4079.70,4076.10,4076.60,149
2026-07-02,08:00,4076.50,4079.20,4073.60,4078.60,286
2026-07-02,08:05,4078.30,4084.30,4078.20,4083.90,312
2026-07-02,08:10,4083.60,4086.60,4080.90,4081.90,241
2026-07-02,08:15,4082.40,4085.60,4080.90,4085.60,217
2026-07-02,08:20,4086.50,4090.20,4085.40,4087.70,325
2026-07-02,08:25,4087.70,4088.00,4085.60,4087.20,161
2026-07-02,08:30,4087.30,4087.90,4084.60,4086.30,221
2026-07-02,08:35,4085.70,4088.30,4084.40,4087.70,217
2026-07-02,08:40,4087.70,4090.40,4086.60,4087.60,315
2026-07-02,08:45,4087.90,4092.50,4085.70,4089.20,337
2026-07-02,08:50,4088.80,4091.30,4085.40,4090.80,360
2026-07-02,08:55,4091.10,4092.60,4088.30,4089.10,234
2026-07-02,09:00,4088.40,4089.50,4086.80,4088.20,164
2026-07-02,09:05,4087.90,4087.90,4082.00,4083.40,309
2026-07-02,09:10,4084.00,4085.10,4082.80,4085.00,111
2026-07-02,09:15,4084.70,4086.30,4081.90,4084.20,258
2026-07-02,09:20,4083.80,4084.40,4079.80,4080.10,212
2026-07-02,09:25,4080.10,4080.30,4078.50,4079.90,295
2026-07-02,09:30,4080.00,4080.60,4075.70,4078.20,969
2026-07-02,09:35,4078.10,4079.80,4077.30,4079.80,214
2026-07-02,09:40,4079.90,4084.30,4078.00,4081.50,228
2026-07-02,09:45,4081.60,4084.70,4080.50,4081.20,200
2026-07-02,09:50,4081.40,4082.90,4078.40,4078.40,308
2026-07-02,09:55,4077.90,4079.70,4076.90,4077.60,298
2026-07-02,10:00,4077.90,4079.10,4075.30,4076.60,394
2026-07-02,10:05,4076.10,4077.90,4075.50,4077.10,126
2026-07-02,10:10,4077.10,4078.70,4075.00,4075.80,290
2026-07-02,10:15,4075.70,4078.90,4074.50,4077.90,291
2026-07-02,10:20,4078.20,4080.70,4077.00,4079.60,338
2026-07-02,10:25,4079.70,4080.20,4078.00,4078.70,126
2026-07-02,10:30,4078.70,4079.10,4076.60,4078.60,169
2026-07-02,10:35,4078.20,4079.30,4075.80,4076.30,277
2026-07-02,10:40,4076.10,4081.60,4076.10,4077.20,395
2026-07-02,10:45,4077.00,4077.10,4074.20,4074.20,219
2026-07-02,10:50,4074.30,4077.00,4074.30,4076.20,158
2026-07-02,10:55,4076.10,4080.30,4074.90,4078.60,521
2026-07-02,11:00,4079.10,4079.40,4071.90,4072.20,518
2026-07-02,11:05,4072.10,4073.00,4069.70,4071.70,477
2026-07-02,11:10,4072.00,4075.70,4072.00,4075.70,402
2026-07-02,11:15,4075.80,4079.40,4074.90,4077.60,721
2026-07-02,11:20,4077.90,4077.90,4075.00,4076.50,292
2026-07-02,11:25,4076.10,4078.30,4074.90,4077.20,233
2026-07-02,11:30,4077.80,4079.20,4076.40,4077.20,215
2026-07-02,11:35,4077.40,4079.30,4075.40,4079.00,190
2026-07-02,11:40,4079.00,4083.80,4077.40,4083.30,434
2026-07-02,11:45,4083.50,4084.50,4080.40,4083.40,406
2026-07-02,11:50,4083.50,4084.30,4082.10,4082.70,115
2026-07-02,11:55,4082.60,4083.30,4077.50,4077.50,345
2026-07-02,12:00,4077.30,4079.00,4074.80,4078.80,432
2026-07-02,12:05,4079.10,4085.80,4079.00,4081.80,562
2026-07-02,12:10,4082.20,4083.30,4073.40,4076.30,555
2026-07-02,12:15,4076.60,4077.10,4074.10,4074.30,474
2026-07-02,12:20,4074.20,4081.10,4074.20,4079.20,555
2026-07-02,12:25,4079.90,4082.10,4074.90,4078.40,645
2026-07-02,12:30,4078.20,4141.40,4076.70,4140.00,10393
2026-07-02,12:35,4140.50,4152.20,4137.10,4150.40,4000
2026-07-02,12:40,4149.90,4154.20,4143.60,4145.50,2199
2026-07-02,12:45,4145.70,4147.20,4133.10,4138.10,2243
2026-07-02,12:50,4137.90,4143.90,4132.30,4133.00,1407
2026-07-02,12:55,4133.60,4134.60,4124.70,4130.50,1860
2026-07-02,13:00,4130.80,4143.20,4128.70,4140.10,2574
2026-07-02,13:05,4140.10,4140.10,4128.70,4131.00,1172
2026-07-02,13:10,4130.30,4139.50,4130.30,4137.20,836
2026-07-02,13:15,4136.80,4137.20,4127.50,4131.80,844
2026-07-02,13:20,4131.60,4133.30,4125.80,4126.70,842
2026-07-02,13:25,4126.70,4130.00,4121.70,4125.80,915
2026-07-02,13:30,4125.40,4142.80,4122.60,4141.30,2011
2026-07-02,13:35,4140.90,4151.30,4139.60,4148.10,1693
2026-07-02,13:40,4148.40,4151.00,4139.70,4147.10,1389
2026-07-02,13:45,4147.60,4156.30,4146.70,4153.80,1419
2026-07-02,13:50,4153.70,4157.10,4145.40,4146.60,1404
2026-07-02,13:55,4146.60,4153.90,4145.40,4149.80,737
2026-07-02,14:00,4149.60,4151.60,4140.80,4143.30,1151
2026-07-02,14:05,4143.60,4147.60,4140.70,4140.70,881
2026-07-02,14:10,4140.50,4144.00,4136.90,4141.30,1053
2026-07-02,14:15,4141.40,4149.30,4139.70,4143.50,1116
2026-07-02,14:20,4143.50,4143.50,4133.90,4136.00,918
2026-07-02,14:25,4136.30,4137.10,4127.00,4129.10,806
2026-07-02,14:30,4129.60,4138.80,4127.80,4132.70,1253
2026-07-02,14:35,4132.80,4134.00,4129.50,4131.40,605
2026-07-02,14:40,4131.40,4133.80,4127.70,4131.50,704
2026-07-02,14:45,4131.90,4136.00,4129.00,4135.30,616
2026-07-02,14:50,4135.80,4139.40,4134.00,4137.10,584
2026-07-02,14:55,4137.50,4143.00,4137.10,4141.90,578
2026-07-02,15:00,4141.90,4144.70,4139.00,4140.20,819
2026-07-02,15:05,4140.50,4140.90,4127.80,4133.90,995
2026-07-02,15:10,4134.30,4144.00,4134.30,4139.90,750
2026-07-02,15:15,4139.70,4142.10,4133.60,4135.40,776
2026-07-02,15:20,4135.40,4144.60,4135.30,4142.80,761
2026-07-02,15:25,4142.70,4143.20,4135.20,4135.70,840
2026-07-02,15:30,4135.70,4144.10,4135.60,4143.20,416
2026-07-02,15:35,4143.40,4144.30,4140.30,4140.60,447
2026-07-02,15:40,4141.00,4141.90,4137.60,4138.50,348
2026-07-02,15:45,4138.30,4143.20,4138.30,4141.70,292
2026-07-02,15:50,4141.40,4141.50,4137.20,4141.50,374
2026-07-02,15:55,4141.50,4142.60,4138.40,4141.40,178
2026-07-02,16:00,4141.70,4143.20,4137.60,4139.50,315
2026-07-02,16:05,4139.40,4140.30,4134.60,4135.50,320
2026-07-02,16:10,4135.60,4139.00,4134.90,4136.40,313
2026-07-02,16:15,4136.50,4137.00,4133.60,4136.20,311
2026-07-02,16:20,4136.00,4136.70,4128.70,4129.50,752
2026-07-02,16:25,4130.00,4132.30,4127.80,4129.00,345
2026-07-02,16:30,4128.60,4128.90,4114.50,4115.80,1544
2026-07-02,16:35,4116.10,4123.80,4113.00,4123.10,985
2026-07-02,16:40,4123.20,4129.60,4122.60,4127.50,580
2026-07-02,16:45,4127.70,4131.40,4126.90,4130.20,421
2026-07-02,16:50,4130.60,4133.90,4128.00,4130.70,414
2026-07-02,16:55,4130.70,4132.30,4128.80,4131.20,399
2026-07-02,17:00,4131.10,4132.60,4127.40,4129.10,599
2026-07-02,17:05,4128.80,4133.30,4126.50,4129.90,437
2026-07-02,17:10,4129.90,4131.60,4127.90,4131.40,280
2026-07-02,17:15,4131.40,4133.10,4129.20,4130.20,446
2026-07-02,17:20,4129.60,4130.70,4124.80,4127.90,563
2026-07-02,17:25,4128.10,4129.40,4124.30,4125.90,1767
2026-07-02,17:30,4125.50,4127.60,4123.40,4125.20,447
2026-07-02,17:35,4124.60,4126.50,4121.20,4122.10,245
2026-07-02,17:40,4122.00,4122.50,4118.80,4120.40,246
2026-07-02,17:45,4120.00,4123.00,4119.10,4122.30,231
2026-07-02,17:50,4121.80,4123.20,4119.40,4122.50,328
2026-07-02,17:55,4122.20,4122.70,4118.50,4119.50,110
2026-07-02,18:00,4119.70,4127.40,4118.60,4127.40,274
2026-07-02,18:05,4126.90,4135.70,4126.80,4135.30,553
2026-07-02,18:10,4136.20,4137.00,4131.60,4131.90,352
2026-07-02,18:15,4132.80,4133.40,4128.70,4130.00,235
2026-07-02,18:20,4130.00,4131.40,4129.10,4131.10,137
2026-07-02,18:25,4131.80,4136.30,4131.80,4136.20,223
2026-07-02,18:30,4136.10,4140.60,4136.00,4138.30,291
2026-07-02,18:35,4138.40,4139.40,4137.20,4138.00,142
2026-07-02,18:40,4137.80,4138.20,4134.30,4134.70,367
2026-07-02,18:45,4134.40,4135.30,4133.00,4135.30,191
2026-07-02,18:50,4135.00,4137.50,4134.10,4134.50,220
2026-07-02,18:55,4134.20,4135.90,4133.90,4135.90,97
2026-07-02,19:00,4136.20,4137.50,4130.60,4130.70,191
2026-07-02,19:05,4131.40,4132.70,4128.90,4129.60,272
2026-07-02,19:10,4129.70,4130.10,4126.20,4127.70,212
2026-07-02,19:15,4127.40,4128.00,4124.90,4125.20,153
2026-07-02,19:20,4125.00,4125.40,4121.60,4122.00,148
2026-07-02,19:25,4121.90,4126.80,4121.30,4125.90,182
2026-07-02,19:30,4125.90,4127.90,4124.70,4126.80,139
2026-07-02,19:35,4126.60,4126.80,4124.40,4126.00,147
2026-07-02,19:40,4125.80,4127.20,4125.50,4126.60,113
2026-07-02,19:45,4126.70,4128.90,4125.70,4128.90,123
2026-07-02,19:50,4129.00,4136.90,4128.80,4136.90,445
2026-07-02,19:55,4137.00,4137.10,4132.80,4134.00,406
2026-07-02,20:00,4134.20,4134.50,4129.40,4133.30,548
2026-07-02,20:05,4133.40,4135.80,4133.00,4134.80,191
2026-07-02,20:10,4134.60,4134.60,4132.70,4133.00,103
2026-07-02,20:15,4132.90,4135.20,4132.20,4135.20,135
2026-07-02,20:20,4135.10,4138.30,4135.10,4136.40,349
2026-07-02,20:25,4136.60,4137.40,4136.20,4136.70,82
2026-07-02,20:30,4136.50,4138.00,4136.40,4136.40,79
2026-07-02,20:35,4136.50,4136.90,4134.80,4135.10,229
2026-07-02,20:40,4134.30,4135.70,4134.00,4134.20,75
2026-07-02,20:45,4133.80,4134.10,4132.50,4132.90,116
2026-07-02,20:50,4132.60,4134.90,4131.80,4134.50,134
2026-07-02,20:55,4134.50,4137.10,4134.50,4135.50,192
2026-07-02,22:00,4138.00,4139.50,4137.20,4138.40,0
2026-07-02,22:05,4138.00,4140.60,4137.20,4140.40,68
2026-07-02,22:10,4140.40,4141.10,4137.30,4137.80,57
2026-07-02,22:15,4137.40,4138.00,4136.20,4137.60,49
2026-07-02,22:20,4137.20,4138.00,4135.70,4136.20,77
2026-07-02,22:25,4136.20,4137.00,4135.10,4137.00,150
2026-07-02,22:30,4136.80,4138.10,4136.10,4138.10,53
2026-07-02,22:35,4138.70,4138.80,4137.20,4137.30,25
2026-07-02,22:40,4137.30,4137.30,4135.10,4135.90,35
2026-07-02,22:45,4136.00,4137.00,4135.50,4136.50,27
2026-07-02,22:50,4136.30,4136.40,4135.40,4136.10,31
2026-07-02,22:55,4136.20,4138.90,4136.20,4137.10,124
2026-07-02,23:00,4137.20,4139.20,4137.20,4137.70,37
2026-07-02,23:05,4137.90,4139.80,4136.90,4139.30,101
2026-07-02,23:10,4139.50,4139.70,4137.80,4138.20,37
2026-07-02,23:15,4137.60,4140.40,4137.00,4137.80,153
2026-07-02,23:20,4138.00,4140.00,4137.30,4139.70,79
2026-07-02,23:25,4139.80,4142.70,4139.80,4142.30,134
2026-07-02,23:30,4142.10,4149.10,4138.80,4138.80,425
2026-07-02,23:35,4139.80,4140.30,4134.20,4135.70,225
2026-07-02,23:40,4135.60,4139.50,4133.80,4137.60,339
2026-07-02,23:45,4137.90,4143.20,4137.60,4143.00,118
2026-07-02,23:50,4143.30,4143.80,4137.00,4141.40,266
2026-07-02,23:55,4141.10,4144.60,4138.00,4139.20,423
2026-07-03,00:00,4139.00,4145.50,4135.90,4144.60,382
2026-07-03,00:05,4145.40,4145.40,4137.90,4141.60,291
2026-07-03,00:10,4141.80,4150.60,4139.80,4147.50,281
2026-07-03,00:15,4147.50,4149.30,4144.80,4148.60,240
2026-07-03,00:20,4148.70,4153.90,4148.40,4151.50,473
2026-07-03,00:25,4151.40,4154.00,4149.70,4150.40,136
2026-07-03,00:30,4150.30,4151.30,4145.90,4147.50,159
2026-07-03,00:35,4147.50,4152.50,4147.00,4150.30,123
2026-07-03,00:40,4150.30,4151.80,4146.80,4149.50,115
2026-07-03,00:45,4148.50,4154.00,4147.50,4153.90,149
2026-07-03,00:50,4154.00,4161.10,4152.90,4159.80,507
2026-07-03,00:55,4159.90,4164.00,4159.70,4160.00,454
2026-07-03,01:00,4159.80,4174.50,4159.50,4174.50,960
2026-07-03,01:05,4173.90,4188.90,4171.90,4185.20,1085
2026-07-03,01:10,4185.10,4192.00,4179.90,4188.70,1044
2026-07-03,01:15,4188.70,4194.00,4186.10,4190.60,820
2026-07-03,01:20,4191.50,4206.70,4191.20,4204.20,1171
2026-07-03,01:25,4204.20,4205.40,4198.40,4199.80,920
2026-07-03,01:30,4199.70,4206.00,4194.80,4205.20,1143
2026-07-03,01:35,4205.20,4208.30,4196.90,4196.90,689
2026-07-03,01:40,4197.50,4197.50,4191.20,4192.20,497
2026-07-03,01:45,4192.20,4195.40,4188.70,4193.40,294
2026-07-03,01:50,4193.40,4194.00,4187.80,4192.30,382
2026-07-03,01:55,4192.00,4196.60,4191.50,4194.90,413
2026-07-03,02:00,4194.50,4196.80,4189.60,4192.10,229
2026-07-03,02:05,4191.70,4194.50,4191.00,4192.10,100
2026-07-03,02:10,4192.80,4194.40,4191.50,4192.60,136
2026-07-03,02:15,4192.20,4194.30,4189.30,4189.40,130
2026-07-03,02:20,4190.00,4193.70,4190.00,4191.40,116
2026-07-03,02:25,4191.00,4192.50,4189.60,4191.90,183
2026-07-03,02:30,4192.00,4196.00,4190.90,4193.40,318
2026-07-03,02:35,4193.60,4199.80,4192.50,4199.00,406
2026-07-03,02:40,4199.30,4199.90,4194.60,4196.50,316
2026-07-03,02:45,4196.80,4197.10,4192.00,4193.20,235
2026-07-03,02:50,4193.40,4199.00,4192.00,4196.70,411
2026-07-03,02:55,4196.80,4199.70,4195.20,4196.80,241
2026-07-03,03:00,4196.80,4197.50,4192.80,4195.10,276
2026-07-03,03:05,4194.70,4196.10,4193.50,4194.40,130
2026-07-03,03:10,4195.30,4196.90,4194.90,4195.70,136
2026-07-03,03:15,4196.20,4196.60,4194.50,4195.00,99
2026-07-03,03:20,4194.50,4196.30,4192.40,4193.30,173
2026-07-03,03:25,4193.00,4195.80,4192.90,4194.50,86
2026-07-03,03:30,4194.90,4196.00,4192.50,4194.80,197
2026-07-03,03:35,4195.00,4195.60,4192.20,4193.40,219
2026-07-03,03:40,4193.30,4195.20,4190.20,4190.60,301
2026-07-03,03:45,4190.50,4192.40,4189.30,4189.50,176
2026-07-03,03:50,4189.50,4190.90,4189.10,4189.50,99
2026-07-03,03:55,4189.60,4189.80,4188.40,4188.50,172
2026-07-05,22:00,4187.50,4199.70,4184.40,4191.80,664
2026-07-05,22:05,4191.90,4198.20,4190.40,4190.40,397
2026-07-05,22:10,4192.50,4195.00,4190.90,4192.70,160
2026-07-05,22:15,4193.50,4194.50,4187.30,4189.30,226
2026-07-05,22:20,4190.00,4195.40,4187.30,4194.90,79
2026-07-05,22:25,4193.90,4197.90,4192.10,4197.40,256
2026-07-05,22:30,4196.30,4200.40,4194.80,4198.10,205
2026-07-05,22:35,4198.10,4203.50,4197.40,4202.20,285
2026-07-05,22:40,4202.60,4202.70,4187.30,4200.10,165
2026-07-05,22:45,4200.20,4202.40,4187.30,4196.00,239
2026-07-05,22:50,4196.70,4199.40,4194.80,4197.20,239
2026-07-05,22:55,4197.90,4201.70,4196.80,4200.10,220
2026-07-05,23:00,4200.60,4203.50,4199.90,4201.70,290
2026-07-05,23:05,4201.80,4203.10,4187.30,4201.50,91
2026-07-05,23:10,4201.40,4202.70,4187.30,4199.60,147
2026-07-05,23:15,4199.50,4202.00,4198.50,4200.20,121
2026-07-05,23:20,4200.60,4203.50,4200.60,4201.90,130
2026-07-05,23:25,4201.60,4214.10,4201.60,4212.10,744
2026-07-05,23:30,4212.30,4213.70,4187.30,4206.70,493
2026-07-05,23:35,4206.80,4210.90,4187.30,4209.40,203
2026-07-05,23:40,4210.60,4211.10,4208.70,4208.70,168
2026-07-05,23:45,4208.30,4209.30,4189.80,4194.30,837
2026-07-05,23:50,4194.60,4196.40,4193.20,4194.60,145
2026-07-05,23:55,4194.60,4197.70,4187.30,4195.20,139
2026-07-06,00:00,4195.80,4197.50,4182.40,4187.60,578
2026-07-06,00:05,4188.00,4191.20,4183.50,4189.50,316
2026-07-06,00:10,4188.20,4189.80,4186.00,4186.90,100
2026-07-06,00:15,4187.30,4193.90,4186.80,4190.80,286
2026-07-06,00:20,4190.20,4191.30,4187.30,4188.40,99
2026-07-06,00:25,4190.00,4190.00,4183.00,4186.40,367
2026-07-06,00:30,4187.10,4194.00,4186.20,4193.00,291
2026-07-06,00:35,4191.80,4196.70,4190.00,4196.40,189
2026-07-06,00:40,4196.30,4199.60,4194.80,4197.60,256
2026-07-06,00:45,4198.20,4200.70,4187.30,4197.00,220
2026-07-06,00:50,4197.10,4197.20,4187.30,4194.60,129
2026-07-06,00:55,4195.50,4199.90,4186.00,4191.60,585
2026-07-06,01:00,4190.50,4204.40,4184.30,4199.00,739
2026-07-06,01:05,4198.80,4198.80,4188.00,4193.40,371
2026-07-06,01:10,4192.90,4201.30,4187.30,4200.60,350
2026-07-06,01:15,4200.60,4204.80,4187.30,4200.80,322
2026-07-06,01:20,4200.70,4202.00,4192.00,4195.60,155
2026-07-06,01:25,4196.30,4201.40,4195.00,4201.40,234
2026-07-06,01:30,4201.50,4209.50,4199.20,4209.50,363
2026-07-06,01:35,4209.90,4212.60,4187.30,4208.30,534
2026-07-06,01:40,4208.40,4212.70,4187.30,4209.90,218
2026-07-06,01:45,4209.10,4215.50,4206.30,4206.90,666
2026-07-06,01:50,4207.10,4207.30,4202.30,4203.40,235
2026-07-06,01:55,4202.60,4207.00,4197.70,4198.10,240
2026-07-06,02:00,4198.50,4200.10,4187.30,4187.30,414
2026-07-06,02:05,4197.30,4197.30,4190.90,4192.70,428
2026-07-06,02:10,4192.70,4194.30,4189.30,4193.20,408
2026-07-06,02:15,4193.10,4196.20,4191.20,4195.50,286
2026-07-06,02:20,4195.50,4198.60,4187.80,4190.40,434
2026-07-06,02:25,4190.50,4192.30,4187.30,4189.40,234
2026-07-06,02:30,4189.30,4190.60,4184.00,4186.40,410
2026-07-06,02:35,4185.80,4187.40,4180.30,4184.90,352
2026-07-06,02:40,4185.10,4187.60,4183.00,4183.70,215
2026-07-06,02:45,4184.80,4187.40,4184.50,4185.90,134
2026-07-06,02:50,4186.10,4187.40,4184.40,4187.30,131
2026-07-06,02:55,4185.30,4187.00,4181.90,4185.50,180
2026-07-06,03:00,4185.90,4187.90,4178.00,4182.20,580
2026-07-06,03:05,4182.80,4183.00,4177.60,4179.70,322
2026-07-06,03:10,4179.00,4183.90,4177.10,4178.40,195
2026-07-06,03:15,4178.10,4187.30,4176.10,4177.20,120
2026-07-06,03:20,4177.10,4178.20,4174.70,4174.80,297
2026-07-06,03:25,4174.90,4178.50,4174.10,4177.50,154
2026-07-06,03:30,4177.20,4179.40,4176.50,4177.40,102
2026-07-06,03:35,4178.00,4181.00,4177.30,4177.30,142
2026-07-06,03:40,4177.30,4187.30,4172.70,4174.50,192
2026-07-06,03:45,4174.50,4176.50,4174.50,4174.80,50
2026-07-06,03:50,4174.60,4176.00,4173.00,4174.50,134
2026-07-06,03:55,4174.70,4178.60,4174.10,4177.00,121
2026-07-06,04:00,4177.00,4178.40,4173.30,4175.00,145
2026-07-06,04:05,4174.80,4175.20,4172.50,4172.90,87
2026-07-06,04:10,4173.60,4175.90,4173.60,4175.40,56
2026-07-06,04:15,4175.00,4187.30,4174.80,4175.60,74
2026-07-06,04:20,4175.70,4175.70,4171.80,4175.00,113
2026-07-06,04:25,4174.60,4175.10,4172.80,4173.30,173
2026-07-06,04:30,4173.20,4174.60,4169.20,4171.90,287
2026-07-06,04:35,4171.40,4172.80,4170.00,4171.20,175
2026-07-06,04:40,4171.00,4187.30,4170.80,4172.10,42
2026-07-06,04:45,4171.80,4172.70,4170.00,4172.00,62
2026-07-06,04:50,4171.70,4172.80,4169.80,4170.10,186
2026-07-06,04:55,4171.00,4172.90,4169.90,4171.50,86
2026-07-06,05:00,4171.20,4187.30,4165.70,4166.10,312
2026-07-06,05:05,4165.80,4187.30,4163.60,4165.60,364
2026-07-06,05:10,4165.20,4167.70,4162.60,4163.50,216
2026-07-06,05:15,4163.70,4165.00,4162.40,4163.20,211
2026-07-06,05:20,4163.20,4164.10,4161.90,4163.50,233
2026-07-06,05:25,4163.10,4187.30,4163.10,4164.20,162
2026-07-06,05:30,4164.30,4187.30,4161.00,4168.30,547
2026-07-06,05:35,4168.10,4172.00,4165.00,4166.50,265
2026-07-06,05:40,4166.70,4169.40,4166.30,4167.00,167
2026-07-06,05:45,4166.60,4167.70,4164.10,4165.80,162
2026-07-06,05:50,4165.20,4187.30,4165.20,4167.70,86
2026-07-06,05:55,4167.80,4187.30,4156.40,4159.70,556
2026-07-06,06:00,4159.50,4162.60,4157.40,4158.20,377
2026-07-06,06:05,4158.00,4164.00,4156.80,4163.00,261
2026-07-06,06:10,4163.00,4164.10,4161.40,4163.70,96
2026-07-06,06:15,4163.50,4187.30,4160.00,4160.70,170
2026-07-06,06:20,4160.70,4187.30,4160.00,4164.30,185
2026-07-06,06:25,4165.00,4168.50,4164.00,4168.30,301
2026-07-06,06:30,4168.30,4171.20,4167.80,4169.80,263
2026-07-06,06:35,4168.60,4171.50,4166.20,4167.90,410
2026-07-06,06:40,4167.90,4187.30,4164.90,4167.40,176
2026-07-06,06:45,4167.70,4187.30,4165.90,4167.30,158
2026-07-06,06:50,4167.50,4167.60,4162.20,4163.20,118
2026-07-06,06:55,4163.40,4164.30,4160.50,4161.90,216
2026-07-06,07:00,4162.00,4165.00,4160.20,4164.70,251
2026-07-06,07:05,4164.40,4187.30,4159.60,4160.80,236
2026-07-06,07:10,4160.50,4187.30,4158.70,4162.40,247
2026-07-06,07:15,4162.90,4166.30,4161.80,4164.50,305
2026-07-06,07:20,4164.60,4167.60,4162.60,4166.10,452
2026-07-06,07:25,4165.70,4166.40,4163.10,4165.50,105
2026-07-06,07:30,4164.80,4187.30,4162.70,4168.50,284
2026-07-06,07:35,4168.30,4187.30,4167.00,4170.40,181
2026-07-06,07:40,4170.40,4176.10,4170.40,4175.30,337
2026-07-06,07:45,4175.50,4178.10,4174.20,4177.60,309
2026-07-06,07:50,4177.20,4177.50,4173.70,4175.60,174
2026-07-06,07:55,4176.00,4187.30,4174.80,4175.70,130
2026-07-06,08:00,4176.40,4187.30,4172.40,4172.60,260
2026-07-06,08:05,4172.40,4174.50,4171.70,4173.90,169
2026-07-06,08:10,4173.00,4173.10,4168.40,4169.40,374
2026-07-06,08:15,4169.60,4170.20,4164.30,4168.00,680
2026-07-06,08:20,4167.90,4187.30,4165.00,4166.30,114
2026-07-06,08:25,4166.30,4187.30,4165.70,4167.20,121
2026-07-06,08:30,4167.10,4167.40,4165.20,4165.60,121
2026-07-06,08:35,4165.80,4166.60,4160.80,4162.30,346
2026-07-06,08:40,4162.40,4164.80,4160.00,4160.40,295
2026-07-06,08:45,4160.50,4187.30,4158.10,4160.00,253
2026-07-06,08:50,4160.30,4187.30,4159.90,4163.60,116
2026-07-06,08:55,4163.60,4163.80,4161.60,4161.80,124
2026-07-06,09:00,4161.60,4162.00,4159.60,4160.10,171
2026-07-06,09:05,4160.30,4162.70,4159.30,4161.30,145
2026-07-06,09:10,4160.70,4187.30,4160.40,4161.30,60
2026-07-06,09:15,4161.10,4187.30,4157.50,4158.90,393
2026-07-06,09:20,4159.00,4160.50,4158.00,4158.60,227
2026-07-06,09:25,4158.30,4159.00,4153.40,4155.90,870
2026-07-06,09:30,4155.10,4155.10,4148.40,4149.40,1746
2026-07-06,09:35,4149.70,4187.30,4148.70,4153.60,704
2026-07-06,09:40,4153.30,4187.30,4151.70,4151.90,198
2026-07-06,09:45,4151.30,4153.20,4151.10,4152.30,202
2026-07-06,09:50,4152.70,4155.80,4152.50,4154.40,184
2026-07-06,09:55,4155.20,4157.10,4154.20,4155.50,149
2026-07-06,10:00,4155.50,4187.30,4154.60,4156.40,123
2026-07-06,10:05,4155.80,4187.30,4154.70,4156.90,75
2026-07-06,10:10,4156.50,4161.00,4156.20,4160.40,247
2026-07-06,10:15,4160.50,4163.30,4159.80,4162.30,390
2026-07-06,10:20,4162.40,4163.10,4161.20,4162.70,149
2026-07-06,10:25,4162.80,4187.30,4160.70,4161.10,205
2026-07-06,10:30,4161.00,4187.30,4160.90,4166.80,324
2026-07-06,10:35,4166.30,4167.50,4164.80,4165.80,247
2026-07-06,10:40,4165.70,4168.20,4165.30,4166.80,150
2026-07-06,10:45,4166.90,4167.50,4165.50,4166.30,153
2026-07-06,10:50,4166.20,4187.30,4164.80,4165.70,190
2026-07-06,10:55,4165.40,4187.30,4164.70,4167.40,156
2026-07-06,11:00,4167.30,4168.70,4164.30,4164.90,239
2026-07-06,11:05,4164.90,4166.40,4164.30,4164.70,86
2026-07-06,11:10,4164.90,4167.60,4164.10,4167.30,127
2026-07-06,11:15,4167.40,4187.30,4166.00,4170.00,263
2026-07-06,11:20,4169.90,4187.30,4168.10,4169.00,120
2026-07-06,11:25,4169.50,4172.20,4167.40,4167.90,269
2026-07-06,11:30,4167.50,4171.20,4167.40,4169.90,125
2026-07-06,11:35,4169.70,4169.70,4166.80,4167.80,139
2026-07-06,11:40,4167.10,4187.30,4164.80,4165.70,158
2026-07-06,11:45,4166.20,4187.30,4164.30,4164.90,95
2026-07-06,11:50,4165.20,4167.50,4163.90,4167.50,140
2026-07-06,11:55,4167.50,4168.10,4166.20,4167.40,141
2026-07-06,12:00,4167.40,4170.90,4165.80,4168.40,278
2026-07-06,12:05,4168.80,4187.30,4168.60,4168.70,127
2026-07-06,12:10,4168.70,4187.30,4165.50,4168.00,251
2026-07-06,12:15,4168.20,4169.00,4167.30,4168.40,113
2026-07-06,12:20,4168.00,4169.80,4158.40,4158.70,800
2026-07-06,12:25,4158.90,4161.30,4156.60,4157.70,533
2026-07-06,12:30,4157.50,4187.30,4154.50,4155.30,559
2026-07-06,12:35,4155.20,4187.30,4150.40,4151.60,688
2026-07-06,12:40,4151.20,4151.90,4143.30,4144.90,1084
2026-07-06,12:45,4145.10,4152.60,4144.90,4147.20,778
2026-07-06,12:50,4147.10,4152.10,4146.40,4151.40,787
2026-07-06,12:55,4151.60,4187.30,4151.20,4151.40,385
2026-07-06,13:00,4151.90,4158.80,4148.90,4156.90,1164
2026-07-06,13:05,4156.20,4160.70,4154.60,4157.70,625
2026-07-06,13:10,4157.70,4160.50,4152.90,4153.60,511
2026-07-06,13:15,4153.40,4154.50,4150.70,4151.70,771
2026-07-06,13:20,4151.70,4187.30,4151.50,4158.90,713
2026-07-06,13:25,4158.90,4161.00,4154.80,4154.80,286
2026-07-06,13:30,4154.30,4162.60,4154.30,4161.20,619
2026-07-06,13:35,4161.30,4161.60,4156.20,4161.30,482
2026-07-06,13:40,4161.30,4162.60,4156.50,4161.50,540
2026-07-06,13:45,4161.50,4187.30,4153.70,4158.70,733
2026-07-06,13:50,4158.80,4160.90,4154.20,4158.20,663
2026-07-06,13:55,4157.70,4158.50,4147.10,4153.00,1044
2026-07-06,14:00,4152.50,4159.50,4150.60,4152.70,1210
2026-07-06,14:05,4153.40,4155.30,4145.80,4148.80,1337
2026-07-06,14:10,4148.40,4187.30,4148.40,4152.50,750
2026-07-06,14:15,4153.30,4153.30,4146.90,4148.70,797
2026-07-06,14:20,4148.70,4151.20,4144.70,4144.90,647
2026-07-06,14:25,4145.30,4151.20,4145.10,4149.10,686
2026-07-06,14:30,4149.70,4153.70,4145.80,4153.40,675
2026-07-06,14:35,4153.20,4187.30,4148.40,4149.90,436
2026-07-06,14:40,4149.80,4151.40,4140.60,4142.60,987
2026-07-06,14:45,4142.20,4146.90,4141.10,4145.70,580
2026-07-06,14:50,4145.90,4149.00,4145.00,4147.60,446
2026-07-06,14:55,4148.00,4150.80,4146.50,4150.20,320
2026-07-06,15:00,4150.60,4187.30,4149.80,4156.50,780
2026-07-06,15:05,4156.60,4158.80,4154.50,4156.40,539
2026-07-06,15:10,4156.80,4157.00,4150.00,4151.40,415
2026-07-06,15:15,4151.60,4154.90,4151.60,4152.10,456
2026-07-06,15:20,4152.00,4187.30,4150.50,4155.70,669
2026-07-06,15:25,4155.70,4187.30,4155.40,4162.20,569
2026-07-06,15:30,4162.30,4164.00,4159.70,4162.20,780
2026-07-06,15:35,4162.20,4163.10,4158.90,4162.90,335
2026-07-06,15:40,4162.90,4162.90,4160.60,4161.60,231
2026-07-06,15:45,4162.10,4187.30,4158.50,4159.20,264
2026-07-06,15:50,4159.30,4187.30,4156.10,4157.60,403
2026-07-06,15:55,4157.50,4160.80,4156.50,4159.90,380
2026-07-06,16:00,4160.10,4160.20,4155.00,4155.80,495
2026-07-06,16:05,4155.20,4156.70,4155.20,4155.60,917
2026-07-06,16:10,4155.90,4187.30,4152.00,4152.00,435
2026-07-06,16:15,4152.30,4187.30,4152.10,4155.40,536
2026-07-06,16:20,4155.20,4157.40,4154.00,4157.40,352
2026-07-06,16:25,4157.20,4158.30,4155.80,4157.20,255
2026-07-06,16:30,4157.50,4160.40,4157.20,4159.40,198
2026-07-06,16:35,4158.80,4187.30,4158.50,4161.20,206
2026-07-06,16:40,4161.40,4187.30,4160.40,4161.40,142
2026-07-06,16:45,4161.20,4162.00,4160.60,4162.00,213
2026-07-06,16:50,4162.10,4167.50,4162.10,4166.10,455
2026-07-06,16:55,4166.20,4168.10,4164.60,4166.90,305
2026-07-06,17:00,4166.90,4187.30,4164.10,4164.60,394
2026-07-06,17:05,4165.00,4187.30,4164.80,4166.20,241
2026-07-06,17:10,4166.20,4167.40,4164.30,4165.40,365
2026-07-06,17:15,4165.50,4166.30,4162.80,4163.30,556
2026-07-06,17:20,4163.40,4170.50,4162.10,4168.80,776
2026-07-06,17:25,4168.90,4187.30,4166.10,4167.50,1406
2026-07-06,17:30,4167.20,4187.30,4166.40,4170.00,367
2026-07-06,17:35,4169.60,4170.60,4168.00,4170.10,222
2026-07-06,17:40,4169.80,4171.00,4168.20,4168.40,260
2026-07-06,17:45,4168.00,4171.70,4167.60,4171.10,137
2026-07-06,17:50,4171.10,4187.30,4170.40,4171.20,178
2026-07-06,17:55,4170.80,4187.30,4170.70,4172.90,213
2026-07-06,18:00,4173.30,4173.80,4168.30,4169.30,607
2026-07-06,18:05,4169.30,4169.30,4167.20,4168.10,196
2026-07-06,18:10,4168.00,4170.20,4167.10,4170.00,141
2026-07-06,18:15,4170.20,4187.30,4170.20,4173.00,166
2026-07-06,18:20,4172.80,4187.30,4172.00,4173.50,137
2026-07-06,18:25,4173.70,4175.20,4173.10,4173.90,192
2026-07-06,18:30,4173.80,4176.10,4171.60,4175.90,225
2026-07-06,18:35,4175.50,4179.60,4175.50,4177.10,624
2026-07-06,18:40,4177.40,4187.30,4174.80,4176.30,207
2026-07-06,18:45,4175.80,4187.30,4175.70,4176.00,100
2026-07-06,18:50,4176.30,4176.60,4173.80,4174.70,193
2026-07-06,18:55,4174.60,4176.20,4174.30,4175.80,86
2026-07-06,19:00,4175.80,4177.40,4173.40,4173.40,169
2026-07-06,19:05,4173.40,4187.30,4171.70,4172.50,233
2026-07-06,19:10,4172.80,4187.30,4170.80,4171.20,145
2026-07-06,19:15,4171.10,4173.10,4170.50,4173.10,118
2026-07-06,19:20,4173.10,4174.50,4172.40,4174.00,134
2026-07-06,19:25,4174.00,4175.50,4173.50,4174.80,131
2026-07-06,19:30,4175.00,4187.30,4173.30,4173.90,101
2026-07-06,19:35,4174.00,4187.30,4171.50,4172.00,142
2026-07-06,19:40,4171.60,4173.10,4171.50,4173.10,80
2026-07-06,19:45,4173.10,4175.70,4173.00,4175.20,161
2026-07-06,19:50,4174.90,4176.70,4174.50,4175.60,122
2026-07-06,19:55,4175.10,4187.30,4172.80,4175.50,388
2026-07-06,20:00,4175.40,4187.30,4174.20,4174.60,114
2026-07-06,20:05,4174.30,4174.50,4172.90,4173.60,45
2026-07-06,20:10,4173.30,4173.50,4172.80,4172.80,37
2026-07-06,20:15,4172.70,4173.30,4172.60,4173.00,26
2026-07-06,20:20,4172.90,4187.30,4172.60,4173.50,14
2026-07-06,20:25,4173.70,4187.30,4173.50,4174.40,60
2026-07-06,20:30,4174.30,4176.20,4174.20,4176.20,54
2026-07-06,20:35,4175.90,4176.50,4175.20,4175.20,44
2026-07-06,20:40,4175.00,4176.00,4174.50,4175.00,30
2026-07-06,20:45,4174.60,4187.30,4174.60,4174.80,36
2026-07-06,20:50,4175.20,4187.30,4174.80,4176.00,65
2026-07-06,20:55,4175.80,4187.30,4175.30,4187.30,72
2026-07-06,22:00,4176.40,4179.00,4174.60,4175.80,0
2026-07-06,22:05,4175.50,4177.70,4175.50,4177.10,45
2026-07-06,22:10,4176.80,4177.40,4175.90,4177.40,58
2026-07-06,22:15,4177.70,4178.70,4177.70,4178.60,45
2026-07-06,22:20,4178.30,4178.30,4177.00,4177.00,24
2026-07-06,22:25,4176.50,4177.10,4176.30,4177.10,17
2026-07-06,22:30,4177.50,4179.50,4177.20,4179.50,64
2026-07-06,22:35,4179.50,4179.50,4177.30,4178.30,165
2026-07-06,22:40,4178.60,4179.00,4178.10,4178.30,10
2026-07-06,22:45,4178.30,4179.10,4177.00,4177.00,39
2026-07-06,22:50,4176.60,4176.60,4175.20,4175.60,36
2026-07-06,22:55,4175.50,4176.60,4175.20,4175.90,64
2026-07-06,23:00,4175.40,4176.40,4175.00,4176.20,54
2026-07-06,23:05,4176.20,4176.40,4174.00,4175.20,86
2026-07-06,23:10,4175.20,4176.60,4174.80,4176.60,26
2026-07-06,23:15,4176.40,4176.40,4174.80,4175.70,22
2026-07-06,23:20,4175.70,4175.70,4174.40,4175.00,16
2026-07-06,23:25,4174.90,4175.20,4174.00,4174.30,17
2026-07-06,23:30,4174.00,4176.40,4173.90,4175.90,38
2026-07-06,23:35,4175.50,4175.50,4174.00,4174.20,36
2026-07-06,23:40,4174.00,4174.00,4172.00,4173.00,91
2026-07-06,23:45,4173.10,4174.90,4172.40,4174.60,95
2026-07-06,23:50,4174.00,4174.80,4172.20,4172.80,120
2026-07-06,23:55,4172.30,4173.20,4168.00,4168.70,183
2026-07-07,00:00,4168.50,4169.00,4166.10,4168.20,176
2026-07-07,00:05,4168.20,4169.70,4167.40,4167.70,80
2026-07-07,00:10,4168.70,4169.70,4164.50,4167.60,177
2026-07-07,00:15,4168.00,4168.70,4163.40,4168.70,182
2026-07-07,00:20,4168.10,4172.20,4167.80,4169.80,182
2026-07-07,00:25,4170.10,4171.70,4168.70,4171.40,94
2026-07-07,00:30,4171.70,4174.50,4168.20,4168.30,208
2026-07-07,00:35,4168.40,4168.80,4162.30,4162.90,226
2026-07-07,00:40,4162.30,4163.00,4159.70,4161.60,227
2026-07-07,00:45,4160.80,4164.00,4159.30,4162.60,134
2026-07-07,00:50,4162.20,4165.00,4162.10,4164.90,84
2026-07-07,00:55,4164.80,4165.50,4156.10,4157.20,432
2026-07-07,01:00,4157.30,4160.10,4151.90,4159.20,823
2026-07-07,01:05,4159.10,4160.20,4150.90,4153.40,417
2026-07-07,01:10,4152.90,4154.80,4149.60,4153.70,305
2026-07-07,01:15,4153.30,4155.00,4146.60,4148.10,471
2026-07-07,01:20,4147.30,4148.80,4143.80,4145.00,400
2026-07-07,01:25,4144.90,4146.70,4137.60,4144.30,854
2026-07-07,01:30,4144.20,4152.40,4143.80,4151.20,443
2026-07-07,01:35,4151.20,4152.40,4149.60,4151.00,282
2026-07-07,01:40,4150.90,4154.40,4149.90,4153.90,182
2026-07-07,01:45,4154.40,4158.60,4154.10,4156.30,375
2026-07-07,01:50,4156.30,4157.10,4153.90,4156.10,237
2026-07-07,01:55,4156.40,4157.00,4152.50,4153.90,211
2026-07-07,02:00,4154.00,4155.00,4151.90,4153.00,139
2026-07-07,02:05,4153.20,4153.20,4149.50,4149.90,176
2026-07-07,02:10,4150.40,4156.50,4150.40,4154.00,201
2026-07-07,02:15,4154.30,4155.50,4152.60,4153.70,145
2026-07-07,02:20,4153.90,4155.30,4149.70,4155.20,319
2026-07-07,02:25,4155.50,4157.00,4152.30,4152.30,201
2026-07-07,02:30,4152.00,4152.50,4147.80,4150.20,267
2026-07-07,02:35,4150.40,4156.50,4150.10,4154.20,217
2026-07-07,02:40,4153.30,4154.70,4150.30,4150.60,181
2026-07-07,02:45,4151.20,4151.30,4145.60,4146.80,153
2026-07-07,02:50,4146.90,4148.50,4142.80,4144.70,396
2026-07-07,02:55,4144.50,4148.40,4143.40,4147.90,224
2026-07-07,03:00,4147.80,4150.80,4146.50,4150.80,143
2026-07-07,03:05,4150.50,4151.40,4148.80,4149.90,90
2026-07-07,03:10,4149.80,4149.90,4147.60,4148.20,64
2026-07-07,03:15,4147.80,4148.60,4145.60,4147.00,140
2026-07-07,03:20,4147.30,4148.90,4142.80,4143.30,204
2026-07-07,03:25,4143.70,4145.40,4140.10,4143.80,266
2026-07-07,03:30,4143.10,4145.10,4141.90,4145.10,128
2026-07-07,03:35,4144.90,4146.20,4143.10,4143.50,161
2026-07-07,03:40,4143.60,4144.40,4138.40,4140.40,256
2026-07-07,03:45,4140.50,4140.50,4135.20,4137.50,404
2026-07-07,03:50,4137.60,4139.30,4136.80,4139.00,141
2026-07-07,03:55,4139.20,4142.70,4137.80,4141.80,186
2026-07-07,04:00,4142.40,4145.20,4141.70,4144.20,138
2026-07-07,04:05,4144.20,4151.30,4144.00,4150.90,297
2026-07-07,04:10,4150.60,4152.40,4147.50,4147.60,325
2026-07-07,04:15,4147.70,4148.90,4142.30,4143.50,208
2026-07-07,04:20,4143.50,4145.70,4142.00,4144.00,144
2026-07-07,04:25,4144.40,4145.50,4142.30,4143.20,72
2026-07-07,04:30,4143.30,4143.30,4140.30,4141.60,218
2026-07-07,04:35,4141.60,4142.00,4140.30,4141.80,92
2026-07-07,04:40,4141.50,4142.80,4139.60,4139.60,132
2026-07-07,04:45,4139.90,4142.10,4139.90,4140.40,49
2026-07-07,04:50,4139.90,4141.10,4138.50,4138.90,90
2026-07-07,04:55,4138.70,4138.80,4136.80,4137.60,145
2026-07-07,05:00,4137.60,4139.20,4133.40,4139.20,369
2026-07-07,05:05,4139.60,4142.20,4135.80,4137.00,324
2026-07-07,05:10,4136.90,4138.20,4133.00,4133.10,198
2026-07-07,05:15,4133.10,4137.00,4132.10,4133.40,283
2026-07-07,05:20,4133.70,4137.90,4131.90,4137.20,369
2026-07-07,05:25,4137.80,4140.00,4136.40,4139.50,137
2026-07-07,05:30,4139.70,4140.00,4131.30,4133.80,483
2026-07-07,05:35,4133.80,4137.80,4130.40,4131.30,257
2026-07-07,05:40,4131.10,4133.50,4127.70,4133.50,702
2026-07-07,05:45,4133.70,4135.20,4131.60,4133.00,175
2026-07-07,05:50,4133.20,4137.10,4132.50,4136.20,124
2026-07-07,05:55,4136.60,4138.20,4134.60,4135.20,284
2026-07-07,06:00,4135.00,4140.80,4134.30,4138.10,395
2026-07-07,06:05,4137.30,4139.70,4134.00,4134.70,193
2026-07-07,06:10,4134.60,4135.30,4132.50,4135.10,228
2026-07-07,06:15,4135.00,4137.00,4134.50,4134.60,160
2026-07-07,06:20,4135.30,4139.50,4135.30,4139.50,154
2026-07-07,06:25,4139.60,4140.90,4137.90,4138.10,294
2026-07-07,06:30,4138.00,4141.00,4136.20,4139.70,182
2026-07-07,06:35,4139.80,4140.50,4138.60,4139.80,94
2026-07-07,06:40,4139.50,4143.90,4139.50,4143.80,186
2026-07-07,06:45,4143.80,4144.40,4139.70,4141.10,216
2026-07-07,06:50,4141.20,4142.50,4140.50,4140.50,97
2026-07-07,06:55,4140.30,4142.50,4140.20,4141.70,145
2026-07-07,07:00,4141.90,4142.60,4135.90,4138.40,308
2026-07-07,07:05,4138.20,4139.00,4135.80,4137.90,290
2026-07-07,07:10,4137.60,4141.50,4136.50,4140.70,247
2026-07-07,07:15,4140.70,4143.00,4139.80,4141.20,168
2026-07-07,07:20,4142.20,4143.40,4137.20,4138.00,117
2026-07-07,07:25,4138.50,4141.00,4138.20,4138.30,101
2026-07-07,07:30,4138.30,4139.70,4137.00,4139.00,112
2026-07-07,07:35,4139.10,4141.20,4138.40,4140.10,125
2026-07-07,07:40,4140.20,4142.40,4138.50,4141.40,151
2026-07-07,07:45,4141.10,4144.60,4137.90,4139.00,464
2026-07-07,07:50,4138.20,4139.40,4137.30,4138.10,164
2026-07-07,07:55,4137.70,4137.90,4135.40,4135.80,273
2026-07-07,08:00,4135.40,4141.60,4135.40,4139.50,294
2026-07-07,08:05,4139.20,4142.00,4138.70,4141.30,186
2026-07-07,08:10,4142.00,4150.90,4141.40,4148.50,786
2026-07-07,08:15,4148.60,4149.40,4145.80,4146.90,338
2026-07-07,08:20,4147.10,4149.00,4145.50,4147.70,210
2026-07-07,08:25,4147.60,4150.30,4147.60,4150.00,181
2026-07-07,08:30,4150.10,4150.70,4144.50,4145.80,373
2026-07-07,08:35,4145.90,4146.40,4139.20,4143.00,458
2026-07-07,08:40,4143.40,4144.50,4140.20,4142.10,461
2026-07-07,08:45,4142.10,4142.20,4138.90,4139.10,173
2026-07-07,08:50,4139.50,4139.80,4132.70,4135.30,451
2026-07-07,08:55,4134.80,4138.10,4133.60,4137.10,350
2026-07-07,09:00,4136.90,4138.90,4135.40,4138.90,206
2026-07-07,09:05,4138.80,4139.50,4137.00,4137.80,180
2026-07-07,09:10,4137.40,4140.10,4137.30,4138.70,194
2026-07-07,09:15,4138.50,4142.20,4138.50,4140.60,298
2026-07-07,09:20,4140.10,4140.10,4136.80,4138.10,146
2026-07-07,09:25,4138.20,4139.60,4130.60,4132.50,750
2026-07-07,09:30,4132.60,4139.10,4132.40,4138.30,812
2026-07-07,09:35,4138.50,4142.50,4137.40,4140.20,335
2026-07-07,09:40,4140.40,4144.60,4140.20,4143.70,214
2026-07-07,09:45,4143.70,4144.10,4138.50,4138.70,164
2026-07-07,09:50,4138.30,4141.20,4136.30,4141.20,224
2026-07-07,09:55,4140.70,4143.60,4140.60,4142.40,153
2026-07-07,10:00,4142.40,4145.10,4142.40,4143.40,166
2026-07-07,10:05,4143.90,4145.60,4143.20,4144.40,165
2026-07-07,10:10,4144.70,4146.40,4143.40,4143.60,191
2026-07-07,10:15,4144.00,4148.40,4143.20,4147.90,208
2026-07-07,10:20,4147.60,4148.90,4146.10,4148.90,206
2026-07-07,10:25,4148.60,4150.50,4147.40,4148.90,211
2026-07-07,10:30,4149.10,4149.10,4146.00,4147.30,191
2026-07-07,10:35,4147.10,4148.00,4146.70,4148.00,54
2026-07-07,10:40,4148.20,4148.90,4146.80,4147.20,172
2026-07-07,10:45,4147.20,4147.60,4145.00,4145.10,115
2026-07-07,10:50,4145.20,4147.10,4145.20,4147.10,154
2026-07-07,10:55,4146.90,4148.80,4145.50,4147.10,179
2026-07-07,11:00,4147.10,4147.40,4144.90,4145.40,168
2026-07-07,11:05,4145.40,4146.60,4143.00,4143.50,175
2026-07-07,11:10,4143.40,4145.30,4143.10,4144.10,312
2026-07-07,11:15,4144.30,4154.00,4144.30,4152.10,578
2026-07-07,11:20,4152.00,4155.70,4150.90,4155.70,306
2026-07-07,11:25,4155.40,4156.80,4153.80,4154.20,218
2026-07-07,11:30,4154.10,4155.10,4150.80,4154.30,318
2026-07-07,11:35,4154.30,4159.10,4153.70,4156.50,463
2026-07-07,11:40,4156.80,4160.50,4156.20,4159.60,614
2026-07-07,11:45,4159.50,4163.30,4158.40,4161.40,699
2026-07-07,11:50,4161.10,4164.60,4158.60,4162.20,472
2026-07-07,11:55,4162.60,4170.00,4162.30,4168.60,955
2026-07-07,12:00,4168.60,4171.50,4166.00,4170.70,967
2026-07-07,12:05,4170.60,4183.50,4169.70,4182.00,2081
2026-07-07,12:10,4180.90,4186.70,4177.50,4185.20,1716
2026-07-07,12:15,4185.40,4187.00,4180.30,4180.70,1294
2026-07-07,12:20,4180.70,4182.30,4174.70,4175.70,986
2026-07-07,12:25,4175.50,4181.10,4174.50,4177.80,667
2026-07-07,12:30,4177.30,4180.00,4175.30,4175.30,538
2026-07-07,12:35,4175.60,4179.20,4173.80,4177.70,746
2026-07-07,12:40,4177.70,4179.00,4173.20,4178.00,972
2026-07-07,12:45,4177.80,4180.40,4175.90,4177.10,418
2026-07-07,12:50,4177.10,4181.90,4177.10,4178.60,480
2026-07-07,12:55,4178.70,4184.50,4178.50,4184.10,659
2026-07-07,13:00,4184.10,4190.60,4176.40,4177.20,1712
2026-07-07,13:05,4177.50,4178.40,4173.00,4173.60,673
2026-07-07,13:10,4174.00,4182.90,4171.30,4182.60,927
2026-07-07,13:15,4182.50,4182.50,4179.20,4180.20,456
2026-07-07,13:20,4179.90,4183.90,4176.50,4177.20,465
2026-07-07,13:25,4177.10,4180.60,4175.50,4177.30,545
2026-07-07,13:30,4177.60,4182.60,4174.70,4180.50,766
2026-07-07,13:35,4180.40,4191.40,4179.60,4182.00,1730
2026-07-07,13:40,4182.00,4192.40,4180.00,4189.40,1645
2026-07-07,13:45,4189.40,4192.00,4182.40,4185.00,854
2026-07-07,13:50,4184.70,4186.00,4175.70,4177.40,1060
2026-07-07,13:55,4177.10,4179.10,4167.30,4170.00,1478
2026-07-07,14:00,4169.70,4175.10,4164.20,4165.80,1707
2026-07-07,14:05,4165.60,4169.10,4162.80,4166.90,1351
2026-07-07,14:10,4166.80,4168.00,4161.90,4163.30,936
2026-07-07,14:15,4162.90,4170.80,4162.40,4169.60,839
2026-07-07,14:20,4169.60,4170.00,4163.00,4163.20,572
2026-07-07,14:25,4163.20,4169.50,4162.00,4169.00,593
2026-07-07,14:30,4169.80,4170.80,4162.20,4162.20,708
2026-07-07,14:35,4162.20,4162.50,4158.00,4160.40,1260
2026-07-07,14:40,4160.30,4163.80,4154.50,4163.40,890
2026-07-07,14:45,4163.20,4168.80,4163.00,4167.40,907
2026-07-07,14:50,4167.20,4168.50,4164.60,4164.80,283
2026-07-07,14:55,4164.70,4167.90,4164.70,4165.00,301
2026-07-07,15:00,4165.00,4165.40,4160.90,4162.30,490
2026-07-07,15:05,4162.70,4166.70,4160.50,4164.50,732
2026-07-07,15:10,4164.50,4166.50,4159.30,4159.60,888
2026-07-07,15:15,4159.70,4159.70,4152.60,4155.80,648
2026-07-07,15:20,4155.60,4157.80,4154.70,4156.20,379
2026-07-07,15:25,4156.10,4157.80,4152.70,4154.00,457
2026-07-07,15:30,4154.00,4157.30,4153.80,4154.90,314
2026-07-07,15:35,4154.20,4157.20,4153.00,4156.60,439
2026-07-07,15:40,4156.50,4159.30,4155.20,4157.50,378
2026-07-07,15:45,4157.30,4159.00,4153.00,4153.00,358
2026-07-07,15:50,4152.80,4154.30,4148.30,4149.00,656
2026-07-07,15:55,4148.90,4150.30,4146.90,4150.10,450
2026-07-07,16:00,4150.40,4152.20,4148.20,4150.40,509
2026-07-07,16:05,4151.10,4155.00,4150.40,4151.20,361
2026-07-07,16:10,4151.50,4154.00,4150.60,4152.40,174
2026-07-07,16:15,4152.20,4156.00,4152.10,4155.10,358
2026-07-07,16:20,4155.60,4157.60,4153.80,4155.80,652
2026-07-07,16:25,4156.00,4158.70,4155.20,4157.50,281
2026-07-07,16:30,4157.30,4158.10,4154.60,4154.80,281
2026-07-07,16:35,4154.50,4156.70,4153.70,4156.00,318
2026-07-07,16:40,4155.90,4156.70,4154.30,4154.70,229
2026-07-07,16:45,4154.90,4156.30,4152.20,4156.30,474
2026-07-07,16:50,4156.00,4158.30,4155.70,4156.30,289
2026-07-07,16:55,4155.90,4156.70,4154.50,4156.60,157
2026-07-07,17:00,4156.70,4157.50,4155.50,4157.40,266
2026-07-07,17:05,4157.50,4158.50,4156.70,4157.10,130
2026-07-07,17:10,4157.00,4157.00,4153.60,4154.40,149
2026-07-07,17:15,4154.20,4154.60,4151.80,4154.30,344
2026-07-07,17:20,4154.30,4157.50,4153.10,4156.60,266
2026-07-07,17:25,4156.90,4158.30,4155.30,4157.50,1143
2026-07-07,17:30,4157.70,4159.80,4157.10,4157.60,1157
2026-07-07,17:35,4157.50,4158.30,4156.10,4157.70,262
2026-07-07,17:40,4157.40,4159.30,4157.40,4158.00,112
2026-07-07,17:45,4158.70,4158.70,4156.70,4156.70,93
2026-07-07,17:50,4156.50,4156.50,4154.30,4154.90,127
2026-07-07,17:55,4155.30,4156.30,4155.00,4155.90,53
2026-07-07,18:00,4156.00,4156.50,4152.60,4153.60,159
2026-07-07,18:05,4153.90,4154.00,4152.70,4153.00,74
2026-07-07,18:10,4152.90,4154.30,4152.20,4153.80,120
2026-07-07,18:15,4153.70,4153.70,4151.30,4153.10,223
2026-07-07,18:20,4153.00,4155.80,4152.10,4154.40,150
2026-07-07,18:25,4154.50,4155.60,4152.90,4153.10,106
2026-07-07,18:30,4152.90,4153.40,4147.70,4150.50,418
2026-07-07,18:35,4150.50,4153.80,4150.50,4152.90,100
2026-07-07,18:40,4152.90,4153.20,4151.30,4153.00,118
2026-07-07,18:45,4153.70,4154.00,4143.50,4146.60,858
2026-07-07,18:50,4146.10,4148.00,4136.10,4138.10,1454
2026-07-07,18:55,4138.00,4142.20,4136.70,4138.00,422
2026-07-07,19:00,4137.90,4138.70,4128.90,4132.00,1070
2026-07-07,19:05,4132.50,4132.50,4118.50,4122.00,2100
2026-07-07,19:10,4121.90,4122.40,4113.60,4116.60,1635
2026-07-07,19:15,4116.10,4116.30,4102.70,4109.40,2434
2026-07-07,19:20,4109.30,4113.60,4104.20,4112.30,1129
2026-07-07,19:25,4112.20,4117.70,4108.90,4114.30,816
2026-07-07,19:30,4114.30,4124.30,4114.30,4123.20,740
2026-07-07,19:35,4123.50,4125.90,4120.40,4121.40,674
2026-07-07,19:40,4121.20,4122.70,4118.90,4120.00,411
2026-07-07,19:45,4120.30,4124.80,4119.20,4123.10,520
2026-07-07,19:50,4123.40,4126.80,4121.40,4126.60,323
2026-07-07,19:55,4126.40,4128.90,4124.60,4125.10,1400
2026-07-07,20:00,4125.30,4126.50,4123.60,4126.10,224
2026-07-07,20:05,4125.90,4126.50,4123.80,4124.90,138
2026-07-07,20:10,4125.10,4126.70,4123.10,4123.70,192
2026-07-07,20:15,4124.00,4124.00,4118.40,4120.10,529
2026-07-07,20:20,4119.80,4119.80,4117.30,4119.10,132
2026-07-07,20:25,4119.70,4121.80,4119.50,4121.60,136
2026-07-07,20:30,4121.50,4121.80,4117.90,4117.90,135
2026-07-07,20:35,4118.00,4118.30,4115.40,4115.70,190
2026-07-07,20:40,4115.50,4117.90,4115.50,4116.30,121
2026-07-07,20:45,4116.40,4117.50,4115.60,4116.20,63
2026-07-07,20:50,4116.00,4116.90,4114.20,4116.10,103
2026-07-07,20:55,4116.00,4117.70,4114.80,4116.60,190
2026-07-07,22:00,4106.50,4116.50,4104.00,4115.30,0
2026-07-07,22:05,4115.90,4116.90,4111.30,4112.00,605
2026-07-07,22:10,4111.70,4115.10,4111.20,4114.50,77
2026-07-07,22:15,4114.70,4115.10,4112.00,4113.60,171
2026-07-07,22:20,4113.60,4114.20,4112.20,4113.10,53
2026-07-07,22:25,4113.10,4113.20,4110.40,4110.50,76
2026-07-07,22:30,4110.20,4111.50,4109.40,4110.40,110
2026-07-07,22:35,4110.90,4113.30,4110.80,4113.20,118
2026-07-07,22:40,4113.20,4113.40,4110.90,4112.00,213
2026-07-07,22:45,4111.80,4111.80,4108.00,4108.80,157
2026-07-07,22:50,4108.80,4111.20,4106.60,4108.60,410
2026-07-07,22:55,4108.70,4110.60,4106.60,4109.50,276
2026-07-07,23:00,4109.00,4112.80,4107.30,4112.50,366
2026-07-07,23:05,4111.60,4118.00,4111.50,4116.60,470
2026-07-07,23:10,4116.30,4118.90,4115.20,4116.60,407
2026-07-07,23:15,4116.40,4116.40,4112.20,4113.20,293
2026-07-07,23:20,4113.50,4115.20,4111.80,4114.90,171
2026-07-07,23:25,4113.90,4117.80,4113.30,4116.00,147
2026-07-07,23:30,4115.90,4116.30,4111.50,4112.70,66
2026-07-07,23:35,4112.30,4113.50,4111.70,4112.70,32
2026-07-07,23:40,4112.30,4114.70,4107.90,4109.20,511
2026-07-07,23:45,4108.80,4109.80,4106.30,4108.50,332
2026-07-07,23:50,4108.70,4112.00,4108.50,4108.80,94
2026-07-07,23:55,4108.60,4109.10,4106.30,4108.80,94
2026-07-08,00:00,4108.50,4112.80,4107.40,4112.70,119
2026-07-08,00:05,4113.00,4113.00,4108.40,4110.00,102
2026-07-08,00:10,4110.30,4114.40,4109.60,4110.30,175
2026-07-08,00:15,4111.50,4113.40,4109.10,4113.20,207
2026-07-08,00:20,4114.00,4116.40,4111.00,4116.40,142
2026-07-08,00:25,4116.20,4118.60,4114.50,4115.50,245
2026-07-08,00:30,4116.30,4120.40,4114.70,4120.20,162
2026-07-08,00:35,4120.30,4134.10,4118.20,4133.70,1002
2026-07-08,00:40,4133.40,4137.10,4131.70,4134.20,500
2026-07-08,00:45,4134.50,4136.00,4130.90,4133.10,236
2026-07-08,00:50,4132.80,4132.80,4125.90,4126.50,257
2026-07-08,00:55,4126.20,4129.40,4122.10,4122.50,480
2026-07-08,01:00,4122.80,4129.00,4118.00,4119.20,693
2026-07-08,01:05,4118.90,4118.90,4109.50,4115.00,1250
2026-07-08,01:10,4114.90,4122.50,4114.80,4119.40,467
2026-07-08,01:15,4119.40,4120.10,4115.10,4118.10,298
2026-07-08,01:20,4118.50,4121.00,4115.70,4116.60,220
2026-07-08,01:25,4117.30,4121.10,4113.00,4113.80,296
2026-07-08,01:30,4113.40,4116.60,4108.50,4109.20,312
2026-07-08,01:35,4109.00,4111.50,4106.80,4110.60,368
2026-07-08,01:40,4111.60,4116.10,4109.80,4114.10,453
2026-07-08,01:45,4113.50,4123.40,4112.80,4121.30,415
2026-07-08,01:50,4121.10,4123.80,4115.30,4120.10,377
2026-07-08,01:55,4120.10,4122.60,4118.00,4122.30,184
2026-07-08,02:00,4122.20,4122.30,4116.50,4119.30,190
2026-07-08,02:05,4119.30,4128.20,4119.00,4127.70,681
2026-07-08,02:10,4128.00,4129.40,4122.90,4123.30,306
2026-07-08,02:15,4123.70,4127.40,4123.50,4125.80,136
2026-07-08,02:20,4126.00,4132.70,4124.60,4130.80,372
2026-07-08,02:25,4130.10,4135.50,4129.40,4129.50,447
2026-07-08,02:30,4129.50,4131.80,4127.00,4129.80,287
2026-07-08,02:35,4129.70,4131.30,4127.70,4130.90,180
2026-07-08,02:40,4130.60,4131.10,4129.00,4131.10,121
2026-07-08,02:45,4131.10,4131.30,4126.50,4127.60,132
2026-07-08,02:50,4127.30,4128.10,4125.20,4126.80,101
2026-07-08,02:55,4125.00,4126.50,4124.00,4125.00,170
2026-07-08,03:00,4125.50,4140.00,4125.50,4136.40,599
2026-07-08,03:05,4136.70,4140.50,4132.90,4137.40,267
2026-07-08,03:10,4137.50,4141.50,4136.60,4138.90,409
2026-07-08,03:15,4138.70,4139.50,4135.70,4137.80,271
2026-07-08,03:20,4138.00,4140.30,4137.30,4139.70,164
2026-07-08,03:25,4139.20,4142.30,4138.50,4141.30,230
2026-07-08,03:30,4141.40,4142.30,4137.50,4139.10,160
2026-07-08,03:35,4139.10,4139.50,4137.00,4138.10,104
2026-07-08,03:40,4138.00,4138.20,4136.80,4138.20,52
2026-07-08,03:45,4137.50,4140.20,4137.20,4139.70,42
2026-07-08,03:50,4139.70,4139.80,4137.80,4138.50,57
2026-07-08,03:55,4137.50,4137.50,4133.60,4133.70,435
2026-07-08,04:00,4134.20,4135.90,4132.50,4133.80,287
2026-07-08,04:05,4133.50,4139.40,4133.50,4139.20,146
2026-07-08,04:10,4138.80,4138.80,4135.00,4135.20,218
2026-07-08,04:15,4135.00,4135.00,4131.40,4133.60,408
2026-07-08,04:20,4133.60,4137.80,4132.10,4136.40,300
2026-07-08,04:25,4136.20,4137.80,4135.10,4136.60,293
2026-07-08,04:30,4136.60,4139.10,4135.10,4136.70,235
2026-07-08,04:35,4137.30,4139.10,4135.50,4136.20,120
2026-07-08,04:40,4136.40,4136.60,4132.90,4136.00,126
2026-07-08,04:45,4136.00,4137.70,4135.10,4135.60,108
2026-07-08,04:50,4135.50,4137.00,4134.80,4134.80,78
2026-07-08,04:55,4134.60,4137.60,4134.20,4135.90,101
2026-07-08,05:00,4135.90,4139.00,4135.70,4138.90,95
2026-07-08,05:05,4139.10,4144.60,4138.60,4139.30,436
2026-07-08,05:10,4138.90,4139.30,4136.00,4136.40,121
2026-07-08,05:15,4136.30,4140.30,4136.30,4138.00,215
2026-07-08,05:20,4138.00,4138.30,4133.00,4134.70,206
2026-07-08,05:25,4134.50,4136.60,4132.40,4132.50,100
2026-07-08,05:30,4132.30,4138.70,4131.30,4138.60,347
2026-07-08,05:35,4137.90,4140.50,4136.50,4138.70,189
2026-07-08,05:40,4138.10,4142.00,4137.30,4138.50,142
2026-07-08,05:45,4139.30,4140.50,4135.90,4135.90,82
2026-07-08,05:50,4135.80,4137.40,4135.00,4137.00,175
2026-07-08,05:55,4136.80,4140.00,4136.80,4138.50,142
2026-07-08,06:00,4138.80,4139.90,4134.00,4134.00,296
2026-07-08,06:05,4133.70,4136.20,4132.90,4136.20,212
2026-07-08,06:10,4135.50,4142.10,4135.30,4141.40,272
2026-07-08,06:15,4141.80,4143.40,4139.50,4140.60,379
2026-07-08,06:20,4140.90,4144.70,4139.60,4143.10,161
2026-07-08,06:25,4142.90,4143.50,4140.50,4140.90,154
2026-07-08,06:30,4140.30,4140.50,4135.90,4137.00,223
2026-07-08,06:35,4137.10,4138.00,4135.20,4137.10,166
2026-07-08,06:40,4137.30,4139.10,4136.60,4137.70,342
2026-07-08,06:45,4137.40,4138.10,4134.90,4135.10,138
2026-07-08,06:50,4135.70,4137.60,4135.10,4136.00,105
2026-07-08,06:55,4136.10,4136.40,4133.90,4134.00,167
2026-07-08,07:00,4134.40,4135.80,4131.20,4131.30,267
2026-07-08,07:05,4131.40,4131.90,4128.40,4131.60,467
2026-07-08,07:10,4131.00,4131.50,4126.80,4129.00,229
2026-07-08,07:15,4128.90,4129.40,4125.40,4126.90,285
2026-07-08,07:20,4126.90,4130.70,4125.60,4130.70,308
2026-07-08,07:25,4130.50,4132.60,4128.70,4131.50,253
2026-07-08,07:30,4131.90,4137.50,4131.20,4135.30,444
2026-07-08,07:35,4135.00,4135.00,4129.00,4131.00,342
2026-07-08,07:40,4131.50,4138.90,4131.40,4138.90,417
2026-07-08,07:45,4138.90,4139.00,4135.40,4135.60,278
2026-07-08,07:50,4135.50,4136.50,4130.90,4130.90,369
2026-07-08,07:55,4131.10,4132.50,4130.00,4132.00,135
2026-07-08,08:00,4132.00,4132.30,4127.50,4127.90,250
2026-07-08,08:05,4128.00,4131.60,4127.90,4130.90,302
2026-07-08,08:10,4130.80,4132.50,4127.60,4128.70,345
2026-07-08,08:15,4129.00,4132.20,4091.30,4099.30,4332
2026-07-08,08:20,4098.80,4108.40,4093.00,4095.60,1854
2026-07-08,08:25,4095.90,4102.30,4090.90,4099.50,1276
2026-07-08,08:30,4099.50,4102.80,4088.00,4093.70,1484
2026-07-08,08:35,4093.40,4093.40,4077.50,4078.00,1965
2026-07-08,08:40,4077.80,4078.90,4071.50,4077.00,2537
2026-07-08,08:45,4076.40,4087.00,4075.50,4077.90,1479
2026-07-08,08:50,4077.10,4079.70,4071.20,4073.60,1438
2026-07-08,08:55,4074.00,4075.60,4062.20,4066.80,2018
2026-07-08,09:00,4066.60,4067.00,4060.90,4065.90,1117
2026-07-08,09:05,4066.10,4066.40,4060.40,4061.80,634
2026-07-08,09:10,4062.40,4066.60,4061.20,4066.30,452
2026-07-08,09:15,4065.70,4071.30,4064.10,4069.50,1382
2026-07-08,09:20,4069.70,4070.60,4064.60,4066.70,904
2026-07-08,09:25,4067.20,4070.80,4065.10,4066.80,526
2026-07-08,09:30,4067.00,4067.80,4061.50,4067.20,839
2026-07-08,09:35,4066.80,4068.90,4061.10,4062.80,487
2026-07-08,09:40,4063.10,4064.60,4054.80,4058.80,1586
2026-07-08,09:45,4058.60,4063.20,4057.40,4060.60,525
2026-07-08,09:50,4060.50,4060.50,4056.40,4058.20,374
2026-07-08,09:55,4057.80,4057.90,4051.60,4053.10,782
2026-07-08,10:00,4053.50,4058.30,4053.20,4057.10,801
2026-07-08,10:05,4056.60,4056.60,4050.00,4051.90,625
2026-07-08,10:10,4052.10,4055.30,4051.40,4054.50,440
2026-07-08,10:15,4054.60,4060.80,4053.40,4060.80,486
2026-07-08,10:20,4061.00,4066.10,4060.50,4062.80,843
2026-07-08,10:25,4062.80,4063.60,4059.30,4061.00,379
2026-07-08,10:30,4060.60,4067.10,4060.20,4065.10,284
2026-07-08,10:35,4064.80,4067.10,4062.00,4065.00,416
2026-07-08,10:40,4065.00,4068.70,4062.90,4067.50,526
2026-07-08,10:45,4067.80,4069.00,4064.10,4065.80,362
2026-07-08,10:50,4066.20,4067.80,4063.30,4066.80,266
2026-07-08,10:55,4066.60,4067.60,4062.90,4062.90,218
2026-07-08,11:00,4062.90,4067.20,4060.60,4064.20,471
2026-07-08,11:05,4063.70,4065.10,4059.00,4059.40,307
2026-07-08,11:10,4059.80,4062.40,4058.10,4060.80,335
2026-07-08,11:15,4060.40,4064.80,4060.30,4062.50,324
2026-07-08,11:20,4062.00,4064.40,4057.50,4060.30,525
2026-07-08,11:25,4060.20,4062.10,4058.90,4060.50,146
2026-07-08,11:30,4060.00,4060.90,4055.70,4057.60,325
2026-07-08,11:35,4057.90,4058.20,4051.50,4052.30,522
2026-07-08,11:40,4053.00,4076.30,4052.70,4074.50,2142
2026-07-08,11:45,4074.50,4083.00,4070.80,4072.10,1917
2026-07-08,11:50,4071.90,4074.00,4069.20,4072.80,632
2026-07-08,11:55,4072.50,4074.70,4069.70,4072.30,578
2026-07-08,12:00,4071.90,4076.30,4068.50,4075.10,689
2026-07-08,12:05,4074.70,4080.00,4074.00,4079.50,931
2026-07-08,12:10,4079.20,4083.60,4078.80,4081.80,772
2026-07-08,12:15,4082.20,4087.60,4078.70,4085.30,873
2026-07-08,12:20,4085.40,4086.60,4075.20,4077.50,743
2026-07-08,12:25,4076.90,4082.30,4076.90,4081.00,472
2026-07-08,12:30,4080.90,4084.20,4078.40,4083.60,739
2026-07-08,12:35,4083.30,4083.70,4077.90,4083.30,357
2026-07-08,12:40,4083.00,4088.70,4081.50,4088.40,564
2026-07-08,12:45,4088.50,4093.80,4086.70,4093.10,1247
2026-07-08,12:50,4093.00,4096.80,4092.40,4094.60,1094
2026-07-08,12:55,4094.20,4096.20,4081.10,4082.90,2159
2026-07-08,13:00,4082.50,4090.50,4080.70,4089.80,1100
2026-07-08,13:05,4089.90,4093.80,4082.90,4085.40,1336
2026-07-08,13:10,4084.70,4086.90,4080.40,4082.90,1351
2026-07-08,13:15,4082.80,4086.90,4082.40,4083.50,618
2026-07-08,13:20,4082.80,4086.90,4078.70,4082.20,908
2026-07-08,13:25,4082.00,4085.40,4075.80,4077.50,1026
2026-07-08,13:30,4077.50,4090.90,4077.40,4088.50,1311
2026-07-08,13:35,4087.10,4091.50,4083.60,4090.20,693
2026-07-08,13:40,4089.90,4091.20,4081.30,4084.20,806
2026-07-08,13:45,4083.90,4090.10,4080.20,4080.20,633
2026-07-08,13:50,4080.30,4084.40,4079.00,4080.60,719
2026-07-08,13:55,4080.70,4084.00,4079.60,4081.60,1572
2026-07-08,14:00,4081.10,4082.00,4073.90,4077.00,1454
2026-07-08,14:05,4077.10,4079.70,4071.70,4074.70,2076
2026-07-08,14:10,4074.30,4075.60,4067.70,4068.30,1644
2026-07-08,14:15,4068.20,4072.40,4062.00,4065.60,1729
2026-07-08,14:20,4065.40,4073.00,4063.60,4070.90,1112
2026-07-08,14:25,4071.50,4076.40,4069.60,4071.50,983
2026-07-08,14:30,4071.00,4072.40,4063.00,4066.00,1101
2026-07-08,14:35,4066.00,4066.50,4052.90,4053.90,2129
2026-07-08,14:40,4054.00,4060.20,4045.10,4046.80,3429
2026-07-08,14:45,4046.80,4050.90,4044.00,4046.30,1763
2026-07-08,14:50,4046.20,4057.10,4045.30,4055.20,1251
2026-07-08,14:55,4055.00,4056.40,4051.00,4051.80,597
2026-07-08,15:00,4052.00,4052.50,4046.30,4048.20,791
2026-07-08,15:05,4048.00,4054.30,4047.80,4050.70,543
2026-07-08,15:10,4050.30,4053.10,4044.20,4044.60,873
2026-07-08,15:15,4044.50,4045.60,4038.10,4042.50,2645
2026-07-08,15:20,4042.60,4046.70,4036.70,4037.00,766
2026-07-08,15:25,4037.10,4042.90,4036.90,4041.50,683
2026-07-08,15:30,4042.00,4042.90,4032.50,4035.80,1489
2026-07-08,15:35,4035.60,4042.60,4034.70,4040.00,825
2026-07-08,15:40,4039.40,4044.30,4039.30,4042.90,746
2026-07-08,15:45,4042.80,4044.60,4039.80,4044.00,738
2026-07-08,15:50,4044.10,4048.60,4043.60,4044.90,869
2026-07-08,15:55,4044.60,4045.10,4040.60,4044.10,467
2026-07-08,16:00,4044.50,4047.50,4043.40,4046.40,616
2026-07-08,16:05,4046.80,4050.80,4046.40,4049.40,599
2026-07-08,16:10,4049.60,4053.50,4049.10,4049.90,929
2026-07-08,16:15,4050.00,4051.90,4048.00,4050.80,430
2026-07-08,16:20,4051.30,4052.40,4048.10,4048.60,467
2026-07-08,16:25,4048.60,4055.90,4048.60,4053.90,535
2026-07-08,16:30,4053.60,4057.50,4051.40,4052.00,782
2026-07-08,16:35,4051.70,4057.00,4049.50,4055.10,1150
2026-07-08,16:40,4054.70,4068.30,4052.90,4066.60,1683
2026-07-08,16:45,4066.40,4069.20,4063.30,4068.00,946
2026-07-08,16:50,4068.40,4073.00,4067.50,4072.20,989
2026-07-08,16:55,4072.50,4075.00,4071.30,4073.90,636
2026-07-08,17:00,4073.90,4074.10,4069.40,4071.00,463
2026-07-08,17:05,4070.90,4079.20,4070.70,4075.80,948
2026-07-08,17:10,4075.20,4080.70,4073.80,4075.00,1099
2026-07-08,17:15,4075.20,4077.40,4073.50,4076.50,854
2026-07-08,17:20,4076.10,4081.00,4075.40,4079.60,2158
2026-07-08,17:25,4079.60,4084.70,4079.60,4083.40,3609
2026-07-08,17:30,4083.50,4086.90,4081.50,4083.00,1990
2026-07-08,17:35,4082.90,4083.70,4080.10,4081.30,539
2026-07-08,17:40,4081.30,4081.80,4079.40,4080.50,246
2026-07-08,17:45,4080.30,4081.00,4077.50,4078.00,361
2026-07-08,17:50,4078.20,4080.50,4077.10,4078.00,270
2026-07-08,17:55,4078.00,4078.00,4074.70,4076.40,337
2026-07-08,18:00,4075.80,4085.50,4073.80,4079.60,990
2026-07-08,18:05,4080.00,4081.10,4076.80,4078.50,303
2026-07-08,18:10,4078.20,4086.40,4077.50,4085.70,485
2026-07-08,18:15,4086.00,4086.10,4080.90,4082.10,210
2026-07-08,18:20,4082.10,4082.10,4078.80,4080.00,228
2026-07-08,18:25,4079.80,4083.10,4078.00,4080.80,269
2026-07-08,18:30,4080.50,4082.00,4077.60,4080.30,587
2026-07-08,18:35,4080.40,4086.00,4079.60,4085.60,266
2026-07-08,18:40,4085.50,4090.00,4085.30,4089.90,499
2026-07-08,18:45,4089.80,4101.60,4089.00,4100.90,987
2026-07-08,18:50,4100.20,4101.50,4094.30,4095.70,553
2026-07-08,18:55,4095.70,4095.70,4092.10,4094.10,312
2026-07-08,19:00,4095.00,4101.00,4094.70,4097.20,384
2026-07-08,19:05,4097.60,4100.20,4096.70,4099.70,215
2026-07-08,19:10,4099.20,4100.50,4095.50,4097.80,257
2026-07-08,19:15,4097.30,4098.00,4094.80,4096.60,591
2026-07-08,19:20,4096.50,4097.80,4096.00,4097.20,116
2026-07-08,19:25,4097.30,4098.60,4095.10,4098.50,164
2026-07-08,19:30,4098.60,4101.40,4096.40,4097.20,659
2026-07-08,19:35,4096.80,4099.30,4096.50,4097.30,114
2026-07-08,19:40,4097.40,4097.50,4093.40,4094.10,309
2026-07-08,19:45,4093.90,4094.40,4088.50,4089.30,638
2026-07-08,19:50,4089.20,4093.50,4089.00,4092.90,441
2026-07-08,19:55,4093.30,4093.30,4090.00,4090.20,412
2026-07-08,20:00,4090.50,4090.50,4086.20,4089.40,412
2026-07-08,20:05,4089.40,4093.50,4088.70,4091.30,317
2026-07-08,20:10,4090.90,4091.70,4087.90,4089.20,214
2026-07-08,20:15,4089.00,4089.40,4085.60,4086.40,180
2026-07-08,20:20,4086.50,4086.70,4084.10,4085.40,280
2026-07-08,20:25,4085.50,4086.70,4084.50,4086.60,177
2026-07-08,20:30,4086.70,4088.60,4083.20,4083.80,230
2026-07-08,20:35,4083.90,4084.20,4081.40,4084.20,162
2026-07-08,20:40,4084.40,4085.90,4084.10,4085.10,66
2026-07-08,20:45,4084.70,4086.00,4084.20,4085.20,59
2026-07-08,20:50,4085.60,4089.70,4085.60,4089.50,165
2026-07-08,20:55,4089.80,4089.80,4082.40,4086.60,140
2026-07-08,22:00,4087.60,4089.20,4081.20,4082.90,0
2026-07-08,22:05,4083.50,4088.90,4082.80,4086.70,121
2026-07-08,22:10,4087.50,4088.40,4086.00,4086.30,55
2026-07-08,22:15,4086.10,4088.70,4084.70,4085.70,95
2026-07-08,22:20,4085.60,4085.60,4083.00,4083.90,89
2026-07-08,22:25,4084.70,4085.40,4082.70,4083.80,79
2026-07-08,22:30,4084.00,4087.00,4083.00,4086.40,112
2026-07-08,22:35,4085.90,4087.50,4084.60,4086.40,74
2026-07-08,22:40,4087.20,4088.80,4085.60,4086.00,183
2026-07-08,22:45,4085.70,4089.20,4085.50,4088.80,103
2026-07-08,22:50,4088.60,4089.60,4087.70,4087.80,98
2026-07-08,22:55,4088.10,4088.10,4085.70,4085.70,547
2026-07-08,23:00,4086.30,4086.30,4083.60,4084.30,257
2026-07-08,23:05,4085.20,4086.80,4085.00,4086.80,23
2026-07-08,23:10,4086.00,4086.80,4085.40,4086.50,19
2026-07-08,23:15,4086.30,4086.60,4085.00,4085.40,51
2026-07-08,23:20,4085.10,4085.70,4084.80,4085.10,19
2026-07-08,23:25,4085.50,4087.50,4085.50,4086.90,26
2026-07-08,23:30,4086.80,4086.80,4084.20,4085.00,48
2026-07-08,23:35,4084.90,4087.00,4084.90,4085.90,22
2026-07-08,23:40,4086.20,4086.30,4083.10,4084.90,115
2026-07-08,23:45,4084.90,4086.20,4081.10,4082.10,287
2026-07-08,23:50,4082.40,4086.80,4082.00,4085.30,122
2026-07-08,23:55,4085.00,4087.40,4084.60,4085.60,68
2026-07-09,00:00,4087.50,4091.00,4086.40,4090.30,252
2026-07-09,00:05,4090.10,4092.40,4086.70,4086.70,387
2026-07-09,00:10,4087.50,4097.00,4087.50,4096.80,321
2026-07-09,00:15,4096.90,4099.10,4092.30,4093.20,269
2026-07-09,00:20,4093.50,4094.60,4085.20,4087.00,364
2026-07-09,00:25,4087.30,4087.60,4083.60,4087.40,228
2026-07-09,00:30,4087.90,4091.00,4086.80,4088.10,205
2026-07-09,00:35,4088.20,4091.10,4085.90,4088.70,360
2026-07-09,00:40,4088.80,4089.20,4084.70,4086.60,121
2026-07-09,00:45,4086.10,4088.10,4084.50,4087.00,193
2026-07-09,00:50,4087.10,4087.10,4079.20,4079.80,267
2026-07-09,00:55,4079.80,4084.40,4079.80,4082.80,322
2026-07-09,01:00,4083.20,4088.20,4074.10,4076.60,922
2026-07-09,01:05,4076.80,4083.10,4076.10,4082.90,310
2026-07-09,01:10,4082.30,4085.70,4081.30,4083.20,266
2026-07-09,01:15,4083.50,4086.00,4081.70,4083.30,287
2026-07-09,01:20,4083.40,4085.10,4079.40,4081.50,200
2026-07-09,01:25,4081.70,4082.30,4075.90,4075.90,229
2026-07-09,01:30,4076.40,4082.20,4071.40,4080.50,947
2026-07-09,01:35,4080.70,4082.80,4079.60,4081.20,148
2026-07-09,01:40,4081.00,4084.40,4079.40,4082.20,137
2026-07-09,01:45,4081.80,4085.20,4081.50,4083.00,169
2026-07-09,01:50,4082.60,4083.40,4077.70,4078.30,553
2026-07-09,01:55,4078.20,4082.00,4077.90,4081.80,91
2026-07-09,02:00,4081.90,4085.10,4080.80,4084.20,409
2026-07-09,02:05,4083.20,4085.00,4082.80,4084.50,187
2026-07-09,02:10,4084.40,4089.00,4084.40,4088.00,358
2026-07-09,02:15,4087.40,4090.70,4086.20,4089.20,198
2026-07-09,02:20,4089.20,4089.50,4086.80,4088.50,188
2026-07-09,02:25,4088.10,4091.90,4088.10,4089.30,407
2026-07-09,02:30,4089.30,4090.60,4081.10,4081.40,523
2026-07-09,02:35,4081.50,4083.30,4079.20,4081.70,242
2026-07-09,02:40,4082.60,4083.60,4078.70,4079.70,158
2026-07-09,02:45,4079.80,4080.80,4077.20,4078.10,151
2026-07-09,02:50,4077.10,4077.20,4074.40,4075.80,417
2026-07-09,02:55,4076.70,4077.70,4073.10,4073.80,196
2026-07-09,03:00,4073.40,4076.30,4072.90,4075.60,142
2026-07-09,03:05,4075.50,4075.70,4068.20,4069.10,516
2026-07-09,03:10,4069.20,4069.90,4064.10,4067.90,433
2026-07-09,03:15,4067.60,4068.10,4063.40,4064.70,180
2026-07-09,03:20,4064.50,4068.40,4063.40,4067.80,254
2026-07-09,03:25,4068.40,4070.20,4066.40,4067.40,202
2026-07-09,03:30,4067.00,4072.60,4065.60,4071.90,177
2026-07-09,03:35,4071.90,4072.00,4068.70,4069.90,96
2026-07-09,03:40,4069.90,4071.00,4068.30,4071.00,44
2026-07-09,03:45,4071.30,4072.10,4070.20,4070.40,63
2026-07-09,03:50,4070.30,4072.80,4070.30,4071.90,123
2026-07-09,03:55,4072.10,4072.30,4070.90,4072.10,49
2026-07-09,04:00,4073.60,4073.60,4068.40,4070.40,252
2026-07-09,04:05,4070.60,4072.00,4070.10,4070.90,33
2026-07-09,04:10,4070.90,4073.10,4069.60,4069.60,87
2026-07-09,04:15,4069.60,4069.60,4066.50,4067.30,178
2026-07-09,04:20,4067.10,4070.20,4066.90,4068.90,142
2026-07-09,04:25,4069.20,4069.30,4067.50,4067.50,639
2026-07-09,04:30,4068.00,4073.50,4068.00,4072.70,252
2026-07-09,04:35,4072.40,4073.60,4070.80,4073.10,211
2026-07-09,04:40,4072.90,4072.90,4065.90,4067.40,420
2026-07-09,04:45,4067.20,4070.40,4065.90,4070.40,205
2026-07-09,04:50,4070.90,4072.00,4069.00,4071.70,188
2026-07-09,04:55,4072.20,4073.70,4071.30,4073.70,151
2026-07-09,05:00,4073.70,4081.30,4073.00,4075.90,921
2026-07-09,05:05,4076.00,4078.60,4075.70,4077.50,139
2026-07-09,05:10,4077.80,4085.30,4077.60,4082.90,679
2026-07-09,05:15,4083.10,4083.40,4077.20,4077.30,323
2026-07-09,05:20,4077.40,4079.00,4076.20,4078.20,106
2026-07-09,05:25,4077.40,4081.80,4077.20,4081.40,133
2026-07-09,05:30,4082.00,4083.00,4073.80,4080.30,578
2026-07-09,05:35,4080.80,4086.30,4078.70,4085.30,424
2026-07-09,05:40,4084.90,4085.90,4082.90,4085.00,516
2026-07-09,05:45,4085.30,4089.10,4083.40,4089.00,252
2026-07-09,05:50,4089.20,4092.30,4087.90,4088.90,545
2026-07-09,05:55,4088.90,4093.80,4088.20,4091.40,328
2026-07-09,06:00,4091.30,4109.30,4090.80,4102.40,1766
2026-07-09,06:05,4102.50,4103.30,4097.80,4098.40,596
2026-07-09,06:10,4098.80,4102.10,4097.80,4101.50,218
2026-07-09,06:15,4101.30,4105.00,4101.00,4102.80,334
2026-07-09,06:20,4103.80,4110.80,4102.80,4107.70,807
2026-07-09,06:25,4107.40,4112.60,4107.30,4111.20,583
2026-07-09,06:30,4111.80,4116.70,4109.00,4113.70,514
2026-07-09,06:35,4113.70,4115.60,4108.00,4108.00,532
2026-07-09,06:40,4108.10,4112.70,4105.60,4112.50,724
2026-07-09,06:45,4112.30,4115.00,4112.00,4112.60,382
2026-07-09,06:50,4113.00,4114.90,4112.60,4113.30,134
2026-07-09,06:55,4113.10,4117.70,4112.70,4117.70,326
2026-07-09,07:00,4117.30,4119.90,4115.60,4115.80,547
2026-07-09,07:05,4115.70,4116.40,4112.60,4115.40,296
2026-07-09,07:10,4115.10,4116.10,4111.30,4111.30,285
2026-07-09,07:15,4111.40,4115.00,4111.40,4114.30,202
2026-07-09,07:20,4114.30,4115.70,4112.90,4115.40,386
2026-07-09,07:25,4115.60,4119.50,4114.50,4118.60,385
2026-07-09,07:30,4118.60,4119.20,4113.30,4116.60,392
2026-07-09,07:35,4116.40,4119.20,4115.80,4117.80,184
2026-07-09,07:40,4118.30,4120.90,4117.70,4118.90,334
2026-07-09,07:45,4118.60,4120.90,4116.00,4120.30,253
2026-07-09,07:50,4120.40,4121.00,4118.30,4118.30,176
2026-07-09,07:55,4118.00,4118.10,4114.20,4117.90,275
2026-07-09,08:00,4117.90,4119.20,4115.00,4117.40,202
2026-07-09,08:05,4117.10,4120.40,4116.50,4119.60,386
2026-07-09,08:10,4119.10,4119.60,4115.10,4117.80,157
2026-07-09,08:15,4118.00,4122.60,4117.60,4118.50,495
2026-07-09,08:20,4119.20,4127.40,4119.20,4125.20,1200
2026-07-09,08:25,4125.00,4125.10,4123.40,4124.40,138
2026-07-09,08:30,4124.20,4126.00,4119.30,4119.90,326
2026-07-09,08:35,4120.00,4124.60,4120.00,4124.50,268
2026-07-09,08:40,4123.90,4124.50,4122.40,4122.90,222
2026-07-09,08:45,4123.10,4123.10,4116.80,4118.80,320
2026-07-09,08:50,4118.90,4120.20,4118.20,4119.00,288
2026-07-09,08:55,4119.00,4120.10,4117.00,4117.90,195
2026-07-09,09:00,4118.00,4118.30,4115.60,4117.80,179
2026-07-09,09:05,4117.70,4118.80,4115.20,4115.80,145
2026-07-09,09:10,4116.00,4118.60,4115.70,4117.50,199
2026-07-09,09:15,4117.70,4121.00,4116.90,4119.30,259
2026-07-09,09:20,4119.00,4121.40,4116.90,4117.00,353
2026-07-09,09:25,4116.80,4118.20,4116.50,4117.50,144
2026-07-09,09:30,4117.50,4119.50,4114.10,4115.30,554
2026-07-09,09:35,4115.80,4117.10,4115.00,4115.70,128
2026-07-09,09:40,4115.70,4115.70,4112.60,4113.30,215
2026-07-09,09:45,4113.10,4114.50,4112.60,4114.50,139
2026-07-09,09:50,4114.90,4115.70,4113.20,4115.10,180
2026-07-09,09:55,4115.30,4116.80,4114.40,4115.70,126
2026-07-09,10:00,4115.80,4119.20,4113.40,4119.10,295
2026-07-09,10:05,4119.00,4119.00,4114.50,4116.10,144
2026-07-09,10:10,4116.70,4117.20,4114.00,4114.50,372
2026-07-09,10:15,4114.60,4116.10,4114.10,4114.10,80
2026-07-09,10:20,4114.30,4115.30,4113.90,4114.40,91
2026-07-09,10:25,4114.10,4114.70,4113.40,4113.80,201
2026-07-09,10:30,4113.20,4114.60,4111.00,4113.80,321
2026-07-09,10:35,4113.50,4114.60,4112.70,4114.00,109
2026-07-09,10:40,4113.60,4113.70,4112.20,4112.80,188
2026-07-09,10:45,4112.80,4113.30,4108.70,4110.30,928
2026-07-09,10:50,4110.00,4110.30,4103.70,4106.50,717
2026-07-09,10:55,4106.40,4108.50,4102.80,4108.00,473
2026-07-09,11:00,4108.20,4113.30,4106.90,4112.30,688
2026-07-09,11:05,4112.30,4112.40,4109.70,4111.60,123
2026-07-09,11:10,4111.80,4114.60,4111.00,4113.60,236
2026-07-09,11:15,4114.50,4116.80,4113.50,4114.20,232
2026-07-09,11:20,4114.10,4114.70,4108.60,4109.40,451
2026-07-09,11:25,4109.50,4110.80,4108.30,4109.50,378
2026-07-09,11:30,4109.80,4112.00,4109.50,4110.40,209
2026-07-09,11:35,4110.60,4115.00,4108.20,4114.80,394
2026-07-09,11:40,4114.60,4119.40,4114.20,4116.00,687
2026-07-09,11:45,4116.00,4117.70,4114.60,4115.90,386
2026-07-09,11:50,4115.60,4117.80,4114.40,4117.00,165
2026-07-09,11:55,4117.20,4120.40,4116.70,4118.70,323
2026-07-09,12:00,4118.70,4119.80,4115.70,4117.60,207
2026-07-09,12:05,4117.50,4130.30,4115.90,4125.20,1166
2026-07-09,12:10,4125.50,4127.00,4122.20,4122.60,501
2026-07-09,12:15,4122.80,4123.30,4117.30,4117.80,545
2026-07-09,12:20,4117.70,4118.60,4114.80,4116.30,894
2026-07-09,12:25,4116.20,4119.20,4114.90,4116.70,390
2026-07-09,12:30,4117.00,4126.00,4116.30,4125.70,1044
2026-07-09,12:35,4125.70,4131.40,4124.80,4130.50,2570
2026-07-09,12:40,4130.50,4132.40,4122.30,4122.50,866
2026-07-09,12:45,4122.90,4123.10,4120.50,4122.20,487
2026-07-09,12:50,4122.60,4124.50,4120.50,4121.20,418
2026-07-09,12:55,4121.40,4122.30,4116.80,4117.70,669
2026-07-09,13:00,4117.50,4124.40,4116.60,4121.50,722
2026-07-09,13:05,4121.80,4127.80,4121.00,4126.10,778
2026-07-09,13:10,4126.40,4131.00,4125.70,4130.60,888
2026-07-09,13:15,4130.70,4136.90,4129.10,4130.20,1723
2026-07-09,13:20,4130.40,4135.40,4128.40,4135.30,740
2026-07-09,13:25,4135.40,4137.30,4133.20,4135.70,546
2026-07-09,13:30,4136.10,4139.20,4129.40,4135.50,1493
2026-07-09,13:35,4135.00,4138.00,4132.10,4134.90,595
2026-07-09,13:40,4135.20,4139.60,4131.80,4137.30,1882
2026-07-09,13:45,4137.30,4137.70,4131.30,4133.40,1156
2026-07-09,13:50,4133.50,4136.70,4128.60,4128.60,813
2026-07-09,13:55,4128.70,4132.70,4127.60,4131.70,1087
2026-07-09,14:00,4131.30,4145.00,4131.10,4141.40,2093
2026-07-09,14:05,4141.30,4147.40,4135.60,4136.40,1390
2026-07-09,14:10,4136.30,4136.90,4129.80,4131.80,1247
2026-07-09,14:15,4132.10,4132.10,4125.50,4127.10,1035
2026-07-09,14:20,4126.90,4133.30,4123.70,4132.90,1450
2026-07-09,14:25,4133.00,4135.70,4131.20,4134.30,863
2026-07-09,14:30,4134.70,4135.10,4130.80,4134.50,509
2026-07-09,14:35,4134.50,4136.60,4131.10,4133.00,537
2026-07-09,14:40,4132.70,4134.60,4130.40,4133.90,567
2026-07-09,14:45,4134.10,4135.10,4128.50,4129.20,609
2026-07-09,14:50,4129.10,4134.00,4127.90,4134.00,562
2026-07-09,14:55,4133.70,4138.00,4132.70,4137.30,608
2026-07-09,15:00,4137.70,4138.40,4134.90,4136.20,513
2026-07-09,15:05,4136.70,4140.80,4135.10,4136.60,551
2026-07-09,15:10,4136.50,4137.20,4134.60,4135.30,361
2026-07-09,15:15,4135.10,4137.70,4134.80,4137.00,618
2026-07-09,15:20,4137.00,4140.50,4134.60,4139.70,425
2026-07-09,15:25,4139.30,4140.60,4136.90,4137.70,618
2026-07-09,15:30,4137.50,4138.50,4136.10,4137.00,369
2026-07-09,15:35,4136.90,4140.40,4136.60,4140.40,1106
2026-07-09,15:40,4140.50,4141.30,4138.40,4139.90,389
2026-07-09,15:45,4140.20,4143.00,4138.50,4139.20,386
2026-07-09,15:50,4139.20,4141.50,4136.10,4137.20,656
2026-07-09,15:55,4137.30,4138.40,4136.20,4136.40,446
2026-07-09,16:00,4136.80,4139.50,4135.40,4135.80,258
2026-07-09,16:05,4135.90,4138.90,4135.60,4138.70,196
2026-07-09,16:10,4138.80,4141.40,4137.60,4140.20,429
2026-07-09,16:15,4140.10,4143.60,4139.10,4139.60,366
2026-07-09,16:20,4139.50,4141.50,4138.80,4140.50,325
2026-07-09,16:25,4140.50,4142.90,4138.80,4142.90,298
2026-07-09,16:30,4142.30,4148.40,4142.10,4145.00,1005
2026-07-09,16:35,4144.40,4145.70,4141.20,4142.70,354
2026-07-09,16:40,4142.50,4144.00,4141.60,4143.70,266
2026-07-09,16:45,4143.30,4144.20,4140.70,4140.70,281
2026-07-09,16:50,4141.00,4143.50,4140.60,4143.20,252
2026-07-09,16:55,4142.90,4142.90,4137.70,4137.70,1686
2026-07-09,17:00,4137.80,4138.50,4135.60,4138.20,857
2026-07-09,17:05,4138.00,4138.60,4136.30,4137.40,796
2026-07-09,17:10,4137.60,4138.00,4135.30,4137.20,394
2026-07-09,17:15,4136.80,4137.80,4134.50,4136.50,688
2026-07-09,17:20,4136.30,4138.50,4135.30,4138.00,666
2026-07-09,17:25,4138.00,4141.90,4135.90,4141.60,3378
2026-07-09,17:30,4141.70,4144.00,4139.10,4139.80,1919
2026-07-09,17:35,4139.70,4144.30,4139.50,4143.20,327
2026-07-09,17:40,4143.30,4143.80,4141.70,4142.00,224
2026-07-09,17:45,4141.90,4148.30,4141.80,4145.90,1583
2026-07-09,17:50,4146.30,4147.50,4144.90,4145.30,335
2026-07-09,17:55,4145.20,4146.90,4144.00,4146.10,297
2026-07-09,18:00,4145.90,4146.50,4140.70,4141.20,462
2026-07-09,18:05,4141.20,4142.10,4139.40,4140.70,241
2026-07-09,18:10,4140.50,4140.50,4137.10,4138.70,296
2026-07-09,18:15,4138.40,4138.40,4136.40,4137.20,491
2026-07-09,18:20,4136.90,4137.10,4133.50,4134.50,316
2026-07-09,18:25,4134.40,4134.90,4132.70,4133.80,215
2026-07-09,18:30,4133.80,4134.80,4132.50,4133.60,142
2026-07-09,18:35,4134.10,4134.10,4131.10,4132.10,227
2026-07-09,18:40,4132.00,4135.20,4131.90,4135.20,283
2026-07-09,18:45,4135.20,4135.30,4133.40,4133.90,110
2026-07-09,18:50,4134.20,4134.20,4132.10,4133.70,155
2026-07-09,18:55,4133.70,4135.00,4132.60,4134.50,117
2026-07-09,19:00,4134.10,4136.90,4133.10,4134.50,218
2026-07-09,19:05,4134.40,4135.20,4133.00,4133.20,97
2026-07-09,19:10,4133.00,4134.10,4132.60,4134.10,105
2026-07-09,19:15,4134.30,4135.00,4133.10,4133.40,77
2026-07-09,19:20,4133.80,4134.00,4131.50,4131.60,256
2026-07-09,19:25,4131.40,4131.80,4130.30,4130.60,144
2026-07-09,19:30,4130.60,4131.40,4129.20,4130.50,284
2026-07-09,19:35,4130.30,4132.30,4129.80,4130.20,202
2026-07-09,19:40,4130.20,4131.20,4128.30,4130.00,220
2026-07-09,19:45,4130.20,4132.10,4129.80,4132.00,130
2026-07-09,19:50,4131.80,4133.40,4130.30,4131.30,283
2026-07-09,19:55,4131.70,4132.60,4130.20,4132.40,303
2026-07-09,20:00,4132.10,4133.90,4131.10,4132.00,178
2026-07-09,20:05,4131.80,4132.30,4131.20,4131.50,58
2026-07-09,20:10,4131.50,4131.60,4130.30,4131.20,36
2026-07-09,20:15,4131.20,4131.70,4130.70,4131.50,30
2026-07-09,20:20,4131.40,4132.30,4131.00,4131.30,35
2026-07-09,20:25,4131.40,4131.60,4130.00,4130.60,40
2026-07-09,20:30,4130.40,4133.60,4130.30,4133.30,244
2026-07-09,20:35,4133.50,4135.10,4133.10,4133.30,72
2026-07-09,20:40,4133.40,4134.40,4133.00,4133.90,73
2026-07-09,20:45,4133.50,4133.50,4132.30,4132.90,54
2026-07-09,20:50,4132.70,4133.40,4132.50,4133.40,35
2026-07-09,20:55,4133.00,4134.00,4132.40,4132.60,118
2026-07-09,22:00,4135.40,4135.50,4133.40,4134.20,0
2026-07-09,22:05,4134.20,4136.80,4131.60,4131.60,219
2026-07-09,22:10,4131.90,4133.00,4130.80,4132.80,87
2026-07-09,22:15,4132.50,4134.00,4132.40,4132.40,29
2026-07-09,22:20,4132.10,4132.80,4131.50,4132.80,24
2026-07-09,22:25,4132.60,4133.70,4131.60,4132.60,95
2026-07-09,22:30,4132.10,4133.10,4131.50,4132.20,50
2026-07-09,22:35,4132.10,4134.00,4131.80,4133.00,125
2026-07-09,22:40,4132.80,4133.30,4131.50,4132.70,105
2026-07-09,22:45,4133.00,4133.20,4131.00,4131.50,77
2026-07-09,22:50,4131.50,4132.20,4130.50,4132.00,152
2026-07-09,22:55,4131.90,4133.00,4130.70,4130.70,59
2026-07-09,23:00,4130.80,4132.20,4130.10,4132.20,55
2026-07-09,23:05,4132.30,4133.90,4131.90,4133.20,53
2026-07-09,23:10,4133.10,4133.70,4132.00,4133.00,37
2026-07-09,23:15,4133.30,4133.60,4133.30,4133.60,6
2026-07-09,23:20,4133.70,4134.20,4131.00,4131.40,94
2026-07-09,23:25,4131.50,4132.40,4130.30,4131.40,138
2026-07-09,23:30,4131.20,4131.50,4130.10,4131.00,31
2026-07-09,23:35,4131.20,4132.10,4131.20,4132.10,20
2026-07-09,23:40,4132.00,4132.30,4131.90,4132.00,11
2026-07-09,23:45,4132.00,4133.90,4130.90,4133.20,89
2026-07-09,23:50,4133.50,4133.70,4131.90,4132.20,28
2026-07-09,23:55,4132.10,4133.10,4132.10,4132.60,26
2026-07-10,00:00,4132.50,4134.60,4129.00,4133.10,281
2026-07-10,00:05,4133.00,4134.20,4130.30,4132.10,125
2026-07-10,00:10,4132.50,4132.50,4130.40,4131.90,41
2026-07-10,00:15,4132.40,4132.90,4130.00,4130.30,79
2026-07-10,00:20,4130.20,4131.50,4128.00,4128.50,285
2026-07-10,00:25,4128.10,4129.10,4125.80,4128.60,233
2026-07-10,00:30,4128.40,4128.40,4123.50,4124.80,227
2026-07-10,00:35,4125.20,4129.00,4124.90,4128.40,129
2026-07-10,00:40,4127.70,4133.00,4127.40,4132.40,203
2026-07-10,00:45,4132.00,4135.00,4131.30,4133.60,206
2026-07-10,00:50,4134.00,4136.40,4130.30,4131.90,264
2026-07-10,00:55,4132.00,4137.80,4132.00,4135.80,379
2026-07-10,01:00,4136.20,4140.80,4129.40,4131.40,736
2026-07-10,01:05,4131.40,4135.90,4128.10,4135.20,319
2026-07-10,01:10,4134.50,4136.00,4131.20,4134.00,113
2026-07-10,01:15,4134.50,4137.50,4132.80,4135.40,267
2026-07-10,01:20,4135.20,4135.40,4130.00,4132.10,145
2026-07-10,01:25,4132.20,4132.50,4129.90,4130.80,111
2026-07-10,01:30,4131.70,4133.20,4128.20,4129.00,187
2026-07-10,01:35,4129.20,4130.30,4118.60,4122.30,974
2026-07-10,01:40,4122.20,4123.60,4119.40,4121.10,484
2026-07-10,01:45,4121.40,4124.30,4118.30,4122.70,402
2026-07-10,01:50,4123.80,4126.80,4122.80,4125.40,144
2026-07-10,01:55,4125.80,4130.80,4125.00,4127.10,222
2026-07-10,02:00,4126.70,4128.60,4125.90,4128.40,106
2026-07-10,02:05,4127.20,4136.10,4127.20,4134.50,361
2026-07-10,02:10,4134.00,4138.60,4133.70,4134.70,403
2026-07-10,02:15,4134.80,4137.90,4133.50,4137.70,171
2026-07-10,02:20,4137.40,4137.60,4131.40,4133.70,221
2026-07-10,02:25,4133.90,4135.80,4133.80,4135.80,93
2026-07-10,02:30,4135.30,4138.40,4132.70,4132.70,189
2026-07-10,02:35,4132.70,4133.80,4131.20,4133.10,116
2026-07-10,02:40,4133.10,4136.20,4132.30,4135.30,222
2026-07-10,02:45,4135.20,4135.50,4133.30,4135.50,70
2026-07-10,02:50,4135.30,4138.90,4135.30,4137.70,179
2026-07-10,02:55,4137.30,4137.60,4135.10,4137.60,92
2026-07-10,03:00,4137.50,4141.90,4136.90,4139.30,288
2026-07-10,03:05,4139.40,4144.60,4138.10,4140.90,480
2026-07-10,03:10,4141.40,4141.60,4136.00,4136.40,351
2026-07-10,03:15,4136.60,4138.30,4135.30,4135.90,162
2026-07-10,03:20,4135.90,4135.90,4130.40,4131.80,386
2026-07-10,03:25,4132.10,4136.20,4132.00,4135.10,262
2026-07-10,03:30,4134.70,4137.50,4133.40,4137.00,184
2026-07-10,03:35,4137.30,4137.30,4132.10,4132.50,262
2026-07-10,03:40,4132.50,4133.10,4130.70,4131.10,86
2026-07-10,03:45,4130.80,4131.80,4130.10,4130.80,110
2026-07-10,03:50,4130.80,4131.50,4128.90,4129.90,171
2026-07-10,03:55,4130.20,4131.20,4129.00,4129.50,51
2026-07-10,04:00,4128.80,4129.20,4127.00,4129.10,190
2026-07-10,04:05,4129.80,4130.10,4127.10,4127.40,81
2026-07-10,04:10,4127.50,4130.40,4126.00,4130.10,183
2026-07-10,04:15,4130.00,4130.50,4128.60,4129.10,68
2026-07-10,04:20,4129.10,4129.50,4121.20,4123.50,434
2026-07-10,04:25,4123.10,4127.00,4121.60,4126.50,411
2026-07-10,04:30,4126.20,4127.40,4125.90,4127.00,69
2026-07-10,04:35,4126.90,4128.70,4126.90,4128.30,51
2026-07-10,04:40,4128.50,4128.80,4127.30,4128.20,50
2026-07-10,04:45,4128.20,4128.20,4125.70,4126.00,76
2026-07-10,04:50,4126.00,4126.30,4124.40,4126.00,66
2026-07-10,04:55,4125.80,4126.70,4123.60,4123.90,97
2026-07-10,05:00,4124.10,4124.50,4122.10,4123.60,74
2026-07-10,05:05,4123.60,4125.20,4122.10,4122.70,97
2026-07-10,05:10,4122.70,4123.50,4122.00,4122.80,33
2026-07-10,05:15,4123.10,4126.00,4123.10,4125.90,170
2026-07-10,05:20,4125.60,4125.80,4121.70,4123.20,235
2026-07-10,05:25,4123.40,4124.60,4122.30,4123.00,118
2026-07-10,05:30,4122.80,4124.10,4118.60,4121.80,516
2026-07-10,05:35,4121.90,4123.10,4117.70,4118.30,231
2026-07-10,05:40,4118.00,4123.00,4117.70,4122.80,153
2026-07-10,05:45,4122.30,4122.80,4117.00,4120.80,273
2026-07-10,05:50,4121.10,4123.90,4121.10,4123.60,122
2026-07-10,05:55,4123.40,4126.00,4122.20,4125.50,199
2026-07-10,06:00,4125.50,4128.10,4124.40,4126.60,331
2026-07-10,06:05,4126.60,4127.80,4125.20,4126.00,134
2026-07-10,06:10,4127.10,4127.20,4123.40,4123.80,96
2026-07-10,06:15,4123.70,4129.00,4122.50,4129.00,176
2026-07-10,06:20,4128.50,4128.50,4125.20,4126.80,161
2026-07-10,06:25,4127.00,4127.20,4123.30,4123.40,213
2026-07-10,06:30,4123.30,4125.10,4121.50,4123.00,168
2026-07-10,06:35,4122.90,4124.80,4122.60,4124.20,156
2026-07-10,06:40,4124.30,4124.30,4120.00,4120.60,275
2026-07-10,06:45,4120.20,4123.20,4120.10,4121.80,181
2026-07-10,06:50,4122.50,4123.20,4120.80,4122.70,103
2026-07-10,06:55,4122.50,4122.70,4120.20,4120.60,203
2026-07-10,07:00,4120.30,4121.90,4119.40,4121.30,420
2026-07-10,07:05,4121.30,4122.50,4118.30,4119.80,422
2026-07-10,07:10,4120.30,4121.50,4117.70,4120.20,236
2026-07-10,07:15,4120.40,4123.10,4117.50,4123.10,410
2026-07-10,07:20,4123.30,4124.40,4121.50,4123.00,167
2026-07-10,07:25,4122.80,4123.20,4121.00,4121.50,110
2026-07-10,07:30,4121.70,4123.50,4120.40,4121.70,194
2026-07-10,07:35,4122.50,4122.80,4119.10,4120.70,164
2026-07-10,07:40,4120.40,4120.40,4114.20,4115.60,354
2026-07-10,07:45,4116.00,4116.40,4113.00,4113.90,300
2026-07-10,07:50,4114.10,4117.20,4113.70,4116.50,469
2026-07-10,07:55,4116.90,4118.70,4114.50,4117.90,294
2026-07-10,08:00,4117.60,4118.30,4112.80,4114.00,678
2026-07-10,08:05,4113.90,4116.80,4113.60,4115.90,206
2026-07-10,08:10,4115.90,4116.30,4114.10,4116.30,89
2026-07-10,08:15,4116.40,4117.40,4115.00,4116.40,95
2026-07-10,08:20,4116.10,4117.80,4113.70,4114.00,133
2026-07-10,08:25,4114.00,4114.60,4111.80,4113.10,372
2026-07-10,08:30,4112.70,4114.30,4110.50,4110.70,316
2026-07-10,08:35,4111.00,4111.80,4108.20,4111.70,354
2026-07-10,08:40,4111.50,4111.50,4108.80,4110.60,229
2026-07-10,08:45,4110.40,4110.40,4103.30,4104.60,594
2026-07-10,08:50,4104.70,4107.50,4104.00,4105.90,859
2026-07-10,08:55,4105.70,4107.30,4104.60,4106.50,342
2026-07-10,09:00,4106.50,4109.20,4103.00,4107.20,554
2026-07-10,09:05,4107.20,4108.80,4107.10,4108.10,187
2026-07-10,09:10,4107.90,4110.00,4105.90,4109.60,328
2026-07-10,09:15,4109.50,4111.60,4109.10,4110.10,476
2026-07-10,09:20,4110.60,4111.20,4108.80,4111.20,351
2026-07-10,09:25,4111.20,4112.70,4109.50,4111.70,418
2026-07-10,09:30,4111.50,4111.90,4109.50,4111.00,356
2026-07-10,09:35,4110.90,4111.40,4107.60,4110.60,259
2026-07-10,09:40,4110.50,4113.20,4110.20,4112.00,191
2026-07-10,09:45,4112.10,4113.40,4111.50,4112.60,96
2026-07-10,09:50,4112.80,4113.80,4111.20,4113.70,175
2026-07-10,09:55,4113.70,4114.50,4112.40,4113.70,168
2026-07-10,10:00,4113.80,4117.60,4113.10,4117.60,167
2026-07-10,10:05,4117.40,4117.60,4114.70,4115.10,183
2026-07-10,10:10,4115.00,4117.10,4114.90,4115.50,199
2026-07-10,10:15,4115.60,4117.00,4115.30,4116.10,114
2026-07-10,10:20,4116.30,4121.80,4116.10,4120.10,654
2026-07-10,10:25,4120.30,4120.70,4116.80,4118.50,383
2026-07-10,10:30,4118.70,4119.70,4115.40,4115.70,173
2026-07-10,10:35,4115.70,4118.00,4115.50,4117.00,160
2026-07-10,10:40,4117.00,4118.30,4116.30,4118.30,91
2026-07-10,10:45,4118.40,4118.40,4116.00,4116.20,164
2026-07-10,10:50,4116.30,4117.80,4115.40,4117.50,729
2026-07-10,10:55,4117.30,4117.50,4113.20,4113.50,343
2026-07-10,11:00,4113.30,4117.10,4113.30,4115.90,194
2026-07-10,11:05,4115.80,4116.00,4113.40,4114.60,410
2026-07-10,11:10,4114.70,4116.80,4114.70,4115.10,211
2026-07-10,11:15,4115.60,4116.80,4115.30,4116.20,105
2026-07-10,11:20,4116.00,4116.90,4114.40,4116.40,179
2026-07-10,11:25,4116.80,4117.10,4108.60,4108.60,431
2026-07-10,11:30,4108.80,4112.00,4107.30,4108.10,360
2026-07-10,11:35,4108.00,4108.60,4104.50,4106.40,339
2026-07-10,11:40,4106.80,4116.10,4106.70,4115.50,482
2026-07-10,11:45,4115.20,4116.80,4114.50,4114.50,171
2026-07-10,11:50,4114.60,4116.90,4114.00,4114.00,152
2026-07-10,11:55,4114.00,4114.00,4110.80,4111.00,229
2026-07-10,12:00,4111.40,4112.80,4110.30,4111.60,168
2026-07-10,12:05,4110.80,4112.70,4109.80,4112.70,95
2026-07-10,12:10,4112.80,4127.00,4111.50,4123.60,2201
2026-07-10,12:15,4123.90,4125.10,4116.70,4117.70,702
2026-07-10,12:20,4117.50,4119.40,4114.00,4115.70,480
2026-07-10,12:25,4115.50,4115.90,4111.50,4114.80,419
2026-07-10,12:30,4114.80,4115.60,4110.30,4110.60,495
2026-07-10,12:35,4110.80,4111.40,4106.00,4110.30,677
2026-07-10,12:40,4110.00,4111.10,4106.60,4106.70,428
2026-07-10,12:45,4106.70,4111.60,4106.40,4110.30,518
2026-07-10,12:50,4110.40,4113.60,4108.50,4109.00,550
2026-07-10,12:55,4109.00,4110.70,4107.70,4109.30,541
2026-07-10,13:00,4109.70,4114.00,4107.40,4109.30,779
2026-07-10,13:05,4109.30,4114.80,4108.70,4114.40,474
2026-07-10,13:10,4113.90,4114.20,4110.10,4113.00,283
2026-07-10,13:15,4113.20,4115.50,4109.10,4111.30,455
2026-07-10,13:20,4111.00,4111.70,4104.50,4105.30,369
2026-07-10,13:25,4105.50,4106.70,4093.70,4095.90,2327
2026-07-10,13:30,4096.00,4105.50,4095.30,4098.60,1182
2026-07-10,13:35,4098.40,4106.00,4096.10,4105.90,569
2026-07-10,13:40,4106.10,4111.20,4103.90,4107.20,1042
2026-07-10,13:45,4107.20,4110.80,4105.90,4109.90,510
2026-07-10,13:50,4109.70,4114.30,4108.60,4111.50,438
2026-07-10,13:55,4111.20,4111.20,4106.50,4108.70,533
2026-07-10,14:00,4108.30,4110.70,4106.10,4109.50,782
2026-07-10,14:05,4109.80,4111.80,4108.20,4109.20,504
2026-07-10,14:10,4109.30,4112.20,4106.60,4108.80,637
2026-07-10,14:15,4108.80,4114.30,4106.10,4113.10,498
2026-07-10,14:20,4113.70,4116.60,4111.50,4111.90,867
2026-07-10,14:25,4111.50,4118.60,4109.30,4114.30,867
2026-07-10,14:30,4114.70,4116.80,4081.70,4098.80,4499
2026-07-10,14:35,4099.40,4107.20,4097.00,4104.50,1652
2026-07-10,14:40,4104.90,4111.00,4104.30,4108.50,849
2026-07-10,14:45,4108.20,4117.10,4107.80,4116.60,935
2026-07-10,14:50,4116.10,4116.40,4109.30,4110.50,541
2026-07-10,14:55,4110.50,4110.90,4100.70,4101.70,1029
2026-07-10,15:00,4101.90,4108.10,4100.10,4106.00,593
2026-07-10,15:05,4106.50,4109.60,4105.10,4107.70,389
2026-07-10,15:10,4107.70,4110.00,4106.00,4106.10,383
2026-07-10,15:15,4106.90,4112.30,4106.90,4108.70,495
2026-07-10,15:20,4108.70,4116.00,4107.90,4114.60,522
2026-07-10,15:25,4114.30,4117.00,4109.50,4111.40,826
2026-07-10,15:30,4111.50,4113.00,4110.60,4112.50,345
2026-07-10,15:35,4112.70,4115.50,4110.70,4115.20,245
2026-07-10,15:40,4115.00,4116.10,4112.90,4115.30,295
2026-07-10,15:45,4115.60,4119.70,4115.00,4119.00,612
2026-07-10,15:50,4119.20,4121.20,4117.50,4119.60,328
2026-07-10,15:55,4119.80,4122.70,4118.60,4122.10,742
2026-07-10,16:00,4122.40,4124.00,4120.40,4120.40,594
2026-07-10,16:05,4120.50,4121.50,4118.20,4120.60,416
2026-07-10,16:10,4120.70,4121.90,4116.90,4119.40,432
2026-07-10,16:15,4119.50,4122.50,4119.50,4120.20,427
2026-07-10,16:20,4119.80,4120.40,4116.20,4120.00,461
2026-07-10,16:25,4120.10,4123.60,4120.00,4123.60,294
2026-07-10,16:30,4123.50,4124.80,4121.90,4121.90,250
2026-07-10,16:35,4122.10,4123.60,4121.10,4121.60,378
2026-07-10,16:40,4121.60,4122.90,4118.00,4118.30,368
2026-07-10,16:45,4118.60,4119.10,4116.70,4116.90,310
2026-07-10,16:50,4116.90,4118.40,4115.00,4115.30,827
2026-07-10,16:55,4115.40,4116.00,4113.30,4113.60,279
2026-07-10,17:00,4113.40,4114.40,4111.80,4112.20,373
2026-07-10,17:05,4111.80,4114.60,4111.30,4112.90,281
2026-07-10,17:10,4113.00,4114.50,4111.60,4112.70,375
2026-07-10,17:15,4113.00,4115.40,4112.90,4113.50,401
2026-07-10,17:20,4114.00,4115.80,4113.80,4114.60,393
2026-07-10,17:25,4114.40,4115.00,4112.80,4114.40,2360
2026-07-10,17:30,4114.40,4115.80,4113.60,4114.20,395
2026-07-10,17:35,4114.00,4114.30,4112.40,4112.70,607
2026-07-10,17:40,4113.00,4114.20,4112.10,4112.80,185
2026-07-10,17:45,4112.70,4113.50,4111.70,4112.30,163
2026-07-10,17:50,4112.30,4114.10,4112.20,4112.70,154
2026-07-10,17:55,4112.70,4112.70,4109.40,4109.60,410
2026-07-10,18:00,4109.80,4111.80,4108.90,4111.80,444
2026-07-10,18:05,4111.80,4112.90,4110.80,4112.30,256
2026-07-10,18:10,4112.60,4114.30,4112.10,4113.80,299
2026-07-10,18:15,4113.90,4113.90,4111.00,4112.30,195
2026-07-10,18:20,4112.00,4113.40,4111.40,4111.40,193
2026-07-10,18:25,4111.60,4114.80,4111.40,4111.80,286
2026-07-10,18:30,4112.00,4112.50,4110.10,4112.20,263
2026-07-10,18:35,4111.90,4112.20,4108.30,4108.60,341
2026-07-10,18:40,4108.50,4109.40,4107.10,4107.70,257
2026-07-10,18:45,4107.70,4108.80,4106.80,4108.80,202
2026-07-10,18:50,4109.00,4110.00,4108.30,4110.00,179
2026-07-10,18:55,4109.80,4110.20,4108.90,4109.70,232
2026-07-10,19:00,4109.70,4109.70,4106.30,4106.40,293
2026-07-10,19:05,4106.70,4111.10,4106.30,4109.90,472
2026-07-10,19:10,4109.70,4110.40,4107.40,4110.20,182
2026-07-10,19:15,4110.20,4111.50,4109.80,4111.40,137
2026-07-10,19:20,4111.30,4111.90,4110.30,4110.30,88
2026-07-10,19:25,4110.40,4111.20,4110.30,4110.30,143
2026-07-10,19:30,4110.10,4111.20,4109.00,4109.80,281
2026-07-10,19:35,4109.90,4111.40,4109.40,4110.60,170
2026-07-10,19:40,4110.60,4112.00,4110.20,4110.90,179
2026-07-10,19:45,4111.10,4113.60,4110.80,4113.30,193
2026-07-10,19:50,4113.40,4114.30,4112.70,4114.00,261
2026-07-10,19:55,4114.00,4117.00,4113.60,4116.60,446
2026-07-10,20:00,4116.40,4123.40,4116.30,4122.00,370
2026-07-10,20:05,4121.70,4121.70,4119.10,4119.80,127
2026-07-10,20:10,4120.10,4120.80,4119.30,4120.40,84
2026-07-10,20:15,4120.20,4120.70,4119.00,4120.50,92
2026-07-10,20:20,4120.50,4121.20,4120.10,4120.60,72
2026-07-10,20:25,4120.30,4120.60,4119.00,4119.60,72
2026-07-10,20:30,4119.70,4120.30,4118.80,4120.20,64
2026-07-10,20:35,4120.30,4120.30,4119.20,4119.90,31
2026-07-10,20:40,4120.00,4120.90,4119.50,4120.30,38
2026-07-10,20:45,4120.00,4122.10,4120.00,4122.00,92
2026-07-10,20:50,4121.90,4128.20,4121.40,4127.40,274
2026-07-10,20:55,4127.30,4129.00,4113.70,4113.70,247
2026-07-12,22:10,4097.90,4102.20,4088.40,4089.00,442
2026-07-12,22:15,4089.40,4096.00,4088.80,4093.90,273
2026-07-12,22:20,4093.20,4095.50,4089.90,4089.90,150
2026-07-12,22:25,4090.00,4093.60,4087.40,4091.50,215
2026-07-12,22:30,4091.60,4094.20,4090.20,4090.70,135
2026-07-12,22:35,4090.90,4092.00,4088.20,4089.70,84
2026-07-12,22:40,4089.70,4090.00,4085.40,4085.60,284
2026-07-12,22:45,4086.40,4087.10,4076.80,4085.90,622
2026-07-12,22:50,4085.60,4088.80,4084.20,4085.10,170
2026-07-12,22:55,4084.70,4087.10,4082.70,4084.30,270
2026-07-12,23:00,4084.00,4084.10,4075.80,4077.70,499
2026-07-12,23:05,4078.40,4080.90,4077.70,4078.20,126
2026-07-12,23:10,4079.60,4080.00,4076.80,4078.20,143
2026-07-12,23:15,4078.20,4079.70,4077.40,4077.50,115
2026-07-12,23:20,4077.40,4080.50,4076.60,4080.00,140
2026-07-12,23:25,4080.00,4083.40,4079.20,4082.30,104
2026-07-12,23:30,4082.30,4082.50,4080.20,4080.20,52
2026-07-12,23:35,4080.80,4085.30,4079.30,4085.20,194
2026-07-12,23:40,4085.40,4087.30,4084.40,4085.80,182
2026-07-12,23:45,4085.70,4087.10,4083.70,4086.20,132
2026-07-12,23:50,4086.50,4091.40,4086.00,4088.70,247
2026-07-12,23:55,4088.60,4093.30,4088.00,4092.90,251
2026-07-13,00:00,4093.10,4095.00,4089.00,4092.30,351
2026-07-13,00:05,4092.60,4099.00,4091.90,4096.80,437
2026-07-13,00:10,4097.50,4099.70,4094.20,4095.40,158
2026-07-13,00:15,4095.80,4096.10,4088.20,4090.30,234
2026-07-13,00:20,4090.60,4091.90,4088.40,4090.90,174
2026-07-13,00:25,4090.60,4090.90,4082.80,4083.10,441
2026-07-13,00:30,4082.80,4083.60,4069.40,4071.00,1028
2026-07-13,00:35,4070.40,4078.50,4070.20,4077.90,446
2026-07-13,00:40,4077.40,4082.00,4076.40,4081.90,292
2026-07-13,00:45,4082.00,4085.40,4077.20,4077.70,372
2026-07-13,00:50,4077.40,4083.20,4077.40,4083.20,404
2026-07-13,00:55,4082.10,4086.20,4081.30,4082.10,264
2026-07-13,01:00,4082.90,4084.90,4074.00,4080.00,973
2026-07-13,01:05,4080.00,4089.90,4079.00,4086.50,438
2026-07-13,01:10,4086.00,4089.30,4085.30,4088.50,132
2026-07-13,01:15,4088.20,4091.10,4081.30,4082.10,368
2026-07-13,01:20,4082.30,4084.60,4079.40,4082.60,385
2026-07-13,01:25,4083.10,4088.90,4082.90,4087.70,309
2026-07-13,01:30,4087.70,4098.30,4086.00,4093.50,759
2026-07-13,01:35,4092.70,4097.20,4090.60,4096.60,205
2026-07-13,01:40,4096.20,4096.20,4091.40,4092.50,173
2026-07-13,01:45,4093.90,4095.70,4091.20,4094.40,199
2026-07-13,01:50,4094.90,4096.80,4082.60,4082.60,744
2026-07-13,01:55,4082.60,4084.20,4075.30,4080.20,1199
2026-07-13,02:00,4080.50,4082.50,4077.90,4078.50,388
2026-07-13,02:05,4078.90,4081.80,4078.00,4081.10,185
2026-07-13,02:10,4081.50,4083.00,4078.30,4080.50,371
2026-07-13,02:15,4080.00,4082.30,4078.80,4081.00,152
2026-07-13,02:20,4081.50,4082.30,4077.00,4078.60,296
2026-07-13,02:25,4078.60,4079.30,4074.60,4075.50,371
2026-07-13,02:30,4075.40,4082.00,4072.60,4081.70,605
2026-07-13,02:35,4082.00,4085.50,4082.00,4083.40,345
2026-07-13,02:40,4083.00,4083.00,4079.20,4080.70,381
2026-07-13,02:45,4080.10,4080.90,4076.20,4077.30,203
2026-07-13,02:50,4077.90,4079.00,4077.00,4078.80,119
2026-07-13,02:55,4078.90,4080.00,4076.80,4076.80,80
2026-07-13,03:00,4076.50,4077.20,4071.50,4072.10,383
2026-07-13,03:05,4071.90,4072.70,4066.30,4069.30,986
2026-07-13,03:10,4069.10,4069.60,4060.70,4065.80,954
2026-07-13,03:15,4066.20,4068.80,4065.80,4067.50,166
2026-07-13,03:20,4067.70,4069.80,4066.20,4069.30,328
2026-07-13,03:25,4069.10,4070.30,4066.60,4069.90,243
2026-07-13,03:30,4069.50,4070.30,4065.60,4065.60,205
2026-07-13,03:35,4065.60,4068.20,4064.50,4067.40,156
2026-07-13,03:40,4067.20,4068.00,4065.10,4065.10,74
2026-07-13,03:45,4065.40,4068.60,4065.30,4067.80,69
2026-07-13,03:50,4068.10,4068.80,4066.20,4067.20,60
2026-07-13,03:55,4067.50,4067.90,4066.00,4067.40,32
2026-07-13,04:00,4068.10,4068.10,4064.00,4064.60,152
2026-07-13,04:05,4065.40,4066.20,4063.00,4064.00,116
2026-07-13,04:10,4063.60,4064.80,4060.00,4061.70,231
2026-07-13,04:15,4062.20,4065.60,4057.80,4065.10,549
2026-07-13,04:20,4065.00,4065.30,4063.70,4065.00,213
2026-07-13,04:25,4064.80,4065.00,4061.20,4063.10,171
2026-07-13,04:30,4063.10,4065.30,4061.60,4063.70,190
2026-07-13,04:35,4063.50,4065.00,4062.70,4064.30,67
2026-07-13,04:40,4064.40,4064.40,4060.80,4062.00,119
2026-07-13,04:45,4062.10,4062.80,4060.10,4060.90,81
2026-07-13,04:50,4060.70,4062.80,4060.40,4062.40,53
2026-07-13,04:55,4062.40,4067.10,4062.40,4066.30,284
2026-07-13,05:00,4066.40,4068.10,4062.60,4068.00,173
2026-07-13,05:05,4067.20,4078.80,4067.00,4078.40,701
2026-07-13,05:10,4078.30,4080.90,4075.90,4077.30,489
2026-07-13,05:15,4077.60,4077.70,4071.70,4073.40,273
2026-07-13,05:20,4073.40,4074.20,4068.00,4068.90,222
2026-07-13,05:25,4069.10,4071.40,4065.10,4065.80,321
2026-07-13,05:30,4065.70,4070.40,4059.50,4070.10,711
2026-07-13,05:35,4069.70,4073.30,4069.50,4071.00,367
2026-07-13,05:40,4070.90,4073.10,4068.10,4070.90,357
2026-07-13,05:45,4070.50,4070.70,4066.80,4070.60,288
2026-07-13,05:50,4070.60,4072.20,4065.30,4066.40,240
2026-07-13,05:55,4065.90,4066.90,4060.70,4061.80,347
2026-07-13,06:00,4061.90,4064.30,4056.60,4058.80,753
2026-07-13,06:05,4059.40,4062.00,4052.00,4060.80,1339
2026-07-13,06:10,4060.70,4060.90,4056.80,4058.60,211
2026-07-13,06:15,4058.70,4062.00,4058.60,4061.10,220
2026-07-13,06:20,4061.60,4064.70,4061.20,4063.10,272
2026-07-13,06:25,4062.70,4069.10,4062.70,4068.90,464
2026-07-13,06:30,4069.00,4070.00,4066.40,4067.40,267
2026-07-13,06:35,4067.30,4071.40,4066.90,4069.80,244
2026-07-13,06:40,4070.60,4071.00,4067.10,4068.00,293
2026-07-13,06:45,4067.90,4068.50,4064.10,4064.40,372
2026-07-13,06:50,4064.70,4065.60,4060.50,4061.90,335
2026-07-13,06:55,4061.70,4063.70,4059.70,4063.00,417
2026-07-13,07:00,4063.40,4064.40,4056.50,4061.80,605
2026-07-13,07:05,4061.30,4068.30,4059.20,4066.10,469
2026-07-13,07:10,4066.30,4069.30,4062.30,4063.40,253
2026-07-13,07:15,4063.70,4065.90,4063.70,4065.60,251
2026-07-13,07:20,4064.90,4066.90,4063.70,4065.00,158
2026-07-13,07:25,4064.90,4067.10,4064.20,4067.10,146
2026-07-13,07:30,4066.60,4068.30,4063.80,4067.80,159
2026-07-13,07:35,4067.60,4071.00,4067.20,4068.40,436
2026-07-13,07:40,4068.30,4069.70,4065.00,4065.00,100
2026-07-13,07:45,4065.70,4067.50,4064.80,4065.20,129
2026-07-13,07:50,4065.10,4069.90,4064.00,4069.30,246
2026-07-13,07:55,4069.50,4073.20,4068.70,4072.80,444
2026-07-13,08:00,4072.80,4075.70,4071.40,4073.20,345
2026-07-13,08:05,4073.60,4079.70,4072.90,4079.30,528
2026-07-13,08:10,4079.40,4083.60,4077.90,4082.30,691
2026-07-13,08:15,4082.20,4086.80,4081.80,4083.60,770
2026-07-13,08:20,4083.60,4089.10,4083.30,4087.00,709
2026-07-13,08:25,4086.60,4087.80,4082.30,4082.60,555
2026-07-13,08:30,4082.30,4084.00,4079.50,4081.00,331
2026-07-13,08:35,4080.80,4083.40,4079.90,4083.30,167
2026-07-13,08:40,4082.90,4084.80,4081.40,4084.60,182
2026-07-13,08:45,4084.00,4085.00,4080.90,4084.50,162
2026-07-13,08:50,4084.90,4087.20,4084.10,4086.40,286
2026-07-13,08:55,4086.50,4086.60,4082.50,4083.10,146
2026-07-13,09:00,4082.80,4084.40,4081.00,4082.80,134
2026-07-13,09:05,4083.40,4084.00,4082.30,4082.30,171
2026-07-13,09:10,4082.00,4083.20,4081.00,4082.90,149
2026-07-13,09:15,4082.90,4082.90,4080.00,4081.60,309
2026-07-13,09:20,4081.20,4083.40,4081.10,4082.70,176
2026-07-13,09:25,4082.90,4085.00,4079.20,4081.00,261
2026-07-13,09:30,4080.70,4082.00,4078.40,4080.00,596
2026-07-13,09:35,4080.00,4080.00,4077.70,4078.00,98
2026-07-13,09:40,4078.10,4081.70,4077.80,4080.80,226
2026-07-13,09:45,4080.80,4082.00,4079.80,4081.00,185
2026-07-13,09:50,4081.20,4081.20,4078.10,4079.30,132
2026-07-13,09:55,4079.40,4080.10,4076.00,4076.30,189
2026-07-13,10:00,4076.20,4078.40,4075.80,4078.30,184
2026-07-13,10:05,4078.10,4078.40,4076.30,4077.10,235
2026-07-13,10:10,4077.10,4077.40,4074.70,4075.60,86
2026-07-13,10:15,4075.50,4077.20,4074.00,4076.10,215
2026-07-13,10:20,4076.50,4076.90,4074.30,4075.60,152
2026-07-13,10:25,4075.20,4075.60,4071.50,4073.00,249
2026-07-13,10:30,4072.90,4075.50,4072.80,4074.30,94
2026-07-13,10:35,4074.50,4076.30,4074.00,4074.60,170
2026-07-13,10:40,4074.60,4074.60,4055.00,4060.70,1795
2026-07-13,10:45,4060.40,4062.80,4056.40,4062.80,637
2026-07-13,10:50,4062.30,4066.60,4060.00,4066.40,503
2026-07-13,10:55,4066.50,4069.60,4066.40,4068.40,682
2026-07-13,11:00,4068.40,4072.10,4066.00,4071.10,730
2026-07-13,11:05,4071.30,4075.80,4071.00,4073.10,1131
2026-07-13,11:10,4072.70,4073.70,4070.30,4071.70,372
2026-07-13,11:15,4071.90,4072.90,4068.90,4069.30,234
2026-07-13,11:20,4069.40,4069.60,4066.10,4066.80,256
2026-07-13,11:25,4066.60,4071.50,4066.20,4070.60,376
2026-07-13,11:30,4070.30,4075.80,4069.70,4075.60,323
2026-07-13,11:35,4075.80,4076.70,4071.00,4071.70,421
2026-07-13,11:40,4072.10,4075.00,4072.10,4072.80,176
2026-07-13,11:45,4073.20,4073.40,4068.40,4070.80,168
2026-07-13,11:50,4070.60,4070.80,4062.60,4064.20,545
2026-07-13,11:55,4064.20,4065.60,4063.10,4064.00,282
2026-07-13,12:00,4064.00,4068.50,4064.00,4065.70,842
2026-07-13,12:05,4066.30,4067.60,4062.60,4063.80,283
2026-07-13,12:10,4063.80,4068.10,4061.10,4064.00,612
2026-07-13,12:15,4063.60,4068.70,4063.60,4067.10,317
2026-07-13,12:20,4067.10,4070.00,4063.00,4069.90,597
2026-07-13,12:25,4069.80,4071.30,4066.30,4066.90,486
2026-07-13,12:30,4066.70,4070.80,4066.40,4070.80,313
2026-07-13,12:35,4070.50,4071.30,4067.40,4068.80,320
2026-07-13,12:40,4068.40,4071.80,4068.20,4070.50,687
2026-07-13,12:45,4070.70,4074.50,4070.70,4073.40,658
2026-07-13,12:50,4073.10,4074.80,4072.20,4073.70,333
2026-07-13,12:55,4073.90,4075.20,4071.40,4075.20,562
2026-07-13,13:00,4075.30,4075.50,4067.10,4070.90,723
2026-07-13,13:05,4070.50,4072.80,4068.50,4071.20,499
2026-07-13,13:10,4071.20,4071.20,4066.70,4069.60,299
2026-07-13,13:15,4069.60,4069.60,4066.20,4068.50,482
2026-07-13,13:20,4068.80,4070.60,4068.20,4069.80,323
2026-07-13,13:25,4069.80,4073.60,4069.00,4069.70,797
2026-07-13,13:30,4070.20,4071.80,4064.20,4066.00,1009
2026-07-13,13:35,4066.20,4069.00,4061.50,4062.20,554
2026-07-13,13:40,4061.90,4066.30,4059.00,4062.60,1421
2026-07-13,13:45,4062.10,4065.80,4057.40,4058.30,733
2026-07-13,13:50,4058.50,4060.10,4049.90,4059.40,2215
2026-07-13,13:55,4058.40,4060.70,4049.00,4050.90,1474
2026-07-13,14:00,4050.50,4054.50,4045.30,4047.30,2143
2026-07-13,14:05,4047.80,4048.50,4036.00,4045.30,2809
2026-07-13,14:10,4045.10,4047.20,4041.30,4043.40,1572
2026-07-13,14:15,4043.20,4044.80,4014.60,4028.80,5808
2026-07-13,14:20,4029.30,4029.50,4009.00,4028.40,4275
2026-07-13,14:25,4028.20,4036.20,4022.20,4024.30,2007
2026-07-13,14:30,4023.90,4024.50,4012.00,4017.30,2777
2026-07-13,14:35,4017.40,4017.50,4010.70,4015.10,1547
2026-07-13,14:40,4014.80,4015.10,4005.80,4012.50,1772
2026-07-13,14:45,4012.40,4016.50,4008.40,4013.50,2133
2026-07-13,14:50,4013.60,4018.00,4011.20,4016.50,1412
2026-07-13,14:55,4016.30,4022.60,4015.90,4022.40,1305
2026-07-13,15:00,4022.40,4024.90,4018.50,4018.90,909
2026-07-13,15:05,4019.30,4021.40,4017.70,4021.40,570
2026-07-13,15:10,4021.40,4024.00,4020.90,4021.60,552
2026-07-13,15:15,4022.10,4026.80,4020.40,4026.30,789
2026-07-13,15:20,4026.10,4027.50,4022.60,4023.80,450
2026-07-13,15:25,4023.20,4025.80,4020.30,4023.50,454
2026-07-13,15:30,4024.10,4025.00,4021.30,4022.20,552
2026-07-13,15:35,4022.40,4024.10,4020.50,4023.00,299
2026-07-13,15:40,4022.60,4023.50,4019.60,4020.50,332
2026-07-13,15:45,4020.60,4022.40,4018.10,4020.80,427
2026-07-13,15:50,4021.40,4021.90,4017.50,4020.70,407
2026-07-13,15:55,4020.60,4023.50,4019.90,4023.30,373
2026-07-13,16:00,4023.10,4025.50,4021.00,4023.30,684
2026-07-13,16:05,4023.40,4024.10,4020.70,4022.60,269
2026-07-13,16:10,4022.60,4023.70,4019.90,4021.30,840
2026-07-13,16:15,4021.10,4021.40,4018.20,4019.10,997
2026-07-13,16:20,4018.90,4020.10,4016.80,4016.90,798
2026-07-13,16:25,4016.90,4018.00,4007.60,4011.40,1027
2026-07-13,16:30,4011.40,4012.00,3999.00,4002.00,2229
2026-07-13,16:35,4002.20,4004.60,3997.40,4003.70,3029
2026-07-13,16:40,4003.60,4007.90,4002.00,4007.60,946
2026-07-13,16:45,4007.50,4010.40,4004.20,4005.50,1095
2026-07-13,16:50,4005.50,4006.00,3998.60,3999.00,2034
2026-07-13,16:55,3998.30,4000.50,3992.90,4000.30,1578
2026-07-13,17:00,4000.50,4004.30,3999.20,4001.70,685
2026-07-13,17:05,4001.70,4006.20,4000.30,4005.50,478
2026-07-13,17:10,4005.30,4006.00,4003.90,4004.90,541
2026-07-13,17:15,4004.90,4008.90,4004.10,4008.50,1109
2026-07-13,17:20,4008.10,4009.30,4004.90,4005.90,567
2026-07-13,17:25,4006.10,4007.10,4003.90,4006.30,3009
2026-07-13,17:30,4006.40,4008.50,4005.20,4007.10,982
2026-07-13,17:35,4007.50,4007.50,4004.40,4005.10,435
2026-07-13,17:40,4004.80,4006.20,4003.50,4004.30,275
2026-07-13,17:45,4005.30,4006.70,4001.50,4002.90,457
2026-07-13,17:50,4003.10,4003.70,4000.30,4001.60,340
2026-07-13,17:55,4002.00,4002.70,3999.40,4000.60,395
2026-07-13,18:00,4000.70,4002.40,3997.60,3997.90,471
2026-07-13,18:05,3997.70,4001.90,3997.70,3998.60,336
2026-07-13,18:10,3998.90,4001.20,3996.30,4000.80,411
2026-07-13,18:15,4001.00,4001.60,3993.60,3995.40,601
2026-07-13,18:20,3995.40,4002.00,3993.60,4001.90,560
2026-07-13,18:25,4001.60,4003.90,4001.30,4002.30,411
2026-07-13,18:30,4002.50,4005.60,4000.90,4003.80,419
2026-07-13,18:35,4004.10,4007.30,4004.00,4006.10,296
2026-07-13,18:40,4006.10,4008.00,4005.10,4007.40,235
2026-07-13,18:45,4007.40,4009.40,4005.30,4009.20,255
2026-07-13,18:50,4008.90,4012.70,4007.80,4011.00,454
2026-07-13,18:55,4010.90,4012.20,4005.40,4008.50,557
2026-07-13,19:00,4008.80,4011.60,4005.30,4011.60,328
2026-07-13,19:05,4011.10,4011.50,4006.30,4007.70,437
2026-07-13,19:10,4007.20,4007.20,4004.80,4005.50,366
2026-07-13,19:15,4005.40,4006.80,4004.90,4006.40,154
2026-07-13,19:20,4006.10,4007.40,4003.90,4007.20,357
2026-07-13,19:25,4007.40,4007.80,4005.10,4005.40,247
2026-07-13,19:30,4005.20,4007.50,4004.90,4006.10,148
2026-07-13,19:35,4006.30,4006.30,4000.50,4002.30,460
2026-07-13,19:40,4002.30,4006.70,4002.20,4006.70,229
2026-07-13,19:45,4006.20,4006.70,4004.20,4004.70,171
2026-07-13,19:50,4004.40,4008.60,4004.30,4007.60,390
2026-07-13,19:55,4007.60,4009.90,4007.20,4009.30,502
2026-07-13,20:00,4009.40,4012.00,4008.20,4012.00,281
2026-07-13,20:05,4011.70,4013.60,4009.00,4009.70,228
2026-07-13,20:10,4010.10,4010.30,4005.80,4005.80,327
2026-07-13,20:15,4006.30,4007.30,4002.80,4006.80,288
2026-07-13,20:20,4006.70,4007.00,4005.20,4005.70,111
2026-07-13,20:25,4005.50,4007.60,4005.50,4007.60,37
2026-07-13,20:30,4007.30,4007.60,4004.30,4005.70,192
2026-07-13,20:35,4006.30,4006.30,4004.10,4006.10,61
2026-07-13,20:40,4006.40,4007.70,4005.80,4007.00,43
2026-07-13,20:45,4007.00,4007.80,4005.80,4006.40,89
2026-07-13,20:50,4006.40,4008.00,4005.00,4008.00,89
2026-07-13,20:55,4008.20,4009.40,4007.60,4008.70,304
2026-07-13,22:00,4005.90,4015.50,4005.80,4008.20,0
2026-07-13,22:05,4008.50,4012.50,4008.30,4008.70,152
2026-07-13,22:10,4009.00,4011.30,4008.70,4011.00,58
2026-07-13,22:15,4011.00,4012.80,4010.80,4012.00,75
2026-07-13,22:20,4011.50,4012.00,4010.90,4010.90,157
2026-07-13,22:25,4011.40,4011.60,4010.90,4011.10,24
2026-07-13,22:30,4011.00,4011.20,4010.00,4010.80,86
2026-07-13,22:35,4011.30,4012.50,4009.60,4010.20,102
2026-07-13,22:40,4010.00,4011.10,4009.90,4010.90,63
2026-07-13,22:45,4010.30,4012.50,4009.90,4010.60,113
2026-07-13,22:50,4010.40,4010.90,4008.60,4009.90,74
2026-07-13,22:55,4009.60,4009.60,4007.40,4007.40,120
2026-07-13,23:00,4007.70,4009.90,4007.00,4008.00,102
2026-07-13,23:05,4007.90,4009.90,4007.30,4009.10,73
2026-07-13,23:10,4008.30,4008.40,4006.20,4007.30,49
2026-07-13,23:15,4007.30,4007.30,4005.00,4006.20,107
2026-07-13,23:20,4006.40,4007.50,4004.30,4006.10,265
2026-07-13,23:25,4006.40,4007.00,4003.90,4004.30,52
2026-07-13,23:30,4004.00,4004.20,4000.00,4001.50,313
2026-07-13,23:35,4001.90,4003.00,4000.60,4002.80,72
2026-07-13,23:40,4003.00,4004.10,4002.00,4002.50,119
2026-07-13,23:45,4001.70,4005.90,3999.10,4004.40,385
2026-07-13,23:50,4004.40,4007.50,4002.60,4006.20,121
2026-07-13,23:55,4005.60,4008.90,4005.40,4007.90,130
2026-07-14,00:00,4008.60,4011.80,4000.00,4001.30,513
2026-07-14,00:05,4001.00,4002.00,3990.40,4001.80,1128
2026-07-14,00:10,4002.00,4005.70,3997.90,4002.70,430
2026-07-14,00:15,4002.00,4002.70,3994.30,3994.90,329
2026-07-14,00:20,3994.40,3997.00,3992.60,3997.00,364
2026-07-14,00:25,3997.00,4003.80,3995.70,4001.80,283
2026-07-14,00:30,4002.50,4013.30,4001.40,4012.20,554
2026-07-14,00:35,4011.70,4014.30,4009.00,4009.00,296
2026-07-14,00:40,4010.40,4013.00,4006.00,4009.80,520
2026-07-14,00:45,4010.40,4013.90,4007.80,4009.50,220
2026-07-14,00:50,4009.60,4012.90,4009.60,4011.50,184
2026-07-14,00:55,4011.10,4014.10,4010.10,4011.60,272
2026-07-14,01:00,4010.80,4010.90,3998.60,4005.10,961
2026-07-14,01:05,4005.70,4006.40,3998.80,4001.10,401
2026-07-14,01:10,4001.40,4005.60,3999.70,4001.80,331
2026-07-14,01:15,4001.90,4011.60,4001.80,4009.80,391
2026-07-14,01:20,4009.40,4010.00,4003.80,4004.10,492
2026-07-14,01:25,4003.90,4006.20,4002.50,4004.40,218
2026-07-14,01:30,4004.10,4010.40,4003.00,4005.30,305
2026-07-14,01:35,4005.00,4005.30,3999.80,4004.10,302
2026-07-14,01:40,4004.10,4009.10,4001.70,4008.60,458
2026-07-14,01:45,4008.50,4010.40,4005.70,4009.40,177
2026-07-14,01:50,4009.50,4012.20,4006.50,4010.70,218
2026-07-14,01:55,4011.20,4019.00,4009.00,4017.00,656
2026-07-14,02:00,4017.50,4017.80,4012.70,4016.00,388
2026-07-14,02:05,4016.50,4020.20,4014.80,4018.30,339
2026-07-14,02:10,4018.30,4024.30,4017.90,4023.50,859
2026-07-14,02:15,4022.80,4025.50,4021.60,4024.30,644
2026-07-14,02:20,4024.50,4024.70,4020.50,4021.30,255
2026-07-14,02:25,4021.20,4024.50,4020.20,4024.20,362
2026-07-14,02:30,4024.40,4025.70,4019.80,4020.60,320
2026-07-14,02:35,4020.80,4022.00,4019.20,4020.50,191
2026-07-14,02:40,4020.60,4023.00,4017.40,4017.80,372
2026-07-14,02:45,4017.70,4019.60,4016.60,4016.80,234
2026-07-14,02:50,4016.50,4018.10,4015.90,4017.80,116
2026-07-14,02:55,4017.30,4020.80,4017.30,4019.20,96
2026-07-14,03:00,4019.10,4023.40,4018.60,4021.10,270
2026-07-14,03:05,4021.40,4023.50,4019.90,4020.50,149
2026-07-14,03:10,4020.00,4022.20,4018.50,4020.90,184
2026-07-14,03:15,4020.20,4022.10,4018.50,4019.80,151
2026-07-14,03:20,4019.70,4023.10,4017.50,4022.90,231
2026-07-14,03:25,4022.20,4025.30,4021.60,4024.00,361
2026-07-14,03:30,4024.60,4025.70,4021.10,4021.60,201
2026-07-14,03:35,4021.40,4024.30,4021.10,4022.10,147
2026-07-14,03:40,4021.80,4022.60,4020.20,4021.90,121
2026-07-14,03:45,4022.10,4023.30,4021.50,4023.10,82
2026-07-14,03:50,4022.10,4024.60,4021.80,4024.20,72
2026-07-14,03:55,4024.30,4024.30,4021.10,4022.60,67
2026-07-14,04:00,4023.70,4025.40,4022.50,4023.30,124
2026-07-14,04:05,4023.80,4024.00,4021.60,4021.60,34
2026-07-14,04:10,4021.90,4022.70,4019.90,4022.20,218
2026-07-14,04:15,4022.30,4022.90,4020.80,4021.90,198
2026-07-14,04:20,4021.60,4022.70,4020.30,4022.00,65
2026-07-14,04:25,4022.10,4023.80,4021.90,4022.20,135
2026-07-14,04:30,4022.30,4029.40,4022.10,4028.00,474
2026-07-14,04:35,4028.40,4029.70,4027.50,4027.90,300
2026-07-14,04:40,4028.30,4028.80,4026.90,4027.00,126
2026-07-14,04:45,4026.90,4027.30,4024.40,4024.40,168
2026-07-14,04:50,4024.20,4026.40,4022.40,4026.00,238
2026-07-14,04:55,4026.30,4027.90,4024.10,4026.70,195
2026-07-14,05:00,4027.20,4029.40,4026.40,4026.40,167
2026-07-14,05:05,4026.60,4029.90,4026.20,4029.50,261
2026-07-14,05:10,4029.30,4030.60,4029.10,4029.70,145
2026-07-14,05:15,4029.80,4030.60,4026.60,4027.80,164
2026-07-14,05:20,4027.70,4028.90,4027.00,4027.40,84
2026-07-14,05:25,4027.10,4029.90,4026.50,4029.20,136
2026-07-14,05:30,4029.30,4036.70,4029.00,4034.80,1074
2026-07-14,05:35,4035.20,4037.40,4033.60,4034.30,358
2026-07-14,05:40,4034.00,4040.40,4034.00,4038.40,799
2026-07-14,05:45,4038.50,4039.30,4035.90,4037.70,322
2026-07-14,05:50,4036.70,4037.60,4035.30,4037.20,235
2026-07-14,05:55,4037.20,4038.50,4036.60,4037.80,395
2026-07-14,06:00,4037.70,4038.30,4035.40,4036.10,270
2026-07-14,06:05,4036.20,4038.40,4034.70,4038.40,182
2026-07-14,06:10,4038.10,4039.50,4036.70,4037.30,335
2026-07-14,06:15,4036.60,4037.30,4034.40,4034.80,209
2026-07-14,06:20,4034.10,4035.10,4032.60,4033.80,270
2026-07-14,06:25,4033.90,4033.90,4029.10,4029.40,346
2026-07-14,06:30,4029.40,4032.50,4029.00,4031.60,213
2026-07-14,06:35,4032.10,4032.60,4029.10,4030.40,202
2026-07-14,06:40,4030.40,4031.90,4028.00,4031.50,248
2026-07-14,06:45,4031.90,4032.60,4029.80,4030.80,285
2026-07-14,06:50,4030.90,4033.50,4029.80,4030.10,170
2026-07-14,06:55,4030.20,4031.80,4029.60,4030.40,181
2026-07-14,07:00,4030.60,4032.20,4027.20,4032.00,309
2026-07-14,07:05,4032.20,4035.20,4032.20,4035.10,292
2026-07-14,07:10,4035.20,4035.20,4030.80,4031.10,326
2026-07-14,07:15,4031.10,4034.30,4031.10,4033.10,131
2026-07-14,07:20,4033.50,4036.40,4032.60,4034.90,138
2026-07-14,07:25,4035.20,4036.00,4032.60,4033.10,246
2026-07-14,07:30,4033.10,4033.10,4029.40,4032.40,241
2026-07-14,07:35,4032.40,4036.10,4031.60,4033.00,230
2026-07-14,07:40,4033.20,4033.20,4029.50,4029.90,162
2026-07-14,07:45,4030.10,4030.70,4028.60,4029.70,194
2026-07-14,07:50,4030.10,4033.00,4028.30,4031.90,216
2026-07-14,07:55,4031.70,4032.40,4026.50,4027.30,274
2026-07-14,08:00,4027.30,4029.10,4023.50,4025.40,451
2026-07-14,08:05,4025.50,4026.50,4020.80,4022.70,755
2026-07-14,08:10,4022.80,4024.60,4022.80,4023.80,181
2026-07-14,08:15,4024.30,4027.40,4024.00,4025.90,351
2026-07-14,08:20,4025.60,4027.50,4024.90,4025.90,292
2026-07-14,08:25,4026.30,4030.10,4025.90,4028.50,375
2026-07-14,08:30,4028.30,4031.10,4025.40,4026.60,221
2026-07-14,08:35,4026.40,4027.50,4025.40,4025.80,109
2026-07-14,08:40,4025.50,4029.20,4025.30,4025.90,515
2026-07-14,08:45,4026.20,4027.60,4025.10,4025.90,209
2026-07-14,08:50,4026.10,4027.20,4024.00,4026.10,179
2026-07-14,08:55,4026.20,4026.60,4022.40,4022.60,223
2026-07-14,09:00,4022.40,4027.00,4020.40,4026.40,303
2026-07-14,09:05,4026.90,4028.90,4025.00,4027.90,225
2026-07-14,09:10,4028.00,4031.20,4026.50,4027.70,250
2026-07-14,09:15,4027.60,4027.60,4024.90,4026.90,240
2026-07-14,09:20,4026.90,4028.50,4023.80,4025.00,315
2026-07-14,09:25,4025.10,4025.70,4021.50,4022.40,203
2026-07-14,09:30,4022.20,4024.00,4020.10,4020.90,448
2026-07-14,09:35,4020.50,4023.20,4020.40,4022.80,223
2026-07-14,09:40,4022.70,4024.90,4022.70,4024.30,292
2026-07-14,09:45,4023.70,4030.90,4023.30,4029.90,434
2026-07-14,09:50,4030.20,4030.80,4027.50,4027.80,427
2026-07-14,09:55,4028.10,4028.80,4026.30,4028.70,250
2026-07-14,10:00,4028.60,4029.50,4025.10,4026.60,363
2026-07-14,10:05,4026.40,4027.10,4024.50,4025.10,230
2026-07-14,10:10,4025.10,4026.40,4023.70,4025.00,120
2026-07-14,10:15,4025.10,4027.10,4024.10,4025.90,215
2026-07-14,10:20,4025.70,4025.90,4023.40,4024.90,112
2026-07-14,10:25,4024.40,4025.10,4022.20,4025.10,203
2026-07-14,10:30,4024.80,4026.00,4022.00,4022.70,198
2026-07-14,10:35,4022.70,4026.20,4021.90,4025.60,143
2026-07-14,10:40,4025.80,4026.70,4024.80,4025.90,100
2026-07-14,10:45,4025.50,4028.80,4024.70,4028.30,249
2026-07-14,10:50,4028.40,4028.40,4025.80,4026.70,115
2026-07-14,10:55,4026.70,4029.60,4026.30,4028.20,173
2026-07-14,11:00,4028.20,4029.30,4026.20,4026.90,176
2026-07-14,11:05,4027.40,4028.10,4022.10,4023.00,234
2026-07-14,11:10,4023.20,4030.70,4023.10,4030.10,437
2026-07-14,11:15,4029.40,4030.90,4027.50,4029.70,255
2026-07-14,11:20,4029.40,4035.30,4029.40,4035.10,818
2026-07-14,11:25,4035.10,4035.30,4031.90,4032.30,271
2026-07-14,11:30,4032.00,4036.30,4031.60,4034.90,503
2026-07-14,11:35,4035.10,4037.70,4034.40,4035.80,228
2026-07-14,11:40,4035.70,4037.10,4034.20,4035.20,249
2026-07-14,11:45,4035.20,4037.80,4032.90,4035.90,293
2026-07-14,11:50,4035.40,4036.70,4033.60,4036.10,140
2026-07-14,11:55,4037.00,4039.00,4035.60,4038.10,226
2026-07-14,12:00,4038.50,4042.90,4035.80,4036.60,1143
2026-07-14,12:05,4036.60,4037.70,4031.90,4032.50,685
2026-07-14,12:10,4033.00,4035.00,4031.70,4032.40,284
2026-07-14,12:15,4032.60,4035.50,4031.50,4033.90,191
2026-07-14,12:20,4033.70,4035.40,4029.80,4035.40,521
2026-07-14,12:25,4035.10,4037.60,4031.30,4036.00,952
2026-07-14,12:30,4036.10,4112.50,4036.00,4104.20,15031
2026-07-14,12:35,4104.00,4108.90,4089.90,4095.20,4086
2026-07-14,12:40,4095.60,4102.70,4092.20,4101.10,2685
2026-07-14,12:45,4101.30,4103.30,4090.10,4092.90,2195
2026-07-14,12:50,4092.60,4092.80,4080.00,4081.00,2332
2026-07-14,12:55,4081.20,4084.90,4076.20,4083.90,1934
2026-07-14,13:00,4084.00,4091.40,4079.60,4080.20,2758
2026-07-14,13:05,4080.10,4087.80,4078.20,4084.60,1017
2026-07-14,13:10,4085.10,4087.80,4079.50,4082.20,1147
2026-07-14,13:15,4082.20,4087.80,4081.50,4083.70,619
2026-07-14,13:20,4083.10,4093.60,4079.10,4091.10,1679
2026-07-14,13:25,4091.20,4093.20,4088.00,4089.10,783
2026-07-14,13:30,4089.20,4092.40,4083.30,4088.20,1130
2026-07-14,13:35,4088.00,4096.40,4086.00,4093.90,1195
2026-07-14,13:40,4094.40,4096.30,4090.20,4095.40,840
2026-07-14,13:45,4095.10,4095.10,4087.70,4090.50,616
2026-07-14,13:50,4090.60,4092.70,4081.60,4084.20,767
2026-07-14,13:55,4084.20,4086.40,4082.00,4084.00,818
2026-07-14,14:00,4084.00,4087.80,4080.70,4081.30,1347
2026-07-14,14:05,4081.60,4088.90,4080.00,4087.30,676
2026-07-14,14:10,4087.60,4092.70,4084.80,4089.80,900
2026-07-14,14:15,4089.60,4089.60,4077.90,4080.70,1086
2026-07-14,14:20,4080.40,4092.50,4080.30,4086.30,1270
2026-07-14,14:25,4086.40,4087.20,4081.20,4084.20,1127
2026-07-14,14:30,4084.50,4098.40,4080.40,4087.60,2081
2026-07-14,14:35,4088.10,4089.00,4082.20,4087.10,679
2026-07-14,14:40,4087.00,4090.40,4086.10,4086.70,868
2026-07-14,14:45,4087.40,4090.40,4086.70,4086.70,531
2026-07-14,14:50,4086.60,4091.50,4085.50,4090.40,457
2026-07-14,14:55,4090.50,4095.20,4089.00,4093.00,1020
2026-07-14,15:00,4093.00,4100.90,4086.10,4096.00,1900
2026-07-14,15:05,4096.30,4108.70,4093.80,4103.80,2486
2026-07-14,15:10,4104.30,4105.30,4096.90,4097.90,1144
2026-07-14,15:15,4097.70,4098.80,4093.20,4094.40,861
2026-07-14,15:20,4094.10,4098.70,4092.60,4094.70,911
2026-07-14,15:25,4094.40,4094.40,4089.60,4092.20,1279
2026-07-14,15:30,4092.00,4094.30,4087.50,4088.70,656
2026-07-14,15:35,4088.40,4089.60,4083.00,4083.30,873
2026-07-14,15:40,4083.30,4084.40,4073.50,4081.00,1735
2026-07-14,15:45,4080.70,4083.50,4077.80,4078.30,551
2026-07-14,15:50,4078.40,4079.20,4072.60,4073.70,953
2026-07-14,15:55,4073.50,4075.00,4071.30,4073.10,593
2026-07-14,16:00,4073.20,4073.80,4068.90,4070.20,724
2026-07-14,16:05,4070.80,4070.80,4063.40,4067.10,1052
2026-07-14,16:10,4068.20,4071.90,4068.20,4070.10,468
2026-07-14,16:15,4069.70,4072.30,4067.70,4069.80,334
2026-07-14,16:20,4070.20,4070.90,4064.90,4067.80,901
2026-07-14,16:25,4067.60,4069.40,4065.40,4066.10,311
2026-07-14,16:30,4066.20,4069.90,4065.60,4066.90,618
2026-07-14,16:35,4067.30,4068.50,4064.10,4067.00,368
2026-07-14,16:40,4067.10,4069.90,4066.00,4067.80,1045
2026-07-14,16:45,4067.70,4069.10,4064.40,4066.90,293
2026-07-14,16:50,4066.30,4068.20,4065.20,4067.00,181
2026-07-14,16:55,4067.40,4069.20,4066.60,4068.30,263
2026-07-14,17:00,4068.80,4071.70,4066.60,4067.20,949
2026-07-14,17:05,4067.50,4067.90,4063.50,4066.60,509
2026-07-14,17:10,4066.30,4066.80,4061.80,4063.50,517
2026-07-14,17:15,4063.20,4064.00,4061.10,4063.90,1416
2026-07-14,17:20,4063.70,4068.30,4063.20,4067.70,1447
2026-07-14,17:25,4067.70,4071.00,4067.10,4069.70,3778
2026-07-14,17:30,4069.60,4072.20,4068.50,4068.90,981
2026-07-14,17:35,4068.60,4069.70,4067.60,4068.90,669
2026-07-14,17:40,4068.60,4069.60,4066.30,4066.70,176
2026-07-14,17:45,4066.80,4068.90,4065.00,4068.50,435
2026-07-14,17:50,4068.60,4070.30,4068.60,4070.10,157
2026-07-14,17:55,4069.80,4070.60,4069.20,4070.10,129
2026-07-14,18:00,4069.50,4069.60,4066.50,4068.90,292
2026-07-14,18:05,4068.30,4069.10,4067.00,4067.30,167
2026-07-14,18:10,4067.30,4068.60,4066.70,4068.50,117
2026-07-14,18:15,4068.40,4070.20,4067.70,4069.70,182
2026-07-14,18:20,4069.50,4069.50,4063.80,4064.10,336
2026-07-14,18:25,4063.80,4066.00,4063.50,4065.40,411
2026-07-14,18:30,4065.10,4066.50,4061.80,4063.40,525
2026-07-14,18:35,4063.20,4063.50,4058.30,4059.50,684
2026-07-14,18:40,4059.10,4061.10,4049.20,4053.10,2310
2026-07-14,18:45,4052.70,4057.20,4051.10,4056.00,323
2026-07-14,18:50,4056.10,4058.40,4053.20,4058.30,194
2026-07-14,18:55,4058.70,4061.30,4057.80,4060.70,313
2026-07-14,19:00,4060.30,4061.50,4059.10,4059.40,397
2026-07-14,19:05,4059.60,4061.80,4059.10,4061.20,102
2026-07-14,19:10,4061.20,4064.10,4059.90,4063.30,129
2026-07-14,19:15,4063.20,4063.90,4061.80,4063.00,281
2026-07-14,19:20,4063.00,4063.00,4058.80,4059.30,218
2026-07-14,19:25,4059.00,4060.00,4057.80,4058.10,255
2026-07-14,19:30,4058.30,4058.30,4054.20,4057.00,537
2026-07-14,19:35,4056.90,4058.80,4056.40,4057.50,127
2026-07-14,19:40,4057.50,4059.60,4056.80,4059.00,98
2026-07-14,19:45,4059.50,4061.20,4058.40,4058.90,116
2026-07-14,19:50,4058.70,4063.50,4058.00,4062.00,593
2026-07-14,19:55,4062.20,4063.50,4060.80,4062.10,501
2026-07-14,20:00,4062.10,4063.10,4060.50,4061.20,200
2026-07-14,20:05,4061.20,4062.20,4061.10,4061.20,21
2026-07-14,20:10,4061.10,4062.20,4060.40,4060.50,93
2026-07-14,20:15,4060.50,4060.90,4059.10,4059.10,68
2026-07-14,20:20,4059.20,4060.60,4058.70,4060.40,135
2026-07-14,20:25,4059.80,4060.60,4059.30,4059.40,67
2026-07-14,20:30,4059.80,4060.00,4057.60,4057.90,135
2026-07-14,20:35,4057.70,4058.50,4056.20,4056.60,228
2026-07-14,20:40,4056.60,4058.00,4056.00,4057.10,186
2026-07-14,20:45,4056.70,4056.70,4055.50,4056.40,36
2026-07-14,20:50,4056.70,4059.30,4056.70,4058.50,435
2026-07-14,20:55,4058.40,4059.50,4057.70,4058.30,0
2026-07-14,22:00,4059.80,4060.00,4057.30,4058.60,120
2026-07-14,22:05,4058.60,4058.90,4057.10,4057.50,50
2026-07-14,22:10,4057.60,4057.60,4054.80,4056.90,139
2026-07-14,22:15,4056.60,4057.10,4054.80,4056.10,131
2026-07-14,22:20,4056.10,4058.00,4055.50,4056.30,190
2026-07-14,22:25,4056.30,4058.00,4055.60,4058.00,273
2026-07-14,22:30,4057.50,4058.90,4057.50,4058.50,225
2026-07-14,22:35,4058.40,4058.90,4056.00,4056.60,509
2026-07-14,22:40,4057.10,4058.20,4054.80,4056.60,183
2026-07-14,22:45,4056.80,4056.90,4054.40,4055.30,115
2026-07-14,22:50,4055.60,4056.40,4054.60,4055.50,65
2026-07-14,22:55,4055.20,4055.70,4054.30,4055.10,81
2026-07-14,23:00,4054.80,4056.50,4054.00,4055.00,97
2026-07-14,23:05,4055.10,4055.80,4054.40,4055.60,44
2026-07-14,23:10,4055.30,4055.30,4053.10,4053.80,155
2026-07-14,23:15,4054.20,4054.60,4052.70,4054.20,46
2026-07-14,23:20,4054.20,4056.50,4054.10,4056.00,90
2026-07-14,23:25,4055.60,4060.00,4055.20,4059.90,115
2026-07-14,23:30,4060.00,4061.10,4057.50,4060.80,189
2026-07-14,23:35,4061.00,4062.40,4059.00,4059.70,341
2026-07-14,23:40,4059.70,4061.50,4059.70,4061.00,48
2026-07-14,23:45,4061.00,4061.50,4058.50,4058.70,100
2026-07-14,23:50,4058.90,4060.00,4058.50,4059.80,28
2026-07-14,23:55,4060.50,4060.50,4058.20,4058.80,33
2026-07-15,00:00,4059.00,4062.60,4057.10,4060.80,119
2026-07-15,00:05,4061.10,4061.80,4058.80,4060.00,83
2026-07-15,00:10,4060.00,4061.40,4057.30,4057.30,60
2026-07-15,00:15,4057.70,4062.20,4057.50,4058.60,164
2026-07-15,00:20,4058.20,4062.90,4058.00,4062.10,259
2026-07-15,00:25,4062.00,4064.90,4061.30,4064.70,223
2026-07-15,00:30,4065.00,4065.20,4061.70,4062.90,186
2026-07-15,00:35,4062.50,4062.50,4058.70,4060.50,277
2026-07-15,00:40,4060.80,4061.00,4059.30,4060.90,81
2026-07-15,00:45,4060.70,4063.30,4060.50,4061.50,149
2026-07-15,00:50,4061.10,4064.30,4061.00,4064.20,85
2026-07-15,00:55,4064.40,4067.20,4063.60,4065.10,236
2026-07-15,01:00,4066.30,4068.60,4061.90,4064.50,340
2026-07-15,01:05,4064.10,4068.20,4061.30,4063.10,401
2026-07-15,01:10,4063.10,4066.00,4061.50,4062.30,182
2026-07-15,01:15,4062.00,4063.50,4060.00,4061.90,163
2026-07-15,01:20,4061.90,4062.20,4059.00,4060.40,207
2026-07-15,01:25,4060.60,4063.10,4060.30,4061.00,108
2026-07-15,01:30,4061.00,4061.20,4053.20,4057.00,483
2026-07-15,01:35,4056.90,4056.90,4051.40,4052.40,203
2026-07-15,01:40,4052.60,4052.60,4042.50,4044.80,844
2026-07-15,01:45,4045.40,4048.60,4043.80,4048.00,359
2026-07-15,01:50,4047.30,4047.50,4043.80,4046.90,218
2026-07-15,01:55,4047.10,4047.10,4041.20,4042.90,243
2026-07-15,02:00,4043.00,4046.30,4039.60,4045.30,496
2026-07-15,02:05,4045.00,4048.20,4044.40,4046.90,215
2026-07-15,02:10,4047.10,4048.20,4041.70,4043.20,377
2026-07-15,02:15,4042.20,4042.90,4035.40,4036.60,770
2026-07-15,02:20,4036.40,4038.80,4035.30,4037.90,237
2026-07-15,02:25,4037.30,4039.70,4036.10,4039.20,184
2026-07-15,02:30,4039.30,4042.50,4038.70,4042.30,222
2026-07-15,02:35,4042.00,4044.20,4042.00,4044.10,180
2026-07-15,02:40,4044.40,4048.30,4043.50,4048.20,196
2026-07-15,02:45,4048.10,4048.40,4045.20,4046.30,179
2026-07-15,02:50,4046.00,4046.10,4040.80,4041.40,268
2026-07-15,02:55,4041.40,4045.60,4041.40,4041.70,218
2026-07-15,03:00,4041.30,4046.20,4040.80,4045.80,223
2026-07-15,03:05,4045.70,4046.60,4042.20,4043.00,160
2026-07-15,03:10,4042.80,4043.50,4038.90,4040.50,156
2026-07-15,03:15,4040.00,4041.30,4037.80,4038.40,226
2026-07-15,03:20,4038.40,4039.50,4036.60,4037.40,302
2026-07-15,03:25,4037.20,4038.70,4036.20,4036.60,203
2026-07-15,03:30,4036.80,4040.10,4033.90,4039.20,560
2026-07-15,03:35,4039.70,4042.00,4038.50,4038.70,561
2026-07-15,03:40,4038.50,4038.60,4034.30,4035.50,365
2026-07-15,03:45,4035.30,4038.20,4035.30,4038.20,108
2026-07-15,03:50,4038.40,4039.60,4037.10,4037.70,114
2026-07-15,03:55,4037.30,4038.20,4036.80,4037.90,28
2026-07-15,04:00,4036.90,4039.30,4036.50,4037.40,146
2026-07-15,04:05,4037.20,4038.60,4036.00,4038.60,90
2026-07-15,04:10,4038.20,4039.20,4037.30,4037.40,93
2026-07-15,04:15,4037.40,4040.20,4036.80,4040.00,95
2026-07-15,04:20,4040.00,4040.10,4038.60,4039.30,68
2026-07-15,04:25,4039.50,4041.20,4039.20,4039.90,105
2026-07-15,04:30,4039.90,4041.30,4038.00,4038.00,95
2026-07-15,04:35,4037.50,4039.30,4036.70,4037.20,176
2026-07-15,04:40,4037.40,4038.10,4034.20,4036.10,248
2026-07-15,04:45,4036.60,4040.60,4036.60,4038.10,191
2026-07-15,04:50,4038.10,4040.50,4038.10,4039.00,257
2026-07-15,04:55,4038.60,4039.50,4038.00,4039.10,35
2026-07-15,05:00,4039.50,4042.20,4037.80,4037.80,198
2026-07-15,05:05,4038.00,4039.20,4035.20,4037.20,129
2026-07-15,05:10,4037.50,4037.60,4031.10,4032.20,406
2026-07-15,05:15,4032.50,4034.90,4031.80,4034.00,121
2026-07-15,05:20,4033.70,4035.10,4032.60,4033.60,82
2026-07-15,05:25,4033.50,4033.50,4030.80,4031.30,249
2026-07-15,05:30,4031.50,4035.40,4028.00,4034.40,564
2026-07-15,05:35,4034.40,4038.40,4033.20,4037.70,386
2026-07-15,05:40,4037.70,4044.70,4035.50,4035.50,957
2026-07-15,05:45,4036.00,4036.30,4033.40,4035.40,576
2026-07-15,05:50,4035.00,4036.10,4034.20,4035.90,97
2026-07-15,05:55,4036.40,4041.90,4034.70,4041.00,490
2026-07-15,06:00,4040.90,4041.70,4037.00,4037.70,400
2026-07-15,06:05,4038.00,4038.00,4033.90,4035.70,387
2026-07-15,06:10,4035.70,4036.10,4033.00,4033.60,271
2026-07-15,06:15,4033.60,4033.90,4029.40,4032.30,405
2026-07-15,06:20,4032.30,4033.20,4027.10,4032.20,340
2026-07-15,06:25,4032.80,4034.50,4031.50,4032.50,208
2026-07-15,06:30,4032.40,4034.40,4028.80,4034.40,307
2026-07-15,06:35,4033.80,4037.00,4033.40,4035.10,632
2026-07-15,06:40,4034.70,4039.20,4034.30,4038.70,203
2026-07-15,06:45,4038.40,4038.40,4035.80,4036.10,258
2026-07-15,06:50,4036.70,4040.00,4036.30,4038.00,211
2026-07-15,06:55,4038.40,4039.20,4036.90,4038.00,226
2026-07-15,07:00,4038.20,4040.60,4035.50,4038.70,185
2026-07-15,07:05,4038.60,4038.80,4035.10,4035.50,158
2026-07-15,07:10,4035.70,4037.00,4034.10,4035.80,173
2026-07-15,07:15,4035.50,4036.10,4034.10,4035.40,240
2026-07-15,07:20,4035.60,4035.60,4031.40,4032.30,348
2026-07-15,07:25,4032.10,4032.30,4025.80,4029.80,833
2026-07-15,07:30,4029.80,4033.00,4027.60,4029.50,375
2026-07-15,07:35,4029.50,4029.50,4025.70,4026.40,227
2026-07-15,07:40,4026.30,4028.60,4025.60,4028.60,289
2026-07-15,07:45,4029.00,4032.30,4027.30,4030.80,499
2026-07-15,07:50,4030.70,4031.80,4028.40,4031.50,320
2026-07-15,07:55,4031.40,4032.70,4029.50,4030.70,295
2026-07-15,08:00,4030.70,4031.90,4026.40,4030.90,734
2026-07-15,08:05,4031.20,4031.80,4027.90,4028.50,260
2026-07-15,08:10,4028.10,4029.40,4023.30,4023.80,510
2026-07-15,08:15,4023.70,4031.40,4023.70,4029.80,264
2026-07-15,08:20,4030.00,4031.00,4028.60,4030.00,407
2026-07-15,08:25,4030.50,4033.20,4028.70,4032.70,190
2026-07-15,08:30,4032.60,4035.50,4032.00,4034.20,318
2026-07-15,08:35,4034.40,4034.80,4030.80,4032.60,179
2026-07-15,08:40,4032.60,4035.00,4032.50,4035.00,282
2026-07-15,08:45,4034.90,4036.50,4033.60,4035.70,321
2026-07-15,08:50,4035.70,4037.40,4035.00,4036.90,151
2026-07-15,08:55,4036.70,4039.50,4035.90,4037.70,254
2026-07-15,09:00,4037.70,4040.60,4037.10,4039.80,414
2026-07-15,09:05,4039.40,4040.70,4036.20,4038.30,633
2026-07-15,09:10,4038.60,4039.30,4035.70,4036.30,118
2026-07-15,09:15,4036.70,4037.40,4035.10,4037.40,197
2026-07-15,09:20,4037.00,4038.70,4035.30,4035.80,192
2026-07-15,09:25,4035.30,4035.30,4032.90,4033.50,868
2026-07-15,09:30,4033.20,4035.80,4032.60,4032.60,635
2026-07-15,09:35,4032.80,4033.80,4031.50,4032.40,121
2026-07-15,09:40,4032.80,4033.90,4032.50,4033.40,77
2026-07-15,09:45,4033.00,4035.30,4032.40,4034.20,384
2026-07-15,09:50,4034.50,4034.60,4032.90,4034.50,153
2026-07-15,09:55,4034.70,4036.40,4032.10,4036.30,200
2026-07-15,10:00,4036.40,4037.50,4034.90,4036.60,202
2026-07-15,10:05,4036.20,4039.20,4034.90,4036.50,200
2026-07-15,10:10,4037.00,4042.40,4035.60,4040.20,567
2026-07-15,10:15,4040.10,4040.10,4038.00,4038.10,107
2026-07-15,10:20,4038.70,4041.50,4035.00,4035.30,303
2026-07-15,10:25,4035.40,4036.00,4032.10,4034.60,356
2026-07-15,10:30,4034.60,4037.20,4034.30,4036.40,159
2026-07-15,10:35,4036.10,4040.00,4035.90,4039.90,137
2026-07-15,10:40,4039.20,4039.50,4036.40,4037.20,75
2026-07-15,10:45,4036.80,4037.30,4033.10,4034.80,203
2026-07-15,10:50,4034.50,4035.20,4033.70,4034.90,123
2026-07-15,10:55,4034.60,4034.80,4033.30,4034.30,103
2026-07-15,11:00,4033.90,4037.50,4033.90,4035.30,161
2026-07-15,11:05,4034.60,4037.60,4034.60,4037.40,73
2026-07-15,11:10,4037.10,4039.00,4036.20,4036.20,177
2026-07-15,11:15,4036.60,4036.60,4033.70,4035.30,244
2026-07-15,11:20,4035.20,4036.30,4034.60,4036.30,84
2026-07-15,11:25,4036.30,4037.50,4034.70,4036.80,84
2026-07-15,11:30,4036.60,4039.60,4035.40,4039.10,497
2026-07-15,11:35,4039.40,4041.70,4038.20,4041.50,466
2026-07-15,11:40,4041.40,4045.50,4041.30,4043.80,1019
2026-07-15,11:45,4043.80,4045.00,4041.70,4042.70,153
2026-07-15,11:50,4042.70,4046.50,4041.80,4042.50,283
2026-07-15,11:55,4042.70,4045.50,4042.10,4044.50,174
2026-07-15,12:00,4044.90,4048.70,4044.30,4047.10,457
2026-07-15,12:05,4047.00,4047.00,4043.20,4043.60,255
2026-07-15,12:10,4043.80,4045.20,4041.80,4044.10,397
2026-07-15,12:15,4044.50,4046.80,4044.50,4045.70,165
2026-07-15,12:20,4045.90,4047.20,4044.20,4045.80,587
2026-07-15,12:25,4045.80,4046.50,4043.50,4045.30,358
2026-07-15,12:30,4045.10,4061.40,4045.10,4060.70,3093
2026-07-15,12:35,4061.00,4073.00,4060.30,4070.30,2592
2026-07-15,12:40,4070.50,4070.60,4063.70,4069.80,1699
2026-07-15,12:45,4070.10,4072.30,4067.60,4071.00,871
2026-07-15,12:50,4070.50,4073.60,4068.80,4070.30,509
2026-07-15,12:55,4070.50,4078.20,4068.00,4074.60,1264
2026-07-15,13:00,4074.70,4080.00,4071.60,4079.10,1127
2026-07-15,13:05,4079.00,4080.70,4075.70,4075.70,1472
2026-07-15,13:10,4075.50,4076.50,4067.70,4067.70,1442
2026-07-15,13:15,4067.80,4072.60,4067.20,4072.00,450
2026-07-15,13:20,4071.70,4071.70,4067.20,4068.10,269
2026-07-15,13:25,4068.00,4068.00,4060.50,4062.10,1702
2026-07-15,13:30,4062.20,4067.90,4061.90,4066.90,863
2026-07-15,13:35,4066.60,4069.20,4064.00,4068.00,427
2026-07-15,13:40,4067.40,4069.70,4064.60,4067.70,490
2026-07-15,13:45,4068.00,4068.70,4061.70,4063.50,865
2026-07-15,13:50,4063.50,4067.40,4061.80,4065.80,465
2026-07-15,13:55,4065.60,4073.10,4064.60,4068.50,1255
2026-07-15,14:00,4068.70,4072.30,4066.80,4070.30,753
2026-07-15,14:05,4070.50,4072.30,4068.90,4069.90,253
2026-07-15,14:10,4070.00,4072.50,4069.00,4070.80,379
2026-07-15,14:15,4071.30,4073.00,4067.50,4069.60,401
2026-07-15,14:20,4069.90,4070.10,4061.80,4064.40,811
2026-07-15,14:25,4064.00,4066.20,4062.00,4065.00,483
2026-07-15,14:30,4065.00,4070.40,4064.30,4069.10,502
2026-07-15,14:35,4069.40,4070.60,4067.60,4068.90,476
2026-07-15,14:40,4069.10,4069.50,4063.50,4063.70,344
2026-07-15,14:45,4063.80,4067.00,4059.50,4066.80,1080
2026-07-15,14:50,4066.60,4066.60,4061.20,4062.30,369
2026-07-15,14:55,4062.50,4067.50,4062.10,4067.20,535
2026-07-15,15:00,4067.40,4069.60,4064.70,4065.40,470
2026-07-15,15:05,4065.50,4065.50,4060.80,4060.80,314
2026-07-15,15:10,4060.70,4061.20,4049.50,4050.70,1261
2026-07-15,15:15,4050.30,4053.50,4049.50,4053.00,966
2026-07-15,15:20,4052.60,4053.00,4045.90,4051.30,941
2026-07-15,15:25,4051.70,4056.50,4050.80,4055.80,730
2026-07-15,15:30,4056.00,4056.30,4051.30,4054.80,459
2026-07-15,15:35,4055.30,4056.00,4053.30,4055.30,229
2026-07-15,15:40,4055.60,4057.00,4054.90,4056.70,630
2026-07-15,15:45,4056.00,4057.50,4054.40,4056.30,439
2026-07-15,15:50,4055.20,4057.20,4052.90,4057.10,227
2026-07-15,15:55,4056.50,4056.50,4052.80,4053.20,603
2026-07-15,16:00,4053.40,4054.40,4048.90,4049.70,434
2026-07-15,16:05,4049.60,4051.00,4048.20,4048.40,207
2026-07-15,16:10,4048.80,4049.00,4043.80,4044.80,812
2026-07-15,16:15,4044.60,4047.40,4039.20,4040.10,943
2026-07-15,16:20,4041.10,4044.30,4039.60,4042.40,592
2026-07-15,16:25,4042.00,4044.30,4039.30,4041.30,547
2026-07-15,16:30,4041.00,4043.60,4037.00,4037.40,723
2026-07-15,16:35,4037.20,4037.70,4033.40,4036.40,1301
2026-07-15,16:40,4036.40,4038.20,4033.00,4035.00,481
2026-07-15,16:45,4034.80,4044.00,4033.70,4042.00,1769
2026-07-15,16:50,4041.80,4044.50,4040.20,4040.40,393
2026-07-15,16:55,4040.40,4040.60,4035.90,4040.30,619
2026-07-15,17:00,4040.40,4045.30,4039.80,4044.30,449
2026-07-15,17:05,4044.60,4045.90,4043.20,4043.20,472
2026-07-15,17:10,4043.20,4045.20,4042.40,4042.40,303
2026-07-15,17:15,4042.30,4043.80,4039.70,4042.20,720
2026-07-15,17:20,4042.20,4045.60,4042.20,4044.30,697
2026-07-15,17:25,4044.60,4055.00,4044.10,4054.20,2054
2026-07-15,17:30,4053.90,4062.70,4053.60,4061.70,2124
2026-07-15,17:35,4061.40,4066.80,4060.30,4064.20,996
2026-07-15,17:40,4063.60,4069.90,4063.40,4069.10,551
2026-07-15,17:45,4069.10,4073.70,4068.00,4072.20,811
2026-07-15,17:50,4072.00,4072.00,4068.60,4070.00,702
2026-07-15,17:55,4070.50,4070.80,4066.80,4068.70,393
2026-07-15,18:00,4069.20,4076.20,4068.60,4075.00,607
2026-07-15,18:05,4074.70,4077.60,4073.10,4074.50,626
2026-07-15,18:10,4074.20,4075.50,4072.60,4074.80,288
2026-07-15,18:15,4075.60,4077.30,4074.00,4077.00,243
2026-07-15,18:20,4077.10,4079.30,4076.00,4078.10,322
2026-07-15,18:25,4078.00,4082.80,4076.40,4081.30,693
2026-07-15,18:30,4081.70,4089.10,4079.20,4079.70,1421
2026-07-15,18:35,4079.70,4080.60,4077.50,4077.90,392
2026-07-15,18:40,4077.90,4078.40,4074.80,4075.00,400
2026-07-15,18:45,4075.00,4076.00,4071.00,4071.80,663
2026-07-15,18:50,4071.70,4071.80,4069.40,4070.50,254
2026-07-15,18:55,4070.60,4071.60,4065.20,4066.30,587
2026-07-15,19:00,4066.30,4069.90,4064.40,4068.30,336
2026-07-15,19:05,4068.50,4068.60,4065.80,4067.40,184
2026-07-15,19:10,4067.50,4069.70,4065.80,4068.20,256
2026-07-15,19:15,4068.20,4068.70,4063.40,4064.30,263
2026-07-15,19:20,4063.90,4063.90,4059.90,4062.20,820
2026-07-15,19:25,4062.00,4065.60,4061.70,4063.60,314
2026-07-15,19:30,4063.80,4065.10,4055.80,4057.10,655
2026-07-15,19:35,4056.70,4059.30,4055.20,4057.70,454
2026-07-15,19:40,4057.50,4060.30,4057.10,4058.50,286
2026-07-15,19:45,4058.50,4060.80,4058.00,4059.40,274
2026-07-15,19:50,4059.70,4061.90,4058.50,4060.80,280
2026-07-15,19:55,4060.90,4064.20,4059.40,4064.00,567
2026-07-15,20:00,4063.70,4065.30,4062.30,4065.10,259
2026-07-15,20:05,4064.70,4065.00,4063.10,4063.80,102
2026-07-15,20:10,4064.00,4064.50,4063.10,4064.00,77
2026-07-15,20:15,4064.00,4067.10,4064.00,4066.30,103
2026-07-15,20:20,4065.80,4068.30,4065.70,4067.10,85
2026-07-15,20:25,4067.20,4069.00,4067.10,4068.00,68
2026-07-15,20:30,4068.30,4068.30,4067.00,4067.00,47
2026-07-15,20:35,4067.40,4069.80,4067.40,4069.70,108
2026-07-15,20:40,4069.40,4069.60,4067.40,4068.60,67
2026-07-15,20:45,4068.30,4068.70,4067.80,4068.40,41
2026-07-15,20:50,4068.30,4069.70,4067.30,4067.60,58
2026-07-15,20:55,4068.00,4068.00,4066.50,4066.90,0
2026-07-15,22:00,4068.90,4071.90,4066.60,4066.80,277
2026-07-15,22:05,4066.90,4070.00,4066.90,4068.80,199
2026-07-15,22:10,4069.30,4070.30,4069.10,4069.20,155
2026-07-15,22:15,4068.90,4070.30,4068.50,4068.50,75
2026-07-15,22:20,4069.30,4069.60,4068.00,4068.60,58
2026-07-15,22:25,4068.20,4068.20,4067.20,4068.00,138
2026-07-15,22:30,4068.30,4068.30,4066.20,4066.20,106
2026-07-15,22:35,4066.60,4067.20,4064.60,4066.10,159
2026-07-15,22:40,4066.10,4066.70,4065.10,4066.10,85
2026-07-15,22:45,4066.40,4067.00,4065.00,4065.50,55
2026-07-15,22:50,4065.70,4065.90,4063.80,4065.20,103
2026-07-15,22:55,4065.30,4067.20,4065.20,4065.60,138
2026-07-15,23:00,4065.80,4068.00,4064.80,4065.60,151
2026-07-15,23:05,4065.90,4068.00,4065.30,4067.00,134
2026-07-15,23:10,4067.20,4067.20,4064.80,4066.20,188
2026-07-15,23:15,4066.30,4066.30,4063.70,4065.00,185
2026-07-15,23:20,4065.00,4065.10,4062.60,4062.60,78
2026-07-15,23:25,4063.00,4065.00,4062.60,4063.60,184
2026-07-15,23:30,4063.80,4064.20,4061.80,4063.80,62
2026-07-15,23:35,4063.50,4065.10,4062.50,4062.70,117
2026-07-15,23:40,4062.90,4064.00,4061.10,4063.50,76
2026-07-15,23:45,4063.20,4065.30,4061.80,4063.90,258
2026-07-15,23:50,4063.90,4066.50,4062.40,4063.90,161
2026-07-15,23:55,4063.70,4065.00,4063.10,4063.60,48
2026-07-16,00:00,4063.80,4065.20,4062.00,4063.00,121
2026-07-16,00:05,4063.30,4063.30,4060.40,4060.80,115
2026-07-16,00:10,4061.10,4062.80,4060.50,4062.30,39
2026-07-16,00:15,4061.70,4063.40,4061.70,4062.50,106
2026-07-16,00:20,4062.30,4066.10,4060.50,4064.30,214
2026-07-16,00:25,4064.30,4066.00,4063.80,4065.00,99
2026-07-16,00:30,4064.00,4066.80,4064.00,4066.80,263
2026-07-16,00:35,4066.90,4067.10,4064.00,4064.20,180
2026-07-16,00:40,4064.00,4064.20,4059.60,4061.30,246
2026-07-16,00:45,4060.80,4065.80,4060.80,4065.00,393
2026-07-16,00:50,4065.00,4067.00,4059.20,4059.30,344
2026-07-16,00:55,4059.10,4059.60,4049.20,4050.40,776
2026-07-16,01:00,4050.30,4056.60,4046.80,4051.00,915
2026-07-16,01:05,4051.10,4052.70,4048.40,4051.50,198
2026-07-16,01:10,4052.00,4055.10,4048.10,4051.00,537
2026-07-16,01:15,4051.10,4051.20,4044.50,4046.80,416
2026-07-16,01:20,4047.00,4049.90,4041.70,4043.50,346
2026-07-16,01:25,4043.40,4044.70,4039.40,4042.70,426
2026-07-16,01:30,4042.40,4047.20,4042.40,4045.10,208
2026-07-16,01:35,4048.20,4050.50,4046.00,4050.00,361
2026-07-16,01:40,4049.80,4051.60,4046.40,4047.60,495
2026-07-16,01:45,4047.70,4049.30,4045.30,4046.50,158
2026-07-16,01:50,4045.90,4046.40,4042.50,4043.80,273
2026-07-16,01:55,4044.20,4046.40,4043.30,4044.20,121
2026-07-16,02:00,4044.50,4045.30,4041.20,4041.40,158
2026-07-16,02:05,4041.30,4041.60,4038.00,4038.40,370
2026-07-16,02:10,4038.00,4040.80,4036.50,4037.70,205
2026-07-16,02:15,4037.60,4038.50,4034.10,4038.40,265
2026-07-16,02:20,4038.40,4040.40,4036.90,4038.60,235
2026-07-16,02:25,4038.60,4040.20,4037.30,4040.20,119
2026-07-16,02:30,4040.20,4041.30,4035.50,4036.90,231
2026-07-16,02:35,4037.40,4038.30,4031.30,4032.50,361
2026-07-16,02:40,4032.40,4033.80,4029.40,4033.00,451
2026-07-16,02:45,4033.00,4035.60,4032.90,4034.80,184
2026-07-16,02:50,4034.40,4034.80,4030.00,4034.80,395
2026-07-16,02:55,4034.70,4038.10,4034.10,4036.90,256
2026-07-16,03:00,4036.80,4037.50,4035.60,4035.80,109
2026-07-16,03:05,4036.30,4038.40,4035.60,4038.30,95
2026-07-16,03:10,4038.40,4038.60,4034.80,4035.30,119
2026-07-16,03:15,4035.50,4037.00,4034.40,4035.30,115
2026-07-16,03:20,4035.10,4035.80,4033.00,4035.00,158
2026-07-16,03:25,4034.20,4039.70,4034.20,4039.70,206
2026-07-16,03:30,4039.70,4040.00,4037.90,4039.70,106
2026-07-16,03:35,4039.70,4040.60,4038.80,4038.80,80
2026-07-16,03:40,4039.50,4041.60,4039.00,4040.90,115
2026-07-16,03:45,4040.60,4040.80,4039.40,4040.10,141
2026-07-16,03:50,4040.10,4042.00,4039.80,4041.30,84
2026-07-16,03:55,4041.10,4042.20,4040.70,4040.70,63
2026-07-16,04:00,4041.80,4041.80,4039.00,4039.20,101
2026-07-16,04:05,4039.50,4039.70,4037.10,4037.10,94
2026-07-16,04:10,4037.10,4043.10,4037.10,4042.00,182
2026-07-16,04:15,4041.90,4041.90,4037.80,4038.30,103
2026-07-16,04:20,4038.60,4040.40,4038.00,4038.30,94
2026-07-16,04:25,4037.80,4039.30,4037.00,4039.10,152
2026-07-16,04:30,4039.30,4040.30,4037.00,4038.30,152
2026-07-16,04:35,4038.20,4039.00,4037.60,4038.50,57
2026-07-16,04:40,4038.50,4039.30,4037.70,4037.90,64
2026-07-16,04:45,4037.40,4040.50,4037.30,4039.80,83
2026-07-16,04:50,4039.40,4040.30,4039.30,4040.10,38
2026-07-16,04:55,4039.40,4039.90,4038.30,4038.30,71
2026-07-16,05:00,4038.20,4038.90,4035.80,4037.20,98
2026-07-16,05:05,4037.20,4037.40,4035.30,4036.50,232
2026-07-16,05:10,4036.20,4036.20,4034.40,4034.80,98
2026-07-16,05:20,4051.80,4051.80,4031.60,4032.40,525
2026-07-16,05:25,4032.00,4034.70,4031.90,4032.70,136
2026-07-16,05:30,4032.60,4037.00,4030.30,4035.20,433
2026-07-16,05:35,4034.40,4036.20,4032.70,4034.70,163
2026-07-16,05:40,4034.60,4038.50,4032.00,4037.60,304
2026-07-16,05:45,4037.80,4038.10,4032.70,4032.70,184
2026-07-16,05:50,4033.10,4036.10,4030.90,4032.10,450
2026-07-16,05:55,4032.20,4034.40,4031.90,4032.20,190
2026-07-16,06:00,4032.40,4038.30,4032.40,4036.60,449
2026-07-16,06:05,4036.90,4041.50,4036.90,4040.60,407
2026-07-16,06:10,4039.60,4039.60,4036.00,4037.20,250
2026-07-16,06:15,4037.50,4038.10,4033.30,4034.30,280
2026-07-16,06:20,4034.70,4036.90,4032.70,4036.50,342
2026-07-16,06:25,4036.70,4037.20,4035.30,4035.30,228
2026-07-16,06:30,4035.10,4035.70,4031.70,4032.10,474
2026-07-16,06:35,4031.50,4031.80,4027.70,4031.40,661
2026-07-16,06:40,4031.10,4032.20,4030.00,4032.10,277
2026-07-16,06:45,4031.80,4033.80,4031.40,4033.40,131
2026-07-16,06:50,4033.50,4035.20,4033.00,4035.20,156
2026-07-16,06:55,4035.50,4036.60,4035.30,4035.80,166
2026-07-16,07:00,4035.60,4035.80,4032.50,4034.30,165
2026-07-16,07:05,4034.20,4034.80,4033.00,4034.40,104
2026-07-16,07:10,4034.70,4034.80,4030.80,4031.50,224
2026-07-16,07:15,4031.20,4031.50,4028.70,4029.40,203
2026-07-16,07:20,4029.80,4031.80,4029.60,4030.30,251
2026-07-16,07:25,4030.00,4031.70,4028.80,4029.50,341
2026-07-16,07:30,4029.10,4030.30,4027.80,4028.70,338
2026-07-16,07:35,4029.10,4030.70,4028.10,4030.30,288
2026-07-16,07:40,4030.00,4033.20,4030.00,4031.40,267
2026-07-16,07:45,4031.40,4037.10,4031.10,4035.60,475
2026-07-16,07:50,4035.70,4036.20,4031.90,4033.00,264
2026-07-16,07:55,4033.40,4036.20,4033.30,4036.10,246
2026-07-16,08:00,4035.50,4039.30,4034.30,4035.00,410
2026-07-16,08:05,4035.10,4035.80,4033.50,4033.50,255
2026-07-16,08:10,4033.50,4034.00,4030.10,4030.90,361
2026-07-16,08:15,4030.80,4033.90,4030.00,4033.90,328
2026-07-16,08:20,4034.00,4036.80,4033.60,4036.30,293
2026-07-16,08:25,4036.40,4038.40,4035.90,4036.90,205
2026-07-16,08:30,4037.00,4039.90,4036.90,4036.90,316
2026-07-16,08:35,4037.30,4040.70,4037.30,4038.10,220
2026-07-16,08:40,4038.20,4039.20,4036.90,4038.70,262
2026-07-16,08:45,4039.30,4041.70,4038.70,4041.00,190
2026-07-16,08:50,4040.40,4041.10,4038.50,4038.50,156
2026-07-16,08:55,4038.70,4041.00,4038.30,4040.30,132
2026-07-16,09:00,4040.60,4042.60,4040.40,4040.40,175
2026-07-16,09:05,4040.40,4042.00,4040.40,4041.80,135
2026-07-16,09:10,4041.60,4042.60,4040.80,4042.10,113
2026-07-16,09:15,4042.30,4043.20,4041.00,4041.10,265
2026-07-16,09:20,4041.30,4041.30,4037.60,4037.90,293
2026-07-16,09:25,4038.00,4038.90,4036.00,4038.10,281
2026-07-16,09:30,4038.40,4039.20,4035.70,4037.30,572
2026-07-16,09:35,4037.20,4040.10,4036.80,4038.60,190
2026-07-16,09:40,4038.90,4040.70,4038.20,4039.70,227
2026-07-16,09:45,4040.10,4040.10,4037.20,4037.70,380
2026-07-16,09:50,4038.10,4041.90,4037.70,4041.70,192
2026-07-16,09:55,4041.60,4042.10,4037.40,4037.40,222
2026-07-16,10:00,4037.20,4037.90,4035.30,4036.80,264
2026-07-16,10:05,4036.70,4038.30,4035.90,4038.00,156
2026-07-16,10:10,4038.10,4038.10,4035.00,4037.10,93
2026-07-16,10:15,4037.40,4038.50,4037.20,4038.00,63
2026-07-16,10:20,4037.50,4040.10,4036.90,4040.10,140
2026-07-16,10:25,4039.60,4039.90,4037.30,4038.70,74
2026-07-16,10:30,4039.20,4039.70,4037.30,4039.00,67
2026-07-16,10:35,4039.00,4040.10,4037.30,4037.40,34
2026-07-16,10:40,4037.20,4040.10,4037.00,4038.60,145
2026-07-16,10:45,4038.70,4038.70,4036.20,4036.20,141
2026-07-16,10:50,4036.30,4038.00,4035.80,4037.10,163
2026-07-16,10:55,4037.00,4037.50,4034.40,4035.10,177
2026-07-16,11:00,4035.20,4035.80,4033.00,4034.00,281
2026-07-16,11:05,4033.80,4034.80,4033.10,4034.50,137
2026-07-16,11:10,4034.20,4035.20,4031.40,4033.30,285
2026-07-16,11:15,4033.10,4033.10,4030.20,4031.60,239
2026-07-16,11:20,4031.40,4032.50,4029.70,4030.10,300
2026-07-16,11:25,4029.90,4032.70,4026.20,4029.40,655
2026-07-16,11:30,4029.40,4035.30,4028.50,4034.90,275
2026-07-16,11:35,4035.00,4037.90,4034.40,4036.40,455
2026-07-16,11:40,4036.30,4041.70,4035.80,4040.60,449
2026-07-16,11:45,4040.90,4048.40,4032.80,4038.00,1514
2026-07-16,11:50,4037.80,4045.90,4034.60,4044.90,1053
2026-07-16,11:55,4045.00,4047.30,4043.00,4044.10,460
2026-07-16,12:00,4044.40,4048.70,4041.50,4047.80,444
2026-07-16,12:05,4048.20,4048.70,4037.80,4038.40,1830
2026-07-16,12:10,4038.50,4038.50,4032.70,4036.90,661
2026-07-16,12:15,4036.80,4037.40,4017.40,4033.30,4892
2026-07-16,12:20,4033.80,4034.30,4025.10,4026.10,1154
2026-07-16,12:25,4025.40,4030.50,4021.50,4030.20,674
2026-07-16,12:30,4030.30,4034.50,4022.50,4027.40,815
2026-07-16,12:35,4027.00,4027.30,4019.20,4019.60,981
2026-07-16,12:40,4019.90,4019.90,4004.80,4007.10,3279
2026-07-16,12:45,4006.90,4013.30,4003.30,4003.30,2080
2026-07-16,12:50,4003.60,4006.90,3998.70,4000.50,2123
2026-07-16,12:55,4000.40,4001.30,3994.20,3996.40,2253
2026-07-16,13:00,3996.30,4001.10,3979.10,3982.20,4652
2026-07-16,13:05,3982.10,3990.60,3977.10,3987.70,1773
2026-07-16,13:10,3987.50,3997.70,3986.10,3996.00,1844
2026-07-16,13:15,3996.30,4000.00,3995.40,3999.50,986
2026-07-16,13:20,3999.20,4003.90,3995.40,4003.10,1260
2026-07-16,13:25,4002.70,4010.50,4002.30,4009.80,1167
2026-07-16,13:30,4010.10,4012.60,3997.20,3997.40,1813
2026-07-16,13:35,3997.30,3998.00,3985.50,3987.20,2396
2026-07-16,13:40,3987.10,3993.40,3987.10,3990.30,1203
2026-07-16,13:45,3990.10,3997.40,3990.00,3996.00,921
2026-07-16,13:50,3995.70,4001.10,3995.50,3998.20,704
2026-07-16,13:55,3997.90,3997.90,3992.30,3994.00,530
2026-07-16,14:00,3993.90,4001.60,3993.10,4001.30,1067
2026-07-16,14:05,4001.00,4001.00,3995.10,3997.00,625
2026-07-16,14:10,3997.00,3998.60,3991.20,3992.80,613
2026-07-16,14:15,3993.10,4001.70,3991.60,3999.80,697
2026-07-16,14:20,4000.20,4000.70,3994.80,3996.70,473
2026-07-16,14:25,3996.40,4005.00,3995.80,4004.00,618
2026-07-16,14:30,4003.30,4009.20,3999.80,4007.30,935
2026-07-16,14:35,4006.80,4008.50,4003.30,4004.10,869
2026-07-16,14:40,4004.40,4009.40,4004.10,4009.20,515
2026-07-16,14:45,4009.40,4011.00,4003.30,4003.60,772
2026-07-16,14:50,4003.70,4004.70,3999.10,3999.50,667
2026-07-16,14:55,3999.20,4003.70,3996.50,4002.00,585
2026-07-16,15:00,4002.20,4002.70,3996.40,3997.10,515
2026-07-16,15:05,3996.70,4000.10,3994.50,3999.70,627
2026-07-16,15:10,3999.20,3999.30,3993.30,3997.00,657
2026-07-16,15:15,3996.80,4003.30,3996.80,4002.90,955
2026-07-16,15:20,4002.70,4013.60,4002.70,4012.40,1082
2026-07-16,15:25,4012.50,4021.80,4011.30,4015.50,1491
2026-07-16,15:30,4015.80,4019.40,4011.70,4019.00,857
2026-07-16,15:35,4018.80,4021.20,4015.30,4018.50,763
2026-07-16,15:40,4018.80,4019.00,4014.00,4014.60,640
2026-07-16,15:45,4015.10,4016.00,4012.50,4015.10,731
2026-07-16,15:50,4015.50,4017.70,4012.80,4013.80,542
2026-07-16,15:55,4013.80,4014.10,4009.90,4011.80,350
2026-07-16,16:00,4011.40,4012.30,4003.40,4004.30,822
2026-07-16,16:05,4004.30,4005.80,4002.00,4003.30,511
2026-07-16,16:10,4003.30,4003.30,3993.90,3993.90,758
2026-07-16,16:15,3993.80,3996.00,3989.70,3991.40,1248
2026-07-16,16:20,3991.90,3993.80,3986.50,3991.20,1104
2026-07-16,16:25,3990.60,3992.50,3988.70,3991.50,461
2026-07-16,16:30,3992.00,3994.50,3991.30,3993.50,554
2026-07-16,16:35,3993.40,3996.40,3993.40,3995.20,449
2026-07-16,16:40,3995.40,3996.80,3992.80,3996.30,414
2026-07-16,16:45,3996.00,3997.00,3993.50,3996.50,303
2026-07-16,16:50,3995.50,4000.00,3995.10,3999.20,395
2026-07-16,16:55,3998.90,4001.40,3996.20,3996.40,509
2026-07-16,17:00,3996.70,3997.30,3994.40,3995.40,297
2026-07-16,17:05,3995.40,3995.40,3991.60,3992.00,326
2026-07-16,17:10,3992.40,3992.90,3988.90,3989.90,1043
2026-07-16,17:15,3990.30,3992.90,3989.40,3992.20,625
2026-07-16,17:20,3992.40,3993.50,3990.30,3991.20,240
2026-07-16,17:25,3990.90,3993.20,3987.20,3992.30,2236
2026-07-16,17:30,3992.10,3993.30,3987.70,3989.00,757
2026-07-16,17:35,3988.90,3990.10,3985.70,3986.90,427
2026-07-16,17:40,3986.90,3987.70,3983.90,3985.90,525
2026-07-16,17:45,3986.10,3990.30,3985.30,3989.10,208
2026-07-16,17:50,3989.80,3992.20,3988.70,3991.20,240
2026-07-16,17:55,3991.10,3991.50,3988.10,3989.50,146
2026-07-16,18:00,3989.70,3991.70,3988.50,3990.10,172
2026-07-16,18:05,3990.40,3992.80,3988.30,3992.10,135
2026-07-16,18:10,3992.60,3994.10,3990.00,3990.00,616
2026-07-16,18:15,3989.80,3993.70,3988.90,3992.90,198
2026-07-16,18:20,3992.70,3995.20,3991.40,3991.70,256
2026-07-16,18:25,3991.60,3992.30,3990.40,3991.40,159
2026-07-16,18:30,3991.10,3991.10,3983.30,3983.70,594
2026-07-16,18:35,3983.60,3984.00,3981.00,3983.10,683
2026-07-16,18:40,3983.00,3988.50,3982.30,3987.70,412
2026-07-16,18:45,3987.50,3989.70,3986.60,3987.80,233
2026-07-16,18:50,3987.70,3988.60,3984.80,3985.70,117
2026-07-16,18:55,3985.50,3987.00,3983.90,3984.70,267
2026-07-16,19:00,3984.90,3990.10,3983.70,3989.70,271
2026-07-16,19:05,3989.30,3990.80,3986.60,3987.30,133
2026-07-16,19:10,3986.80,3987.00,3983.30,3985.10,294
2026-07-16,19:15,3984.80,3987.30,3984.40,3987.10,128
2026-07-16,19:20,3987.40,3988.90,3984.80,3985.70,136
2026-07-16,19:25,3986.20,3986.30,3983.00,3983.60,214
2026-07-16,19:30,3983.80,3984.00,3979.30,3980.00,383
2026-07-16,19:35,3979.80,3979.90,3973.40,3979.70,1183
2026-07-16,19:40,3979.30,3981.80,3979.30,3980.20,320
2026-07-16,19:45,3979.70,3981.10,3977.20,3979.30,351
2026-07-16,19:50,3979.50,3986.90,3977.90,3985.90,304
2026-07-16,19:55,3986.10,3986.40,3980.60,3984.60,480
2026-07-16,20:00,3984.80,3984.80,3981.30,3982.10,260
2026-07-16,20:05,3982.20,3982.70,3979.70,3980.70,133
2026-07-16,20:10,3980.50,3980.80,3978.70,3979.30,93
2026-07-16,20:15,3978.90,3979.40,3976.70,3977.10,175
2026-07-16,20:20,3976.90,3977.60,3976.20,3976.80,83
2026-07-16,20:25,3977.00,3979.70,3976.20,3979.00,120
2026-07-16,20:30,3979.30,3979.50,3977.60,3978.90,48
2026-07-16,20:35,3979.20,3980.50,3979.00,3979.00,64
2026-07-16,20:40,3978.80,3979.70,3978.50,3978.50,39
2026-07-16,20:45,3978.50,3980.70,3978.20,3979.80,93
2026-07-16,20:50,3978.80,3980.00,3978.20,3979.60,61
2026-07-16,20:55,3979.60,3981.00,3978.90,3979.90,148
2026-07-16,22:00,3980.10,3984.10,3980.00,3982.30,0
2026-07-16,22:05,3981.90,3981.90,3980.00,3981.60,98
2026-07-16,22:10,3981.90,3981.90,3979.10,3979.40,136
2026-07-16,22:15,3980.10,3981.20,3978.90,3979.40,81
2026-07-16,22:20,3979.10,3979.70,3978.20,3978.90,82
2026-07-16,22:25,3978.70,3980.10,3978.30,3979.90,56
2026-07-16,22:30,3980.20,3980.60,3977.90,3979.70,54
2026-07-16,22:35,3979.40,3980.50,3978.60,3979.80,72
2026-07-16,22:40,3979.50,3980.00,3976.80,3977.40,91
2026-07-16,22:45,3977.10,3978.20,3976.90,3977.20,40
2026-07-16,22:50,3977.60,3979.00,3977.40,3978.60,29
2026-07-16,22:55,3979.10,3982.20,3979.10,3982.10,179
2026-07-16,23:00,3982.10,3982.40,3978.60,3982.10,206
2026-07-16,23:05,3981.30,3983.20,3981.10,3982.50,100
2026-07-16,23:10,3982.00,3984.00,3981.50,3983.60,52
2026-07-16,23:15,3983.30,3984.20,3982.30,3982.60,64
2026-07-16,23:20,3982.20,3982.40,3981.30,3981.90,105
2026-07-16,23:25,3982.10,3984.30,3981.80,3982.50,118
2026-07-16,23:30,3981.90,3982.10,3979.00,3981.10,258
2026-07-16,23:35,3981.30,3984.90,3981.30,3983.30,154
2026-07-16,23:40,3983.50,3985.70,3983.40,3984.90,166
2026-07-16,23:45,3984.90,3985.10,3980.20,3981.60,109
2026-07-16,23:50,3982.50,3984.40,3982.50,3984.30,53
2026-07-16,23:55,3983.80,3989.90,3983.80,3989.20,204
2026-07-17,00:00,3989.50,3990.60,3986.90,3988.40,146
2026-07-17,00:05,3988.50,3991.10,3987.10,3989.40,90
2026-07-17,00:10,3989.80,3990.40,3986.80,3987.10,141
2026-07-17,00:15,3987.80,3994.30,3987.70,3991.60,220
2026-07-17,00:20,3991.20,3993.70,3990.10,3990.20,189
2026-07-17,00:25,3990.00,3990.00,3987.20,3988.20,138
2026-07-17,00:30,3988.00,3988.40,3983.90,3984.60,251
2026-07-17,00:35,3984.50,3988.10,3984.50,3985.00,129
2026-07-17,00:40,3984.90,3986.40,3983.80,3985.50,140
2026-07-17,00:45,3985.70,3991.00,3985.30,3989.70,253
2026-07-17,00:50,3989.90,3992.40,3989.80,3991.40,196
2026-07-17,00:55,3991.60,3995.90,3989.70,3995.90,259
2026-07-17,01:00,3996.00,3996.20,3991.20,3992.30,436
2026-07-17,01:05,3991.90,3999.00,3991.90,3994.40,411
2026-07-17,01:10,3994.20,3997.50,3992.10,3996.00,326
2026-07-17,01:15,3995.80,4000.10,3995.10,3998.40,376
2026-07-17,01:20,3997.20,3999.20,3992.80,3994.30,312
2026-07-17,01:25,3994.30,3995.80,3991.50,3994.90,309
2026-07-17,01:30,3993.70,3996.50,3992.00,3995.90,199
2026-07-17,01:35,3996.00,3999.10,3994.70,3995.80,359
2026-07-17,01:40,3996.10,3998.10,3994.00,3994.70,165
2026-07-17,01:45,3994.70,3996.10,3987.30,3987.50,582
2026-07-17,01:50,3987.60,3988.70,3983.00,3983.50,454
2026-07-17,01:55,3983.40,3986.60,3982.70,3986.50,267
2026-07-17,02:00,3987.00,3991.10,3985.00,3986.80,213
2026-07-17,02:05,3986.50,3986.80,3983.60,3983.60,212
2026-07-17,02:10,3983.40,3985.60,3983.30,3984.50,84
2026-07-17,02:15,3984.20,3987.80,3984.10,3986.60,98
2026-07-17,02:20,3986.50,3987.20,3984.40,3987.20,103
2026-07-17,02:25,3986.80,3987.90,3984.10,3986.60,103
2026-07-17,02:30,3986.10,3987.40,3979.70,3981.00,323
2026-07-17,02:35,3980.90,3982.60,3974.10,3976.90,355
2026-07-17,02:40,3977.20,3980.00,3975.90,3978.40,215
2026-07-17,02:45,3978.00,3982.70,3977.70,3980.70,198
2026-07-17,02:50,3980.80,3982.10,3978.10,3981.20,224
2026-07-17,02:55,3981.10,3983.40,3980.30,3982.20,218
2026-07-17,03:00,3982.50,3993.10,3982.20,3992.20,436
2026-07-17,03:05,3992.50,3996.80,3991.50,3993.90,470
2026-07-17,03:10,3993.00,3994.20,3991.20,3992.20,263
2026-07-17,03:15,3992.20,4006.20,3992.20,4006.00,869
2026-07-17,03:20,4006.20,4012.20,4006.20,4006.90,1186
2026-07-17,03:25,4006.50,4007.50,4001.80,4005.10,440
2026-07-17,03:30,4004.80,4005.30,3999.70,4001.30,230
2026-07-17,03:35,4001.80,4004.10,4000.80,4002.80,348
2026-07-17,03:40,4002.80,4003.70,3999.70,4000.90,185
2026-07-17,03:45,4001.30,4002.20,3997.90,3998.50,175
2026-07-17,03:50,3998.50,3999.20,3996.10,3997.20,271
2026-07-17,03:55,3996.70,3996.80,3994.00,3995.70,253
2026-07-17,04:00,3995.00,3995.10,3991.80,3992.60,267
2026-07-17,04:05,3993.00,3993.60,3990.20,3990.60,118
2026-07-17,04:10,3991.00,3993.40,3990.40,3992.10,317
2026-07-17,04:15,3992.20,3993.20,3989.70,3991.70,257
2026-07-17,04:20,3992.10,3993.40,3989.10,3990.00,332
2026-07-17,04:25,3989.50,3990.30,3988.30,3989.50,291
2026-07-17,04:30,3989.60,3991.60,3986.80,3988.20,279
2026-07-17,04:35,3988.30,3989.70,3984.10,3986.60,273
2026-07-17,04:40,3986.40,3986.80,3983.10,3984.80,199
2026-07-17,04:45,3985.50,3987.90,3984.80,3985.40,269
2026-07-17,04:50,3985.20,3985.70,3983.50,3984.40,102
2026-07-17,04:55,3984.50,3985.20,3984.20,3985.00,67
2026-07-17,05:00,3984.80,3986.00,3982.80,3986.00,221
2026-07-17,05:05,3985.80,3985.80,3980.20,3981.70,188
2026-07-17,05:10,3981.00,3984.40,3981.00,3983.00,264
2026-07-17,05:15,3982.50,3983.60,3979.20,3979.40,410
2026-07-17,05:20,3979.10,3983.30,3978.40,3982.40,376
2026-07-17,05:25,3982.50,3985.20,3981.30,3982.90,432
2026-07-17,05:30,3983.00,3989.90,3981.50,3986.00,662
2026-07-17,05:35,3986.10,3989.00,3985.00,3989.00,354
2026-07-17,05:40,3989.60,3994.00,3988.10,3990.50,433
2026-07-17,05:45,3990.10,3993.10,3985.20,3991.60,351
2026-07-17,05:50,3991.40,3995.30,3990.90,3993.30,337
2026-07-17,05:55,3993.40,3993.70,3988.40,3988.60,300
2026-07-17,06:00,3988.60,3996.00,3988.50,3995.60,354
2026-07-17,06:05,3995.70,3996.80,3991.80,3992.80,265
2026-07-17,06:10,3993.00,4004.50,3992.60,4003.60,506
2026-07-17,06:15,4003.60,4006.50,4001.40,4005.80,433
2026-07-17,06:20,4006.00,4009.70,4005.30,4006.80,373
2026-07-17,06:25,4007.00,4009.00,4004.40,4007.50,654
2026-07-17,06:30,4007.20,4010.70,4006.80,4008.40,292
2026-07-17,06:35,4008.20,4008.30,4002.30,4003.20,324
2026-07-17,06:40,4003.30,4003.80,3999.30,4000.00,242
2026-07-17,06:45,3999.80,4003.90,3999.80,4001.80,209
2026-07-17,06:50,4001.90,4003.00,4000.30,4001.10,153
2026-07-17,06:55,4001.80,4005.30,4001.60,4003.10,212
2026-07-17,07:00,4003.10,4006.60,4000.70,4005.10,252
2026-07-17,07:05,4005.10,4005.90,3998.40,3999.00,369
2026-07-17,07:10,3999.10,4001.10,3997.10,4000.30,307
2026-07-17,07:15,4000.30,4003.20,3999.90,4001.30,143
2026-07-17,07:20,4001.00,4001.30,3998.00,4001.20,193
2026-07-17,07:25,4001.10,4002.30,3999.50,4000.00,144
2026-07-17,07:30,4000.40,4002.20,3999.10,4000.50,277
2026-07-17,07:35,4000.40,4000.90,3998.00,4000.40,104
2026-07-17,07:40,4000.60,4002.50,3998.00,4002.50,101
2026-07-17,07:45,4002.50,4002.60,3999.70,4000.40,122
2026-07-17,07:50,4000.40,4001.90,3998.60,3999.10,76
2026-07-17,07:55,3998.80,3999.60,3996.70,3997.00,122
2026-07-17,08:00,3996.60,4003.80,3996.00,4003.40,190
2026-07-17,08:05,4002.80,4003.20,4000.40,4001.50,155
2026-07-17,08:10,4001.40,4001.50,3995.10,3996.80,298
2026-07-17,08:15,3996.80,3998.60,3992.90,3993.10,406
2026-07-17,08:20,3994.70,3996.60,3994.40,3996.40,140
2026-07-17,08:25,3996.00,3999.20,3992.00,3996.30,969
2026-07-17,08:30,3996.30,3997.20,3993.90,3995.70,113
2026-07-17,08:35,3994.90,3996.00,3991.30,3992.90,138
2026-07-17,08:40,3993.20,3996.90,3992.80,3996.90,74
2026-07-17,08:45,3996.80,4003.40,3995.60,4002.20,313
2026-07-17,08:50,4002.10,4002.30,3997.90,3999.00,200
2026-07-17,08:55,3999.10,4002.20,3997.70,3998.40,256
2026-07-17,09:00,3997.90,3999.50,3996.80,3997.40,350
2026-07-17,09:05,3998.00,4001.80,3997.80,3999.90,100
2026-07-17,09:10,3999.70,4002.50,3999.20,4002.10,118
2026-07-17,09:15,4002.10,4002.30,3999.80,4000.00,180
2026-07-17,09:20,4000.00,4006.40,3999.80,4005.70,210
2026-07-17,09:25,4005.70,4006.50,4002.20,4002.90,477
2026-07-17,09:30,4003.40,4003.80,3999.10,3999.80,262
2026-07-17,09:35,3999.90,4002.10,3999.50,4000.70,134
2026-07-17,09:40,4001.40,4003.20,3999.30,3999.50,147
2026-07-17,09:45,3999.90,4001.00,3998.80,3999.30,175
2026-07-17,09:50,3999.60,4002.40,3998.60,4001.50,201
2026-07-17,09:55,4001.30,4001.80,3999.90,4001.80,99
2026-07-17,10:00,4001.70,4002.40,3999.20,4000.10,105
2026-07-17,10:05,4000.10,4001.20,3998.80,4000.20,262
2026-07-17,10:10,4000.30,4002.30,3999.70,4000.80,115
2026-07-17,10:15,4001.10,4001.60,3998.00,3998.50,228
2026-07-17,10:20,3998.30,4002.90,3998.30,3999.00,222
2026-07-17,10:25,3999.00,4000.60,3998.50,3999.60,402
2026-07-17,10:30,3999.80,4000.90,3998.40,4000.40,158
2026-07-17,10:35,3999.90,4000.10,3997.70,3999.50,183
2026-07-17,10:40,3999.20,4000.30,3997.20,4000.00,333
2026-07-17,10:45,3999.80,4000.90,3998.70,3999.50,95
2026-07-17,10:50,3998.90,3999.40,3994.20,3996.80,384
2026-07-17,10:55,3997.10,3997.50,3994.10,3994.40,151
2026-07-17,11:00,3994.50,3997.90,3994.50,3996.00,166
2026-07-17,11:05,3995.90,3996.20,3993.70,3995.00,102
2026-07-17,11:10,3994.90,3996.90,3994.50,3995.50,159
2026-07-17,11:15,3995.30,3997.30,3993.60,3997.00,223
2026-07-17,11:20,3996.60,4000.10,3996.30,3997.20,260
2026-07-17,11:25,3997.50,3999.90,3997.20,3999.40,181
2026-07-17,11:30,3999.80,4000.30,3995.40,3996.40,245
2026-07-17,11:35,3996.60,3997.60,3995.10,3997.10,112
2026-07-17,11:40,3997.40,3998.70,3995.60,3995.80,182
2026-07-17,11:45,3995.70,4000.20,3995.20,3997.70,450
2026-07-17,11:50,3997.60,4002.70,3997.00,4002.70,218
2026-07-17,11:55,4002.70,4002.70,3997.70,3997.90,485
2026-07-17,12:00,3998.20,3999.60,3993.30,3993.70,496
2026-07-17,12:05,3993.50,3995.30,3991.80,3994.30,552
2026-07-17,12:10,3994.50,3997.40,3992.90,3993.30,595
2026-07-17,12:15,3994.20,3995.90,3992.40,3995.20,294
2026-07-17,12:20,3995.10,3995.50,3987.90,3988.90,902
2026-07-17,12:25,3988.80,3991.40,3987.80,3990.80,375
2026-07-17,12:30,3991.00,3991.80,3984.70,3985.10,614
2026-07-17,12:35,3985.30,3986.80,3980.70,3981.50,749
2026-07-17,12:40,3981.20,3981.90,3968.60,3973.30,2234
2026-07-17,12:45,3973.00,3976.80,3968.70,3971.40,1192
2026-07-17,12:50,3970.80,3975.20,3967.70,3973.00,915
2026-07-17,12:55,3972.90,3977.00,3967.90,3969.50,970
2026-07-17,13:00,3970.10,3979.60,3963.00,3977.80,3197
2026-07-17,13:05,3978.00,3978.50,3972.70,3973.00,663
2026-07-17,13:10,3973.30,3975.40,3969.80,3974.20,604
2026-07-17,13:15,3973.50,3976.20,3971.00,3974.50,876
2026-07-17,13:20,3974.40,3978.70,3970.80,3973.00,492
2026-07-17,13:25,3973.40,3977.00,3970.70,3971.90,538
2026-07-17,13:30,3971.90,3975.80,3967.10,3969.30,1192
2026-07-17,13:35,3969.10,4007.90,3968.50,3997.40,3976
2026-07-17,13:40,3998.00,3998.00,3986.00,3988.50,1626
2026-07-17,13:45,3989.00,3994.40,3984.80,3993.70,911
2026-07-17,13:50,3993.60,3997.90,3992.00,3992.80,885
2026-07-17,13:55,3992.70,4001.40,3991.40,4001.40,1495
2026-07-17,14:00,4000.70,4004.50,3994.20,3998.20,1936
2026-07-17,14:05,3998.70,4004.80,3998.70,4000.70,1190
2026-07-17,14:10,4000.70,4005.10,3997.90,3999.20,566
2026-07-17,14:15,3999.10,4005.00,3997.60,4001.50,784
2026-07-17,14:20,4001.20,4008.90,4000.30,4007.20,1067
2026-07-17,14:25,4006.80,4008.70,4002.20,4002.70,796
2026-07-17,14:30,4002.80,4003.00,3996.30,3998.60,767
2026-07-17,14:35,3999.00,4003.90,3998.30,4001.90,577
2026-07-17,14:40,4001.40,4003.00,3999.50,4002.30,414
2026-07-17,14:45,4002.10,4005.10,3998.90,4000.10,664
2026-07-17,14:50,4000.40,4003.30,3997.50,3998.00,407
2026-07-17,14:55,3998.00,4005.80,3997.20,4005.50,515
2026-07-17,15:00,4005.50,4018.20,4002.00,4016.80,2160
2026-07-17,15:05,4016.80,4019.40,4007.60,4012.80,2476
2026-07-17,15:10,4012.80,4018.40,4007.70,4009.70,1028
2026-07-17,15:15,4010.30,4012.70,4009.00,4010.10,555
2026-07-17,15:20,4010.00,4016.90,4009.20,4012.90,661
2026-07-17,15:25,4012.70,4018.10,4010.90,4018.10,424
2026-07-17,15:30,4017.90,4021.20,4013.60,4015.30,1398
2026-07-17,15:35,4015.50,4021.10,4014.60,4018.80,624
2026-07-17,15:40,4019.20,4021.00,4016.50,4020.20,681
2026-07-17,15:45,4020.30,4023.30,4018.50,4021.30,620
2026-07-17,15:50,4021.40,4026.10,4021.20,4025.30,1370
2026-07-17,15:55,4025.50,4026.10,4022.30,4024.10,584
2026-07-17,16:00,4024.40,4024.60,4016.00,4021.90,2089
2026-07-17,16:05,4021.80,4024.00,4019.30,4022.50,436
2026-07-17,16:10,4022.70,4025.20,4022.60,4022.70,481
2026-07-17,16:15,4022.90,4026.70,4022.80,4026.10,462
2026-07-17,16:20,4026.30,4028.90,4023.00,4028.50,600
2026-07-17,16:25,4028.40,4028.70,4021.90,4023.80,1005
2026-07-17,16:30,4023.80,4024.10,4020.10,4020.90,443
2026-07-17,16:35,4021.00,4021.60,4018.00,4018.40,640
2026-07-17,16:40,4018.90,4022.80,4017.50,4022.30,528
2026-07-17,16:45,4022.10,4025.10,4021.20,4024.80,1218
2026-07-17,16:50,4025.30,4025.40,4020.20,4020.80,551
2026-07-17,16:55,4020.90,4021.50,4019.40,4019.60,392
2026-07-17,17:00,4020.00,4024.00,4020.00,4021.60,623
2026-07-17,17:05,4021.80,4023.30,4021.30,4022.60,139
2026-07-17,17:10,4022.40,4023.30,4018.10,4018.40,358
2026-07-17,17:15,4018.10,4020.30,4017.20,4017.80,448
2026-07-17,17:20,4017.90,4020.40,4017.00,4019.50,288
2026-07-17,17:25,4019.70,4020.80,4017.90,4018.70,1213
2026-07-17,17:30,4018.70,4019.50,4016.10,4017.00,270
2026-07-17,17:35,4017.00,4017.90,4014.70,4017.40,347
2026-07-17,17:40,4017.20,4017.30,4014.70,4016.00,198
2026-07-17,17:45,4015.70,4017.70,4015.30,4017.60,167
2026-07-17,17:50,4017.90,4018.30,4012.90,4014.10,501
2026-07-17,17:55,4014.10,4015.30,4012.90,4014.80,197
2026-07-17,18:00,4014.90,4016.30,4012.50,4014.90,410
2026-07-17,18:05,4014.50,4017.30,4014.40,4017.30,192
2026-07-17,18:10,4017.20,4017.90,4014.90,4015.50,171
2026-07-17,18:15,4015.30,4018.40,4014.10,4016.80,174
2026-07-17,18:20,4016.80,4018.40,4015.20,4017.40,169
2026-07-17,18:25,4017.40,4021.10,4016.60,4020.70,229
2026-07-17,18:30,4020.30,4021.30,4016.60,4018.10,351
2026-07-17,18:35,4018.00,4018.10,4016.50,4016.60,153
2026-07-17,18:40,4016.60,4016.90,4012.00,4013.00,341
2026-07-17,18:45,4013.10,4013.70,4011.60,4012.90,196
2026-07-17,18:50,4012.30,4015.00,4012.00,4015.00,149
2026-07-17,18:55,4015.30,4017.20,4014.80,4016.10,260
2026-07-17,19:00,4016.40,4016.40,4012.30,4012.80,197
2026-07-17,19:05,4012.80,4012.80,4009.60,4010.10,314
2026-07-17,19:10,4010.10,4011.00,4008.90,4010.80,220
2026-07-17,19:15,4010.50,4011.30,4009.20,4011.20,240
2026-07-17,19:20,4010.80,4011.10,4006.80,4007.20,249
2026-07-17,19:25,4007.30,4010.10,4007.10,4009.90,194
2026-07-17,19:30,4009.90,4012.10,4009.60,4011.20,311
2026-07-17,19:35,4010.70,4013.70,4010.40,4011.60,234
2026-07-17,19:40,4011.00,4014.80,4010.50,4014.70,120
2026-07-17,19:45,4014.90,4016.00,4013.90,4015.30,131
2026-07-17,19:50,4015.20,4020.40,4015.10,4020.20,307
2026-07-17,19:55,4020.10,4020.90,4019.20,4019.90,385
2026-07-17,20:00,4019.90,4020.30,4017.00,4018.70,279
2026-07-17,20:05,4018.50,4018.50,4016.70,4017.90,70
2026-07-17,20:10,4018.00,4018.00,4016.30,4016.80,80
2026-07-17,20:15,4016.90,4017.10,4013.50,4013.90,92
2026-07-17,20:20,4014.10,4015.30,4013.60,4014.60,65
2026-07-17,20:25,4015.10,4016.10,4013.80,4015.40,71
2026-07-17,20:30,4015.70,4015.70,4013.20,4013.90,78
2026-07-17,20:35,4013.50,4015.50,4013.50,4015.20,68
2026-07-17,20:40,4015.00,4018.10,4015.00,4017.70,84
2026-07-17,20:45,4017.70,4021.50,4017.50,4020.30,249
2026-07-17,20:50,4019.90,4022.90,4019.70,4020.90,242
2026-07-17,20:55,4020.70,4023.00,4018.80,4018.80,0
2026-07-19,22:10,4001.00,4001.80,3999.70,4000.30,54
2026-07-19,22:15,4000.00,4002.90,3999.10,4002.80,165
2026-07-19,22:20,4003.00,4004.40,4000.60,4001.90,160
2026-07-19,22:25,4001.60,4001.70,3998.30,3998.80,118
2026-07-19,22:30,3998.00,4002.80,3996.90,4001.60,285
2026-07-19,22:35,4001.40,4002.70,4000.20,4000.50,57
2026-07-19,22:40,4000.40,4002.80,4000.10,4000.60,172
2026-07-19,22:45,4000.80,4002.30,3999.20,4001.00,94
2026-07-19,22:50,4001.30,4001.60,4000.00,4000.80,66
2026-07-19,22:55,4000.80,4002.30,3997.90,3997.90,98
2026-07-19,23:00,3999.30,3999.30,3995.00,3998.90,211
2026-07-19,23:05,3999.00,3999.20,3997.00,3997.90,66
2026-07-19,23:10,3998.00,3998.00,3994.30,3994.50,92
2026-07-19,23:15,3995.00,3998.00,3994.70,3995.00,115
2026-07-19,23:20,3994.80,3997.30,3993.80,3997.30,76
2026-07-19,23:25,3997.40,3997.70,3995.50,3996.70,34
2026-07-19,23:30,3996.50,3998.00,3995.70,3997.70,60
2026-07-19,23:35,3998.00,3998.00,3994.70,3997.10,83
2026-07-19,23:40,3997.10,3997.40,3993.50,3996.00,171
2026-07-19,23:45,3996.50,3997.40,3993.00,3995.50,193
2026-07-19,23:50,3995.50,4000.10,3995.50,3996.90,183
2026-07-19,23:55,3997.40,3999.60,3997.00,3999.20,84
2026-07-20,00:00,3999.60,3999.80,3986.50,3991.00,877
2026-07-20,00:05,3991.90,3996.60,3990.40,3992.70,315
2026-07-20,00:10,3993.00,4003.10,3991.50,4000.00,919
2026-07-20,00:15,4000.10,4004.80,3997.80,4004.20,341
2026-07-20,00:20,4003.70,4010.10,4003.60,4006.30,483
2026-07-20,00:25,4006.70,4009.70,4005.50,4008.60,156
2026-07-20,00:30,4008.40,4008.40,4002.50,4006.80,332
2026-07-20,00:35,4006.90,4011.80,4004.40,4004.60,464
2026-07-20,00:40,4004.20,4008.20,4002.40,4002.90,180
2026-07-20,00:45,4003.50,4007.20,4003.50,4004.10,115
2026-07-20,00:50,4004.10,4006.50,4002.80,4006.20,93
2026-07-20,00:55,4006.10,4014.50,4004.70,4013.70,553
2026-07-20,01:00,4013.50,4020.70,4009.90,4018.20,1364
2026-07-20,01:05,4018.70,4021.50,4014.80,4021.30,536
2026-07-20,01:10,4021.60,4025.70,4013.70,4014.30,897
2026-07-20,01:15,4014.90,4014.90,4008.10,4008.90,446
2026-07-20,01:20,4009.20,4009.40,4004.10,4005.60,698
2026-07-20,01:25,4005.30,4009.10,4004.30,4007.50,193
2026-07-20,01:30,4007.30,4010.40,4007.00,4008.60,179
2026-07-20,01:35,4008.90,4009.20,4004.80,4006.30,166
2026-07-20,01:40,4006.80,4007.20,4000.10,4001.50,279
2026-07-20,01:45,4001.60,4008.50,4001.60,4008.20,229
2026-07-20,01:50,4007.80,4007.80,4002.10,4002.90,160
2026-07-20,01:55,4003.30,4008.80,4002.70,4007.00,101
2026-07-20,02:00,4007.30,4014.70,4006.00,4013.20,408
2026-07-20,02:05,4013.30,4013.30,4009.30,4012.10,257
2026-07-20,02:10,4012.10,4012.40,4009.80,4011.30,115
2026-07-20,02:15,4011.50,4011.60,4008.80,4009.30,66
2026-07-20,02:20,4009.50,4012.60,4009.50,4011.90,64
2026-07-20,02:25,4012.40,4013.40,4010.70,4011.50,78
2026-07-20,02:30,4011.40,4017.80,4010.70,4015.10,263
2026-07-20,02:35,4015.00,4019.20,4015.00,4018.10,194
2026-07-20,02:40,4018.00,4021.10,4014.30,4019.80,241
2026-07-20,02:45,4019.60,4034.20,4019.00,4029.60,1333
2026-07-20,02:50,4029.70,4031.70,4025.80,4027.70,544
2026-07-20,02:55,4028.10,4028.90,4026.10,4027.10,186
2026-07-20,03:00,4026.70,4027.50,4024.90,4025.90,190
2026-07-20,03:05,4026.30,4026.70,4023.50,4025.30,196
2026-07-20,03:10,4025.20,4029.10,4025.20,4029.00,135
2026-07-20,03:15,4028.80,4031.10,4028.00,4030.30,148
2026-07-20,03:20,4030.10,4031.70,4029.50,4030.80,144
2026-07-20,03:25,4029.90,4030.20,4026.70,4027.50,190
2026-07-20,03:30,4027.60,4029.90,4024.00,4024.70,242
2026-07-20,03:35,4024.40,4030.20,4023.90,4030.10,288
2026-07-20,03:40,4029.60,4032.70,4029.20,4031.60,124
2026-07-20,03:45,4032.20,4032.50,4030.90,4031.00,62
2026-07-20,03:50,4031.00,4032.40,4029.40,4029.50,89
2026-07-20,03:55,4029.50,4029.50,4027.80,4027.80,80
2026-07-20,04:00,4028.70,4031.30,4028.50,4030.20,150
2026-07-20,04:05,4030.40,4031.00,4028.70,4028.80,58
2026-07-20,04:10,4028.80,4029.20,4025.90,4025.90,78
2026-07-20,04:15,4025.90,4028.10,4025.90,4027.70,80
2026-07-20,04:20,4027.80,4029.00,4025.90,4025.90,75
2026-07-20,04:25,4026.10,4029.90,4026.10,4029.80,161
2026-07-20,04:30,4029.80,4029.80,4026.60,4028.10,223
2026-07-20,04:35,4028.00,4029.00,4026.90,4028.70,40
2026-07-20,04:40,4027.90,4028.10,4027.00,4028.00,34
2026-07-20,04:45,4027.00,4027.10,4023.90,4024.00,125
2026-07-20,04:50,4024.70,4026.20,4023.60,4025.30,167
2026-07-20,04:55,4025.30,4026.50,4022.60,4022.80,101
2026-07-20,05:00,4023.30,4025.10,4021.00,4022.00,153
2026-07-20,05:05,4022.00,4023.40,4019.50,4020.20,206
2026-07-20,05:10,4019.80,4020.00,4015.90,4018.20,500
2026-07-20,05:15,4018.50,4019.20,4016.90,4017.50,119
2026-07-20,05:20,4017.20,4017.20,4015.20,4016.20,117
2026-07-20,05:25,4015.90,4017.20,4013.60,4014.50,202
2026-07-20,05:30,4014.70,4018.70,4014.10,4014.90,299
2026-07-20,05:35,4015.20,4015.30,4012.00,4014.30,231
2026-07-20,05:40,4014.90,4016.70,4013.00,4015.00,105
2026-07-20,05:45,4013.00,4014.50,4009.50,4009.90,182
2026-07-20,05:50,4009.90,4013.10,4009.50,4011.90,247
2026-07-20,05:55,4011.60,4014.70,4011.30,4012.30,142
2026-07-20,06:00,4012.40,4015.80,4012.40,4014.50,255
2026-07-20,06:05,4014.50,4015.90,4011.10,4013.80,120
2026-07-20,06:10,4013.80,4014.10,4011.00,4011.70,82
2026-07-20,06:15,4011.60,4013.80,4010.80,4013.40,129
2026-07-20,06:20,4013.10,4013.90,4011.00,4012.60,113
2026-07-20,06:25,4012.40,4012.90,4008.10,4009.90,247
2026-07-20,06:30,4009.10,4010.00,4007.00,4008.90,223
2026-07-20,06:35,4009.00,4009.30,4007.50,4009.30,183
2026-07-20,06:40,4008.70,4011.00,4008.20,4009.00,255
2026-07-20,06:45,4009.10,4011.90,4009.10,4010.60,75
2026-07-20,06:50,4011.40,4011.50,4007.60,4009.20,146
2026-07-20,06:55,4009.90,4010.00,4007.50,4008.20,75
2026-07-20,07:00,4008.00,4010.90,4006.50,4009.30,282
2026-07-20,07:05,4009.40,4011.30,4009.40,4009.90,146
2026-07-20,07:10,4009.70,4010.10,4007.50,4008.50,170
2026-07-20,07:15,4008.70,4008.70,4006.60,4008.10,153
2026-07-20,07:20,4007.90,4013.20,4007.40,4012.80,264
2026-07-20,07:25,4012.60,4012.60,4007.40,4011.30,391
2026-07-20,07:30,4011.40,4018.50,4011.30,4017.60,886
2026-07-20,07:35,4018.00,4023.00,4017.60,4021.30,640
2026-07-20,07:40,4021.00,4025.90,4021.00,4025.90,563
2026-07-20,07:45,4026.00,4026.70,4021.00,4022.40,835
2026-07-20,07:50,4022.40,4023.40,4020.70,4022.10,183
2026-07-20,07:55,4022.00,4024.00,4021.60,4022.00,295
2026-07-20,08:00,4022.20,4030.60,4022.20,4027.80,603
2026-07-20,08:05,4027.80,4028.00,4023.50,4024.70,160
2026-07-20,08:10,4024.10,4029.50,4023.90,4029.00,286
2026-07-20,08:15,4029.00,4033.10,4028.50,4029.90,500
2026-07-20,08:20,4030.20,4035.50,4028.00,4034.30,506
2026-07-20,08:25,4033.90,4034.50,4026.80,4027.10,450
2026-07-20,08:30,4026.70,4027.10,4023.60,4026.40,604
2026-07-20,08:35,4026.20,4029.00,4024.70,4028.40,445
2026-07-20,08:40,4028.90,4029.50,4026.30,4026.30,127
2026-07-20,08:45,4026.50,4027.10,4024.70,4026.50,190
2026-07-20,08:50,4026.60,4026.90,4021.80,4023.40,166
2026-07-20,08:55,4023.50,4025.00,4022.70,4023.30,316
2026-07-20,09:00,4023.00,4024.80,4022.50,4022.60,102
2026-07-20,09:05,4022.90,4024.00,4019.20,4022.40,284
2026-07-20,09:10,4023.00,4025.30,4022.80,4023.40,126
2026-07-20,09:15,4023.60,4026.20,4023.50,4023.60,77
2026-07-20,09:20,4023.80,4024.70,4023.10,4023.90,110
2026-07-20,09:25,4023.70,4023.80,4019.60,4020.30,227
2026-07-20,09:30,4020.30,4023.20,4018.70,4022.40,407
2026-07-20,09:35,4023.00,4024.80,4022.20,4024.40,150
2026-07-20,09:40,4024.30,4025.40,4023.50,4023.70,84
2026-07-20,09:45,4023.20,4027.70,4022.00,4027.40,387
2026-07-20,09:50,4027.50,4027.50,4023.50,4025.50,274
2026-07-20,09:55,4025.40,4025.40,4023.20,4025.30,131
2026-07-20,10:00,4025.80,4026.00,4022.40,4024.60,230
2026-07-20,10:05,4024.60,4025.60,4024.20,4025.00,54
2026-07-20,10:10,4024.40,4026.00,4024.20,4025.20,57
2026-07-20,10:15,4025.10,4025.90,4023.20,4023.90,138
2026-07-20,10:20,4024.30,4027.40,4024.30,4026.00,99
2026-07-20,10:25,4025.70,4027.90,4025.60,4026.70,215
2026-07-20,10:30,4026.30,4029.00,4025.80,4027.60,152
2026-07-20,10:35,4027.40,4027.50,4025.80,4026.80,65
2026-07-20,10:40,4026.80,4027.50,4026.40,4026.70,117
2026-07-20,10:45,4026.60,4027.60,4025.70,4025.70,48
2026-07-20,10:50,4026.00,4030.40,4025.60,4029.60,166
2026-07-20,10:55,4029.50,4029.80,4027.00,4029.00,261
2026-07-20,11:00,4029.00,4032.00,4027.50,4029.20,377
2026-07-20,11:05,4029.20,4030.30,4027.40,4027.40,209
2026-07-20,11:10,4027.60,4027.60,4024.40,4027.00,184
2026-07-20,11:15,4027.00,4028.50,4026.30,4027.70,196
2026-07-20,11:20,4027.20,4027.60,4025.70,4026.00,58
2026-07-20,11:25,4025.80,4028.20,4024.50,4026.50,184
2026-07-20,11:30,4026.50,4046.00,4025.90,4041.80,3687
2026-07-20,11:35,4041.90,4042.90,4034.00,4037.40,691
2026-07-20,11:40,4037.40,4038.50,4034.20,4037.40,397
2026-07-20,11:45,4037.60,4037.60,4031.50,4032.60,453
2026-07-20,11:50,4032.40,4033.50,4030.30,4033.00,371
2026-07-20,11:55,4032.40,4033.30,4029.90,4030.50,148
2026-07-20,12:00,4030.00,4030.20,4016.50,4018.90,1760
2026-07-20,12:05,4019.20,4021.90,4016.90,4020.50,557
2026-07-20,12:10,4020.30,4021.40,4015.80,4017.00,555
2026-07-20,12:15,4016.60,4019.20,4012.80,4017.60,1273
2026-07-20,12:20,4017.60,4017.60,4010.60,4011.90,1133
2026-07-20,12:25,4011.70,4017.50,4010.70,4017.00,467
2026-07-20,12:30,4017.10,4018.40,4015.00,4016.70,675
2026-07-20,12:35,4016.40,4018.70,4015.50,4015.50,323
2026-07-20,12:40,4015.60,4015.60,4010.10,4014.30,855
2026-07-20,12:45,4013.80,4019.80,4012.60,4015.80,1729
2026-07-20,12:50,4015.70,4015.90,4012.90,4012.90,540
2026-07-20,12:55,4013.50,4014.40,4011.90,4012.00,222
2026-07-20,13:00,4012.20,4017.90,4011.80,4016.30,741
2026-07-20,13:05,4016.40,4017.10,4012.20,4012.60,297
2026-07-20,13:10,4012.50,4015.00,4011.90,4012.50,371
2026-07-20,13:15,4012.70,4015.70,4010.80,4013.70,364
2026-07-20,13:20,4014.10,4016.60,4013.20,4016.10,341
2026-07-20,13:25,4015.60,4016.70,4011.80,4012.40,423
2026-07-20,13:30,4013.10,4019.60,4012.20,4017.90,664
2026-07-20,13:35,4018.10,4018.60,4012.70,4018.20,547
2026-07-20,13:40,4018.50,4021.60,4016.60,4017.20,930
2026-07-20,13:45,4017.30,4017.60,4013.20,4014.90,839
2026-07-20,13:50,4015.10,4017.50,4011.00,4013.90,1150
2026-07-20,13:55,4013.70,4016.20,4009.40,4009.50,907
2026-07-20,14:00,4009.40,4011.90,4005.30,4008.00,2073
2026-07-20,14:05,4008.00,4009.70,4004.10,4005.00,903
2026-07-20,14:10,4004.70,4006.20,4001.60,4002.90,1089
2026-07-20,14:15,4002.60,4007.20,4002.30,4006.10,812
2026-07-20,14:20,4006.00,4007.00,4002.00,4007.00,496
2026-07-20,14:25,4006.50,4010.70,4006.50,4010.60,550
2026-07-20,14:30,4010.80,4013.70,4009.90,4013.70,934
2026-07-20,14:35,4013.60,4014.70,4011.00,4013.60,958
2026-07-20,14:40,4013.80,4015.20,4011.00,4011.70,663
2026-07-20,14:45,4011.80,4018.60,4011.00,4017.40,1057
2026-07-20,14:50,4016.60,4017.60,4012.70,4012.80,714
2026-07-20,14:55,4012.60,4012.60,4009.10,4010.50,633
2026-07-20,15:00,4010.40,4015.20,4008.70,4013.70,480
2026-07-20,15:05,4013.90,4023.90,4011.20,4023.60,1655
2026-07-20,15:10,4023.80,4023.90,4016.80,4018.90,1853
2026-07-20,15:15,4018.70,4019.90,4015.30,4016.50,574
2026-07-20,15:20,4016.90,4019.40,4015.20,4019.30,519
2026-07-20,15:25,4019.60,4021.20,4019.10,4020.80,602
2026-07-20,15:30,4020.70,4021.30,4017.00,4018.10,479
2026-07-20,15:35,4017.50,4019.00,4014.60,4015.80,647
2026-07-20,15:40,4015.40,4017.20,4014.40,4017.00,247
2026-07-20,15:45,4017.20,4019.60,4016.20,4018.60,235
2026-07-20,15:50,4019.30,4020.90,4018.40,4018.90,340
2026-07-20,15:55,4018.80,4019.40,4016.20,4016.20,346
2026-07-20,16:00,4016.30,4020.40,4015.40,4020.10,397
2026-07-20,16:05,4020.20,4022.80,4019.50,4021.80,398
2026-07-20,16:10,4021.90,4022.50,4017.10,4018.30,393
2026-07-20,16:15,4018.40,4019.00,4016.60,4016.80,281
2026-07-20,16:20,4017.00,4017.20,4016.20,4016.40,122
2026-07-20,16:25,4016.40,4017.90,4015.20,4017.00,213
2026-07-20,16:30,4016.80,4017.00,4013.40,4013.60,300
2026-07-20,16:35,4013.80,4016.50,4013.80,4016.40,280
2026-07-20,16:40,4016.30,4016.90,4005.20,4013.80,1633
2026-07-20,16:45,4013.50,4014.20,4010.90,4013.10,288
2026-07-20,16:50,4012.70,4013.70,4010.40,4012.10,321
2026-07-20,16:55,4012.10,4014.60,4011.60,4013.90,297
2026-07-20,17:00,4013.90,4016.40,4013.90,4015.30,276
2026-07-20,17:05,4015.10,4016.20,4014.20,4015.70,193
2026-07-20,17:10,4015.90,4016.00,4013.30,4014.40,193
2026-07-20,17:15,4013.90,4015.80,4012.90,4014.10,228
2026-07-20,17:20,4014.50,4017.00,4013.90,4015.80,260
2026-07-20,17:25,4015.30,4016.80,4014.70,4016.10,3177
2026-07-20,17:30,4016.20,4017.00,4014.80,4016.40,182
2026-07-20,17:35,4016.40,4016.60,4013.80,4014.10,164
2026-07-20,17:40,4014.50,4014.70,4011.60,4012.00,290
2026-07-20,17:45,4011.90,4011.90,4009.60,4009.90,414
2026-07-20,17:50,4009.80,4010.00,4007.90,4008.90,285
2026-07-20,17:55,4009.00,4009.50,4007.80,4009.20,185
2026-07-20,18:00,4009.40,4013.30,4009.30,4011.60,607
2026-07-20,18:05,4011.60,4014.30,4011.60,4014.00,128
2026-07-20,18:10,4014.10,4015.30,4012.60,4013.20,205
2026-07-20,18:15,4013.40,4016.40,4011.80,4012.50,453
2026-07-20,18:20,4012.60,4013.10,4007.70,4009.20,439
2026-07-20,18:25,4008.90,4011.80,4008.90,4011.00,130
2026-07-20,18:30,4011.20,4011.30,4008.50,4008.80,147
2026-07-20,18:35,4009.60,4011.00,4009.60,4010.10,136
2026-07-20,18:40,4010.90,4011.70,4009.90,4011.00,161
2026-07-20,18:45,4010.70,4012.80,4009.50,4012.20,137
2026-07-20,18:50,4011.80,4013.00,4011.10,4012.20,86
2026-07-20,18:55,4011.80,4012.10,4010.20,4012.10,141
2026-07-20,19:00,4011.50,4012.60,4009.50,4010.60,87
2026-07-20,19:05,4010.20,4011.20,4009.60,4011.00,52
2026-07-20,19:10,4010.90,4012.00,4008.70,4009.50,59
2026-07-20,19:15,4008.80,4012.80,4008.50,4012.80,174
2026-07-20,19:20,4012.80,4014.90,4012.70,4012.70,163
2026-07-20,19:25,4012.40,4017.50,4011.40,4017.40,431
2026-07-20,19:30,4017.20,4022.20,4016.40,4018.70,563
2026-07-20,19:35,4018.10,4018.60,4014.00,4014.90,178
2026-07-20,19:40,4014.80,4015.40,4009.30,4010.30,565
2026-07-20,19:45,4010.00,4013.90,4009.30,4013.10,333
2026-07-20,19:50,4012.20,4014.40,4012.00,4013.40,473
2026-07-20,19:55,4013.40,4013.40,4009.80,4010.70,269
2026-07-20,20:00,4011.10,4013.30,4010.50,4012.50,256
2026-07-20,20:05,4012.20,4013.00,4009.80,4010.00,56
2026-07-20,20:10,4010.20,4012.30,4009.90,4011.60,184
2026-07-20,20:15,4011.50,4012.10,4011.00,4011.00,62
2026-07-20,20:20,4011.40,4013.30,4011.40,4012.40,67
2026-07-20,20:25,4012.60,4013.50,4012.10,4012.10,60
2026-07-20,20:30,4012.60,4013.10,4011.30,4013.00,91
2026-07-20,20:35,4013.30,4013.30,4012.20,4012.80,23
2026-07-20,20:40,4013.20,4013.40,4012.40,4012.50,28
2026-07-20,20:45,4012.60,4012.80,4011.60,4011.70,38
2026-07-20,20:50,4012.20,4013.10,4011.20,4012.20,186
2026-07-20,20:55,4012.70,4013.10,4008.40,4011.80,306
2026-07-20,22:00,4013.40,4014.70,4012.00,4012.00,0
2026-07-20,22:05,4011.50,4011.50,4009.30,4009.80,77
2026-07-20,22:10,4010.80,4011.50,4009.90,4010.20,36
2026-07-20,22:15,4010.50,4011.00,4009.70,4010.80,42
2026-07-20,22:20,4010.20,4011.80,4008.30,4011.40,401
2026-07-20,22:25,4011.60,4014.10,4010.90,4013.10,224
2026-07-20,22:30,4012.80,4013.10,4010.20,4011.80,263
2026-07-20,22:35,4011.30,4012.50,4009.10,4011.40,507
2026-07-20,22:40,4011.40,4011.50,4006.30,4007.70,370
2026-07-20,22:45,4008.20,4012.30,4005.60,4005.60,183
2026-07-20,22:50,4005.50,4006.90,4003.40,4004.10,327
2026-07-20,22:55,4004.80,4006.20,4003.30,4004.00,529
2026-07-20,23:00,4004.20,4008.70,4003.30,4007.90,247
2026-07-20,23:05,4007.90,4013.40,4007.90,4012.50,288
2026-07-20,23:10,4012.30,4012.30,4004.10,4007.00,437
2026-07-20,23:15,4007.30,4011.40,4007.30,4010.20,152
2026-07-20,23:20,4010.10,4010.60,4007.70,4009.20,108
2026-07-20,23:25,4008.70,4009.40,4007.50,4007.90,110
2026-07-20,23:30,4007.90,4012.00,4007.90,4010.20,150
2026-07-20,23:35,4010.50,4011.80,4008.80,4009.40,79
2026-07-20,23:40,4009.70,4013.00,4008.20,4012.00,214
2026-07-20,23:45,4011.70,4012.30,4008.40,4011.00,124
2026-07-20,23:50,4011.30,4012.30,4010.30,4012.10,35
2026-07-20,23:55,4012.40,4015.10,4011.50,4014.40,91
2026-07-21,00:00,4014.50,4014.60,4008.30,4009.60,217
2026-07-21,00:05,4010.80,4012.70,4009.30,4012.00,104
2026-07-21,00:10,4012.50,4017.50,4011.00,4015.00,133
2026-07-21,00:15,4015.80,4020.60,4012.50,4020.30,253
2026-07-21,00:20,4020.20,4022.00,4017.20,4022.00,180
2026-07-21,00:25,4021.90,4023.00,4019.10,4019.60,177
2026-07-21,00:30,4018.80,4022.50,4018.60,4022.10,227
2026-07-21,00:35,4022.00,4026.60,4021.10,4023.70,439
2026-07-21,00:40,4023.10,4029.00,4022.80,4027.00,375
2026-07-21,00:45,4027.50,4029.70,4026.30,4029.10,144
2026-07-21,00:50,4029.40,4032.00,4028.10,4029.50,224
2026-07-21,00:55,4028.90,4031.00,4028.00,4029.60,175
2026-07-21,01:00,4029.80,4030.50,4022.50,4027.80,680
2026-07-21,01:05,4028.30,4033.70,4028.30,4031.50,542
2026-07-21,01:10,4032.40,4034.70,4030.90,4033.50,571
2026-07-21,01:15,4033.30,4041.00,4031.60,4039.10,965
2026-07-21,01:20,4038.60,4038.60,4030.70,4032.30,610
2026-07-21,01:25,4032.30,4036.00,4032.00,4032.90,357
2026-07-21,01:30,4033.40,4035.40,4031.40,4034.70,523
2026-07-21,01:35,4035.00,4035.00,4027.20,4028.10,571
2026-07-21,01:40,4028.20,4030.80,4027.80,4028.50,263
2026-07-21,01:45,4028.60,4031.00,4026.70,4029.70,271
2026-07-21,01:50,4030.20,4032.30,4028.90,4032.10,144
2026-07-21,01:55,4031.80,4031.80,4025.40,4027.60,417
2026-07-21,02:00,4027.50,4028.40,4025.90,4026.70,167
2026-07-21,02:05,4026.60,4030.60,4026.40,4030.00,245
2026-07-21,02:10,4030.30,4030.60,4027.50,4028.50,98
2026-07-21,02:15,4028.20,4029.70,4026.10,4026.80,72
2026-07-21,02:20,4027.00,4032.60,4025.90,4031.90,306
2026-07-21,02:25,4032.30,4034.30,4029.80,4033.10,175
2026-07-21,02:30,4033.50,4036.70,4032.20,4035.10,296
2026-07-21,02:35,4034.80,4049.80,4034.40,4042.10,1780
2026-07-21,02:40,4042.10,4045.00,4039.60,4039.90,372
2026-07-21,02:45,4040.20,4041.10,4038.20,4038.50,132
2026-07-21,02:50,4038.80,4039.70,4035.50,4037.50,228
2026-07-21,02:55,4037.60,4042.80,4037.50,4042.70,280
2026-07-21,03:00,4042.30,4046.80,4042.20,4045.30,405
2026-07-21,03:05,4045.10,4046.60,4042.70,4045.40,252
2026-07-21,03:10,4045.60,4046.20,4042.40,4043.10,198
2026-07-21,03:15,4042.30,4043.40,4041.30,4041.90,92
2026-07-21,03:20,4041.70,4046.60,4041.50,4046.60,165
2026-07-21,03:25,4047.00,4057.20,4046.10,4052.00,1104
2026-07-21,03:30,4052.10,4054.00,4048.80,4049.20,290
2026-07-21,03:35,4049.60,4049.60,4047.40,4048.60,181
2026-07-21,03:40,4048.60,4049.10,4046.70,4046.80,103
2026-07-21,03:45,4046.90,4050.40,4046.50,4050.10,174
2026-07-21,03:50,4050.40,4051.40,4049.30,4050.40,102
2026-07-21,03:55,4050.10,4051.90,4050.00,4050.90,112
2026-07-21,04:00,4051.70,4054.90,4051.50,4052.80,282
2026-07-21,04:05,4052.40,4056.60,4051.80,4053.30,383
2026-07-21,04:10,4052.90,4053.00,4050.30,4050.70,197
2026-07-21,04:15,4050.80,4051.20,4048.40,4048.90,147
2026-07-21,04:20,4048.90,4051.40,4048.90,4049.60,124
2026-07-21,04:25,4049.80,4049.80,4048.40,4049.50,91
2026-07-21,04:30,4049.50,4050.70,4049.00,4050.50,65
2026-07-21,04:35,4050.50,4051.50,4049.90,4050.90,98
2026-07-21,04:40,4051.10,4052.50,4049.80,4051.90,92
2026-07-21,04:45,4051.70,4052.50,4050.40,4051.00,112
2026-07-21,04:50,4051.30,4052.20,4050.20,4051.90,102
2026-07-21,04:55,4051.90,4054.60,4051.10,4054.30,139
2026-07-21,05:00,4054.10,4055.40,4053.20,4053.30,136
2026-07-21,05:05,4053.30,4055.20,4051.10,4055.00,250
2026-07-21,05:10,4055.10,4057.00,4053.00,4056.30,371
2026-07-21,05:15,4056.60,4058.70,4053.70,4055.50,259
2026-07-21,05:20,4055.10,4056.50,4052.80,4056.00,200
2026-07-21,05:25,4056.10,4061.50,4055.90,4058.90,520
2026-07-21,05:30,4059.70,4066.00,4059.50,4064.60,703
2026-07-21,05:35,4064.40,4067.00,4063.80,4066.00,548
2026-07-21,05:40,4066.40,4071.60,4065.30,4070.90,1800
2026-07-21,05:45,4071.00,4072.80,4068.70,4070.90,860
2026-07-21,05:50,4070.70,4071.30,4066.90,4067.70,510
2026-07-21,05:55,4067.50,4069.50,4065.60,4066.00,195
2026-07-21,06:00,4066.00,4071.20,4066.00,4069.50,576
2026-07-21,06:05,4069.80,4072.10,4068.30,4072.00,358
2026-07-21,06:10,4072.20,4077.10,4071.30,4075.70,775
2026-07-21,06:15,4076.00,4077.10,4072.60,4076.00,480
2026-07-21,06:20,4076.50,4079.00,4074.20,4077.70,355
2026-07-21,06:25,4077.70,4078.60,4075.50,4076.90,325
2026-07-21,06:30,4077.10,4079.30,4076.20,4077.00,305
2026-07-21,06:35,4077.00,4080.50,4077.00,4079.00,2414
2026-07-21,06:40,4078.60,4085.10,4078.40,4081.60,1068
2026-07-21,06:45,4082.00,4088.40,4082.00,4087.40,576
2026-07-21,06:50,4087.40,4087.50,4083.60,4084.40,317
2026-07-21,06:55,4084.50,4085.00,4082.80,4083.00,298
2026-07-21,07:00,4083.30,4084.80,4081.60,4082.10,502
2026-07-21,07:05,4082.20,4082.60,4079.00,4079.20,544
2026-07-21,07:10,4079.30,4079.70,4076.00,4076.40,606
2026-07-21,07:15,4076.60,4078.00,4075.50,4078.00,455
2026-07-21,07:20,4077.60,4077.70,4075.10,4075.30,366
2026-07-21,07:25,4075.30,4075.60,4072.60,4074.10,405
2026-07-21,07:30,4073.90,4078.10,4072.10,4077.70,446
2026-07-21,07:35,4078.00,4079.90,4077.00,4077.50,387
2026-07-21,07:40,4077.50,4078.70,4075.80,4075.80,182
2026-07-21,07:45,4076.10,4076.90,4074.60,4075.90,931
2026-07-21,07:50,4076.10,4076.60,4075.00,4075.00,282
2026-07-21,07:55,4074.80,4076.20,4074.20,4075.70,318
2026-07-21,08:00,4075.60,4076.90,4070.50,4070.60,655
2026-07-21,08:05,4071.10,4074.30,4070.10,4071.40,375
2026-07-21,08:10,4071.10,4072.80,4070.60,4072.50,114
2026-07-21,08:15,4072.40,4073.30,4070.50,4071.50,327
2026-07-21,08:20,4071.20,4071.20,4067.50,4068.60,348
2026-07-21,08:25,4068.40,4069.10,4067.30,4067.90,189
2026-07-21,08:30,4067.70,4069.70,4066.30,4067.20,485
2026-07-21,08:35,4067.00,4068.00,4065.40,4066.80,196
2026-07-21,08:40,4066.80,4068.80,4066.40,4066.70,182
2026-07-21,08:45,4066.80,4066.90,4063.60,4064.40,1333
2026-07-21,08:50,4064.50,4068.00,4063.60,4065.50,664
2026-07-21,08:55,4065.60,4068.00,4064.60,4067.40,194
2026-07-21,09:00,4067.70,4071.50,4067.70,4070.70,1084
2026-07-21,09:05,4070.50,4071.30,4068.50,4070.60,567
2026-07-21,09:10,4070.80,4070.80,4069.40,4069.70,117
2026-07-21,09:15,4069.70,4071.50,4069.30,4071.10,246
2026-07-21,09:20,4071.00,4072.80,4069.60,4071.40,360
2026-07-21,09:25,4071.30,4072.80,4066.70,4067.30,384
2026-07-21,09:30,4067.40,4070.00,4066.10,4067.70,644
2026-07-21,09:35,4067.50,4068.50,4066.30,4067.00,509
2026-07-21,09:40,4067.30,4067.40,4065.40,4067.00,307
2026-07-21,09:45,4066.80,4071.70,4066.50,4070.80,670
2026-07-21,09:50,4070.80,4074.40,4069.10,4073.50,466
2026-07-21,09:55,4073.30,4073.60,4070.10,4070.20,323
2026-07-21,10:00,4070.50,4072.50,4067.90,4068.40,432
2026-07-21,10:05,4068.50,4068.70,4065.80,4066.10,259
2026-07-21,10:10,4065.90,4073.00,4065.10,4070.90,393
2026-07-21,10:15,4071.00,4072.80,4069.20,4072.10,325
2026-07-21,10:20,4072.10,4073.70,4071.60,4071.80,216
2026-07-21,10:25,4071.80,4074.00,4070.90,4071.70,188
2026-07-21,10:30,4071.60,4073.30,4070.80,4073.30,117
2026-07-21,10:35,4072.70,4074.80,4072.50,4073.60,161
2026-07-21,10:40,4073.30,4073.30,4071.30,4071.70,116
2026-07-21,10:45,4071.60,4073.20,4067.30,4067.50,1514
2026-07-21,10:50,4067.80,4071.00,4067.40,4069.50,233
2026-07-21,10:55,4069.20,4069.60,4067.00,4067.30,317
2026-07-21,11:00,4067.70,4068.30,4060.70,4061.10,949
2026-07-21,11:05,4061.30,4063.60,4059.90,4060.60,333
2026-07-21,11:10,4060.60,4063.70,4060.60,4063.20,169
2026-07-21,11:15,4062.80,4064.10,4062.40,4062.40,157
2026-07-21,11:20,4062.40,4063.80,4060.70,4063.80,144
2026-07-21,11:25,4063.80,4064.70,4061.70,4062.60,257
2026-07-21,11:30,4062.80,4064.10,4061.80,4063.60,129
2026-07-21,11:35,4063.50,4066.30,4063.50,4064.60,366
2026-07-21,11:40,4064.70,4064.70,4060.20,4060.60,251
2026-07-21,11:45,4060.60,4062.80,4058.90,4062.80,456
2026-07-21,11:50,4062.40,4063.50,4060.20,4060.70,91
2026-07-21,11:55,4061.30,4061.50,4059.30,4060.60,105
2026-07-21,12:00,4060.50,4063.30,4060.30,4062.80,276
2026-07-21,12:05,4063.00,4065.70,4062.80,4062.90,307
2026-07-21,12:10,4062.80,4064.20,4060.90,4063.80,260
2026-07-21,12:15,4064.00,4065.00,4060.50,4063.60,297
2026-07-21,12:20,4063.50,4070.40,4062.10,4069.70,1059
2026-07-21,12:25,4069.60,4069.80,4065.10,4066.00,634
2026-07-21,12:30,4066.30,4068.20,4063.40,4063.70,649
2026-07-21,12:35,4064.00,4064.00,4058.00,4059.40,717
2026-07-21,12:40,4059.30,4060.50,4055.00,4058.00,1224
2026-07-21,12:45,4057.90,4066.20,4057.80,4064.20,887
2026-07-21,12:50,4064.20,4064.20,4059.50,4059.90,380
2026-07-21,12:55,4059.90,4060.30,4057.10,4058.00,551
2026-07-21,13:00,4058.30,4064.80,4058.30,4060.90,765
2026-07-21,13:05,4061.40,4064.70,4061.20,4061.90,312
2026-07-21,13:10,4061.50,4064.50,4060.90,4063.60,679
2026-07-21,13:15,4063.70,4066.10,4058.70,4059.60,763
2026-07-21,13:20,4060.10,4061.50,4055.80,4056.60,421
2026-07-21,13:25,4057.00,4058.60,4054.30,4055.20,702
2026-07-21,13:30,4055.50,4061.50,4051.20,4060.00,1860
2026-07-21,13:35,4059.80,4061.70,4055.10,4056.80,656
2026-07-21,13:40,4057.10,4057.90,4048.60,4050.40,1309
2026-07-21,13:45,4050.20,4055.00,4048.40,4054.10,888
2026-07-21,13:50,4054.30,4057.10,4050.30,4056.90,546
2026-07-21,13:55,4056.20,4057.70,4053.90,4057.20,385
2026-07-21,14:00,4057.50,4061.20,4055.40,4060.80,1189
2026-07-21,14:05,4060.70,4063.80,4058.90,4059.30,764
2026-07-21,14:10,4059.30,4070.80,4059.20,4070.30,1690
2026-07-21,14:15,4070.50,4072.90,4065.90,4068.60,1325
2026-07-21,14:20,4068.70,4070.00,4065.70,4069.80,786
2026-07-21,14:25,4069.60,4074.10,4068.80,4074.10,958
2026-07-21,14:30,4074.00,4079.10,4071.30,4071.30,2039
2026-07-21,14:35,4071.50,4072.00,4066.80,4069.30,661
2026-07-21,14:40,4069.20,4072.70,4067.20,4072.00,557
2026-07-21,14:45,4072.30,4075.30,4070.70,4074.30,1181
2026-07-21,14:50,4074.50,4075.30,4070.80,4073.70,638
2026-07-21,14:55,4074.00,4075.00,4071.20,4072.90,912
2026-07-21,15:00,4072.50,4075.50,4072.10,4072.30,481
2026-07-21,15:05,4072.00,4074.90,4069.80,4073.50,625
2026-07-21,15:10,4073.40,4078.30,4073.20,4077.80,691
2026-07-21,15:15,4077.90,4083.30,4077.90,4081.60,1683
2026-07-21,15:20,4081.00,4083.80,4079.90,4083.00,878
2026-07-21,15:25,4082.80,4083.00,4080.20,4081.40,464
2026-07-21,15:30,4080.90,4087.20,4080.60,4085.60,1152
2026-07-21,15:35,4085.40,4088.00,4083.40,4084.80,677
2026-07-21,15:40,4084.40,4085.00,4079.70,4080.20,611
2026-07-21,15:45,4080.40,4080.40,4075.80,4077.40,716
2026-07-21,15:50,4077.30,4082.50,4077.30,4081.00,647
2026-07-21,15:55,4080.80,4080.90,4077.80,4078.60,805
2026-07-21,16:00,4078.50,4082.20,4077.40,4081.80,364
2026-07-21,16:05,4082.10,4082.50,4080.80,4081.50,225
2026-07-21,16:10,4081.30,4083.50,4080.60,4082.50,342
2026-07-21,16:15,4082.60,4082.80,4080.80,4081.70,573
2026-07-21,16:20,4081.50,4082.30,4080.20,4082.10,194
2026-07-21,16:25,4081.90,4082.30,4078.10,4080.00,621
2026-07-21,16:30,4079.80,4080.50,4079.10,4080.20,277
2026-07-21,16:35,4080.20,4080.20,4075.30,4078.70,644
2026-07-21,16:40,4078.50,4079.50,4075.50,4076.20,364
2026-07-21,16:45,4076.30,4077.00,4074.10,4076.50,386
2026-07-21,16:50,4076.40,4077.50,4076.00,4077.20,185
2026-07-21,16:55,4077.30,4077.50,4075.30,4075.90,201
2026-07-21,17:00,4076.00,4076.40,4073.60,4074.50,247
2026-07-21,17:05,4074.70,4076.90,4074.10,4075.90,315
2026-07-21,17:10,4075.80,4076.90,4074.30,4074.80,202
2026-07-21,17:15,4074.70,4075.30,4073.30,4073.40,317
2026-07-21,17:20,4073.60,4076.30,4073.60,4075.80,182
2026-07-21,17:25,4075.60,4077.20,4075.40,4076.70,887
2026-07-21,17:30,4076.70,4076.70,4074.10,4074.70,667
2026-07-21,17:35,4074.60,4074.60,4073.40,4073.90,114
2026-07-21,17:40,4073.50,4073.80,4071.20,4072.60,300
2026-07-21,17:45,4072.40,4072.80,4071.00,4071.30,164
2026-07-21,17:50,4071.40,4072.30,4071.20,4072.10,72
2026-07-21,17:55,4071.90,4073.00,4071.00,4073.00,121
2026-07-21,18:00,4072.90,4074.30,4072.10,4072.20,176
2026-07-21,18:05,4072.20,4076.30,4071.90,4076.10,159
2026-07-21,18:10,4075.90,4076.50,4075.40,4075.80,124
2026-07-21,18:15,4075.50,4078.20,4075.40,4077.50,166
2026-07-21,18:20,4077.30,4086.20,4076.60,4085.90,1149
2026-07-21,18:25,4085.60,4092.50,4085.50,4088.70,1577
2026-07-21,18:30,4088.60,4090.40,4085.80,4089.20,590
2026-07-21,18:35,4089.30,4090.10,4085.90,4087.20,195
2026-07-21,18:40,4087.40,4088.40,4086.30,4087.30,251
2026-07-21,18:45,4086.90,4087.40,4084.70,4085.30,225
2026-07-21,18:50,4085.50,4086.30,4083.90,4085.70,307
2026-07-21,18:55,4086.00,4087.90,4085.70,4087.00,229
2026-07-21,19:00,4087.00,4090.00,4087.00,4088.90,204
2026-07-21,19:05,4088.70,4090.30,4085.80,4085.90,203
2026-07-21,19:10,4086.00,4086.40,4084.70,4085.30,159
2026-07-21,19:15,4086.00,4088.60,4085.80,4088.10,178
2026-07-21,19:20,4088.30,4088.90,4086.90,4088.10,113
2026-07-21,19:25,4088.10,4089.70,4088.10,4088.60,183
2026-07-21,19:30,4088.80,4089.60,4087.40,4087.70,215
2026-07-21,19:35,4087.90,4087.90,4086.20,4086.70,255
2026-07-21,19:40,4086.70,4088.60,4086.50,4087.50,121
2026-07-21,19:45,4087.20,4089.40,4086.90,4088.80,235
2026-07-21,19:50,4088.50,4089.50,4087.50,4088.40,230
2026-07-21,19:55,4088.40,4089.60,4087.40,4088.60,533
2026-07-21,20:00,4088.60,4090.90,4087.50,4088.80,392
2026-07-21,20:05,4088.70,4090.40,4088.00,4089.60,102
2026-07-21,20:10,4089.50,4089.60,4087.80,4088.80,126
2026-07-21,20:15,4088.70,4088.90,4087.30,4088.40,152
2026-07-21,20:20,4088.00,4088.10,4085.90,4087.30,145
2026-07-21,20:25,4087.30,4087.30,4086.10,4086.90,76
2026-07-21,20:30,4087.10,4089.80,4087.10,4087.50,153
2026-07-21,20:35,4087.60,4087.80,4086.10,4086.20,113
2026-07-21,20:40,4086.40,4086.40,4084.00,4085.40,226
2026-07-21,20:45,4085.10,4085.40,4081.90,4082.60,280
2026-07-21,20:50,4082.50,4083.50,4081.80,4082.20,121
2026-07-21,20:55,4081.90,4082.40,4080.90,4082.20,111
2026-07-21,22:00,4084.70,4085.90,4082.00,4082.60,0
2026-07-21,22:05,4083.00,4083.70,4081.00,4081.90,89
2026-07-21,22:10,4082.00,4083.20,4081.30,4083.20,54
2026-07-21,22:15,4083.00,4084.90,4082.40,4084.30,118
2026-07-21,22:20,4084.30,4086.30,4084.30,4084.80,72
2026-07-21,22:25,4084.80,4087.40,4084.70,4086.70,146
2026-07-21,22:30,4086.60,4088.80,4086.50,4087.40,251
2026-07-21,22:35,4087.50,4089.00,4086.30,4088.40,68
2026-07-21,22:40,4087.70,4089.00,4087.40,4087.90,270
2026-07-21,22:45,4088.10,4088.30,4084.90,4085.00,210
2026-07-21,22:50,4085.20,4085.80,4082.00,4083.90,290
2026-07-21,22:55,4084.00,4085.30,4084.00,4084.60,100
2026-07-21,23:00,4084.40,4085.40,4083.30,4084.40,157
2026-07-21,23:05,4084.60,4086.10,4084.10,4085.40,69
2026-07-21,23:10,4085.40,4086.20,4084.40,4085.40,40
2026-07-21,23:15,4085.70,4086.80,4085.00,4086.40,34
2026-07-21,23:20,4086.70,4086.80,4085.10,4086.20,15
2026-07-21,23:25,4086.30,4086.70,4085.20,4085.20,33
2026-07-21,23:30,4085.30,4085.90,4084.70,4084.90,46
2026-07-21,23:35,4085.00,4086.50,4084.70,4086.10,51
2026-07-21,23:40,4086.10,4086.70,4083.40,4084.90,125
2026-07-21,23:45,4084.70,4087.40,4083.90,4085.60,141
2026-07-21,23:50,4085.40,4085.60,4084.80,4085.20,24
2026-07-21,23:55,4085.20,4085.60,4083.40,4085.20,21
2026-07-22,00:00,4085.50,4087.40,4081.10,4087.20,271
2026-07-22,00:05,4087.20,4094.90,4085.80,4092.70,708
2026-07-22,00:10,4092.40,4097.30,4092.40,4096.30,492
2026-07-22,00:15,4097.20,4102.90,4097.10,4100.10,723
2026-07-22,00:20,4100.30,4102.50,4097.60,4101.80,392
2026-07-22,00:25,4102.20,4103.60,4101.20,4103.00,297
2026-07-22,00:30,4103.00,4107.50,4094.90,4096.40,1104
2026-07-22,00:35,4096.10,4102.00,4094.20,4099.60,357
2026-07-22,00:40,4099.10,4099.70,4096.40,4097.30,353
2026-07-22,00:45,4097.50,4104.30,4096.00,4101.30,347
2026-07-22,00:50,4101.00,4101.90,4098.20,4098.70,164
2026-07-22,00:55,4098.00,4102.10,4097.40,4101.60,237
2026-07-22,01:00,4102.30,4118.00,4100.80,4115.10,1693
2026-07-22,01:05,4114.90,4122.20,4114.60,4120.60,1339
2026-07-22,01:10,4120.10,4126.10,4118.30,4125.50,982
2026-07-22,01:15,4125.70,4126.50,4116.40,4117.50,811
2026-07-22,01:20,4117.00,4120.50,4116.00,4116.70,291
2026-07-22,01:25,4116.60,4121.20,4116.60,4120.30,220
2026-07-22,01:30,4119.40,4121.50,4117.30,4121.40,294
2026-07-22,01:35,4121.00,4126.30,4119.20,4124.10,649
2026-07-22,01:40,4124.30,4127.40,4122.40,4125.90,283
2026-07-22,01:45,4126.30,4128.40,4123.30,4124.10,322
2026-07-22,01:50,4123.90,4125.70,4123.00,4124.70,170
2026-07-22,01:55,4124.00,4127.30,4121.80,4126.00,376
2026-07-22,02:00,4126.40,4127.30,4123.80,4126.00,240
2026-07-22,02:05,4126.30,4126.30,4123.10,4125.80,186
2026-07-22,02:10,4125.40,4128.10,4124.80,4126.30,144
2026-07-22,02:15,4126.30,4129.70,4124.00,4125.20,247
2026-07-22,02:20,4125.00,4130.10,4124.90,4129.20,269
2026-07-22,02:25,4129.40,4130.50,4128.30,4128.80,115
2026-07-22,02:30,4128.80,4134.80,4126.60,4134.60,808
2026-07-22,02:35,4134.70,4134.70,4128.20,4129.30,539
2026-07-22,02:40,4129.30,4133.60,4128.70,4133.00,358
2026-07-22,02:45,4132.70,4135.30,4132.10,4132.60,489
2026-07-22,02:50,4132.60,4133.60,4130.70,4132.70,199
2026-07-22,02:55,4133.00,4135.00,4131.00,4134.70,197
2026-07-22,03:00,4134.80,4138.00,4133.60,4138.00,680
2026-07-22,03:05,4138.00,4145.00,4136.80,4142.00,1554
2026-07-22,03:10,4142.00,4142.80,4139.50,4141.80,318
2026-07-22,03:15,4141.60,4144.20,4141.20,4143.40,233
2026-07-22,03:20,4143.00,4146.00,4142.60,4143.20,961
2026-07-22,03:25,4143.50,4144.30,4141.50,4142.80,307
2026-07-22,03:30,4142.40,4142.40,4138.80,4139.50,367
2026-07-22,03:35,4139.60,4140.00,4136.80,4138.30,319
2026-07-22,03:40,4137.60,4138.70,4136.80,4138.10,201
2026-07-22,03:45,4138.10,4138.70,4136.70,4137.30,122
2026-07-22,03:50,4136.70,4137.20,4135.10,4135.40,163
2026-07-22,03:55,4135.50,4136.20,4134.60,4135.50,195
2026-07-22,04:00,4135.10,4135.60,4131.30,4132.80,618
2026-07-22,04:05,4133.40,4135.20,4132.40,4132.70,134
2026-07-22,04:10,4132.90,4133.30,4131.00,4131.70,210
2026-07-22,04:15,4131.80,4134.30,4131.80,4133.00,133
2026-07-22,04:20,4132.50,4134.20,4132.10,4133.50,174
2026-07-22,04:25,4133.30,4133.60,4132.30,4133.60,116
2026-07-22,04:30,4133.70,4133.80,4129.40,4131.20,336
2026-07-22,04:35,4131.20,4131.70,4129.50,4130.90,218
2026-07-22,04:40,4131.40,4132.20,4131.10,4131.90,122
2026-07-22,04:45,4131.70,4131.80,4130.00,4130.90,114
2026-07-22,04:50,4130.70,4131.50,4129.80,4130.60,106
2026-07-22,04:55,4130.60,4132.00,4130.10,4131.80,72
2026-07-22,05:00,4131.60,4134.00,4130.60,4133.00,145
2026-07-22,05:05,4133.00,4133.80,4131.20,4131.80,158
2026-07-22,05:10,4132.00,4134.70,4131.60,4133.20,180
2026-07-22,05:15,4133.50,4133.50,4127.60,4128.50,663
2026-07-22,05:20,4128.50,4129.30,4127.80,4128.80,112
2026-07-22,05:25,4129.20,4131.00,4128.10,4128.30,200
2026-07-22,05:30,4127.80,4133.20,4127.50,4132.00,464
2026-07-22,05:35,4132.30,4138.60,4132.00,4137.00,472
2026-07-22,05:40,4137.10,4137.70,4134.60,4136.90,283
2026-07-22,05:45,4136.70,4136.70,4134.80,4136.20,165
2026-07-22,05:50,4136.90,4137.90,4133.60,4133.60,263
2026-07-22,05:55,4134.30,4136.00,4132.40,4135.50,226
2026-07-22,06:00,4135.40,4140.00,4135.30,4138.80,405
2026-07-22,06:05,4138.50,4138.50,4134.80,4135.10,395
2026-07-22,06:10,4135.20,4136.80,4133.70,4134.00,150
2026-07-22,06:15,4134.20,4136.50,4133.50,4134.80,290
2026-07-22,06:20,4135.00,4135.30,4128.70,4129.50,468
2026-07-22,06:25,4129.40,4129.40,4118.20,4121.70,1290
2026-07-22,06:30,4122.20,4123.60,4118.90,4123.50,431
2026-07-22,06:35,4123.80,4124.70,4120.60,4121.10,319
2026-07-22,06:40,4121.50,4124.40,4121.20,4122.90,195
2026-07-22,06:45,4122.80,4124.90,4121.00,4121.60,380
2026-07-22,06:50,4121.50,4121.50,4118.20,4121.00,2003
2026-07-22,06:55,4120.50,4121.10,4117.80,4121.00,275
2026-07-22,07:00,4120.80,4121.60,4116.10,4116.90,588
2026-07-22,07:05,4117.20,4119.60,4116.60,4117.70,640
2026-07-22,07:10,4117.60,4120.80,4116.80,4120.50,397
2026-07-22,07:15,4120.40,4123.90,4120.30,4123.30,393
2026-07-22,07:20,4123.40,4126.90,4122.30,4122.30,579
2026-07-22,07:25,4122.30,4124.30,4122.00,4124.00,161
2026-07-22,07:30,4124.20,4127.40,4122.50,4122.70,251
2026-07-22,07:35,4122.30,4122.90,4119.40,4119.60,318
2026-07-22,07:40,4119.30,4119.70,4115.40,4116.50,473
2026-07-22,07:45,4116.60,4118.10,4114.10,4114.30,566
2026-07-22,07:50,4114.60,4118.20,4114.00,4118.00,178
2026-07-22,07:55,4118.40,4118.40,4113.30,4114.60,265
2026-07-22,08:00,4115.00,4119.50,4114.80,4119.30,349
2026-07-22,08:05,4119.20,4120.80,4118.00,4118.70,218
2026-07-22,08:10,4119.30,4120.20,4116.60,4118.90,228
2026-07-22,08:15,4119.20,4120.00,4117.80,4119.00,234
2026-07-22,08:20,4119.60,4122.30,4119.20,4121.20,252
2026-07-22,08:25,4121.40,4122.10,4119.80,4121.80,134
2026-07-22,08:30,4121.80,4123.80,4120.80,4122.40,255
2026-07-22,08:35,4123.00,4123.10,4121.00,4121.10,173
2026-07-22,08:40,4121.20,4121.70,4118.50,4118.80,302
2026-07-22,08:45,4119.10,4120.80,4117.70,4118.80,144
2026-07-22,08:50,4118.90,4122.00,4118.30,4121.80,189
2026-07-22,08:55,4122.20,4124.40,4121.80,4122.30,270
2026-07-22,09:00,4122.60,4125.00,4122.10,4124.00,210
2026-07-22,09:05,4124.00,4126.50,4122.20,4124.20,400
2026-07-22,09:10,4124.00,4126.50,4123.70,4125.80,176
2026-07-22,09:15,4126.10,4126.40,4123.90,4126.20,284
2026-07-22,09:20,4126.20,4126.60,4123.50,4124.90,432
2026-07-22,09:25,4125.30,4125.30,4121.70,4122.60,409
2026-07-22,09:30,4122.90,4125.80,4120.50,4121.50,638
2026-07-22,09:35,4121.50,4123.00,4118.40,4118.80,335
2026-07-22,09:40,4118.60,4123.20,4118.60,4120.50,198
2026-07-22,09:45,4120.40,4121.70,4119.90,4121.10,123
2026-07-22,09:50,4121.30,4121.90,4117.50,4119.40,195
2026-07-22,09:55,4119.60,4122.20,4118.60,4118.80,315
2026-07-22,10:00,4119.20,4124.80,4119.20,4120.70,500
2026-07-22,10:05,4120.60,4122.40,4120.50,4120.60,78
2026-07-22,10:10,4120.70,4122.50,4120.70,4121.80,99
2026-07-22,10:15,4122.00,4123.40,4120.60,4122.20,229
2026-07-22,10:20,4122.00,4126.00,4121.80,4125.50,164
2026-07-22,10:25,4126.00,4126.10,4123.20,4123.50,98
2026-07-22,10:30,4123.50,4124.10,4122.10,4123.20,96
2026-07-22,10:35,4123.30,4123.30,4120.80,4121.10,157
2026-07-22,10:40,4120.80,4121.80,4119.90,4121.20,391
2026-07-22,10:45,4120.40,4123.20,4120.40,4123.00,102
2026-07-22,10:50,4123.20,4124.50,4122.10,4122.70,82
2026-07-22,10:55,4122.30,4122.30,4120.40,4121.20,337
2026-07-22,11:00,4121.80,4122.40,4119.30,4121.30,469
2026-07-22,11:05,4121.10,4123.20,4120.40,4123.20,139
2026-07-22,11:10,4123.10,4125.80,4122.10,4123.40,251
2026-07-22,11:15,4123.40,4127.50,4122.90,4125.60,413
2026-07-22,11:20,4125.40,4127.10,4124.90,4125.00,1775
2026-07-22,11:25,4125.20,4125.50,4122.20,4123.20,249
2026-07-22,11:30,4123.30,4125.70,4122.90,4124.70,220
2026-07-22,11:35,4124.20,4124.20,4121.90,4122.90,103
2026-07-22,11:40,4123.50,4123.60,4117.20,4119.80,1081
2026-07-22,11:45,4119.50,4125.10,4119.50,4124.90,693
2026-07-22,11:50,4124.80,4126.30,4122.90,4124.40,186
2026-07-22,11:55,4124.50,4127.90,4124.00,4127.40,264
2026-07-22,12:00,4127.50,4131.20,4126.30,4130.00,912
2026-07-22,12:05,4129.80,4132.20,4128.20,4129.70,356
2026-07-22,12:10,4129.70,4132.50,4128.30,4132.00,415
2026-07-22,12:15,4132.50,4132.80,4129.80,4130.80,481
2026-07-22,12:20,4130.80,4135.20,4130.20,4134.40,889
2026-07-22,12:25,4134.70,4138.00,4133.30,4137.50,793
2026-07-22,12:30,4137.80,4139.50,4132.30,4132.40,1937
2026-07-22,12:35,4132.50,4133.20,4129.60,4131.80,544
2026-07-22,12:40,4131.90,4133.40,4130.30,4132.20,860
2026-07-22,12:45,4132.00,4132.30,4123.20,4123.70,1186
2026-07-22,12:50,4123.40,4124.20,4121.20,4122.30,581
2026-07-22,12:55,4122.30,4123.00,4110.40,4117.00,2319
2026-07-22,13:00,4117.10,4124.60,4117.00,4123.40,885
2026-07-22,13:05,4123.30,4125.60,4121.80,4125.60,291
2026-07-22,13:10,4125.20,4130.10,4124.70,4130.00,500
2026-07-22,13:15,4129.80,4135.90,4129.00,4135.10,832
2026-07-22,13:20,4135.10,4138.70,4133.10,4138.10,774
2026-07-22,13:25,4138.50,4139.80,4135.80,4136.50,872
2026-07-22,13:30,4136.80,4152.10,4136.80,4147.30,4406
2026-07-22,13:35,4147.50,4151.00,4143.20,4149.80,1727
2026-07-22,13:40,4149.50,4151.10,4146.00,4147.40,1025
2026-07-22,13:45,4148.00,4156.50,4147.90,4151.70,1607
2026-07-22,13:50,4151.80,4153.60,4149.00,4150.50,1102
2026-07-22,13:55,4150.80,4161.50,4149.70,4160.00,1812
2026-07-22,14:00,4159.80,4168.80,4158.70,4162.00,4018
2026-07-22,14:05,4162.10,4164.30,4158.60,4161.80,1361
2026-07-22,14:10,4161.70,4164.10,4160.40,4161.70,637
2026-07-22,14:15,4161.80,4161.80,4153.20,4153.70,1606
2026-07-22,14:20,4153.70,4157.80,4153.20,4154.60,749
2026-07-22,14:25,4154.70,4155.20,4149.10,4151.10,1258
2026-07-22,14:30,4151.20,4157.50,4150.90,4155.70,797
2026-07-22,14:35,4155.60,4157.00,4153.70,4156.60,391
2026-07-22,14:40,4156.80,4158.20,4152.40,4155.70,831
2026-07-22,14:45,4156.00,4157.80,4150.60,4153.00,577
2026-07-22,14:50,4152.90,4153.70,4151.00,4152.80,393
2026-07-22,14:55,4152.50,4154.80,4148.60,4153.40,448
2026-07-22,15:00,4153.50,4159.90,4153.40,4159.60,881
2026-07-22,15:05,4159.40,4161.40,4158.70,4159.60,662
2026-07-22,15:10,4159.60,4163.50,4158.90,4162.50,563
2026-07-22,15:15,4162.40,4162.70,4158.10,4159.90,1071
2026-07-22,15:20,4160.10,4166.60,4159.40,4165.00,1106
2026-07-22,15:25,4164.60,4165.40,4161.50,4162.20,464
2026-07-22,15:30,4162.30,4163.60,4161.20,4162.00,680
2026-07-22,15:35,4161.90,4164.00,4160.70,4162.40,307
2026-07-22,15:40,4162.50,4166.10,4162.30,4165.20,582
2026-07-22,15:45,4165.10,4170.30,4163.50,4169.40,629
2026-07-22,15:50,4169.60,4171.40,4167.40,4167.60,970
2026-07-22,15:55,4167.50,4167.50,4163.20,4164.10,784
2026-07-22,16:00,4164.40,4164.50,4161.00,4162.00,517
2026-07-22,16:05,4161.90,4164.30,4161.10,4161.50,304
2026-07-22,16:10,4161.50,4161.50,4158.20,4159.50,700
2026-07-22,16:15,4159.60,4160.40,4156.00,4160.10,1152
2026-07-22,16:20,4160.00,4160.70,4156.90,4157.20,207
2026-07-22,16:25,4157.60,4157.60,4153.10,4154.50,1197
2026-07-22,16:30,4154.60,4156.00,4151.70,4152.00,504
2026-07-22,16:35,4152.10,4154.70,4150.10,4153.80,1358
2026-07-22,16:40,4154.20,4157.30,4152.10,4152.60,668
2026-07-22,16:45,4153.10,4154.00,4151.60,4152.70,249
2026-07-22,16:50,4153.00,4153.20,4150.10,4152.60,321
2026-07-22,16:55,4152.30,4154.90,4151.70,4152.80,533
2026-07-22,17:00,4152.80,4153.60,4150.20,4152.80,487
2026-07-22,17:05,4153.00,4153.20,4148.80,4149.70,578
2026-07-22,17:10,4150.10,4151.80,4148.80,4151.00,494
2026-07-22,17:15,4151.00,4151.60,4148.50,4148.80,335
2026-07-22,17:20,4148.70,4151.30,4148.50,4149.40,467
2026-07-22,17:25,4149.20,4152.90,4148.90,4151.60,1240
2026-07-22,17:30,4151.60,4153.10,4149.80,4150.70,598
2026-07-22,17:35,4150.60,4151.60,4144.40,4144.90,1111
2026-07-22,17:40,4144.80,4147.10,4143.80,4146.30,381
2026-07-22,17:45,4146.40,4149.20,4145.90,4148.80,198
2026-07-22,17:50,4148.90,4149.60,4147.80,4148.40,147
2026-07-22,17:55,4148.20,4149.00,4146.90,4148.10,240
2026-07-22,18:00,4147.90,4148.40,4142.50,4143.30,871
2026-07-22,18:05,4143.10,4147.00,4143.10,4145.00,308
2026-07-22,18:10,4144.70,4146.30,4143.00,4143.60,177
2026-07-22,18:15,4143.40,4144.60,4142.10,4144.60,213
2026-07-22,18:20,4144.30,4145.20,4140.40,4142.10,450
2026-07-22,18:25,4142.30,4142.30,4140.20,4140.40,202
2026-07-22,18:30,4140.90,4141.00,4137.50,4138.30,617
2026-07-22,18:35,4138.30,4141.50,4137.80,4141.00,193
2026-07-22,18:40,4141.20,4141.70,4139.00,4141.40,180
2026-07-22,18:45,4141.10,4143.70,4140.60,4142.80,205
2026-07-22,18:50,4143.00,4144.30,4142.90,4143.00,279
2026-07-22,18:55,4142.80,4143.60,4141.30,4141.80,134
2026-07-22,19:00,4141.40,4141.50,4138.20,4140.30,212
2026-07-22,19:05,4140.70,4142.50,4140.60,4141.10,166
2026-07-22,19:10,4141.10,4141.10,4139.60,4139.60,121
2026-07-22,19:15,4139.60,4141.00,4138.90,4139.50,110
2026-07-22,19:20,4140.00,4140.50,4137.10,4139.90,178
2026-07-22,19:25,4139.80,4140.50,4138.00,4140.00,227
2026-07-22,19:30,4139.60,4141.60,4138.00,4141.00,380
2026-07-22,19:35,4140.90,4141.50,4138.90,4139.60,105
2026-07-22,19:40,4139.50,4141.30,4139.00,4139.10,138
2026-07-22,19:45,4139.20,4140.20,4138.30,4139.80,299
2026-07-22,19:50,4140.40,4140.60,4133.90,4135.60,1019
2026-07-22,19:55,4135.60,4137.80,4134.60,4136.40,428
2026-07-22,20:00,4136.40,4140.00,4135.10,4135.90,540
2026-07-22,20:05,4135.80,4139.20,4135.60,4138.40,396
2026-07-22,20:10,4138.10,4140.20,4137.00,4139.60,163
2026-07-22,20:15,4139.40,4141.20,4138.90,4140.40,113
2026-07-22,20:20,4140.40,4141.50,4139.20,4141.50,85
2026-07-22,20:25,4141.50,4142.80,4141.40,4141.70,104
2026-07-22,20:30,4141.00,4142.40,4140.50,4140.50,130
2026-07-22,20:35,4140.20,4140.20,4138.50,4139.20,49
2026-07-22,20:40,4139.40,4140.60,4135.70,4135.80,261
2026-07-22,20:45,4135.70,4136.10,4133.20,4135.20,168
2026-07-22,20:50,4134.90,4135.00,4133.30,4134.10,80
2026-07-22,20:55,4134.00,4135.40,4133.80,4135.00,75
2026-07-22,22:00,4126.00,4129.70,4074.60,4123.60,0
2026-07-22,22:05,4123.10,4129.00,4122.50,4125.90,259
2026-07-22,22:10,4125.60,4126.90,4123.80,4126.90,106
2026-07-22,22:15,4127.00,4128.20,4123.20,4127.30,313
2026-07-22,22:20,4126.70,4129.00,4125.00,4125.80,300
2026-07-22,22:25,4126.40,4132.20,4125.70,4131.30,482
2026-07-22,22:30,4131.80,4133.00,4128.50,4128.50,311
2026-07-22,22:35,4128.20,4130.80,4127.20,4128.60,462
2026-07-22,22:40,4128.00,4128.70,4122.70,4124.40,446
2026-07-22,22:45,4124.20,4128.60,4123.20,4127.40,403
2026-07-22,22:50,4127.40,4129.00,4123.80,4126.50,565
2026-07-22,22:55,4126.70,4129.90,4123.60,4124.70,587
2026-07-22,23:00,4125.10,4126.40,4120.40,4121.50,811
2026-07-22,23:05,4122.00,4122.50,4118.90,4120.90,440
2026-07-22,23:10,4121.10,4127.40,4119.10,4126.60,773
2026-07-22,23:15,4126.30,4126.60,4122.30,4122.90,204
2026-07-22,23:20,4123.00,4124.60,4122.30,4123.10,129
2026-07-22,23:25,4123.40,4125.10,4121.70,4122.70,225
2026-07-22,23:30,4122.30,4125.20,4121.60,4123.20,67
2026-07-22,23:35,4122.80,4126.10,4122.80,4124.10,135
2026-07-22,23:40,4124.00,4127.00,4123.70,4126.20,117
2026-07-22,23:45,4126.10,4134.40,4125.40,4132.70,609
2026-07-22,23:50,4132.80,4134.40,4131.30,4134.30,149
2026-07-22,23:55,4133.80,4137.10,4133.60,4135.80,358
2026-07-23,00:00,4136.80,4137.20,4130.90,4133.30,476
2026-07-23,00:05,4133.80,4133.80,4130.00,4131.70,148
2026-07-23,00:10,4131.10,4131.30,4129.00,4129.90,119
2026-07-23,00:15,4131.00,4132.00,4129.90,4131.10,74
2026-07-23,00:20,4131.50,4136.00,4130.70,4135.90,121
2026-07-23,00:25,4136.00,4138.00,4132.00,4132.00,233
2026-07-23,00:30,4132.00,4134.50,4131.20,4132.80,180
2026-07-23,00:35,4133.10,4135.20,4130.80,4131.30,140
2026-07-23,00:40,4131.30,4132.20,4130.00,4130.80,91
2026-07-23,00:45,4130.70,4133.20,4130.00,4130.20,108
2026-07-23,00:50,4130.30,4132.30,4128.40,4132.10,114
2026-07-23,00:55,4132.30,4136.90,4130.60,4135.30,245
2026-07-23,01:00,4135.20,4142.70,4133.20,4136.10,937
2026-07-23,01:05,4136.20,4137.90,4133.30,4136.50,170
2026-07-23,01:10,4136.60,4140.20,4135.20,4137.40,412
2026-07-23,01:15,4137.20,4140.80,4136.80,4138.50,287
2026-07-23,01:20,4138.80,4142.90,4138.00,4141.00,250
2026-07-23,01:25,4140.80,4144.00,4139.30,4140.20,556
2026-07-23,01:30,4140.50,4141.90,4131.80,4136.20,752
2026-07-23,01:35,4136.50,4136.50,4125.40,4125.60,843
2026-07-23,01:40,4125.90,4130.10,4124.20,4124.20,469
2026-07-23,01:45,4124.20,4126.00,4119.50,4124.00,546
2026-07-23,01:50,4123.70,4125.10,4120.50,4121.10,253
2026-07-23,01:55,4120.70,4121.80,4116.70,4120.50,629
2026-07-23,02:00,4120.10,4121.40,4115.50,4115.90,386
2026-07-23,02:05,4116.50,4119.60,4114.70,4116.90,324
2026-07-23,02:10,4116.50,4120.70,4116.50,4119.80,251
2026-07-23,02:15,4120.10,4120.60,4115.60,4117.30,385
2026-07-23,02:20,4117.20,4119.50,4116.20,4118.50,212
2026-07-23,02:25,4118.70,4119.30,4116.50,4118.40,230
2026-07-23,02:30,4118.30,4122.00,4116.10,4119.00,342
2026-07-23,02:35,4118.90,4121.20,4116.80,4121.20,137
2026-07-23,02:40,4121.50,4124.90,4120.30,4124.60,261
2026-07-23,02:45,4124.80,4128.00,4124.80,4125.20,316
2026-07-23,02:50,4125.30,4131.20,4124.00,4128.10,253
2026-07-23,02:55,4127.80,4131.30,4127.70,4130.80,110
2026-07-23,03:00,4130.90,4131.70,4128.50,4129.00,229
2026-07-23,03:05,4128.60,4130.30,4126.60,4127.60,317
2026-07-23,03:10,4127.90,4130.00,4126.60,4129.70,128
2026-07-23,03:15,4129.90,4133.50,4129.20,4133.20,253
2026-07-23,03:20,4133.30,4135.60,4133.10,4135.00,183
2026-07-23,03:25,4134.70,4134.90,4131.80,4132.20,170
2026-07-23,03:30,4132.80,4132.80,4130.70,4132.70,121
2026-07-23,03:35,4132.60,4133.80,4131.20,4131.80,122
2026-07-23,03:40,4132.30,4133.10,4128.70,4131.40,295
2026-07-23,03:45,4131.10,4131.10,4127.70,4128.30,109
2026-07-23,03:50,4128.10,4128.60,4127.50,4128.50,66
2026-07-23,03:55,4128.20,4128.70,4127.20,4127.60,36
2026-07-23,04:00,4127.70,4127.70,4125.20,4126.10,158
2026-07-23,04:05,4126.10,4128.20,4124.80,4127.70,91
2026-07-23,04:10,4127.70,4130.00,4126.40,4129.90,81
2026-07-23,04:15,4130.60,4130.60,4127.60,4128.20,105
2026-07-23,04:20,4128.00,4131.70,4128.00,4130.60,76
2026-07-23,04:25,4130.70,4132.50,4129.80,4132.50,134
2026-07-23,04:30,4132.30,4132.90,4128.10,4129.60,132
2026-07-23,04:35,4129.50,4130.00,4128.50,4128.50,97
2026-07-23,04:40,4128.20,4128.20,4125.50,4125.80,150
2026-07-23,04:45,4125.50,4126.60,4124.00,4124.60,95
2026-07-23,04:50,4124.50,4125.00,4122.60,4123.20,57
2026-07-23,04:55,4123.50,4124.20,4122.50,4123.80,46
2026-07-23,05:00,4124.00,4125.20,4121.60,4123.10,229
2026-07-23,05:05,4123.30,4126.80,4123.10,4126.50,94
2026-07-23,05:10,4126.40,4127.50,4125.90,4127.10,102
2026-07-23,05:15,4126.90,4126.90,4123.70,4123.70,96
2026-07-23,05:20,4124.10,4125.50,4122.40,4124.20,209
2026-07-23,05:25,4124.20,4128.00,4124.00,4128.00,50
2026-07-23,05:30,4128.30,4131.30,4126.00,4130.10,432
2026-07-23,05:35,4130.30,4131.10,4129.10,4129.30,157
2026-07-23,05:40,4129.00,4130.30,4127.00,4130.30,240
2026-07-23,05:45,4130.40,4133.40,4129.10,4129.60,506
2026-07-23,05:50,4129.20,4130.00,4126.70,4128.00,269
2026-07-23,05:55,4128.20,4128.30,4123.30,4126.90,276
2026-07-23,06:00,4127.10,4131.00,4126.20,4126.70,269
2026-07-23,06:05,4127.00,4127.50,4124.00,4125.40,159
2026-07-23,06:10,4126.30,4126.90,4124.80,4126.30,159
2026-07-23,06:15,4126.10,4130.50,4125.40,4129.60,107
2026-07-23,06:20,4129.50,4129.90,4126.20,4127.70,138
2026-07-23,06:25,4127.60,4127.80,4124.00,4124.90,141
2026-07-23,06:30,4124.80,4126.00,4123.30,4125.00,136
2026-07-23,06:35,4124.90,4126.70,4123.90,4123.90,208
2026-07-23,06:40,4123.10,4124.40,4119.50,4122.50,266
2026-07-23,06:45,4122.40,4125.10,4121.90,4125.10,263
2026-07-23,06:50,4124.30,4125.10,4122.80,4123.20,147
2026-07-23,06:55,4122.90,4123.30,4120.50,4121.60,156
2026-07-23,07:00,4121.30,4122.20,4117.00,4117.80,495
2026-07-23,07:05,4118.30,4119.20,4112.50,4113.30,558
2026-07-23,07:10,4113.10,4113.10,4104.90,4109.60,1010
2026-07-23,07:15,4109.40,4114.90,4109.40,4112.10,772
2026-07-23,07:20,4112.00,4112.60,4108.10,4108.60,567
2026-07-23,07:25,4108.30,4113.40,4108.30,4111.20,321
2026-07-23,07:30,4111.40,4111.50,4105.00,4107.70,447
2026-07-23,07:35,4108.00,4108.80,4102.50,4103.70,748
2026-07-23,07:40,4103.40,4105.00,4094.30,4098.50,931
2026-07-23,07:45,4098.60,4099.80,4094.10,4096.10,519
2026-07-23,07:50,4095.60,4098.30,4093.00,4096.90,468
2026-07-23,07:55,4096.30,4100.00,4095.30,4098.30,640
2026-07-23,08:00,4098.50,4100.40,4093.10,4095.90,592
2026-07-23,08:05,4095.60,4099.60,4095.60,4099.00,286
2026-07-23,08:10,4099.50,4100.70,4092.90,4094.10,601
2026-07-23,08:15,4094.50,4095.40,4092.30,4092.70,223
2026-07-23,08:20,4092.30,4094.10,4091.10,4093.60,321
2026-07-23,08:25,4093.40,4094.90,4091.50,4094.40,194
2026-07-23,08:30,4094.10,4096.40,4092.40,4095.60,389
2026-07-23,08:35,4095.40,4096.70,4093.90,4094.90,403
2026-07-23,08:40,4094.40,4095.40,4091.00,4095.30,310
2026-07-23,08:45,4095.10,4095.10,4089.70,4092.20,427
2026-07-23,08:50,4092.50,4095.60,4091.40,4095.60,125
2026-07-23,08:55,4095.70,4097.40,4095.50,4096.00,384
2026-07-23,09:00,4095.90,4102.40,4095.30,4101.90,490
2026-07-23,09:05,4101.20,4101.90,4099.40,4100.00,296
2026-07-23,09:10,4099.70,4101.40,4096.90,4097.70,191
2026-07-23,09:15,4097.50,4099.70,4096.80,4099.70,409
2026-07-23,09:20,4099.30,4099.30,4095.50,4095.80,516
2026-07-23,09:25,4096.20,4096.70,4092.20,4093.90,426
2026-07-23,09:30,4094.20,4095.30,4091.30,4095.30,783
2026-07-23,09:35,4095.00,4095.80,4094.00,4095.00,233
2026-07-23,09:40,4094.90,4096.50,4093.60,4095.00,236
2026-07-23,09:45,4095.30,4097.50,4094.80,4096.40,185
2026-07-23,09:50,4096.50,4097.10,4092.90,4096.20,636
2026-07-23,09:55,4096.20,4096.20,4091.50,4093.20,206
2026-07-23,10:00,4093.20,4094.70,4091.40,4093.80,391
2026-07-23,10:05,4093.90,4094.60,4091.00,4092.00,246
2026-07-23,10:10,4091.70,4094.70,4091.40,4093.80,217
2026-07-23,10:15,4094.10,4096.00,4092.00,4092.10,243
2026-07-23,10:20,4091.70,4092.50,4088.70,4090.70,367
2026-07-23,10:25,4090.70,4093.70,4090.70,4093.30,138
2026-07-23,10:30,4092.90,4096.00,4089.80,4090.40,557
2026-07-23,10:35,4090.50,4093.40,4090.30,4093.30,180
2026-07-23,10:40,4092.80,4093.20,4090.20,4092.50,214
2026-07-23,10:45,4092.40,4097.00,4090.40,4096.40,151
2026-07-23,10:50,4096.80,4097.70,4095.10,4097.60,376
2026-07-23,10:55,4097.40,4098.60,4095.40,4096.70,268
2026-07-23,11:00,4096.60,4097.40,4093.80,4095.10,258
2026-07-23,11:05,4094.20,4094.70,4091.70,4092.00,193
2026-07-23,11:10,4091.70,4092.80,4090.10,4090.70,496
2026-07-23,11:15,4091.10,4092.20,4087.30,4088.60,612
2026-07-23,11:20,4088.50,4090.20,4083.80,4087.00,700
2026-07-23,11:25,4087.00,4088.10,4084.50,4087.10,378
2026-07-23,11:30,4087.10,4087.10,4082.50,4083.70,674
2026-07-23,11:35,4083.20,4086.10,4082.00,4082.20,627
2026-07-23,11:40,4082.00,4082.50,4075.70,4081.40,1040
2026-07-23,11:45,4081.40,4085.00,4080.60,4084.50,516
2026-07-23,11:50,4084.80,4092.50,4084.70,4087.30,820
2026-07-23,11:55,4087.20,4089.30,4086.00,4088.90,488
2026-07-23,12:00,4088.40,4089.00,4085.20,4086.30,321
2026-07-23,12:05,4086.40,4088.30,4084.50,4086.00,396
2026-07-23,12:10,4086.10,4088.20,4083.70,4084.40,331
2026-07-23,12:15,4084.40,4085.90,4075.00,4081.10,2376
2026-07-23,12:20,4080.50,4081.20,4072.80,4075.00,1129
2026-07-23,12:25,4075.00,4080.00,4073.70,4077.60,562
2026-07-23,12:30,4076.80,4077.90,4070.50,4077.20,1267
2026-07-23,12:35,4077.30,4077.50,4066.50,4075.90,1541
2026-07-23,12:40,4075.50,4076.00,4068.70,4071.50,996
2026-07-23,12:45,4071.60,4072.00,4065.80,4068.80,1176
2026-07-23,12:50,4068.60,4071.00,4064.50,4067.20,600
2026-07-23,12:55,4067.00,4069.60,4063.60,4064.60,666
2026-07-23,13:00,4064.20,4066.40,4056.70,4058.30,2050
2026-07-23,13:05,4058.10,4059.70,4047.00,4049.60,4065
2026-07-23,13:10,4049.50,4049.60,4042.60,4043.00,2822
2026-07-23,13:15,4042.90,4052.00,4042.60,4051.10,1655
2026-07-23,13:20,4051.00,4057.70,4050.60,4053.70,1484
2026-07-23,13:25,4054.10,4061.40,4054.10,4061.10,1116
2026-07-23,13:30,4060.90,4070.10,4060.70,4066.60,3205
2026-07-23,13:35,4066.00,4067.50,4058.60,4059.70,1633
2026-07-23,13:40,4059.80,4065.30,4058.50,4059.30,1310
2026-07-23,13:45,4059.50,4060.10,4052.80,4055.60,1046
2026-07-23,13:50,4055.80,4061.80,4054.70,4059.30,1092
2026-07-23,13:55,4059.00,4060.70,4045.30,4045.80,2592
2026-07-23,14:00,4046.10,4053.30,4045.40,4046.50,2513
2026-07-23,14:05,4046.50,4049.00,4042.50,4048.30,1659
2026-07-23,14:10,4048.30,4054.30,4044.60,4051.00,1841
2026-07-23,14:15,4050.60,4053.20,4045.50,4047.30,3100
2026-07-23,14:20,4046.90,4055.30,4046.00,4055.10,1222
2026-07-23,14:25,4055.00,4060.20,4054.10,4059.60,1794
2026-07-23,14:30,4059.60,4061.00,4054.80,4057.40,1311
2026-07-23,14:35,4057.80,4064.10,4054.40,4062.20,1157
2026-07-23,14:40,4062.20,4063.00,4058.90,4060.10,506
2026-07-23,14:45,4060.00,4064.70,4059.00,4061.90,478
2026-07-23,14:50,4061.90,4063.30,4059.70,4060.00,463
2026-07-23,14:55,4059.70,4063.10,4059.60,4061.10,398
2026-07-23,15:00,4061.50,4062.60,4058.40,4059.20,407
2026-07-23,15:05,4059.50,4060.60,4054.20,4054.70,849
2026-07-23,15:10,4054.70,4057.00,4052.30,4054.70,1525
2026-07-23,15:15,4054.00,4059.40,4053.00,4055.40,1350
2026-07-23,15:20,4055.60,4056.30,4048.00,4053.00,1823
2026-07-23,15:25,4053.10,4053.10,4049.20,4049.70,690
2026-07-23,15:30,4049.50,4049.90,4045.00,4048.30,2528
2026-07-23,15:35,4048.60,4053.90,4048.40,4052.10,1583
2026-07-23,15:40,4052.10,4056.00,4050.70,4050.90,1656
2026-07-23,15:45,4050.60,4053.80,4049.90,4052.30,611
2026-07-23,15:50,4051.60,4053.80,4049.50,4053.00,552
2026-07-23,15:55,4053.20,4053.60,4049.30,4051.20,914
2026-07-23,16:00,4051.50,4053.80,4051.00,4051.30,456
2026-07-23,16:05,4051.30,4053.00,4050.00,4051.30,647
2026-07-23,16:10,4051.10,4053.50,4050.50,4053.10,3275
2026-07-23,16:15,4052.80,4053.60,4048.60,4049.20,439
2026-07-23,16:20,4049.30,4054.60,4049.20,4051.20,875
2026-07-23,16:25,4051.60,4054.60,4051.30,4053.20,1204
2026-07-23,16:30,4053.00,4053.80,4050.70,4051.10,860
2026-07-23,16:35,4051.20,4053.70,4049.80,4053.30,549
2026-07-23,16:40,4053.50,4054.10,4052.00,4052.60,888
2026-07-23,16:45,4052.70,4054.20,4051.90,4052.00,870
2026-07-23,16:50,4051.90,4052.70,4051.00,4051.70,417
2026-07-23,16:55,4052.40,4054.60,4052.40,4054.30,930
2026-07-23,17:00,4054.50,4057.50,4053.50,4054.60,1229
2026-07-23,17:05,4054.80,4056.20,4049.60,4051.00,1205
2026-07-23,17:10,4051.10,4052.50,4049.80,4050.00,764
2026-07-23,17:15,4050.20,4052.50,4048.80,4049.20,945
2026-07-23,17:20,4049.40,4053.40,4049.40,4051.40,1120
2026-07-23,17:25,4051.20,4052.50,4049.10,4049.70,3310
2026-07-23,17:30,4049.90,4051.80,4049.30,4050.00,1019
2026-07-23,17:35,4049.80,4050.10,4046.60,4047.30,460
2026-07-23,17:40,4047.20,4047.90,4044.30,4045.40,621
2026-07-23,17:45,4045.30,4046.80,4044.50,4046.60,366
2026-07-23,17:50,4046.30,4046.70,4044.40,4045.50,540
2026-07-23,17:55,4045.40,4046.00,4043.90,4043.90,215
2026-07-23,18:00,4044.40,4045.70,4042.50,4044.10,875
2026-07-23,18:05,4043.80,4046.80,4042.90,4045.80,295
2026-07-23,18:10,4045.70,4046.30,4043.80,4044.10,413
2026-07-23,18:15,4044.00,4047.10,4042.80,4045.40,628
2026-07-23,18:20,4045.50,4045.70,4042.60,4044.10,388
2026-07-23,18:25,4044.00,4047.60,4043.20,4047.20,289
2026-07-23,18:30,4046.80,4050.60,4046.80,4047.80,373
2026-07-23,18:35,4047.80,4049.30,4047.00,4047.60,185
2026-07-23,18:40,4047.50,4049.20,4047.30,4048.90,185
2026-07-23,18:45,4049.00,4050.80,4048.90,4049.60,222
2026-07-23,18:50,4049.60,4049.60,4048.40,4048.60,123
2026-07-23,18:55,4048.50,4049.70,4047.10,4048.80,156
2026-07-23,19:00,4049.20,4051.40,4047.50,4047.90,222
2026-07-23,19:05,4048.00,4048.90,4046.10,4046.10,236
2026-07-23,19:10,4046.20,4046.90,4045.30,4045.60,118
2026-07-23,19:15,4045.50,4048.20,4045.50,4047.50,123
2026-07-23,19:20,4047.50,4050.60,4047.30,4050.10,207
2026-07-23,19:25,4050.30,4051.50,4049.00,4050.10,275
2026-07-23,19:30,4050.40,4053.10,4047.80,4049.70,439
2026-07-23,19:35,4049.30,4050.40,4049.00,4050.20,87
2026-07-23,19:40,4050.10,4050.20,4048.00,4048.10,118
2026-07-23,19:45,4048.10,4049.20,4047.00,4047.90,134
2026-07-23,19:50,4048.20,4052.40,4048.20,4052.20,331
2026-07-23,19:55,4052.60,4053.30,4051.60,4052.10,644
2026-07-23,20:00,4051.90,4053.60,4051.00,4051.00,704
2026-07-23,20:05,4051.40,4052.30,4050.60,4050.60,186
2026-07-23,20:10,4051.00,4052.50,4051.00,4051.80,59
2026-07-23,20:15,4051.80,4052.00,4050.30,4051.10,100
2026-07-23,20:20,4051.00,4051.50,4049.80,4051.30,66
2026-07-23,20:25,4051.50,4053.40,4051.30,4052.60,203
2026-07-23,20:30,4052.90,4053.00,4051.50,4052.10,46
2026-07-23,20:35,4052.20,4053.20,4052.10,4052.70,46
2026-07-23,20:40,4052.50,4052.50,4051.30,4052.20,116
2026-07-23,20:45,4052.10,4052.40,4051.10,4052.10,70
2026-07-23,20:50,4052.10,4052.10,4049.90,4050.50,99
2026-07-23,20:55,4051.90,4052.50,4051.40,4052.30,81
2026-07-23,22:00,4053.40,4053.50,4050.20,4050.50,0
2026-07-23,22:05,4050.90,4053.00,4050.40,4051.10,68
2026-07-23,22:10,4051.30,4051.30,4051.00,4051.00,131
2026-07-23,22:15,4051.40,4052.10,4051.20,4052.00,111
2026-07-23,22:20,4052.30,4052.80,4051.70,4052.50,42
2026-07-23,22:25,4052.10,4052.50,4051.50,4052.30,34
2026-07-23,22:30,4051.90,4052.70,4051.90,4052.40,24
2026-07-23,22:35,4052.60,4052.90,4051.80,4052.20,85
2026-07-23,22:40,4052.10,4052.50,4051.10,4051.60,99
2026-07-23,22:45,4051.70,4052.30,4050.80,4051.10,70
2026-07-23,22:50,4051.20,4052.80,4051.20,4052.30,66
2026-07-23,22:55,4052.50,4052.80,4051.00,4052.00,116
2026-07-23,23:00,4052.20,4052.40,4051.10,4051.10,36
2026-07-23,23:05,4051.30,4051.50,4049.90,4050.40,65
2026-07-23,23:10,4050.50,4051.10,4049.60,4051.10,70
2026-07-23,23:15,4051.00,4051.70,4049.60,4049.60,95
2026-07-23,23:20,4049.50,4051.60,4049.50,4051.60,29
2026-07-23,23:25,4051.70,4052.30,4051.00,4051.70,271
2026-07-23,23:30,4051.70,4053.80,4051.30,4053.00,385
2026-07-23,23:35,4052.80,4053.00,4050.80,4050.80,78
2026-07-23,23:40,4050.80,4051.20,4049.60,4051.00,78
2026-07-23,23:45,4050.60,4052.20,4049.50,4051.30,206
2026-07-23,23:50,4051.20,4051.60,4049.70,4050.00,30
2026-07-23,23:55,4049.80,4050.60,4048.80,4049.40,89
2026-07-24,00:00,4049.80,4052.30,4049.40,4049.40,295
2026-07-24,00:05,4049.00,4049.30,4047.00,4047.50,128
2026-07-24,00:10,4047.90,4048.80,4043.20,4043.50,290
2026-07-24,00:15,4044.00,4047.50,4043.50,4045.30,204
2026-07-24,00:20,4046.10,4050.30,4045.30,4048.70,193
2026-07-24,00:25,4048.80,4049.20,4046.40,4048.30,278
2026-07-24,00:30,4049.40,4049.80,4047.20,4048.30,172
2026-07-24,00:35,4049.10,4052.10,4047.50,4050.70,179
2026-07-24,00:40,4051.10,4052.70,4050.20,4052.20,163
2026-07-24,00:45,4051.90,4053.30,4051.30,4051.30,145
2026-07-24,00:50,4051.60,4052.50,4050.80,4051.60,106
2026-07-24,00:55,4051.90,4054.10,4051.20,4052.40,348
2026-07-24,01:00,4052.90,4053.10,4041.90,4046.80,1103
2026-07-24,01:05,4046.10,4047.00,4044.40,4045.60,186
2026-07-24,01:10,4045.70,4047.00,4042.40,4044.70,367
2026-07-24,01:15,4044.80,4048.30,4043.70,4046.80,294
2026-07-24,01:20,4046.30,4047.70,4044.50,4047.60,143
2026-07-24,01:25,4047.60,4048.30,4045.00,4045.00,184
2026-07-24,01:30,4044.90,4047.30,4043.70,4046.70,115
2026-07-24,01:35,4046.00,4047.00,4044.50,4045.70,98
2026-07-24,01:40,4047.00,4053.30,4046.50,4052.60,593
2026-07-24,01:45,4052.50,4052.90,4050.20,4050.60,210
2026-07-24,01:50,4050.20,4050.20,4047.20,4049.20,284
2026-07-24,01:55,4048.90,4049.00,4043.60,4046.00,153
2026-07-24,02:00,4045.90,4047.70,4044.60,4045.10,95
2026-07-24,02:05,4044.50,4047.20,4043.30,4047.20,210
2026-07-24,02:10,4046.90,4048.10,4046.50,4047.70,154
2026-07-24,02:15,4047.70,4048.40,4046.90,4047.10,61
2026-07-24,02:20,4047.00,4048.60,4044.80,4048.60,141
2026-07-24,02:25,4048.70,4051.00,4048.00,4048.80,185
2026-07-24,02:30,4049.20,4050.50,4045.90,4046.30,176
2026-07-24,02:35,4046.60,4047.00,4043.20,4044.40,282
2026-07-24,02:40,4044.50,4045.90,4043.00,4043.60,132
2026-07-24,02:45,4043.40,4043.60,4028.40,4028.80,2334
2026-07-24,02:50,4028.80,4032.90,4027.40,4027.70,1057
2026-07-24,02:55,4027.90,4029.90,4025.30,4026.70,780
2026-07-24,03:00,4027.10,4029.80,4025.40,4029.10,333
2026-07-24,03:05,4028.90,4031.30,4028.90,4029.00,150
2026-07-24,03:10,4030.00,4034.80,4028.40,4034.60,330
2026-07-24,03:15,4034.10,4036.10,4031.60,4031.60,254
2026-07-24,03:20,4031.40,4034.20,4030.80,4032.70,147
2026-07-24,03:25,4032.70,4033.40,4031.00,4032.50,114
2026-07-24,03:30,4033.30,4035.40,4033.00,4033.90,153
2026-07-24,03:35,4034.70,4035.20,4033.20,4033.90,69
2026-07-24,03:40,4034.20,4035.00,4033.20,4034.10,41
2026-07-24,03:45,4033.60,4034.50,4032.30,4034.50,58
2026-07-24,03:50,4033.80,4034.40,4032.80,4032.90,84
2026-07-24,03:55,4031.90,4032.20,4030.40,4031.10,73
2026-07-24,04:00,4031.30,4031.90,4029.90,4031.40,183
2026-07-24,04:05,4031.80,4032.50,4030.50,4031.50,154
2026-07-24,04:10,4031.00,4031.30,4029.50,4030.50,304
2026-07-24,04:15,4030.50,4031.20,4029.80,4030.20,198
2026-07-24,04:20,4030.70,4032.30,4030.30,4031.30,66
2026-07-24,04:25,4031.40,4032.70,4031.40,4032.10,64
2026-07-24,04:30,4032.30,4032.90,4031.20,4031.30,54
2026-07-24,04:35,4031.80,4032.50,4029.20,4029.40,148
2026-07-24,04:40,4029.50,4029.60,4028.20,4029.00,69
2026-07-24,04:45,4029.30,4029.50,4027.80,4029.30,74
2026-07-24,04:50,4029.60,4029.60,4028.20,4029.00,135
2026-07-24,04:55,4029.20,4031.10,4028.90,4029.80,177
2026-07-24,05:00,4029.80,4031.10,4027.50,4031.10,220
2026-07-24,05:05,4031.10,4032.20,4030.00,4030.90,596
2026-07-24,05:10,4031.40,4034.60,4029.90,4030.00,330
2026-07-24,05:15,4029.70,4030.20,4024.50,4026.40,441
2026-07-24,05:20,4026.70,4031.80,4026.30,4029.20,254
2026-07-24,05:25,4029.50,4029.50,4027.60,4028.30,103
2026-07-24,05:30,4028.30,4033.60,4028.10,4033.40,218
2026-07-24,05:35,4033.30,4033.30,4027.00,4028.30,564
2026-07-24,05:40,4028.10,4030.30,4025.90,4026.70,315
2026-07-24,05:45,4026.70,4030.80,4026.70,4030.00,314
2026-07-24,05:50,4030.30,4031.00,4024.80,4025.40,135
2026-07-24,05:55,4025.60,4026.00,4024.00,4025.00,362
2026-07-24,06:00,4025.20,4027.90,4025.00,4027.30,271
2026-07-24,06:05,4027.40,4029.60,4026.80,4029.20,241
2026-07-24,06:10,4029.60,4033.50,4028.70,4033.10,348
2026-07-24,06:15,4033.40,4036.70,4031.20,4036.10,284
2026-07-24,06:20,4036.20,4039.50,4036.00,4038.50,354
2026-07-24,06:25,4038.70,4041.40,4037.40,4038.80,254
2026-07-24,06:30,4038.70,4038.70,4035.10,4036.90,224
2026-07-24,06:35,4036.70,4039.40,4036.70,4037.70,148
2026-07-24,06:40,4037.80,4039.10,4035.30,4035.90,177
2026-07-24,06:45,4035.90,4039.10,4035.70,4036.40,479
2026-07-24,06:50,4036.90,4037.90,4034.00,4037.90,190
2026-07-24,06:55,4037.40,4041.40,4037.30,4038.40,275
2026-07-24,07:00,4038.20,4043.10,4037.50,4041.00,506
2026-07-24,07:05,4040.60,4048.40,4040.60,4048.20,1041
2026-07-24,07:10,4048.30,4050.00,4046.90,4047.70,523
2026-07-24,07:15,4048.20,4050.40,4046.50,4049.50,386
2026-07-24,07:20,4050.00,4051.70,4048.60,4050.80,258
2026-07-24,07:25,4050.70,4053.40,4050.20,4051.10,304
2026-07-24,07:30,4051.70,4056.30,4050.20,4055.80,690
2026-07-24,07:35,4055.80,4055.80,4048.90,4049.30,314
2026-07-24,07:40,4049.40,4051.10,4048.20,4050.80,239
2026-07-24,07:45,4050.80,4050.80,4048.50,4050.00,214
2026-07-24,07:50,4050.10,4051.40,4049.60,4050.40,116
2026-07-24,07:55,4051.10,4052.20,4050.50,4051.10,160
2026-07-24,08:00,4051.20,4051.50,4049.10,4049.90,164
2026-07-24,08:05,4049.50,4050.40,4047.60,4050.00,155
2026-07-24,08:10,4049.90,4050.30,4048.30,4049.50,140
2026-07-24,08:15,4049.10,4050.40,4047.50,4049.30,264
2026-07-24,08:20,4049.40,4050.50,4048.60,4049.30,190
2026-07-24,08:25,4048.80,4055.30,4048.70,4054.90,263
2026-07-24,08:30,4054.80,4054.80,4052.50,4052.50,142
2026-07-24,08:35,4052.80,4055.70,4051.40,4055.40,286
2026-07-24,08:40,4055.60,4058.00,4055.10,4057.20,489
2026-07-24,08:45,4057.30,4057.60,4054.90,4057.60,300
2026-07-24,08:50,4057.30,4059.80,4056.90,4059.20,229
2026-07-24,08:55,4059.00,4061.50,4058.70,4060.00,348
2026-07-24,09:00,4060.40,4064.00,4058.60,4059.30,1124
2026-07-24,09:05,4059.10,4060.30,4057.80,4060.20,496
2026-07-24,09:10,4060.40,4060.60,4055.90,4056.90,293
2026-07-24,09:15,4056.70,4059.90,4055.90,4057.90,470
2026-07-24,09:20,4057.80,4057.90,4055.90,4057.40,264
2026-07-24,09:25,4057.20,4058.70,4055.00,4055.60,193
2026-07-24,09:30,4055.40,4057.10,4054.20,4056.40,688
2026-07-24,09:35,4056.70,4057.90,4056.30,4057.90,99
2026-07-24,09:40,4058.00,4059.20,4056.90,4058.50,313
2026-07-24,09:45,4058.50,4059.00,4057.80,4058.10,97
2026-07-24,09:50,4058.10,4061.20,4057.40,4060.90,379
2026-07-24,09:55,4061.30,4062.60,4061.10,4062.60,104
2026-07-24,10:00,4062.60,4064.50,4061.50,4062.50,228
2026-07-24,10:05,4062.90,4063.40,4061.60,4063.00,186
2026-07-24,10:10,4063.50,4063.50,4060.50,4061.10,246
2026-07-24,10:15,4061.20,4065.00,4060.40,4062.20,298
2026-07-24,10:20,4062.20,4064.10,4062.00,4063.10,176
2026-07-24,10:25,4063.00,4066.60,4062.60,4064.50,272
2026-07-24,10:30,4064.40,4067.00,4064.20,4064.20,180
2026-07-24,10:35,4064.00,4064.40,4062.50,4062.50,520
2026-07-24,10:40,4062.70,4062.70,4060.70,4061.10,190
2026-07-24,10:45,4061.20,4061.90,4060.00,4061.60,145
2026-07-24,10:50,4061.60,4061.90,4059.40,4060.20,314
2026-07-24,10:55,4060.00,4062.50,4059.60,4062.20,105
2026-07-24,11:00,4062.50,4065.10,4060.80,4064.60,228
2026-07-24,11:05,4064.60,4065.90,4062.60,4063.60,115
2026-07-24,11:10,4063.20,4063.50,4062.60,4063.50,89
2026-07-24,11:15,4063.80,4064.10,4062.20,4063.80,507
2026-07-24,11:20,4063.40,4064.10,4062.70,4063.90,474
2026-07-24,11:25,4063.70,4063.70,4061.50,4061.60,287
2026-07-24,11:30,4061.20,4062.60,4060.40,4062.00,369
2026-07-24,11:35,4062.20,4062.20,4058.80,4059.40,751
2026-07-24,11:40,4059.30,4060.20,4057.50,4057.50,316
2026-07-24,11:45,4058.00,4059.00,4055.30,4057.40,306
2026-07-24,11:50,4057.30,4057.30,4054.60,4054.60,313
2026-07-24,11:55,4054.70,4063.90,4053.50,4060.20,734
2026-07-24,12:00,4060.60,4061.10,4054.50,4056.10,1162
2026-07-24,12:05,4056.20,4061.10,4054.70,4059.50,198
2026-07-24,12:10,4059.30,4059.90,4057.80,4059.30,124
2026-07-24,12:15,4059.10,4059.80,4058.10,4059.50,176
2026-07-24,12:20,4059.10,4060.90,4057.40,4060.90,358
2026-07-24,12:25,4061.00,4062.90,4058.30,4062.10,528
2026-07-24,12:30,4061.90,4062.10,4058.60,4060.00,424
2026-07-24,12:35,4060.00,4060.80,4057.60,4058.20,281
2026-07-24,12:40,4058.10,4059.40,4054.30,4057.60,421
2026-07-24,12:45,4057.50,4058.90,4054.20,4056.70,351
2026-07-24,12:50,4056.50,4058.50,4056.40,4057.60,271
2026-07-24,12:55,4058.00,4058.70,4054.50,4058.50,293
2026-07-24,13:00,4058.80,4061.00,4053.90,4054.80,638
2026-07-24,13:05,4054.70,4055.70,4048.30,4049.00,691
2026-07-24,13:10,4049.10,4052.00,4047.10,4050.60,1187
2026-07-24,13:15,4050.40,4050.80,4046.90,4048.30,394
2026-07-24,13:20,4048.80,4052.10,4047.90,4048.80,674
2026-07-24,13:25,4049.40,4051.00,4048.00,4048.80,464
2026-07-24,13:30,4048.50,4052.70,4047.00,4051.60,1102
2026-07-24,13:35,4051.70,4059.50,4051.70,4058.60,1216
2026-07-24,13:40,4058.80,4058.80,4053.50,4054.40,566
2026-07-24,13:45,4054.20,4063.40,4050.30,4060.80,951
2026-07-24,13:50,4060.30,4064.10,4058.20,4062.30,685
2026-07-24,13:55,4062.50,4071.50,4059.30,4070.00,1873
2026-07-24,14:00,4069.90,4073.00,4065.50,4065.50,2333
2026-07-24,14:05,4065.80,4067.90,4060.30,4065.50,2281
2026-07-24,14:10,4065.40,4066.70,4061.70,4061.70,532
2026-07-24,14:20,4061.40,4067.70,4061.00,4067.40,1857
2026-07-24,14:25,4067.90,4072.30,4067.30,4068.90,931
2026-07-24,14:30,4069.00,4071.10,4067.40,4067.40,614
2026-07-24,14:35,4067.80,4069.80,4062.10,4063.60,553
2026-07-24,14:40,4063.50,4065.40,4062.00,4063.10,619
2026-07-24,14:45,4063.50,4066.70,4061.40,4065.90,909
2026-07-24,14:50,4066.30,4067.80,4063.90,4064.30,235
2026-07-24,14:55,4064.30,4069.40,4064.20,4066.20,691
2026-07-24,15:00,4066.10,4070.10,4064.80,4067.90,1065
2026-07-24,15:05,4067.00,4067.90,4064.70,4066.50,245
2026-07-24,15:10,4066.90,4080.00,4066.90,4077.90,2067
2026-07-24,15:15,4077.70,4084.50,4075.00,4080.10,5126
2026-07-24,15:20,4080.30,4085.20,4075.80,4077.00,1857
2026-07-24,15:25,4077.20,4080.10,4075.40,4077.90,1259
2026-07-24,15:30,4078.20,4079.90,4077.00,4077.10,443
2026-07-24,15:35,4077.00,4082.00,4076.40,4080.90,508
2026-07-24,15:40,4080.80,4082.50,4073.80,4075.10,1877
2026-07-24,15:45,4075.10,4076.40,4073.50,4075.80,2541
2026-07-24,15:50,4076.10,4079.00,4075.70,4078.40,239
2026-07-24,15:55,4077.90,4080.80,4077.90,4079.90,293
2026-07-24,16:00,4080.30,4080.30,4077.80,4079.20,321
2026-07-24,16:05,4079.40,4080.20,4077.70,4078.70,270
2026-07-24,16:10,4078.90,4079.60,4077.00,4077.50,359
2026-07-24,16:15,4077.60,4078.70,4076.30,4077.20,271
2026-07-24,16:20,4077.10,4080.20,4076.10,4079.70,647
2026-07-24,16:25,4079.60,4080.90,4076.10,4076.60,339
2026-07-24,16:30,4076.60,4076.60,4072.60,4074.90,897
2026-07-24,16:35,4074.70,4074.80,4070.10,4070.50,510
2026-07-24,16:40,4070.60,4071.60,4069.20,4070.10,385
2026-07-24,16:45,4070.10,4070.30,4066.70,4067.70,456
2026-07-24,16:50,4067.60,4068.40,4066.50,4068.10,383
2026-07-24,16:55,4068.00,4070.30,4067.90,4069.50,416
2026-07-24,17:00,4069.70,4070.90,4069.20,4070.20,374
2026-07-24,17:05,4070.30,4070.50,4066.40,4068.00,586
2026-07-24,17:10,4068.40,4068.60,4065.30,4066.50,465
2026-07-24,17:15,4066.90,4069.50,4066.10,4069.30,405
2026-07-24,17:20,4069.40,4071.50,4067.60,4071.40,1157
2026-07-24,17:25,4071.40,4072.80,4069.70,4071.30,3288
2026-07-24,17:30,4071.20,4072.70,4070.20,4071.30,994
2026-07-24,17:35,4071.30,4071.60,4070.20,4070.60,304
2026-07-24,17:40,4070.40,4071.50,4068.90,4069.30,261
2026-07-24,17:45,4068.70,4070.00,4067.40,4068.80,207
2026-07-24,17:50,4068.60,4069.50,4065.30,4066.00,329
2026-07-24,17:55,4066.40,4067.80,4065.60,4065.80,220
2026-07-24,18:00,4066.00,4066.50,4063.60,4065.40,247
2026-07-24,18:05,4065.30,4067.30,4065.00,4065.30,309
2026-07-24,18:10,4065.30,4065.90,4063.70,4064.00,238
2026-07-24,18:15,4064.20,4065.40,4062.50,4062.70,482
2026-07-24,18:20,4062.70,4063.10,4058.60,4059.90,1090
2026-07-24,18:25,4060.00,4060.60,4057.20,4057.70,848
2026-07-24,18:30,4057.80,4058.60,4054.90,4056.70,523
2026-07-24,18:35,4056.60,4059.40,4055.90,4057.90,515
2026-07-24,18:40,4057.90,4058.00,4053.50,4054.50,453
2026-07-24,18:45,4054.60,4057.50,4054.00,4055.80,208
2026-07-24,18:50,4055.90,4058.30,4055.10,4056.60,208
2026-07-24,18:55,4056.80,4057.60,4056.30,4056.70,84
2026-07-24,19:00,4056.90,4058.70,4054.60,4056.80,324
2026-07-24,19:05,4057.00,4057.10,4054.90,4055.30,100
2026-07-24,19:10,4055.00,4056.90,4054.10,4054.50,155
2026-07-24,19:15,4054.50,4054.50,4051.80,4053.20,375
2026-07-24,19:20,4053.10,4053.50,4051.70,4051.80,173
2026-07-24,19:25,4051.90,4054.30,4051.30,4053.80,224
2026-07-24,19:30,4053.70,4056.60,4053.20,4056.40,188
2026-07-24,19:35,4056.10,4058.70,4055.80,4057.70,423
2026-07-24,19:40,4057.90,4060.20,4057.90,4059.20,282
2026-07-24,19:45,4059.50,4059.70,4057.30,4057.50,103
2026-07-24,19:50,4058.00,4058.30,4056.10,4058.00,193
2026-07-24,19:55,4057.60,4057.60,4055.00,4056.10,412
2026-07-24,20:00,4055.90,4057.80,4055.50,4056.70,339
2026-07-24,20:05,4056.70,4056.70,4055.20,4055.30,102
2026-07-24,20:10,4055.10,4055.80,4054.40,4054.90,135
2026-07-24,20:15,4054.80,4055.80,4054.10,4054.90,113
2026-07-24,20:20,4054.80,4055.80,4054.20,4055.70,128
2026-07-24,20:25,4055.80,4057.10,4055.50,4055.90,144
2026-07-24,20:30,4056.10,4056.50,4053.90,4054.80,181
2026-07-24,20:35,4055.00,4057.00,4055.00,4056.70,88
2026-07-24,20:40,4056.50,4058.40,4056.30,4057.90,69
2026-07-24,20:45,4057.70,4058.60,4056.60,4056.90,144
2026-07-24,20:50,4057.00,4057.30,4055.50,4056.00,230
2026-07-24,20:55,4055.70,4070.80,4054.50,4070.80,294
2026-07-26,22:10,4091.50,4092.80,4089.30,4091.00,179
2026-07-26,22:15,4091.20,4091.20,4086.90,4091.20,337
2026-07-26,22:20,4090.70,4093.20,4090.30,4090.90,158
2026-07-26,22:25,4090.40,4090.70,4088.20,4089.90,213
2026-07-26,22:30,4089.40,4095.00,4088.80,4094.60,296
2026-07-26,22:35,4094.80,4095.90,4092.70,4093.40,314
2026-07-26,22:40,4093.20,4095.40,4092.70,4094.00,158
2026-07-26,22:45,4094.00,4096.50,4092.20,4093.00,307
2026-07-26,22:50,4092.70,4094.90,4092.70,4094.40,132
2026-07-26,22:55,4094.50,4094.60,4091.40,4092.20,254
2026-07-26,23:00,4092.90,4094.10,4089.40,4089.70,103
2026-07-26,23:05,4089.90,4091.00,4089.30,4089.60,45
2026-07-26,23:10,4090.00,4090.20,4086.80,4087.50,273
2026-07-26,23:15,4087.70,4088.60,4086.80,4087.10,51
2026-07-26,23:20,4087.50,4089.00,4085.80,4086.40,124
2026-07-26,23:25,4087.00,4088.10,4086.10,4086.70,70
2026-07-26,23:30,4087.30,4089.30,4087.30,4088.80,70
2026-07-26,23:35,4088.70,4090.20,4088.70,4088.80,38
2026-07-26,23:40,4088.90,4091.80,4088.90,4091.80,57
2026-07-26,23:45,4090.70,4097.30,4090.70,4097.00,226
2026-07-26,23:50,4097.10,4098.70,4095.40,4095.90,282
2026-07-26,23:55,4096.10,4099.00,4095.40,4096.90,212
2026-07-27,00:00,4097.20,4107.50,4096.60,4104.50,861
2026-07-27,00:05,4105.00,4110.90,4101.80,4110.70,589
2026-07-27,00:10,4110.90,4119.30,4109.40,4118.50,1311
2026-07-27,00:15,4118.30,4118.40,4109.40,4109.90,397
2026-07-27,00:20,4109.90,4110.00,4104.50,4105.40,531
2026-07-27,00:25,4105.60,4105.80,4093.20,4097.50,1207
2026-07-27,00:30,4097.30,4102.40,4096.40,4102.20,548
2026-07-27,00:35,4102.50,4104.90,4101.70,4101.70,339
2026-07-27,00:40,4102.00,4104.70,4100.70,4102.80,113
2026-07-27,00:45,4102.30,4108.80,4102.20,4107.00,358
2026-07-27,00:50,4106.90,4111.60,4106.90,4107.80,265
2026-07-27,00:55,4108.50,4108.50,4101.30,4102.60,351
2026-07-27,01:00,4103.10,4114.30,4103.10,4109.20,712
2026-07-27,01:05,4110.00,4114.80,4107.90,4108.30,517
2026-07-27,01:10,4109.00,4112.00,4108.20,4109.30,254
2026-07-27,01:15,4109.70,4111.30,4104.20,4104.40,494
2026-07-27,01:20,4104.60,4105.10,4102.00,4103.80,400
2026-07-27,01:25,4102.70,4102.70,4098.90,4101.80,262
2026-07-27,01:30,4102.50,4105.90,4101.50,4102.40,228
2026-07-27,01:35,4102.10,4106.20,4099.80,4105.70,288
2026-07-27,01:40,4105.60,4106.30,4104.00,4104.70,121
2026-07-27,01:45,4104.90,4109.20,4104.90,4108.00,179
2026-07-27,01:50,4108.00,4110.40,4104.60,4110.00,196
2026-07-27,01:55,4110.40,4112.00,4107.90,4112.00,207
2026-07-27,02:00,4112.20,4112.90,4107.20,4107.30,232
2026-07-27,02:05,4107.00,4109.40,4106.00,4106.20,234
2026-07-27,02:10,4106.30,4107.90,4105.50,4107.60,209
2026-07-27,02:15,4107.80,4107.80,4105.30,4106.20,145
2026-07-27,02:20,4106.20,4106.40,4103.70,4105.90,92
2026-07-27,02:25,4106.20,4107.60,4104.80,4105.20,139
2026-07-27,02:30,4104.60,4105.00,4101.30,4102.00,191
2026-07-27,02:35,4101.90,4103.00,4099.70,4100.40,202
2026-07-27,02:40,4099.80,4100.70,4097.50,4098.50,134
2026-07-27,02:45,4098.80,4099.50,4096.80,4097.20,140
2026-07-27,02:50,4096.90,4098.70,4096.00,4098.20,222
2026-07-27,02:55,4098.10,4098.10,4095.60,4095.70,156
2026-07-27,03:00,4095.50,4097.80,4092.40,4094.10,307
2026-07-27,03:05,4094.10,4095.30,4092.80,4093.20,152
2026-07-27,03:10,4093.20,4094.10,4091.00,4093.90,345
2026-07-27,03:15,4093.90,4095.40,4093.00,4094.30,212
2026-07-27,03:20,4094.10,4094.20,4091.00,4091.60,158
2026-07-27,03:25,4092.00,4092.00,4087.30,4087.30,239
2026-07-27,03:30,4087.40,4092.20,4087.00,4092.00,328
2026-07-27,03:35,4092.40,4092.60,4090.00,4091.40,163
2026-07-27,03:40,4091.10,4093.00,4091.10,4091.60,169
2026-07-27,03:45,4091.40,4091.80,4090.50,4091.40,62
2026-07-27,03:50,4091.40,4092.70,4090.90,4091.00,54
2026-07-27,03:55,4091.50,4093.20,4091.20,4092.50,89
2026-07-27,04:00,4093.00,4095.00,4092.50,4093.00,197
2026-07-27,04:05,4093.60,4093.80,4091.50,4091.70,140
2026-07-27,04:10,4091.60,4092.40,4090.70,4092.00,70
2026-07-27,04:15,4092.10,4092.40,4088.90,4090.00,138
2026-07-27,04:20,4089.80,4091.90,4089.60,4090.10,69
2026-07-27,04:25,4090.60,4091.20,4089.40,4091.20,76
2026-07-27,04:30,4091.00,4092.70,4091.00,4092.40,42
2026-07-27,04:35,4092.60,4094.30,4092.40,4093.10,70
2026-07-27,04:40,4093.20,4094.00,4091.90,4091.90,116
2026-07-27,04:45,4092.20,4093.00,4091.70,4091.90,40
2026-07-27,04:50,4091.60,4092.60,4091.20,4092.50,56
2026-07-27,04:55,4092.30,4092.80,4091.50,4091.70,48
2026-07-27,05:00,4092.50,4094.60,4090.60,4092.90,79
2026-07-27,05:05,4092.70,4096.40,4091.80,4095.30,129
2026-07-27,05:10,4095.20,4097.00,4094.50,4096.70,91
2026-07-27,05:15,4096.40,4096.40,4093.80,4094.10,91
2026-07-27,05:20,4093.90,4093.90,4090.30,4090.30,123
2026-07-27,05:25,4090.10,4090.20,4088.20,4089.00,186
2026-07-27,05:30,4088.80,4092.20,4087.80,4089.30,270
2026-07-27,05:35,4089.20,4092.30,4087.60,4090.20,245
2026-07-27,05:40,4089.90,4091.30,4089.00,4089.50,81
2026-07-27,05:45,4090.30,4090.30,4086.50,4087.90,169
2026-07-27,05:50,4088.20,4091.00,4086.90,4090.90,102
2026-07-27,05:55,4090.70,4095.70,4089.60,4095.30,235
2026-07-27,06:00,4094.90,4096.70,4093.90,4095.40,174
2026-07-27,06:05,4095.10,4096.70,4093.60,4095.70,223
2026-07-27,06:10,4096.70,4098.40,4095.20,4096.60,323
2026-07-27,06:15,4096.30,4097.30,4094.30,4095.10,316
2026-07-27,06:20,4094.80,4096.20,4093.30,4095.90,322
2026-07-27,06:25,4096.10,4098.60,4096.00,4097.70,144
2026-07-27,06:30,4098.10,4098.60,4096.50,4097.80,139
2026-07-27,06:35,4097.60,4100.30,4097.40,4100.20,198
2026-07-27,06:40,4100.20,4101.40,4098.40,4100.50,146
2026-07-27,06:45,4101.00,4101.40,4099.40,4100.20,135
2026-07-27,06:50,4099.60,4099.60,4096.90,4098.70,493
2026-07-27,06:55,4098.30,4099.40,4097.80,4098.40,165
2026-07-27,07:00,4098.20,4102.90,4098.00,4100.70,457
2026-07-27,07:05,4101.00,4102.40,4098.20,4099.80,331
2026-07-27,07:10,4100.40,4104.00,4098.90,4104.00,542
2026-07-27,07:15,4103.60,4106.10,4101.70,4106.00,586
2026-07-27,07:20,4106.00,4107.80,4104.90,4106.60,274
2026-07-27,07:25,4106.60,4108.30,4105.00,4105.40,251
2026-07-27,07:30,4105.40,4105.80,4103.60,4105.10,186
2026-07-27,07:35,4105.00,4105.80,4100.60,4101.20,248
2026-07-27,07:40,4101.10,4101.50,4097.80,4099.10,265
2026-07-27,07:45,4099.40,4100.80,4098.30,4099.40,213
2026-07-27,07:50,4099.10,4099.10,4095.20,4095.50,266
2026-07-27,07:55,4096.20,4096.50,4090.50,4090.70,798
2026-07-27,08:00,4090.90,4094.80,4089.70,4090.50,336
2026-07-27,08:05,4089.70,4094.50,4088.80,4092.00,312
2026-07-27,08:10,4092.00,4093.80,4091.80,4093.30,231
2026-07-27,08:15,4092.90,4094.00,4091.50,4093.50,1147
2026-07-27,08:20,4092.90,4093.20,4090.70,4092.90,325
2026-07-27,08:25,4092.70,4094.50,4092.70,4093.00,306
2026-07-27,08:30,4092.50,4092.90,4089.10,4089.10,218
2026-07-27,08:35,4089.20,4092.60,4089.00,4092.50,205
2026-07-27,08:40,4092.50,4094.70,4091.50,4092.80,205
2026-07-27,08:45,4093.30,4095.30,4092.60,4095.10,109
2026-07-27,08:50,4094.80,4097.00,4093.10,4096.60,99
2026-07-27,08:55,4096.40,4098.70,4095.80,4097.70,229
2026-07-27,09:00,4096.80,4098.30,4096.20,4098.00,317
2026-07-27,09:05,4098.30,4100.30,4096.90,4096.90,510
2026-07-27,09:10,4096.50,4097.80,4095.10,4095.90,293
2026-07-27,09:15,4096.20,4096.60,4094.80,4095.00,144
2026-07-27,09:20,4095.00,4097.20,4094.00,4095.60,191
2026-07-27,09:25,4095.90,4097.70,4092.80,4093.50,606
2026-07-27,09:30,4093.30,4095.50,4091.80,4093.90,1153
2026-07-27,09:35,4093.80,4095.90,4093.00,4094.00,380
2026-07-27,09:40,4094.20,4097.00,4093.20,4096.60,284
2026-07-27,09:45,4096.10,4100.10,4096.00,4099.40,505
2026-07-27,09:50,4099.50,4101.40,4098.50,4100.30,351
2026-07-27,09:55,4100.60,4102.70,4098.30,4098.90,902
2026-07-27,10:00,4098.80,4098.80,4096.70,4097.50,260
2026-07-27,10:05,4097.20,4097.20,4095.30,4096.00,390
2026-07-27,10:10,4095.60,4095.90,4088.40,4092.50,498
2026-07-27,10:15,4092.60,4094.00,4091.00,4093.10,112
2026-07-27,10:20,4093.10,4095.80,4092.90,4094.70,192
2026-07-27,10:25,4094.60,4096.20,4094.60,4095.10,76
2026-07-27,10:30,4095.60,4098.60,4095.00,4098.20,259
2026-07-27,10:35,4098.20,4101.50,4097.20,4100.40,499
2026-07-27,10:40,4100.60,4104.00,4100.00,4102.80,1142
2026-07-27,10:45,4102.90,4104.60,4102.20,4104.50,270
2026-07-27,10:50,4104.30,4104.30,4101.70,4103.70,280
2026-07-27,10:55,4103.90,4104.60,4100.90,4102.10,1050
2026-07-27,11:00,4102.20,4103.20,4099.20,4099.80,453
2026-07-27,11:05,4099.40,4105.60,4099.20,4105.00,419
2026-07-27,11:10,4105.10,4107.00,4103.80,4104.10,287
2026-07-27,11:15,4104.20,4105.30,4102.70,4102.90,255
2026-07-27,11:20,4102.20,4103.70,4101.60,4101.60,186
2026-07-27,11:25,4102.70,4103.50,4098.80,4098.80,221
2026-07-27,11:30,4098.90,4102.20,4098.30,4099.50,214
2026-07-27,11:35,4100.00,4101.20,4098.60,4098.90,165
2026-07-27,11:40,4098.80,4100.30,4096.60,4098.20,441
2026-07-27,11:45,4098.20,4099.30,4095.80,4097.60,611
2026-07-27,11:50,4097.50,4099.30,4096.10,4096.60,204
2026-07-27,11:55,4096.20,4097.20,4095.60,4095.90,456
2026-07-27,12:00,4096.10,4099.80,4096.10,4098.40,378
2026-07-27,12:05,4098.20,4098.20,4096.10,4096.40,241
2026-07-27,12:10,4096.20,4096.20,4088.10,4089.30,1321
2026-07-27,12:15,4089.30,4091.00,4083.90,4086.10,1594
2026-07-27,12:20,4085.90,4087.10,4083.10,4084.80,907
2026-07-27,12:25,4085.00,4090.60,4084.90,4088.10,496
2026-07-27,12:30,4088.90,4090.50,4085.00,4089.50,678
2026-07-27,12:35,4089.20,4089.70,4086.50,4089.00,388
2026-07-27,12:40,4088.80,4089.20,4085.90,4088.50,459
2026-07-27,12:45,4088.20,4091.10,4084.10,4084.50,2953
2026-07-27,12:50,4084.40,4087.80,4083.40,4084.70,875
2026-07-27,12:55,4084.50,4088.20,4082.40,4085.20,823
2026-07-27,13:00,4085.80,4090.80,4085.20,4086.00,3395
2026-07-27,13:05,4085.70,4087.90,4084.00,4085.70,690
2026-07-27,13:10,4085.20,4089.70,4082.70,4086.60,738
2026-07-27,13:15,4086.60,4089.20,4083.20,4085.60,897
2026-07-27,13:20,4085.80,4087.20,4083.20,4085.90,636
2026-07-27,13:25,4086.20,4086.80,4077.70,4077.80,1646
2026-07-27,13:30,4078.00,4084.00,4077.40,4081.30,1498
2026-07-27,13:35,4082.20,4089.70,4081.60,4087.30,1162
2026-07-27,13:40,4087.40,4091.40,4086.00,4088.90,2678
2026-07-27,13:45,4088.90,4091.80,4086.80,4090.10,622
2026-07-27,13:50,4089.40,4091.30,4085.80,4086.00,633
2026-07-27,13:55,4085.80,4085.80,4071.60,4075.80,2956
2026-07-27,14:00,4075.90,4081.00,4072.70,4077.20,2261
2026-07-27,14:05,4077.50,4080.00,4075.00,4079.10,2233
2026-07-27,14:10,4079.30,4079.60,4074.20,4078.80,1831
2026-07-27,14:15,4078.80,4080.60,4077.00,4078.20,1173
2026-07-27,14:20,4077.90,4078.50,4074.20,4075.60,583
2026-07-27,14:25,4075.50,4076.00,4068.60,4069.80,2294
2026-07-27,14:30,4070.40,4071.70,4068.20,4069.90,1475
2026-07-27,14:35,4069.70,4072.80,4067.90,4070.50,1497
2026-07-27,14:40,4069.90,4071.50,4067.10,4070.50,837
2026-07-27,14:45,4070.50,4075.20,4070.50,4073.30,755
2026-07-27,14:50,4073.60,4076.90,4072.30,4075.20,825
2026-07-27,14:55,4075.20,4079.60,4073.60,4078.40,622
2026-07-27,15:00,4078.30,4078.60,4074.70,4077.50,848
2026-07-27,15:05,4077.50,4077.50,4074.40,4074.40,3373
2026-07-27,15:10,4074.60,4078.60,4073.90,4078.30,1586
2026-07-27,15:15,4077.90,4081.10,4077.80,4080.10,642
2026-07-27,15:20,4080.10,4081.80,4077.00,4077.50,976
2026-07-27,15:25,4077.70,4079.20,4076.70,4078.90,159
2026-07-27,15:30,4078.60,4080.50,4075.10,4075.40,779
2026-07-27,15:35,4075.60,4077.20,4074.80,4075.80,548
2026-07-27,15:40,4076.00,4079.10,4075.60,4078.10,441
2026-07-27,15:45,4078.50,4079.00,4076.90,4078.50,950
2026-07-27,15:50,4078.60,4082.20,4078.30,4079.80,332
2026-07-27,15:55,4079.80,4081.50,4079.80,4080.60,460
2026-07-27,16:00,4080.80,4082.00,4079.90,4081.60,181
2026-07-27,16:05,4081.30,4087.00,4080.20,4086.60,844
2026-07-27,16:10,4086.40,4086.60,4082.70,4083.10,276
2026-07-27,16:15,4083.30,4083.80,4081.60,4082.60,309
2026-07-27,16:20,4082.40,4085.00,4082.40,4083.00,151
2026-07-27,16:25,4083.00,4090.90,4083.00,4087.10,2000
2026-07-27,16:30,4087.00,4095.10,4087.00,4093.50,1138
2026-07-27,16:35,4093.50,4095.70,4091.80,4092.50,464
2026-07-27,16:40,4092.50,4092.80,4088.90,4090.10,439
2026-07-27,16:45,4090.30,4090.40,4085.60,4085.80,351
2026-07-27,16:50,4085.80,4085.80,4082.50,4083.80,989
2026-07-27,16:55,4083.60,4084.30,4082.50,4084.10,171
2026-07-27,17:00,4084.00,4084.10,4076.90,4077.70,756
2026-07-27,17:05,4078.00,4078.70,4075.10,4076.80,1650
2026-07-27,17:10,4077.00,4077.60,4072.20,4075.30,1979
2026-07-27,17:15,4075.40,4077.40,4074.10,4075.80,1535
2026-07-27,17:20,4076.40,4078.10,4075.10,4075.90,303
2026-07-27,17:25,4076.10,4078.70,4075.40,4076.40,1923
2026-07-27,17:30,4076.50,4077.80,4075.30,4075.60,295
2026-07-27,17:35,4075.30,4076.40,4073.90,4075.30,224
2026-07-27,17:40,4074.80,4076.40,4074.70,4076.30,88
2026-07-27,17:45,4076.00,4077.30,4075.00,4077.00,418
2026-07-27,17:50,4076.70,4079.00,4076.60,4077.50,180
2026-07-27,17:55,4077.90,4078.70,4077.60,4078.20,135
2026-07-27,18:00,4078.20,4081.00,4077.80,4079.80,318
2026-07-27,18:05,4079.00,4080.80,4079.00,4080.20,110
2026-07-27,18:10,4080.30,4080.30,4077.90,4078.40,216
2026-07-27,18:15,4078.50,4078.60,4075.90,4076.70,222
2026-07-27,18:20,4076.50,4078.20,4075.90,4078.20,159
2026-07-27,18:25,4078.10,4078.80,4077.60,4078.60,422
2026-07-27,18:30,4078.40,4078.90,4076.40,4076.50,373
2026-07-27,18:35,4076.30,4076.90,4074.80,4075.10,179
2026-07-27,18:40,4075.10,4081.20,4074.50,4078.00,1249
2026-07-27,18:45,4077.60,4078.10,4076.70,4076.90,248
2026-07-27,18:50,4076.80,4080.30,4076.10,4079.50,239
2026-07-27,18:55,4079.60,4081.20,4079.10,4079.80,153
2026-07-27,19:00,4079.90,4080.80,4078.70,4078.90,145
2026-07-27,19:05,4079.10,4082.00,4078.00,4081.80,179
2026-07-27,19:10,4081.80,4083.70,4081.60,4082.40,568
2026-07-27,19:15,4082.40,4086.80,4081.20,4086.50,687
2026-07-27,19:20,4086.60,4090.90,4086.20,4087.00,691
2026-07-27,19:25,4087.50,4087.90,4085.50,4087.80,103
2026-07-27,19:30,4088.00,4088.80,4085.90,4087.40,166
2026-07-27,19:35,4087.60,4089.10,4087.50,4088.20,128
2026-07-27,19:40,4088.50,4089.50,4087.30,4089.20,376
2026-07-27,19:45,4089.30,4091.60,4088.30,4091.60,218
2026-07-27,19:50,4091.30,4091.80,4088.10,4089.50,387
2026-07-27,19:55,4089.30,4089.40,4084.50,4085.50,477
2026-07-27,20:00,4085.40,4086.40,4084.00,4084.20,647
2026-07-27,20:05,4084.20,4084.70,4083.60,4084.50,164
2026-07-27,20:10,4084.60,4085.10,4083.80,4084.40,97
2026-07-27,20:15,4084.20,4084.40,4082.80,4083.10,60
2026-07-27,20:20,4083.10,4083.20,4080.70,4082.20,136
2026-07-27,20:25,4082.40,4083.30,4079.80,4081.00,142
2026-07-27,20:30,4081.10,4081.60,4079.00,4079.30,175
2026-07-27,20:35,4079.40,4080.40,4077.60,4078.90,188
2026-07-27,20:40,4078.70,4079.70,4078.70,4079.00,55
2026-07-27,20:45,4079.10,4079.60,4078.00,4078.50,70
2026-07-27,20:50,4078.70,4079.40,4077.60,4079.00,285
2026-07-27,20:55,4078.80,4079.80,4078.20,4078.60,79
2026-07-27,22:00,4083.00,4085.70,4079.60,4082.30,0
2026-07-27,22:05,4082.60,4083.00,4080.30,4081.00,42
2026-07-27,22:10,4080.50,4080.50,4076.40,4079.10,178
2026-07-27,22:15,4078.90,4079.10,4077.20,4077.70,101
2026-07-27,22:20,4078.10,4078.20,4073.10,4074.00,263
2026-07-27,22:25,4074.00,4074.60,4072.30,4073.90,127
2026-07-27,22:30,4073.70,4075.60,4073.70,4075.60,35
2026-07-27,22:35,4076.10,4076.30,4075.10,4075.80,48
2026-07-27,22:40,4075.40,4076.40,4075.40,4076.30,58
2026-07-27,22:45,4076.30,4076.30,4074.90,4075.50,104
2026-07-27,22:50,4075.50,4076.10,4075.00,4075.90,49
2026-07-27,22:55,4075.30,4076.40,4075.10,4075.10,44
2026-07-27,23:00,4075.40,4075.40,4073.20,4074.20,81
2026-07-27,23:05,4074.30,4076.00,4074.30,4075.00,70
2026-07-27,23:10,4075.50,4076.10,4074.70,4075.50,62
2026-07-27,23:15,4075.30,4075.80,4074.30,4074.30,48
2026-07-27,23:20,4074.70,4075.20,4074.00,4074.30,35
2026-07-27,23:25,4074.60,4075.00,4073.10,4074.50,67
2026-07-27,23:30,4074.20,4074.90,4073.70,4074.70,36
2026-07-27,23:35,4074.60,4074.90,4073.50,4074.50,29
2026-07-27,23:40,4074.30,4074.30,4073.00,4073.20,38
2026-07-27,23:45,4073.50,4073.70,4071.00,4071.40,83
2026-07-27,23:50,4071.20,4074.10,4071.10,4073.20,40
2026-07-27,23:55,4072.80,4074.40,4072.70,4074.40,46
2026-07-28,00:00,4074.40,4075.50,4065.80,4066.90,360
2026-07-28,00:05,4067.10,4067.90,4063.00,4067.80,701
2026-07-28,00:10,4068.00,4068.50,4066.00,4067.60,101
2026-07-28,00:15,4068.10,4068.20,4063.20,4066.10,422
2026-07-28,00:20,4066.00,4067.10,4060.80,4061.20,494
2026-07-28,00:25,4061.80,4064.00,4059.60,4062.90,360
2026-07-28,00:30,4063.30,4065.30,4061.30,4064.60,392
2026-07-28,00:35,4065.10,4065.80,4064.10,4064.20,136
2026-07-28,00:40,4064.70,4066.90,4063.10,4066.00,69
2026-07-28,00:45,4065.80,4065.80,4059.70,4060.00,352
2026-07-28,00:50,4060.30,4060.70,4058.30,4060.20,173
2026-07-28,00:55,4060.00,4062.10,4058.10,4058.50,224
2026-07-28,01:00,4058.30,4061.20,4054.20,4060.00,1244
2026-07-28,01:05,4059.50,4060.00,4055.00,4057.00,313
2026-07-28,01:10,4056.80,4059.10,4055.60,4058.30,267
2026-07-28,01:15,4058.70,4059.60,4053.80,4054.00,397
2026-07-28,01:20,4054.50,4055.00,4049.40,4050.70,722
2026-07-28,01:25,4050.20,4050.70,4046.20,4048.20,694
2026-07-28,01:35,4047.10,4051.20,4046.70,4049.80,730
2026-07-28,01:40,4049.80,4050.30,4047.60,4049.70,130
2026-07-28,01:45,4049.40,4049.40,4046.00,4046.90,97
2026-07-28,01:50,4047.30,4047.80,4042.90,4045.50,262
2026-07-28,01:55,4045.60,4045.90,4044.30,4045.70,179
2026-07-28,02:00,4045.90,4046.50,4043.10,4044.20,223
2026-07-28,02:05,4044.40,4047.80,4042.80,4046.60,339
2026-07-28,02:10,4046.90,4048.10,4046.10,4046.90,195
2026-07-28,02:15,4046.80,4048.60,4045.70,4048.10,141
2026-07-28,02:20,4048.50,4049.70,4047.20,4047.90,220
2026-07-28,02:25,4047.40,4048.80,4045.80,4046.60,160
2026-07-28,02:30,4046.10,4048.20,4045.80,4047.00,106
2026-07-28,02:35,4046.60,4047.40,4045.10,4045.40,132
2026-07-28,02:40,4045.00,4046.10,4041.80,4044.80,486
2026-07-28,02:45,4044.60,4045.90,4043.00,4043.90,154
2026-07-28,02:50,4043.90,4045.80,4043.30,4044.20,206
2026-07-28,02:55,4044.30,4044.30,4041.10,4042.30,232
2026-07-28,03:00,4042.30,4044.30,4040.70,4044.30,175
2026-07-28,03:05,4043.40,4046.40,4043.40,4046.00,157
2026-07-28,03:10,4046.00,4047.90,4045.80,4046.50,250
2026-07-28,03:15,4046.40,4049.80,4045.70,4049.60,259
2026-07-28,03:20,4049.70,4049.80,4047.40,4048.90,173
2026-07-28,03:25,4049.10,4049.20,4046.70,4048.10,178
2026-07-28,03:30,4047.70,4051.50,4047.70,4050.40,265
2026-07-28,03:35,4050.20,4050.50,4048.70,4048.80,98
2026-07-28,03:40,4049.50,4049.80,4047.70,4048.30,138
2026-07-28,03:45,4049.10,4051.10,4048.40,4050.30,103
2026-07-28,03:50,4050.30,4050.90,4048.70,4050.10,74
2026-07-28,03:55,4049.80,4050.30,4048.20,4049.60,70
2026-07-28,04:00,4049.00,4049.70,4048.10,4048.40,118
2026-07-28,04:05,4047.80,4048.30,4045.60,4046.60,197
2026-07-28,04:10,4046.10,4047.00,4043.20,4044.30,249
2026-07-28,04:15,4043.80,4047.50,4043.50,4047.20,211
2026-07-28,04:20,4047.90,4048.00,4046.80,4046.80,96
2026-07-28,04:25,4046.60,4047.20,4045.60,4045.60,56
2026-07-28,04:30,4045.80,4046.80,4044.00,4046.50,158
2026-07-28,04:35,4046.90,4047.10,4045.90,4046.00,63
2026-07-28,04:40,4045.90,4047.80,4045.40,4047.60,50
2026-07-28,04:45,4047.90,4048.00,4043.10,4043.50,208
2026-07-28,04:50,4043.30,4044.60,4043.20,4043.80,110
2026-07-28,04:55,4043.90,4044.40,4041.20,4042.10,173
2026-07-28,05:00,4041.90,4042.60,4039.60,4041.20,208
2026-07-28,05:05,4041.00,4042.70,4040.50,4041.30,341
2026-07-28,05:10,4041.30,4043.80,4041.30,4042.70,174
2026-07-28,05:15,4042.50,4043.40,4042.00,4042.60,97
2026-07-28,05:20,4042.70,4043.80,4041.70,4042.90,154
2026-07-28,05:25,4042.60,4043.40,4040.70,4043.30,117
2026-07-28,05:30,4042.70,4045.50,4037.10,4037.60,679
2026-07-28,05:35,4037.40,4038.00,4034.60,4037.60,360
2026-07-28,05:40,4037.60,4042.20,4036.80,4041.90,236
2026-07-28,05:45,4041.90,4044.10,4039.40,4042.00,196
2026-07-28,05:50,4042.00,4044.30,4041.60,4044.30,105
2026-07-28,05:55,4044.50,4046.90,4043.80,4045.20,164
2026-07-28,06:00,4045.50,4048.00,4045.30,4047.00,167
2026-07-28,06:05,4046.20,4047.00,4044.40,4044.70,178
2026-07-28,06:10,4045.00,4046.20,4042.90,4044.70,155
2026-07-28,06:15,4044.50,4047.60,4044.30,4045.50,146
2026-07-28,06:20,4046.80,4047.60,4044.40,4045.60,185
2026-07-28,06:25,4045.70,4050.00,4045.40,4048.10,214
2026-07-28,06:30,4047.80,4050.10,4047.10,4049.70,257
2026-07-28,06:35,4049.50,4050.50,4048.50,4050.50,684
2026-07-28,06:40,4050.60,4052.80,4050.00,4050.20,793
2026-07-28,06:45,4050.00,4050.50,4048.30,4050.40,596
2026-07-28,06:50,4050.20,4051.40,4049.70,4051.20,140
2026-07-28,06:55,4051.40,4052.00,4048.40,4048.70,523
2026-07-28,07:00,4048.30,4050.50,4047.70,4048.80,505
2026-07-28,07:05,4048.90,4050.70,4047.80,4050.30,244
2026-07-28,07:10,4050.50,4051.40,4049.10,4049.40,311
2026-07-28,07:15,4049.10,4052.30,4048.80,4051.50,2639
2026-07-28,07:20,4051.10,4052.90,4049.80,4050.90,438
2026-07-28,07:25,4051.10,4052.50,4049.60,4050.40,2968
2026-07-28,07:30,4050.60,4050.90,4049.00,4049.00,2913
2026-07-28,07:35,4049.20,4051.00,4048.50,4050.80,308
2026-07-28,07:40,4050.80,4051.30,4048.90,4049.70,334
2026-07-28,07:45,4050.00,4050.00,4046.80,4047.80,410
2026-07-28,07:50,4048.00,4050.00,4047.60,4049.20,263
2026-07-28,07:55,4049.30,4049.30,4045.80,4047.30,384
2026-07-28,08:00,4047.30,4052.90,4046.40,4051.30,351
2026-07-28,08:05,4051.30,4055.60,4048.40,4048.80,479
2026-07-28,08:10,4048.90,4048.90,4043.10,4044.50,406
2026-07-28,08:15,4044.60,4050.40,4044.60,4048.60,379
2026-07-28,08:20,4048.40,4051.50,4047.70,4051.50,271
2026-07-28,08:25,4050.70,4050.80,4048.90,4049.90,105
2026-07-28,08:30,4050.10,4050.10,4044.80,4045.90,411
2026-07-28,08:35,4046.00,4046.70,4042.30,4042.70,215
2026-07-28,08:40,4042.70,4045.40,4042.20,4043.60,425
2026-07-28,08:45,4043.60,4046.30,4043.40,4046.00,239
2026-07-28,08:50,4045.90,4046.10,4041.90,4042.60,248
2026-07-28,08:55,4042.30,4045.70,4042.30,4045.70,460
2026-07-28,09:00,4045.50,4046.10,4043.20,4043.40,269
2026-07-28,09:05,4042.80,4043.40,4041.30,4042.80,444
2026-07-28,09:10,4042.40,4043.30,4040.90,4040.90,155
2026-07-28,09:15,4041.30,4044.00,4041.30,4043.70,238
2026-07-28,09:20,4043.70,4044.30,4042.40,4042.50,142
2026-07-28,09:25,4042.50,4042.80,4039.20,4040.10,431
2026-07-28,09:30,4040.00,4040.40,4036.00,4038.00,1653
2026-07-28,09:35,4038.00,4038.30,4029.30,4032.00,1547
2026-07-28,09:40,4032.30,4034.00,4031.80,4033.10,360
2026-07-28,09:45,4033.00,4034.20,4029.60,4031.20,1691
2026-07-28,09:50,4031.10,4031.90,4028.40,4030.00,491
2026-07-28,09:55,4029.80,4030.10,4018.10,4023.30,2193
2026-07-28,10:00,4023.10,4025.40,4021.40,4024.60,1308
2026-07-28,10:05,4024.80,4027.20,4021.60,4021.90,1113
2026-07-28,10:10,4022.00,4024.20,4020.20,4024.20,2408
2026-07-28,10:15,4023.70,4025.70,4021.60,4021.70,362
2026-07-28,10:20,4021.80,4022.40,4016.90,4018.70,607
2026-07-28,10:25,4019.30,4020.00,4016.50,4016.80,650
2026-07-28,10:30,4016.80,4023.20,4016.60,4022.30,668
2026-07-28,10:35,4021.90,4022.80,4019.10,4021.60,2408
2026-07-28,10:40,4021.40,4022.10,4019.80,4022.00,149
2026-07-28,10:45,4022.00,4025.70,4021.50,4023.30,789
2026-07-28,10:50,4023.50,4027.90,4023.20,4027.60,692
2026-07-28,10:55,4027.50,4028.20,4025.50,4025.60,265
2026-07-28,11:00,4026.00,4028.50,4024.40,4026.10,326
2026-07-28,11:05,4025.70,4028.00,4024.60,4027.00,263
2026-07-28,11:10,4026.80,4027.30,4022.50,4023.50,366
2026-07-28,11:15,4023.60,4031.90,4023.60,4030.10,435
2026-07-28,11:20,4030.10,4030.40,4028.20,4028.20,474
2026-07-28,11:25,4028.10,4028.90,4026.00,4027.20,627
2026-07-28,11:30,4026.80,4028.40,4025.80,4026.70,496
2026-07-28,11:35,4027.00,4031.10,4027.00,4029.30,289
2026-07-28,11:40,4028.90,4029.10,4026.10,4026.60,700
2026-07-28,11:45,4026.80,4027.40,4025.00,4026.50,350
2026-07-28,11:50,4025.80,4026.20,4023.20,4024.00,293
2026-07-28,11:55,4023.80,4028.00,4023.80,4027.80,562
2026-07-28,12:00,4027.30,4028.00,4023.20,4025.70,560
2026-07-28,12:05,4025.80,4028.20,4024.80,4025.60,724
2026-07-28,12:10,4025.50,4027.50,4022.20,4027.20,1548
2026-07-28,12:15,4027.50,4030.70,4025.60,4030.20,270
2026-07-28,12:20,4030.00,4033.90,4029.30,4033.80,777
2026-07-28,12:25,4033.60,4034.60,4030.70,4034.10,1333
2026-07-28,12:30,4034.10,4034.60,4024.80,4028.00,823
2026-07-28,12:35,4027.90,4030.00,4026.00,4028.20,1694
2026-07-28,12:40,4027.70,4034.60,4027.70,4033.30,1554
2026-07-28,12:45,4033.30,4037.90,4032.90,4034.40,636
2026-07-28,12:50,4034.20,4034.60,4031.10,4032.20,404
2026-07-28,12:55,4032.10,4032.60,4027.80,4029.40,1450
2026-07-28,13:00,4029.40,4034.30,4029.00,4033.00,914
2026-07-28,13:05,4032.10,4035.60,4030.60,4032.70,1695
2026-07-28,13:10,4033.00,4033.90,4032.10,4032.70,210
2026-07-28,13:15,4032.60,4032.90,4029.70,4030.20,375
2026-07-28,13:20,4030.80,4036.00,4030.80,4034.30,540
2026-07-28,13:25,4034.20,4036.10,4028.50,4028.70,497
2026-07-28,13:30,4028.70,4032.80,4026.90,4031.00,1841
2026-07-28,13:35,4031.40,4032.60,4021.30,4021.40,2353
2026-07-28,13:40,4021.80,4024.90,4019.30,4024.90,3394
2026-07-28,13:45,4024.70,4026.60,4021.70,4024.60,1373
2026-07-28,13:50,4025.00,4028.50,4024.20,4027.10,1217
2026-07-28,13:55,4026.90,4027.00,4021.30,4021.40,1456
2026-07-28,14:00,4021.90,4027.00,4021.40,4026.40,1826
2026-07-28,14:05,4025.70,4031.40,4025.70,4030.10,1107
2026-07-28,14:10,4029.70,4034.10,4025.30,4025.60,3022
2026-07-28,14:15,4026.20,4027.00,4020.00,4020.00,890
2026-07-28,14:20,4020.30,4020.70,4011.10,4016.60,3648
2026-07-28,14:25,4017.00,4023.00,4016.20,4022.00,616
2026-07-28,14:30,4021.90,4025.30,4019.90,4020.20,1130
2026-07-28,14:35,4019.90,4023.60,4019.20,4020.60,1011
2026-07-28,14:40,4019.90,4023.90,4018.50,4022.60,574
2026-07-28,14:45,4022.60,4028.60,4021.00,4028.10,1126
2026-07-28,14:50,4027.80,4029.40,4025.70,4027.50,823
2026-07-28,14:55,4027.00,4028.00,4023.80,4023.80,501
2026-07-28,15:00,4024.60,4029.90,4023.80,4024.60,684
2026-07-28,15:05,4024.40,4027.70,4021.90,4027.50,957
2026-07-28,15:10,4027.70,4036.20,4027.60,4033.70,2976
2026-07-28,15:15,4033.90,4036.40,4031.70,4035.60,1240
2026-07-28,15:20,4035.90,4041.30,4035.20,4035.90,1469
2026-07-28,15:25,4036.30,4040.40,4034.90,4035.60,946
2026-07-28,15:30,4035.70,4036.60,4032.30,4033.60,1077
2026-07-28,15:35,4033.80,4038.70,4033.00,4037.40,832
2026-07-28,15:40,4037.50,4042.60,4037.10,4041.70,2213
2026-07-28,15:45,4041.90,4045.80,4041.50,4043.60,1656
2026-07-28,15:50,4043.70,4047.40,4041.80,4046.20,836
2026-07-28,15:55,4046.30,4047.30,4044.90,4046.50,631
2026-07-28,16:00,4046.70,4046.80,4042.60,4042.60,677
2026-07-28,16:05,4042.90,4045.20,4042.70,4043.60,427
2026-07-28,16:10,4043.70,4046.20,4042.50,4044.80,403
2026-07-28,16:15,4045.20,4045.80,4043.80,4045.50,294
2026-07-28,16:20,4045.50,4046.10,4043.30,4043.90,1751
2026-07-28,16:25,4044.30,4045.10,4042.10,4042.30,2057
2026-07-28,16:30,4042.50,4044.10,4041.30,4043.00,630
2026-07-28,16:35,4043.10,4044.00,4041.60,4042.10,1234
2026-07-28,16:40,4042.30,4043.50,4040.40,4041.00,1274
2026-07-28,16:45,4040.70,4041.70,4037.70,4038.10,2375
2026-07-28,16:50,4038.10,4038.70,4036.90,4038.60,940
2026-07-28,16:55,4038.50,4038.50,4036.60,4037.60,321
2026-07-28,17:00,4037.90,4040.40,4037.60,4040.00,502
2026-07-28,17:05,4040.20,4041.50,4038.40,4038.70,842
2026-07-28,17:10,4038.50,4039.00,4035.60,4037.40,1157
2026-07-28,17:15,4037.30,4037.30,4035.60,4035.60,600
2026-07-28,17:20,4035.70,4041.90,4035.30,4036.90,1040
2026-07-28,17:25,4036.60,4040.00,4036.20,4037.90,8317
2026-07-28,17:30,4038.10,4038.10,4034.40,4035.20,1458
2026-07-28,17:35,4035.20,4035.30,4031.10,4031.30,826
2026-07-28,17:40,4031.10,4031.60,4027.50,4028.40,1543
2026-07-28,17:45,4028.70,4029.80,4025.30,4029.80,433
2026-07-28,17:50,4029.10,4029.30,4026.00,4026.60,430
2026-07-28,17:55,4026.80,4028.30,4025.90,4028.00,910
2026-07-28,18:00,4028.10,4029.80,4027.40,4029.80,163
2026-07-28,18:05,4029.40,4030.50,4029.10,4029.90,551
2026-07-28,18:10,4029.90,4029.90,4027.80,4028.40,139
2026-07-28,18:15,4028.30,4030.10,4028.20,4029.00,169
2026-07-28,18:20,4028.70,4029.00,4026.60,4026.90,185
2026-07-28,18:25,4026.90,4027.80,4026.00,4027.20,520
2026-07-28,18:30,4027.40,4027.70,4023.90,4024.50,286
2026-07-28,18:35,4024.50,4024.80,4023.10,4023.70,275
2026-07-28,18:40,4023.90,4024.80,4023.00,4023.60,203
2026-07-28,18:45,4023.10,4025.90,4023.10,4023.80,146
2026-07-28,18:50,4023.90,4024.30,4022.00,4022.70,225
2026-07-28,18:55,4022.60,4023.30,4021.40,4023.10,172
2026-07-28,19:00,4022.80,4024.70,4022.30,4024.20,452
2026-07-28,19:05,4024.30,4025.60,4023.60,4024.40,261
2026-07-28,19:10,4024.20,4024.60,4023.50,4023.70,285
2026-07-28,19:15,4023.60,4024.70,4023.40,4023.40,258
2026-07-28,19:20,4023.50,4023.90,4022.00,4022.80,207
2026-07-28,19:25,4022.40,4023.30,4021.50,4022.60,943
2026-07-28,19:30,4023.10,4027.60,4022.30,4027.40,511
2026-07-28,19:35,4027.40,4027.40,4023.90,4024.40,162
2026-07-28,19:40,4024.60,4025.60,4024.30,4025.60,52
2026-07-28,19:50,4038.70,4038.70,4025.60,4027.00,757
2026-07-28,19:55,4026.70,4027.50,4025.50,4025.90,786
2026-07-28,20:00,4025.80,4025.80,4022.60,4023.00,386
2026-07-28,20:05,4023.00,4023.80,4022.20,4022.80,97
2026-07-28,20:10,4022.60,4024.50,4022.60,4023.40,230
2026-07-28,20:15,4023.40,4026.40,4023.40,4026.30,315
2026-07-28,20:20,4026.30,4026.30,4025.40,4025.70,75
2026-07-28,20:25,4025.90,4027.50,4025.50,4027.10,175
2026-07-28,20:30,4027.10,4028.30,4027.10,4028.00,93
2026-07-28,20:35,4028.10,4029.70,4027.00,4027.60,177
2026-07-28,20:40,4028.00,4030.10,4028.00,4030.00,102
2026-07-28,20:45,4029.90,4030.60,4027.70,4027.70,133
2026-07-28,20:50,4027.00,4028.50,4026.50,4028.50,231
2026-07-28,20:55,4028.00,4029.00,4027.90,4028.80,78
2026-07-28,22:00,4020.90,4034.00,4020.90,4025.80,0
2026-07-28,22:05,4026.80,4026.80,4025.50,4026.70,25
2026-07-28,22:10,4026.80,4026.90,4024.20,4024.20,97
2026-07-28,22:15,4024.20,4024.40,4021.80,4022.00,71
2026-07-28,22:20,4022.40,4022.50,4016.10,4016.80,203
2026-07-28,22:25,4017.10,4020.40,4016.80,4020.40,103
2026-07-28,22:30,4020.10,4020.50,4013.20,4016.60,186
2026-07-28,22:35,4016.60,4016.60,4013.50,4013.90,104
2026-07-28,22:40,4015.50,4018.20,4015.50,4017.70,132
2026-07-28,22:45,4017.30,4017.30,4014.30,4015.90,58
2026-07-28,22:50,4015.80,4018.10,4015.80,4017.40,43
2026-07-28,22:55,4017.30,4019.20,4017.00,4017.90,40
2026-07-28,23:00,4017.40,4017.90,4015.50,4015.90,58
2026-07-28,23:05,4016.50,4018.70,4016.00,4017.70,54
2026-07-28,23:10,4017.40,4022.40,4017.40,4022.10,58
2026-07-28,23:15,4021.50,4021.50,4015.00,4015.00,66
2026-07-28,23:20,4016.40,4018.80,4015.90,4017.10,28
2026-07-28,23:25,4018.30,4018.80,4015.00,4017.40,84
2026-07-28,23:30,4018.70,4018.70,4017.10,4018.00,22
2026-07-28,23:35,4018.60,4019.70,4018.60,4018.80,161
2026-07-28,23:40,4019.00,4022.60,4017.60,4022.40,68
2026-07-28,23:45,4021.80,4021.80,4019.10,4021.70,61
2026-07-28,23:50,4022.00,4023.40,4021.10,4023.00,53
2026-07-28,23:55,4022.50,4026.00,4022.50,4024.30,62
2026-07-29,00:00,4025.00,4025.50,4017.10,4022.10,186
2026-07-29,00:05,4021.40,4024.00,4018.00,4018.00,47
2026-07-29,00:10,4018.30,4022.00,4018.30,4019.80,41
2026-07-29,00:15,4022.70,4026.20,4021.70,4025.80,60
2026-07-29,00:20,4024.80,4030.70,4023.90,4023.90,228
2026-07-29,00:25,4024.20,4026.50,4021.50,4022.40,44
2026-07-29,00:30,4022.90,4024.70,4021.00,4023.80,39
2026-07-29,00:35,4023.50,4027.70,4023.30,4025.60,83
2026-07-29,00:40,4024.90,4026.10,4024.10,4026.10,22
2026-07-29,00:45,4025.30,4025.70,4020.80,4020.80,44
2026-07-29,00:50,4020.90,4022.80,4020.90,4022.10,40
2026-07-29,00:55,4020.20,4021.90,4020.00,4021.30,51
2026-07-29,01:00,4021.00,4021.00,4009.30,4011.20,359
2026-07-29,01:05,4010.30,4014.70,4010.00,4014.40,109
2026-07-29,01:10,4015.00,4016.80,4011.00,4012.20,124
2026-07-29,01:15,4011.70,4015.70,4011.20,4015.70,64
2026-07-29,01:20,4015.80,4016.50,4013.10,4013.20,74
2026-07-29,01:25,4014.40,4019.00,4014.40,4017.70,71
2026-07-29,01:30,4016.00,4023.40,4014.40,4023.40,76
2026-07-29,01:35,4023.60,4030.00,4021.80,4028.60,180
2026-07-29,01:40,4028.40,4029.30,4025.00,4025.70,54
2026-07-29,01:45,4026.90,4027.10,4023.40,4023.90,50
2026-07-29,01:50,4023.30,4024.40,4021.00,4022.10,59
2026-07-29,01:55,4022.50,4025.00,4022.50,4025.00,45
2026-07-29,02:00,4025.00,4028.20,4024.60,4027.60,54
2026-07-29,02:05,4026.90,4026.90,4022.30,4023.90,50
2026-07-29,02:10,4025.10,4027.20,4024.70,4026.90,27
2026-07-29,02:15,4027.10,4029.00,4025.00,4025.40,89
2026-07-29,02:20,4026.30,4034.30,4026.10,4033.30,182
2026-07-29,02:25,4032.00,4033.60,4030.10,4032.00,56
2026-07-29,02:30,4032.30,4035.20,4030.00,4030.10,91
2026-07-29,02:35,4030.70,4034.00,4030.60,4034.00,44
2026-07-29,02:40,4034.20,4036.80,4033.40,4034.30,32
2026-07-29,02:45,4033.50,4034.20,4031.00,4031.60,57
2026-07-29,02:50,4031.60,4031.60,4028.50,4029.50,20
2026-07-29,02:55,4029.70,4030.90,4028.30,4028.30,89
2026-07-29,03:00,4028.20,4029.50,4027.30,4027.40,36
2026-07-29,03:05,4027.40,4031.40,4027.40,4028.60,32
2026-07-29,03:10,4029.30,4029.30,4026.20,4026.90,33
2026-07-29,03:15,4026.70,4027.50,4026.00,4026.80,35
2026-07-29,03:20,4026.80,4026.90,4024.80,4025.40,30
2026-07-29,03:25,4024.80,4026.80,4024.70,4025.10,36
2026-07-29,03:30,4024.90,4025.10,4022.90,4025.00,49
2026-07-29,03:35,4025.00,4027.80,4025.00,4025.40,77
2026-07-29,03:40,4025.00,4025.00,4023.40,4024.30,54
2026-07-29,03:45,4024.40,4025.40,4023.90,4025.00,65
2026-07-29,03:50,4024.00,4024.70,4022.50,4022.50,68
2026-07-29,03:55,4022.40,4022.80,4021.50,4021.50,24
2026-07-29,04:00,4022.00,4023.10,4019.80,4020.40,101
2026-07-29,04:05,4020.40,4021.20,4019.80,4020.80,27
2026-07-29,04:10,4021.30,4021.40,4020.00,4020.00,56
2026-07-29,04:15,4019.50,4020.50,4019.30,4019.30,26
2026-07-29,04:20,4021.00,4022.60,4021.00,4022.20,47
2026-07-29,04:25,4022.90,4023.70,4021.20,4021.30,53
2026-07-29,04:30,4021.70,4025.30,4021.70,4025.00,52
2026-07-29,04:35,4023.40,4024.30,4023.20,4023.60,38
2026-07-29,04:40,4023.70,4025.50,4023.70,4025.20,57
2026-07-29,04:45,4026.00,4026.00,4021.90,4022.30,64
2026-07-29,04:50,4022.20,4024.60,4022.20,4024.50,100
2026-07-29,04:55,4025.40,4026.00,4024.30,4025.40,69
2026-07-29,05:00,4025.90,4027.50,4025.40,4026.90,53
2026-07-29,05:05,4026.80,4026.80,4025.40,4025.90,69
2026-07-29,05:10,4025.30,4029.90,4025.30,4028.30,110
2026-07-29,05:15,4027.90,4027.90,4025.90,4025.90,64
2026-07-29,05:20,4026.10,4029.20,4026.00,4029.00,76
2026-07-29,05:25,4029.00,4029.20,4027.70,4028.60,64
2026-07-29,05:30,4028.80,4032.40,4028.30,4029.30,96
2026-07-29,05:35,4030.60,4031.50,4028.80,4030.20,109
2026-07-29,05:40,4029.60,4037.90,4029.60,4037.70,134
2026-07-29,05:45,4037.80,4038.20,4031.70,4032.10,236
2026-07-29,05:50,4032.20,4034.10,4031.70,4033.00,80
2026-07-29,05:55,4032.40,4032.90,4030.00,4031.30,142
2026-07-29,06:00,4032.20,4035.60,4032.20,4035.60,91
2026-07-29,06:05,4035.50,4035.50,4033.30,4033.50,159
2026-07-29,06:10,4033.50,4036.50,4033.50,4036.50,49
2026-07-29,06:15,4036.50,4038.00,4036.10,4036.40,70
2026-07-29,06:20,4036.20,4040.80,4034.10,4040.20,122
2026-07-29,06:25,4038.90,4039.50,4038.90,4039.00,63
2026-07-29,06:30,4039.20,4042.00,4039.20,4042.00,199
2026-07-29,06:35,4041.80,4043.20,4040.50,4041.80,613
2026-07-29,06:40,4041.80,4042.20,4039.90,4041.40,196
2026-07-29,06:45,4040.70,4040.80,4038.40,4038.50,35
2026-07-29,06:50,4038.80,4040.60,4038.80,4039.70,388
2026-07-29,06:55,4039.70,4040.80,4038.90,4039.80,522
2026-07-29,07:00,4039.90,4043.00,4039.90,4041.60,293
2026-07-29,07:05,4041.00,4043.50,4040.80,4043.40,257
2026-07-29,07:10,4043.70,4045.30,4043.30,4044.40,190
2026-07-29,07:15,4043.40,4044.50,4043.10,4044.20,81
2026-07-29,07:20,4044.30,4046.70,4044.10,4045.80,218
2026-07-29,07:25,4045.50,4046.10,4043.50,4045.10,79
2026-07-29,07:30,4045.10,4105.80,4044.60,4104.80,9993
2026-07-29,07:35,4104.60,4106.70,4104.60,4104.90,404
2026-07-29,07:40,4105.10,4106.60,4104.70,4105.20,255
2026-07-29,07:45,4105.10,4106.10,4103.20,4103.70,290
2026-07-29,07:50,4103.50,4103.70,4101.50,4102.30,377
2026-07-29,07:55,4102.70,4103.30,4101.70,4102.60,170
2026-07-29,08:00,4103.00,4103.50,4101.40,4102.70,164
2026-07-29,08:05,4102.50,4102.70,4099.60,4100.20,972
2026-07-29,08:10,4100.20,4101.30,4098.10,4098.10,345
2026-07-29,08:20,4099.50,4099.50,4096.30,4096.60,738
2026-07-29,08:25,4096.40,4097.10,4094.60,4096.30,213
2026-07-29,08:30,4096.30,4096.70,4094.70,4094.90,423
2026-07-29,08:35,4095.00,4097.70,4094.70,4096.80,312
2026-07-29,08:40,4096.60,4097.80,4096.50,4097.10,87
2026-07-29,08:45,4097.10,4098.80,4096.30,4096.70,460
2026-07-29,08:50,4096.50,4099.40,4096.10,4098.00,284
2026-07-29,08:55,4098.50,4098.70,4096.00,4096.50,233
2026-07-29,09:00,4096.80,4097.60,4095.50,4096.30,353
2026-07-29,09:05,4096.60,4097.30,4094.80,4096.70,165
2026-07-29,09:10,4096.90,4096.90,4094.60,4095.20,477
2026-07-29,09:15,4095.30,4096.80,4095.10,4096.10,136
2026-07-29,09:20,4095.90,4096.10,4092.90,4093.60,348
2026-07-29,09:25,4093.60,4093.70,4092.50,4092.60,224
2026-07-29,09:30,4093.00,4094.00,4090.40,4093.00,829
2026-07-29,09:35,4092.60,4094.10,4091.70,4092.10,231
2026-07-29,09:40,4092.00,4094.30,4091.40,4093.50,298
2026-07-29,09:45,4093.30,4095.10,4093.30,4094.90,276
2026-07-29,09:50,4095.00,4095.50,4094.10,4094.70,147
2026-07-29,09:55,4094.20,4094.20,4091.20,4091.90,128
2026-07-29,10:00,4091.50,4093.00,4091.20,4092.20,150
2026-07-29,10:05,4092.10,4093.10,4090.20,4091.70,312
2026-07-29,10:10,4091.80,4092.60,4089.90,4090.80,449
2026-07-29,10:15,4090.80,4091.40,4089.20,4091.40,626
2026-07-29,10:20,4091.50,4091.90,4090.40,4090.50,51
2026-07-29,10:25,4090.60,4092.50,4089.50,4092.30,145
2026-07-29,10:30,4092.00,4093.70,4091.30,4091.30,413
2026-07-29,10:35,4091.20,4091.70,4088.10,4088.10,841
2026-07-29,10:40,4088.50,4088.80,4085.40,4087.00,365
2026-07-29,10:45,4086.60,4087.30,4085.70,4086.70,104
2026-07-29,10:50,4086.60,4087.70,4085.10,4086.10,599
2026-07-29,10:55,4086.20,4086.50,4085.20,4086.10,273
2026-07-29,11:00,4086.80,4088.80,4086.30,4087.00,252
2026-07-29,11:05,4087.10,4087.50,4084.00,4085.30,406
2026-07-29,11:10,4085.40,4088.70,4085.40,4088.60,151
2026-07-29,11:15,4089.00,4092.20,4087.60,4091.70,242
2026-07-29,11:20,4091.80,4092.50,4091.00,4091.80,189
2026-07-29,11:25,4091.60,4092.70,4091.00,4091.70,152
2026-07-29,11:30,4092.00,4092.00,4090.50,4091.50,210
2026-07-29,11:35,4090.80,4091.20,4089.60,4090.80,1605
2026-07-29,11:40,4091.30,4091.60,4090.00,4090.40,145
2026-07-29,11:45,4090.10,4095.40,4089.80,4094.00,443
2026-07-29,11:50,4093.50,4094.40,4091.20,4091.40,840
2026-07-29,11:55,4091.60,4091.70,4090.40,4091.50,465
2026-07-29,12:00,4091.70,4092.50,4089.30,4089.40,243
2026-07-29,12:05,4089.50,4090.40,4087.90,4089.00,478
2026-07-29,12:10,4088.70,4090.00,4084.80,4085.90,573
2026-07-29,12:15,4086.20,4086.40,4077.40,4077.40,1607
2026-07-29,12:20,4077.50,4078.90,4072.40,4074.00,1880
2026-07-29,12:25,4074.30,4075.80,4070.80,4072.00,2235
2026-07-29,12:30,4071.20,4077.00,4067.40,4076.60,1159
2026-07-29,12:35,4076.80,4080.70,4075.20,4079.70,787
2026-07-29,12:40,4079.90,4080.30,4075.80,4079.20,610
2026-07-29,12:45,4079.20,4081.40,4077.70,4078.90,1820
2026-07-29,12:50,4078.60,4080.70,4077.40,4080.00,269
2026-07-29,12:55,4080.40,4082.30,4079.60,4080.90,871
2026-07-29,13:00,4081.30,4084.80,4077.10,4077.20,1372
2026-07-29,13:05,4077.10,4077.50,4073.90,4075.00,419
2026-07-29,13:10,4074.40,4077.20,4073.50,4074.20,485
2026-07-29,13:15,4073.80,4076.90,4072.50,4075.40,692
2026-07-29,13:20,4075.30,4081.70,4074.30,4078.60,2894
2026-07-29,13:25,4078.60,4081.50,4071.90,4072.50,1960
2026-07-29,13:30,4072.80,4075.40,4068.00,4075.20,1579
2026-07-29,13:35,4074.80,4075.70,4071.60,4074.00,883
2026-07-29,13:40,4073.90,4073.90,4070.40,4071.70,1108
2026-07-29,13:45,4071.10,4073.90,4068.60,4073.00,1016
2026-07-29,13:50,4072.40,4073.00,4064.00,4067.10,1383
2026-07-29,13:55,4066.70,4066.70,4060.30,4064.80,3449
2026-07-29,14:00,4065.10,4066.40,4059.20,4064.30,3851
2026-07-29,14:05,4064.40,4065.30,4057.00,4057.60,1614
2026-07-29,14:10,4057.70,4059.30,4053.90,4057.30,2755
2026-07-29,14:15,4057.10,4067.10,4056.80,4065.40,2185
2026-07-29,14:20,4065.70,4068.40,4064.40,4068.00,876
2026-07-29,14:25,4067.70,4067.70,4061.70,4063.90,2639
2026-07-29,14:30,4063.60,4067.80,4062.40,4066.30,468
2026-07-29,14:35,4066.10,4066.50,4061.50,4062.10,1656
2026-07-29,14:40,4062.60,4065.00,4057.50,4059.50,2006
2026-07-29,14:45,4059.30,4061.00,4056.40,4059.60,621
2026-07-29,14:50,4060.00,4063.80,4059.00,4063.80,507
2026-07-29,14:55,4063.50,4064.00,4060.60,4063.20,498
2026-07-29,15:00,4063.60,4067.50,4061.70,4066.60,1269
2026-07-29,15:05,4066.60,4068.50,4064.80,4068.50,582
2026-07-29,15:10,4068.00,4068.00,4064.20,4065.80,267
2026-07-29,15:15,4065.80,4067.00,4063.60,4063.60,228
2026-07-29,15:20,4063.50,4069.60,4062.40,4068.60,1359
2026-07-29,15:25,4068.40,4069.90,4066.50,4069.10,341
2026-07-29,15:30,4069.20,4072.10,4068.20,4068.70,500
2026-07-29,15:35,4068.50,4070.80,4066.50,4067.30,694
2026-07-29,15:40,4067.10,4068.90,4065.40,4068.90,381
2026-07-29,15:45,4069.00,4071.30,4067.80,4071.00,724
2026-07-29,15:50,4070.90,4072.20,4069.10,4070.10,1035
2026-07-29,15:55,4070.10,4070.10,4066.50,4068.50,538
2026-07-29,16:00,4068.50,4070.30,4066.30,4067.90,316
2026-07-29,16:05,4068.10,4074.60,4067.20,4073.30,1420
2026-07-29,16:10,4073.30,4074.20,4068.40,4068.50,1309
2026-07-29,16:15,4068.30,4070.10,4066.30,4070.10,304
2026-07-29,16:20,4070.00,4076.40,4069.60,4073.60,893
2026-07-29,16:25,4074.30,4075.80,4073.60,4075.10,463
2026-07-29,16:30,4075.00,4077.60,4073.40,4075.80,1087
2026-07-29,16:35,4075.40,4076.60,4073.60,4075.50,478
2026-07-29,16:40,4075.30,4076.10,4074.10,4075.20,286
2026-07-29,16:45,4075.50,4076.50,4073.50,4076.30,610
2026-07-29,16:50,4076.10,4084.30,4076.10,4084.10,824
2026-07-29,16:55,4084.10,4091.70,4083.80,4086.10,1180
2026-07-29,17:00,4086.20,4096.30,4086.10,4095.60,1044
2026-07-29,17:05,4095.80,4100.00,4093.70,4097.50,2030
2026-07-29,17:10,4097.30,4109.30,4096.10,4100.70,1720
2026-07-29,17:15,4100.40,4106.40,4099.20,4103.70,1476
2026-07-29,17:20,4103.40,4109.00,4103.10,4105.60,1328
2026-07-29,17:25,4105.40,4106.30,4095.20,4097.20,3681
2026-07-29,17:30,4097.10,4099.80,4095.70,4096.60,1532
2026-07-29,17:35,4096.50,4099.90,4094.10,4099.60,1516
2026-07-29,17:40,4099.60,4105.00,4098.90,4104.00,493
2026-07-29,17:45,4104.00,4106.40,4102.90,4105.50,604
2026-07-29,17:50,4105.30,4105.80,4102.80,4103.30,1019
2026-07-29,17:55,4102.30,4103.40,4099.40,4102.90,1315
2026-07-29,18:00,4103.10,4149.40,4101.30,4126.80,8293
2026-07-29,18:05,4126.80,4143.20,4126.00,4136.60,2669
2026-07-29,18:10,4136.00,4146.10,4131.90,4140.50,1835
2026-07-29,18:15,4140.60,4143.70,4130.60,4131.00,1222
2026-07-29,18:20,4130.70,4132.40,4125.00,4125.80,1161
2026-07-29,18:25,4125.50,4127.00,4123.00,4127.00,664
2026-07-29,18:30,4126.60,4132.10,4111.10,4118.60,2108
2026-07-29,18:35,4119.20,4131.90,4112.80,4130.20,1439
2026-07-29,18:40,4130.10,4146.90,4128.80,4143.20,2182
2026-07-29,18:45,4143.20,4161.20,4141.20,4159.30,3334
2026-07-29,18:50,4159.80,4170.30,4152.50,4165.20,3217
2026-07-29,18:55,4165.30,4169.60,4161.00,4166.80,2254
2026-07-29,19:00,4167.10,4176.80,4161.20,4163.20,2993
2026-07-29,19:05,4163.50,4165.30,4153.50,4156.50,1611
2026-07-29,19:10,4156.50,4162.00,4149.80,4159.20,1072
2026-07-29,19:15,4159.60,4164.40,4157.00,4158.40,929
2026-07-29,19:20,4158.00,4159.20,4144.60,4146.50,1603
2026-07-29,19:25,4146.50,4147.30,4140.10,4143.60,874
2026-07-29,19:30,4143.70,4147.80,4125.30,4132.30,2110
2026-07-29,19:35,4132.00,4135.20,4124.60,4127.90,1401
2026-07-29,19:40,4128.30,4132.20,4124.50,4128.30,917
2026-07-29,19:45,4128.40,4131.40,4125.00,4130.70,890
2026-07-29,19:50,4130.40,4130.40,4120.60,4121.10,1318
2026-07-29,19:55,4120.90,4121.10,4103.80,4104.70,2322
2026-07-29,20:00,4104.20,4112.30,4101.70,4111.90,1147
2026-07-29,20:05,4112.10,4112.80,4108.30,4112.50,630
2026-07-29,20:10,4111.80,4115.00,4108.00,4110.80,565
2026-07-29,20:15,4110.40,4110.40,4106.40,4107.90,338
2026-07-29,20:20,4107.50,4109.30,4102.60,4107.50,375
2026-07-29,20:25,4107.80,4116.20,4106.80,4114.20,375
2026-07-29,20:30,4114.20,4118.30,4112.70,4117.90,266
2026-07-29,20:35,4117.70,4122.40,4117.00,4122.30,768
2026-07-29,20:40,4122.00,4127.70,4122.00,4125.70,422
2026-07-29,20:45,4125.40,4128.90,4124.00,4124.80,443
2026-07-29,20:50,4124.70,4125.00,4122.10,4124.00,358
2026-07-29,20:55,4124.20,4127.10,4123.70,4126.00,211
2026-07-29,22:00,4126.70,4133.50,4121.10,4131.80,0
2026-07-29,22:05,4131.50,4132.10,4122.00,4127.20,420
2026-07-29,22:10,4127.50,4135.40,4127.50,4134.30,248
2026-07-29,22:15,4133.90,4135.50,4131.50,4132.20,142
2026-07-29,22:20,4132.40,4132.80,4130.60,4132.50,195
2026-07-29,22:25,4132.30,4133.10,4130.30,4132.70,132
2026-07-29,22:30,4132.50,4133.60,4130.50,4133.30,211
2026-07-29,22:35,4133.40,4136.60,4133.20,4133.70,185
2026-07-29,22:40,4133.50,4139.10,4133.10,4138.50,218
2026-07-29,22:45,4139.30,4143.20,4137.50,4142.50,425
2026-07-29,22:50,4142.40,4143.90,4141.20,4142.90,222
2026-07-29,22:55,4142.60,4148.20,4142.60,4146.30,371
2026-07-29,23:00,4146.50,4153.50,4146.20,4152.80,271
2026-07-29,23:05,4152.90,4158.00,4152.00,4154.00,348
2026-07-29,23:10,4154.70,4154.70,4147.90,4148.60,242
2026-07-29,23:15,4149.40,4152.40,4148.20,4151.50,111
2026-07-29,23:20,4151.60,4152.40,4149.50,4150.20,155
2026-07-29,23:25,4149.50,4152.50,4148.70,4151.10,333
2026-07-29,23:30,4151.60,4151.60,4148.60,4150.60,168
2026-07-29,23:35,4151.30,4152.50,4149.90,4149.90,152
2026-07-29,23:40,4149.80,4150.00,4147.30,4147.60,120
2026-07-29,23:45,4148.00,4150.70,4146.60,4149.00,169
2026-07-29,23:50,4148.90,4150.10,4144.30,4145.10,137
2026-07-29,23:55,4145.50,4146.50,4142.00,4142.00,196
2026-07-30,00:00,4142.50,4144.30,4137.20,4138.70,451
2026-07-30,00:05,4138.90,4143.10,4138.20,4140.50,256
2026-07-30,00:10,4139.30,4140.60,4136.70,4139.20,168
2026-07-30,00:15,4138.60,4141.00,4134.40,4134.40,171
2026-07-30,00:20,4135.30,4138.40,4132.60,4138.40,228
2026-07-30,00:25,4137.90,4138.40,4130.10,4132.60,468
2026-07-30,00:30,4133.80,4134.30,4129.60,4129.90,212
2026-07-30,00:35,4129.30,4131.00,4125.50,4126.70,283
2026-07-30,00:40,4127.00,4128.60,4122.30,4123.60,396
2026-07-30,00:45,4124.10,4125.80,4122.50,4124.80,458
2026-07-30,00:50,4124.10,4125.50,4122.60,4125.50,235
2026-07-30,00:55,4125.60,4130.50,4124.50,4129.70,521
2026-07-30,01:00,4130.00,4147.50,4127.80,4147.20,1525
2026-07-30,01:05,4147.50,4151.50,4144.10,4144.60,544
2026-07-30,01:10,4144.60,4145.80,4132.90,4133.40,830
2026-07-30,01:15,4133.20,4136.40,4131.10,4133.30,530
2026-07-30,01:20,4133.90,4139.30,4131.90,4138.70,409
2026-07-30,01:25,4138.40,4142.60,4138.00,4139.00,235
2026-07-30,01:30,4138.80,4144.10,4138.20,4143.80,261
2026-07-30,01:35,4143.20,4146.00,4142.10,4145.00,315
2026-07-30,01:40,4145.00,4147.50,4144.30,4144.30,284
2026-07-30,01:45,4144.00,4147.40,4141.40,4146.30,204
2026-07-30,01:50,4145.80,4148.10,4144.50,4146.20,187
2026-07-30,01:55,4145.90,4149.00,4141.50,4142.40,367
2026-07-30,02:00,4142.10,4148.00,4141.90,4146.50,181
2026-07-30,02:05,4147.40,4147.70,4144.90,4145.30,249
2026-07-30,02:10,4146.00,4146.00,4139.90,4140.50,128
2026-07-30,02:15,4140.00,4140.00,4137.50,4139.50,189
2026-07-30,02:20,4139.90,4141.00,4138.50,4140.50,142
2026-07-30,02:25,4140.10,4141.00,4137.90,4140.50,52
2026-07-30,02:30,4140.20,4140.20,4133.00,4133.70,373
2026-07-30,02:35,4134.70,4135.80,4132.20,4134.10,285
2026-07-30,02:40,4135.00,4136.50,4131.00,4134.30,158
2026-07-30,02:45,4134.20,4134.80,4131.40,4131.90,90
2026-07-30,02:50,4132.00,4132.60,4127.80,4128.50,420
2026-07-30,02:55,4128.90,4129.30,4120.70,4121.40,446
2026-07-30,03:00,4121.10,4127.50,4120.00,4126.30,338
2026-07-30,03:05,4127.30,4127.50,4121.50,4121.50,132
2026-07-30,03:10,4122.00,4122.70,4117.80,4120.00,255
2026-07-30,03:15,4120.40,4121.40,4113.90,4115.20,336
2026-07-30,03:20,4114.80,4115.90,4112.50,4113.90,403
2026-07-30,03:25,4114.00,4114.80,4109.90,4111.10,529
2026-07-30,03:30,4111.30,4112.50,4108.60,4110.60,275
2026-07-30,03:35,4111.10,4113.20,4107.60,4108.30,317
2026-07-30,03:40,4108.40,4110.80,4108.10,4109.20,237
2026-07-30,03:45,4109.10,4115.30,4109.10,4115.20,402
2026-07-30,03:50,4114.80,4116.70,4114.20,4115.50,297
2026-07-30,03:55,4115.30,4116.90,4113.70,4114.10,100
2026-07-30,04:00,4115.90,4117.10,4112.50,4113.70,327
2026-07-30,04:05,4113.30,4114.00,4111.40,4113.70,152
2026-07-30,04:10,4112.70,4112.90,4108.90,4110.10,161
2026-07-30,04:15,4110.40,4111.50,4108.60,4109.00,62
2026-07-30,04:20,4109.00,4110.50,4107.60,4109.20,174
2026-07-30,04:25,4109.20,4111.90,4109.10,4110.70,142
2026-07-30,04:30,4110.90,4110.90,4108.00,4108.40,197
2026-07-30,04:35,4108.50,4108.80,4105.60,4106.50,269
2026-07-30,04:40,4106.20,4107.00,4104.10,4105.60,346
2026-07-30,04:45,4105.30,4108.70,4102.60,4103.30,304
2026-07-30,04:50,4103.20,4104.90,4102.20,4104.10,281
2026-07-30,04:55,4103.80,4104.10,4100.30,4102.50,351
2026-07-30,05:00,4102.20,4102.20,4098.20,4101.40,442
2026-07-30,05:05,4101.20,4101.80,4098.30,4101.70,271
2026-07-30,05:10,4101.40,4102.10,4100.40,4101.90,73
2026-07-30,05:15,4102.30,4102.80,4093.90,4098.20,455
2026-07-30,05:20,4098.30,4101.10,4098.10,4100.10,152
2026-07-30,05:25,4100.50,4104.00,4099.40,4103.50,274
2026-07-30,05:30,4103.20,4108.00,4102.00,4104.70,592
2026-07-30,05:35,4104.70,4104.80,4085.00,4088.20,1126
2026-07-30,05:40,4088.20,4093.80,4086.90,4090.40,524
2026-07-30,05:45,4089.90,4095.20,4087.60,4089.00,361
2026-07-30,05:50,4089.40,4092.30,4087.40,4090.20,284
2026-07-30,05:55,4089.90,4093.00,4087.00,4090.40,303
2026-07-30,06:00,4090.80,4095.40,4090.70,4095.40,588
2026-07-30,06:05,4095.60,4096.40,4092.10,4092.40,278
2026-07-30,06:10,4093.20,4094.30,4088.20,4089.30,216
2026-07-30,06:15,4089.00,4091.00,4087.60,4090.50,257
2026-07-30,06:20,4090.20,4096.30,4090.10,4094.10,301
2026-07-30,06:25,4094.80,4094.80,4086.30,4090.50,349
2026-07-30,06:30,4090.10,4093.50,4088.30,4092.70,185
2026-07-30,06:35,4092.60,4094.30,4091.70,4094.20,99
2026-07-30,06:40,4094.60,4095.70,4091.70,4093.00,443
2026-07-30,06:45,4092.90,4095.20,4091.60,4093.80,1108
2026-07-30,06:50,4093.90,4098.10,4093.60,4095.80,309
2026-07-30,06:55,4095.70,4096.00,4092.30,4093.80,189
2026-07-30,07:00,4093.80,4105.00,4092.70,4102.40,843
2026-07-30,07:05,4102.00,4102.70,4100.00,4102.70,658
2026-07-30,07:10,4103.00,4104.70,4101.10,4103.80,211
2026-07-30,07:15,4104.00,4108.50,4103.70,4107.10,706
2026-07-30,07:20,4106.70,4107.80,4101.70,4105.20,265
2026-07-30,07:25,4105.20,4105.30,4100.60,4103.20,805
2026-07-30,07:30,4103.00,4103.40,4097.40,4098.40,1077
2026-07-30,07:35,4098.60,4099.30,4093.00,4097.20,665
2026-07-30,07:40,4097.80,4104.70,4097.80,4103.20,774
2026-07-30,07:45,4103.10,4103.80,4099.20,4099.30,165
2026-07-30,07:50,4099.00,4102.90,4097.70,4098.70,379
2026-07-30,07:55,4098.00,4098.40,4095.10,4096.10,283
2026-07-30,08:00,4096.10,4103.20,4093.90,4102.90,494
2026-07-30,08:05,4103.30,4111.20,4102.20,4107.90,745
2026-07-30,08:10,4108.20,4113.80,4107.10,4110.90,519
2026-07-30,08:15,4110.50,4114.60,4109.80,4114.60,254
2026-07-30,08:20,4114.70,4121.80,4113.20,4117.80,733
2026-07-30,08:25,4118.00,4126.40,4117.60,4122.00,675
2026-07-30,08:30,4122.10,4130.90,4121.10,4126.30,1081
2026-07-30,08:35,4126.20,4129.60,4122.40,4122.60,1187
2026-07-30,08:40,4122.30,4124.40,4121.10,4123.80,348
2026-07-30,08:45,4123.80,4128.70,4121.10,4121.40,333
2026-07-30,08:50,4121.40,4122.30,4117.70,4118.10,314
2026-07-30,08:55,4118.30,4119.90,4117.20,4119.20,397
2026-07-30,09:00,4119.40,4125.50,4118.30,4124.40,370
2026-07-30,09:05,4124.00,4127.00,4123.40,4125.10,430
2026-07-30,09:10,4125.10,4127.00,4123.10,4123.90,383
2026-07-30,09:15,4124.10,4125.70,4122.60,4124.40,246
2026-07-30,09:20,4124.70,4130.30,4124.50,4128.50,679
2026-07-30,09:25,4128.10,4130.30,4125.30,4125.60,604
2026-07-30,09:30,4125.50,4126.40,4118.40,4124.70,872
2026-07-30,09:35,4124.40,4127.60,4123.40,4123.50,521
2026-07-30,09:40,4123.80,4124.50,4122.70,4123.80,583
2026-07-30,09:45,4124.00,4127.70,4122.20,4127.40,346
2026-07-30,09:50,4127.80,4131.50,4125.00,4125.20,748
2026-07-30,09:55,4125.10,4125.60,4120.50,4121.50,224
2026-07-30,10:00,4121.80,4126.30,4121.20,4123.50,298
2026-07-30,10:05,4123.60,4130.80,4123.30,4129.70,497
2026-07-30,10:10,4129.60,4133.30,4122.70,4127.00,1246
2026-07-30,10:15,4126.80,4136.00,4126.00,4134.00,796
2026-07-30,10:20,4134.50,4136.10,4132.60,4134.60,430
2026-07-30,10:25,4135.00,4136.30,4133.90,4134.80,413
2026-07-30,10:30,4134.80,4137.80,4133.50,4135.80,517
2026-07-30,10:35,4135.80,4140.00,4135.20,4135.60,432
2026-07-30,10:40,4135.70,4141.20,4135.70,4139.60,578
2026-07-30,10:45,4139.70,4142.20,4138.00,4138.00,507
2026-07-30,10:50,4138.20,4140.40,4136.50,4137.40,325
2026-07-30,10:55,4137.20,4138.20,4136.30,4136.40,190
2026-07-30,11:00,4136.50,4139.20,4136.00,4137.60,204
2026-07-30,11:05,4137.40,4141.00,4137.20,4140.10,262
2026-07-30,11:10,4140.50,4141.50,4136.80,4138.00,439
2026-07-30,11:15,4137.70,4140.40,4136.30,4136.30,149
2026-07-30,11:20,4136.40,4139.90,4134.90,4139.80,142
2026-07-30,11:25,4140.00,4140.00,4134.90,4136.60,232
2026-07-30,11:30,4136.70,4137.20,4134.70,4135.30,210
2026-07-30,11:35,4135.60,4137.30,4134.80,4136.00,192
2026-07-30,11:40,4135.50,4137.70,4135.20,4135.50,232
2026-07-30,11:45,4135.70,4136.10,4133.60,4134.60,246
2026-07-30,11:50,4135.00,4138.90,4134.50,4138.50,372
2026-07-30,11:55,4138.10,4138.50,4134.80,4136.00,425
2026-07-30,12:00,4136.00,4137.70,4132.70,4136.60,372
2026-07-30,12:05,4136.90,4141.00,4136.90,4140.10,563
2026-07-30,12:10,4140.30,4140.30,4133.10,4137.10,649
2026-07-30,12:15,4137.00,4137.00,4131.10,4133.00,405
2026-07-30,12:20,4133.20,4134.90,4129.80,4134.60,602
2026-07-30,12:25,4134.70,4139.80,4134.60,4135.40,482
2026-07-30,12:30,4139.00,4145.40,4129.80,4131.80,1475
2026-07-30,12:35,4131.80,4136.50,4130.20,4136.20,738
2026-07-30,12:40,4136.30,4140.10,4132.20,4135.80,592
2026-07-30,12:45,4136.20,4137.60,4131.20,4133.50,436
2026-07-30,12:50,4133.50,4135.90,4125.40,4128.40,798
2026-07-30,12:55,4128.20,4132.10,4126.60,4127.40,422
2026-07-30,13:00,4127.30,4132.30,4123.20,4126.50,1107
2026-07-30,13:05,4126.60,4135.20,4124.90,4132.20,608
2026-07-30,13:10,4132.10,4135.10,4128.30,4135.10,413
2026-07-30,13:15,4134.80,4135.90,4131.30,4131.30,765
2026-07-30,13:20,4131.10,4142.20,4130.70,4140.50,788
2026-07-30,13:25,4140.70,4141.30,4132.70,4138.60,643
2026-07-30,13:30,4138.60,4140.40,4133.70,4134.10,930
2026-07-30,13:35,4134.00,4157.70,4133.20,4150.00,3904
2026-07-30,13:40,4149.70,4155.30,4143.70,4148.10,1873
2026-07-30,13:45,4148.10,4160.70,4144.50,4153.90,2523
2026-07-30,13:50,4154.10,4162.10,4152.60,4162.10,1610
2026-07-30,13:55,4161.80,4172.50,4160.10,4172.00,2680
2026-07-30,14:00,4172.10,4180.20,4166.00,4167.00,7251
2026-07-30,14:05,4167.40,4169.30,4153.40,4159.00,3853
2026-07-30,14:10,4158.80,4162.00,4155.60,4157.30,1084
2026-07-30,14:15,4157.60,4159.60,4149.70,4150.10,1883
2026-07-30,14:20,4150.20,4158.00,4146.10,4148.80,2181
2026-07-30,14:25,4148.60,4155.20,4145.60,4155.20,984
2026-07-30,14:30,4155.30,4162.10,4154.00,4159.70,927
2026-07-30,14:35,4159.40,4165.40,4159.40,4164.90,741
2026-07-30,14:40,4165.40,4170.70,4163.30,4170.20,1431
2026-07-30,14:45,4170.40,4172.70,4161.20,4164.50,967
2026-07-30,14:50,4164.20,4164.20,4157.90,4158.90,958
2026-07-30,14:55,4158.70,4160.10,4155.70,4159.10,667
2026-07-30,15:00,4159.40,4159.40,4155.40,4156.90,847
2026-07-30,15:05,4156.50,4157.80,4148.60,4150.20,2135
2026-07-30,15:10,4149.80,4150.00,4141.90,4144.60,1294
2026-07-30,15:15,4144.40,4155.80,4143.70,4154.60,773
2026-07-30,15:20,4155.00,4156.20,4151.30,4153.70,479
2026-07-30,15:25,4153.70,4155.40,4151.10,4155.10,374
2026-07-30,15:30,4155.00,4159.30,4151.80,4158.50,567
2026-07-30,15:35,4158.80,4159.90,4156.90,4158.10,575
2026-07-30,15:40,4158.10,4165.80,4157.70,4164.40,755
2026-07-30,15:45,4164.40,4166.10,4162.40,4165.00,642
2026-07-30,15:50,4164.90,4166.90,4163.50,4165.90,345
2026-07-30,15:55,4166.10,4169.20,4165.90,4167.00,584
2026-07-30,16:00,4166.80,4175.00,4166.80,4173.80,1141
2026-07-30,16:05,4173.70,4174.00,4170.10,4170.20,516
2026-07-30,16:10,4170.20,4174.80,4168.10,4173.20,706
2026-07-30,16:15,4173.10,4175.20,4172.80,4173.40,370
2026-07-30,16:20,4173.10,4178.30,4172.40,4178.10,701
2026-07-30,16:25,4177.80,4178.20,4174.70,4175.40,354
2026-07-30,16:30,4175.40,4175.50,4171.70,4172.30,514
2026-07-30,16:35,4172.40,4173.90,4169.30,4169.70,455
2026-07-30,16:40,4169.90,4171.20,4167.30,4167.60,391
2026-07-30,16:45,4167.90,4168.80,4166.10,4168.70,405
2026-07-30,16:50,4168.70,4169.30,4165.60,4167.00,285
2026-07-30,16:55,4166.80,4169.80,4166.60,4169.80,294
2026-07-30,17:00,4169.80,4170.20,4165.60,4167.00,589
2026-07-30,17:05,4166.80,4168.00,4165.80,4166.60,199
2026-07-30,17:10,4166.40,4167.80,4163.80,4163.80,487
2026-07-30,17:15,4163.80,4165.90,4162.70,4165.40,413
2026-07-30,17:20,4165.80,4167.30,4163.60,4167.30,202
2026-07-30,17:25,4166.90,4166.90,4157.10,4160.80,2260
2026-07-30,17:30,4160.50,4161.50,4159.00,4159.80,524
2026-07-30,17:35,4160.20,4167.40,4158.90,4161.80,696
2026-07-30,17:40,4161.60,4165.70,4161.60,4165.00,427
2026-07-30,17:45,4164.80,4167.40,4163.20,4163.20,455
2026-07-30,17:50,4163.20,4163.40,4161.50,4162.10,321
2026-07-30,17:55,4162.00,4162.50,4159.90,4161.50,178
2026-07-30,18:00,4161.50,4164.70,4161.50,4163.80,277
2026-07-30,18:05,4164.20,4165.50,4163.40,4164.90,192
2026-07-30,18:10,4164.90,4165.80,4163.80,4165.50,164
2026-07-30,18:15,4165.60,4165.60,4162.60,4163.10,145
2026-07-30,18:20,4162.70,4164.50,4160.10,4161.00,627
2026-07-30,18:25,4161.20,4162.70,4159.90,4162.30,254
2026-07-30,18:30,4162.90,4166.80,4162.00,4165.30,494
2026-07-30,18:35,4165.20,4165.60,4163.30,4163.50,114
2026-07-30,18:40,4163.40,4164.60,4162.80,4163.50,126
2026-07-30,18:45,4163.70,4164.10,4159.20,4159.80,326
2026-07-30,18:50,4160.00,4160.20,4157.70,4158.00,232
2026-07-30,18:55,4158.10,4159.20,4157.90,4158.80,175
2026-07-30,19:00,4158.70,4162.60,4158.00,4162.40,289
2026-07-30,19:05,4162.60,4164.60,4161.80,4164.20,417
2026-07-30,19:10,4164.40,4164.80,4162.10,4163.90,176
2026-07-30,19:15,4163.60,4172.10,4162.00,4169.70,614
2026-07-30,19:20,4169.70,4170.70,4168.00,4170.30,271
2026-07-30,19:25,4170.20,4174.10,4169.70,4172.00,532
2026-07-30,19:30,4171.50,4173.50,4171.30,4173.50,159
2026-07-30,19:35,4173.50,4174.50,4171.20,4171.80,128
2026-07-30,19:40,4172.20,4173.30,4170.30,4171.30,356
2026-07-30,19:45,4171.40,4172.30,4170.10,4171.60,150
2026-07-30,19:50,4171.40,4172.10,4168.50,4168.50,322
2026-07-30,19:55,4168.50,4171.80,4168.20,4171.20,362
2026-07-30,20:00,4171.30,4176.70,4169.30,4176.70,871
2026-07-30,20:05,4176.30,4176.30,4172.60,4173.80,213
2026-07-30,20:10,4173.70,4174.80,4172.20,4173.20,117
2026-07-30,20:15,4173.20,4174.20,4171.30,4172.90,320
2026-07-30,20:20,4172.90,4173.30,4171.80,4172.60,98
2026-07-30,20:25,4172.80,4173.50,4170.70,4171.30,199
2026-07-30,20:30,4171.40,4171.80,4166.90,4168.50,217
2026-07-30,20:35,4168.30,4168.30,4165.20,4166.40,115
2026-07-30,20:40,4166.10,4166.50,4161.30,4162.40,280
2026-07-30,20:45,4161.90,4163.00,4159.30,4159.40,469
2026-07-30,20:50,4159.40,4161.80,4158.00,4160.50,185
2026-07-30,20:55,4160.50,4163.10,4159.80,4162.80,166
2026-07-30,22:00,4163.90,4165.50,4158.00,4161.60,0
2026-07-30,22:05,4161.70,4164.30,4161.20,4163.20,95
2026-07-30,22:10,4164.40,4166.30,4163.50,4165.20,187
2026-07-30,22:15,4165.50,4166.80,4164.80,4166.60,112
2026-07-30,22:20,4166.70,4166.80,4165.50,4166.00,41
2026-07-30,22:25,4166.10,4166.80,4165.30,4165.80,85
2026-07-30,22:30,4165.80,4166.80,4165.40,4166.10,81
2026-07-30,22:35,4166.50,4169.00,4166.50,4168.50,111
2026-07-30,22:40,4168.60,4169.00,4168.00,4168.80,76
2026-07-30,22:45,4168.90,4169.70,4167.40,4169.40,179
2026-07-30,22:50,4169.00,4169.80,4168.40,4169.60,105
2026-07-30,22:55,4169.00,4169.00,4167.40,4167.40,96
2026-07-30,23:00,4168.10,4169.90,4168.10,4169.40,72
2026-07-30,23:05,4169.30,4170.70,4167.40,4168.40,131
2026-07-30,23:10,4167.90,4167.90,4164.80,4166.10,118
2026-07-30,23:15,4165.60,4165.90,4164.80,4164.80,82
2026-07-30,23:20,4164.80,4166.10,4163.00,4164.80,170
2026-07-30,23:25,4164.40,4164.90,4161.80,4162.80,111
2026-07-30,23:30,4162.80,4163.70,4161.30,4162.50,135
2026-07-30,23:35,4162.40,4164.90,4160.80,4164.90,179
2026-07-30,23:40,4165.30,4166.90,4163.10,4164.30,131
2026-07-30,23:45,4165.10,4168.80,4165.10,4167.10,149
2026-07-30,23:50,4166.70,4167.80,4164.80,4165.60,94
2026-07-30,23:55,4165.50,4165.80,4164.30,4164.40,28
2026-07-31,00:00,4164.80,4165.40,4160.10,4163.60,292
2026-07-31,00:05,4162.60,4162.70,4160.30,4162.30,47
2026-07-31,00:10,4161.10,4162.60,4159.20,4159.90,80
2026-07-31,00:15,4159.80,4161.30,4158.60,4159.90,73
2026-07-31,00:20,4159.80,4162.40,4157.00,4161.40,193
2026-07-31,00:25,4161.10,4161.10,4154.50,4154.90,269
2026-07-31,00:30,4155.10,4156.30,4152.00,4152.50,145
2026-07-31,00:35,4152.30,4152.30,4150.20,4151.30,100
2026-07-31,00:40,4151.20,4152.20,4149.00,4151.50,171
2026-07-31,00:45,4151.00,4153.10,4149.00,4152.20,133
2026-07-31,00:50,4152.20,4153.90,4151.20,4151.70,124
2026-07-31,00:55,4152.20,4155.00,4151.20,4153.50,199
2026-07-31,01:00,4153.50,4160.00,4153.40,4156.00,597
2026-07-31,01:05,4156.10,4159.70,4153.80,4156.40,339
2026-07-31,01:10,4156.00,4156.20,4146.80,4147.30,345
2026-07-31,01:15,4147.50,4152.70,4144.50,4152.70,488
2026-07-31,01:20,4152.60,4153.20,4149.60,4150.90,210
2026-07-31,01:25,4150.80,4152.90,4148.70,4150.30,227
2026-07-31,01:30,4150.30,4150.30,4144.80,4145.80,426
2026-07-31,01:35,4145.90,4146.30,4142.00,4143.20,268
2026-07-31,01:40,4142.90,4145.80,4142.50,4144.10,221
2026-07-31,01:45,4143.70,4147.40,4141.30,4142.00,287
2026-07-31,01:50,4142.50,4144.10,4140.00,4143.20,311
2026-07-31,01:55,4143.20,4145.80,4142.50,4142.50,182
2026-07-31,02:00,4142.70,4144.60,4139.80,4143.50,348
2026-07-31,02:05,4143.90,4147.90,4143.90,4147.20,198
2026-07-31,02:10,4147.00,4148.80,4143.40,4143.90,190
2026-07-31,02:15,4143.70,4143.70,4140.00,4140.60,363
2026-07-31,02:20,4141.30,4142.20,4140.60,4140.70,98
2026-07-31,02:25,4140.50,4141.40,4139.90,4140.30,93
2026-07-31,02:30,4140.00,4142.50,4139.20,4140.10,161
2026-07-31,02:35,4140.00,4140.90,4139.20,4139.80,113
2026-07-31,02:40,4140.20,4140.20,4133.40,4133.40,419
2026-07-31,02:45,4133.90,4136.10,4132.80,4135.60,568
2026-07-31,02:50,4134.90,4135.60,4132.50,4134.80,166
2026-07-31,02:55,4134.80,4136.60,4134.00,4134.10,154
2026-07-31,03:00,4134.00,4134.10,4131.40,4131.40,120
2026-07-31,03:05,4131.70,4134.30,4131.60,4132.70,164
2026-07-31,03:10,4132.00,4133.40,4129.70,4131.40,304
2026-07-31,03:15,4131.10,4132.00,4130.00,4131.30,131
2026-07-31,03:20,4131.40,4132.50,4130.10,4131.30,122
2026-07-31,03:25,4131.60,4133.80,4130.50,4133.20,150
2026-07-31,03:30,4133.30,4135.00,4133.00,4134.90,224
2026-07-31,03:35,4134.30,4137.40,4132.90,4136.60,292
2026-07-31,03:40,4136.10,4136.40,4133.50,4134.50,108
2026-07-31,03:45,4134.90,4135.50,4133.40,4133.90,38
2026-07-31,03:50,4133.80,4134.40,4132.50,4132.70,97
2026-07-31,03:55,4133.00,4133.10,4132.00,4133.10,60
2026-07-31,04:00,4132.60,4133.70,4131.90,4132.20,143
2026-07-31,04:05,4133.00,4133.10,4131.50,4133.10,84
2026-07-31,04:10,4133.20,4135.00,4131.00,4134.90,204
2026-07-31,04:15,4134.80,4135.80,4133.60,4133.90,116
2026-07-31,04:20,4133.70,4136.60,4132.30,4136.30,396
2026-07-31,04:25,4136.20,4138.10,4135.40,4138.00,280
2026-07-31,04:30,4137.90,4139.00,4137.40,4137.70,263
2026-07-31,04:35,4137.80,4139.50,4137.80,4139.50,125
2026-07-31,04:40,4139.40,4139.40,4137.10,4137.10,70
2026-07-31,04:45,4137.00,4137.60,4133.10,4133.10,372
2026-07-31,04:50,4133.20,4135.70,4132.50,4135.50,94
2026-07-31,04:55,4135.50,4138.00,4135.50,4137.60,82
2026-07-31,05:00,4138.00,4140.60,4137.60,4140.60,142
2026-07-31,05:05,4140.10,4141.30,4138.70,4139.50,124
2026-07-31,05:10,4139.60,4140.10,4137.50,4137.80,87
2026-07-31,05:15,4137.70,4140.30,4137.50,4140.00,103
2026-07-31,05:20,4139.60,4140.90,4138.30,4140.60,133
2026-07-31,05:25,4140.10,4140.30,4138.00,4138.90,135
2026-07-31,05:30,4139.00,4139.70,4136.80,4137.00,195
2026-07-31,05:35,4137.20,4139.10,4135.40,4137.70,313
2026-07-31,05:40,4137.50,4137.90,4133.70,4134.30,183
2026-07-31,05:45,4134.20,4134.20,4131.50,4133.60,293
2026-07-31,05:50,4133.40,4133.50,4131.00,4133.30,132
2026-07-31,05:55,4133.10,4133.70,4131.30,4132.10,167
2026-07-31,06:00,4132.40,4135.70,4130.50,4135.60,271
2026-07-31,06:05,4135.60,4140.10,4135.50,4140.00,241
2026-07-31,06:10,4139.80,4140.60,4137.90,4140.30,139
2026-07-31,06:15,4139.90,4145.30,4138.80,4144.10,413
2026-07-31,06:20,4144.30,4145.00,4140.10,4141.20,245
2026-07-31,06:25,4142.00,4144.30,4139.90,4143.20,145
2026-07-31,06:30,4142.70,4142.70,4135.30,4136.50,267
2026-07-31,06:35,4136.50,4138.10,4134.90,4136.60,139
2026-07-31,06:40,4136.70,4136.90,4135.50,4135.80,87
2026-07-31,06:45,4135.50,4139.40,4134.20,4135.30,323
2026-07-31,06:50,4135.80,4136.40,4134.20,4136.20,130
2026-07-31,06:55,4136.80,4137.20,4135.20,4135.40,173
2026-07-31,07:00,4135.00,4135.70,4133.00,4135.40,252
2026-07-31,07:05,4135.50,4136.80,4134.80,4136.10,238
2026-07-31,07:10,4136.10,4136.30,4133.00,4135.20,212
2026-07-31,07:15,4135.10,4136.80,4134.00,4136.20,189
2026-07-31,07:20,4136.20,4136.20,4132.00,4132.60,203
2026-07-31,07:25,4132.60,4133.50,4129.50,4130.50,387
2026-07-31,07:30,4130.20,4130.20,4126.50,4127.30,557
2026-07-31,07:35,4127.00,4130.00,4125.50,4129.50,395
2026-07-31,07:40,4129.70,4131.40,4129.20,4129.50,250
2026-07-31,07:45,4129.80,4132.00,4128.60,4129.10,441
2026-07-31,07:50,4129.60,4129.80,4127.00,4128.50,449
2026-07-31,07:55,4128.50,4129.30,4124.70,4125.10,328
2026-07-31,08:00,4125.40,4125.40,4120.00,4120.70,622
2026-07-31,08:05,4120.70,4122.70,4120.10,4122.20,264
2026-07-31,08:10,4122.40,4122.60,4118.40,4119.40,335
2026-07-31,08:15,4119.40,4123.80,4118.50,4123.60,346
2026-07-31,08:20,4123.50,4124.60,4116.20,4117.30,819
2026-07-31,08:25,4117.20,4118.50,4114.90,4115.70,414
2026-07-31,08:30,4115.70,4116.50,4110.80,4114.30,804
2026-07-31,08:35,4114.40,4117.20,4114.00,4116.90,319
2026-07-31,08:40,4116.60,4118.40,4115.20,4116.10,506
2026-07-31,08:45,4115.90,4119.80,4114.60,4118.10,262
2026-07-31,08:50,4118.10,4119.20,4115.20,4115.30,144
2026-07-31,08:55,4115.30,4121.30,4115.10,4117.60,778
2026-07-31,09:00,4117.30,4120.80,4117.10,4117.20,477
2026-07-31,09:05,4116.90,4118.70,4114.50,4114.50,453
2026-07-31,09:10,4114.40,4114.90,4111.60,4113.40,491
2026-07-31,09:15,4113.40,4113.80,4111.30,4112.40,220
2026-07-31,09:20,4112.20,4114.20,4108.30,4109.30,331
2026-07-31,09:25,4109.00,4110.00,4107.80,4108.70,546
2026-07-31,09:30,4108.40,4111.00,4107.40,4107.40,402
2026-07-31,09:35,4107.70,4108.70,4106.50,4107.50,404
2026-07-31,09:40,4107.70,4109.50,4107.30,4109.40,146
2026-07-31,09:45,4109.30,4113.40,4108.40,4113.00,444
2026-07-31,09:50,4112.70,4113.60,4112.20,4112.20,152
2026-07-31,09:55,4112.10,4112.40,4110.20,4111.30,134
2026-07-31,10:00,4111.20,4112.80,4109.50,4112.70,149
2026-07-31,10:05,4112.50,4114.70,4112.00,4114.10,289
2026-07-31,10:10,4113.90,4113.90,4111.60,4112.20,252
2026-07-31,10:15,4112.30,4112.40,4109.00,4109.60,199
2026-07-31,10:20,4109.70,4111.30,4108.40,4108.40,109
2026-07-31,10:25,4108.60,4110.90,4108.60,4109.60,130
2026-07-31,10:30,4109.20,4112.80,4109.20,4111.40,133
2026-07-31,10:35,4111.70,4112.70,4109.30,4109.90,93
2026-07-31,10:40,4110.10,4112.00,4109.70,4111.10,218
2026-07-31,10:45,4111.00,4113.50,4110.80,4112.20,270
2026-07-31,10:50,4112.30,4112.70,4110.70,4111.10,91
2026-07-31,10:55,4111.10,4111.50,4110.20,4110.80,78
2026-07-31,11:00,4110.70,4112.00,4108.20,4111.90,274
2026-07-31,11:05,4111.50,4114.10,4110.10,4113.90,283
2026-07-31,11:10,4113.80,4116.00,4113.10,4113.80,244
2026-07-31,11:15,4113.60,4115.00,4110.40,4112.80,238
2026-07-31,11:20,4112.90,4117.40,4112.30,4117.00,182
2026-07-31,11:25,4117.10,4117.20,4113.90,4115.00,207
2026-07-31,11:30,4114.90,4115.00,4109.70,4110.40,364
2026-07-31,11:35,4110.40,4112.00,4109.30,4109.50,223
2026-07-31,11:40,4109.60,4109.90,4106.70,4108.40,448
2026-07-31,11:45,4108.30,4109.60,4107.30,4108.50,149
2026-07-31,11:50,4108.50,4111.20,4108.30,4111.20,158
2026-07-31,11:55,4111.10,4111.60,4109.60,4110.00,315
2026-07-31,12:00,4110.30,4114.30,4108.80,4114.30,344
2026-07-31,12:05,4114.40,4115.40,4112.90,4113.50,401
2026-07-31,12:10,4113.70,4115.70,4111.60,4115.40,220
2026-07-31,12:15,4115.60,4115.70,4111.90,4113.10,388
2026-07-31,12:20,4113.10,4114.90,4106.00,4106.80,682
2026-07-31,12:25,4107.10,4108.50,4103.10,4103.50,766
2026-07-31,12:30,4103.40,4107.60,4100.30,4104.50,1839
2026-07-31,12:35,4104.00,4107.80,4100.00,4100.50,1299
2026-07-31,12:40,4100.80,4101.70,4098.50,4100.90,731
2026-07-31,12:45,4100.50,4101.80,4097.10,4097.70,727
2026-07-31,12:50,4097.70,4102.40,4096.70,4101.50,1144
2026-07-31,12:55,4101.30,4101.30,4096.40,4096.80,739
2026-07-31,13:00,4096.60,4098.90,4092.20,4095.60,1864
2026-07-31,13:05,4096.10,4096.10,4091.40,4092.40,821
2026-07-31,13:10,4092.80,4094.10,4090.50,4092.30,688
2026-07-31,13:15,4092.30,4094.50,4091.50,4094.00,402
2026-07-31,13:20,4093.60,4103.40,4091.80,4101.10,1874
2026-07-31,13:25,4101.60,4101.60,4096.50,4098.90,1048
2026-07-31,13:30,4098.50,4100.20,4091.20,4091.90,1937
2026-07-31,13:35,4091.50,4093.70,4082.80,4083.90,2875
2026-07-31,13:40,4083.70,4086.30,4078.30,4081.00,2239
2026-07-31,13:45,4081.10,4084.60,4077.60,4079.00,1211
2026-07-31,13:50,4078.90,4085.30,4078.10,4085.20,1148
2026-07-31,13:55,4084.60,4088.30,4080.80,4081.50,1084
2026-07-31,14:00,4080.80,4088.40,4080.70,4085.90,1380
2026-07-31,14:05,4085.90,4086.10,4076.40,4083.20,1461
2026-07-31,14:10,4083.30,4088.70,4081.70,4088.20,1089
2026-07-31,14:15,4088.30,4091.60,4086.00,4089.50,1173
2026-07-31,14:20,4089.70,4094.80,4088.50,4091.30,1078
2026-07-31,14:25,4091.70,4096.50,4091.60,4095.10,866
2026-07-31,14:30,4094.90,4097.00,4092.80,4096.80,591
2026-07-31,14:35,4096.50,4098.80,4095.70,4097.50,505
2026-07-31,14:40,4097.50,4099.30,4096.30,4097.60,554
2026-07-31,14:45,4097.70,4102.00,4097.10,4099.90,786
2026-07-31,14:50,4100.00,4105.30,4098.90,4102.50,1028
2026-07-31,14:55,4102.60,4106.90,4101.20,4105.60,719
2026-07-31,15:00,4105.80,4107.20,4101.00,4101.40,1773
2026-07-31,15:05,4101.50,4105.60,4100.80,4102.10,1006
2026-07-31,15:10,4102.30,4104.00,4099.20,4103.60,1037
2026-07-31,15:15,4103.30,4109.10,4098.60,4101.60,1638
2026-07-31,15:20,4101.80,4102.60,4098.30,4099.70,472
2026-07-31,15:25,4099.50,4101.00,4096.60,4097.30,551
2026-07-31,15:30,4097.30,4098.60,4093.00,4095.10,688
2026-07-31,15:35,4095.10,4099.60,4093.80,4098.30,571
2026-07-31,15:40,4098.60,4099.70,4096.80,4098.40,336
2026-07-31,15:45,4098.30,4099.10,4096.30,4096.50,310
2026-07-31,15:50,4096.60,4102.50,4096.10,4101.30,862
2026-07-31,15:55,4101.40,4103.00,4100.80,4101.80,329
2026-07-31,16:00,4101.80,4102.30,4099.60,4100.40,267
2026-07-31,16:05,4100.10,4100.70,4097.60,4100.10,169
2026-07-31,16:10,4100.20,4103.00,4100.00,4101.90,306
2026-07-31,16:15,4102.80,4102.90,4099.10,4101.20,235
2026-07-31,16:20,4101.30,4103.80,4101.10,4102.40,367
2026-07-31,16:25,4102.10,4104.60,4100.50,4103.60,585
2026-07-31,16:30,4103.70,4105.80,4103.20,4105.40,376
2026-07-31,16:35,4105.50,4106.00,4103.00,4103.00,278
2026-07-31,16:40,4103.00,4103.50,4097.20,4098.80,632
2026-07-31,16:45,4098.70,4100.80,4098.20,4100.00,267
2026-07-31,16:50,4100.40,4101.20,4099.20,4099.50,188
2026-07-31,16:55,4099.40,4099.90,4098.10,4099.30,232
2026-07-31,17:00,4099.20,4101.70,4098.30,4098.80,290
2026-07-31,17:05,4099.00,4100.50,4097.60,4098.00,240
2026-07-31,17:10,4098.00,4102.40,4097.30,4101.60,544
2026-07-31,17:15,4101.60,4103.10,4100.90,4102.80,318
2026-07-31,17:20,4102.70,4104.70,4101.10,4103.90,552
2026-07-31,17:25,4103.70,4109.80,4101.10,4106.60,2375
2026-07-31,17:30,4106.80,4109.80,4104.30,4104.30,1160
2026-07-31,17:35,4104.40,4107.70,4103.80,4106.50,442
2026-07-31,17:40,4106.70,4108.40,4106.10,4108.00,362
2026-07-31,17:45,4108.00,4110.80,4106.30,4108.50,724
2026-07-31,17:50,4108.50,4111.00,4108.30,4109.10,245
2026-07-31,17:55,4109.00,4110.30,4108.50,4109.80,195
2026-07-31,18:00,4110.00,4111.30,4108.10,4108.60,228
2026-07-31,18:05,4108.00,4108.50,4105.80,4107.40,307
2026-07-31,18:10,4107.40,4107.40,4102.90,4104.10,562
2026-07-31,18:15,4103.90,4106.70,4103.60,4105.70,262
2026-07-31,18:20,4105.90,4107.80,4105.40,4107.20,233
2026-07-31,18:25,4107.20,4107.90,4106.10,4107.10,184
2026-07-31,18:30,4107.00,4107.40,4105.00,4105.40,139
2026-07-31,18:35,4105.00,4107.80,4103.90,4106.90,232
2026-07-31,18:40,4106.70,4107.70,4105.30,4105.60,275
2026-07-31,18:45,4105.40,4106.10,4104.10,4106.10,167
2026-07-31,18:50,4106.10,4107.50,4105.90,4106.20,157
2026-07-31,18:55,4106.20,4107.10,4105.40,4106.60,146
2026-07-31,19:00,4106.80,4109.00,4104.60,4105.30,411
2026-07-31,19:05,4105.10,4105.70,4104.10,4105.50,166
2026-07-31,19:10,4105.50,4106.20,4102.60,4104.20,161
2026-07-31,19:15,4104.20,4105.10,4103.20,4104.90,346
2026-07-31,19:20,4104.80,4105.70,4103.90,4105.10,151
2026-07-31,19:25,4105.30,4106.60,4105.00,4106.40,93
2026-07-31,19:30,4106.40,4107.60,4104.90,4106.20,295
2026-07-31,19:35,4106.40,4107.50,4105.70,4105.90,130
2026-07-31,19:40,4105.70,4110.70,4105.60,4109.90,338
2026-07-31,19:45,4109.90,4111.90,4109.30,4111.10,266
2026-07-31,19:50,4110.80,4110.80,4107.10,4107.40,376
2026-07-31,19:55,4107.50,4109.10,4106.40,4107.70,682
2026-07-31,20:00,4107.60,4108.40,4105.20,4105.40,261
2026-07-31,20:05,4105.10,4105.20,4101.90,4103.70,331
2026-07-31,20:10,4103.10,4104.60,4103.00,4104.40,98
2026-07-31,20:15,4104.40,4104.90,4103.00,4104.60,105
2026-07-31,20:20,4104.50,4105.30,4103.90,4104.70,91
2026-07-31,20:25,4104.60,4104.60,4103.10,4104.40,62
2026-07-31,20:30,4104.30,4107.50,4103.60,4106.60,190
2026-07-31,20:35,4107.50,4109.20,4107.00,4107.10,128
2026-07-31,20:40,4107.30,4108.60,4107.00,4107.30,63
2026-07-31,20:45,4107.70,4108.60,4107.00,4107.70,135
2026-07-31,20:50,4107.40,4108.50,4100.90,4103.50,502
2026-07-31,20:55,4102.50,4107.00,4097.40,4107.00,547
2026-08-02,22:10,4131.10,4135.80,4130.70,4133.30,411
2026-08-02,22:15,4133.00,4134.20,4124.00,4125.30,433
2026-08-02,22:20,4125.90,4126.70,4120.60,4121.90,260
2026-08-02,22:25,4122.00,4123.80,4120.40,4122.70,311
2026-08-02,22:30,4122.70,4124.90,4120.50,4120.60,327
2026-08-02,22:35,4121.10,4124.10,4120.50,4122.10,180
2026-08-02,22:40,4122.00,4124.30,4121.70,4123.10,116
2026-08-02,22:45,4123.40,4123.60,4120.70,4120.90,247
2026-08-02,22:50,4121.40,4122.30,4119.90,4120.60,136
2026-08-02,22:55,4121.40,4122.00,4119.50,4119.90,111
2026-08-02,23:00,4120.00,4121.90,4119.40,4121.60,233
2026-08-02,23:05,4121.20,4121.60,4119.80,4120.70,70
2026-08-02,23:10,4120.00,4123.40,4119.00,4122.40,132
2026-08-02,23:15,4122.30,4127.70,4122.10,4127.40,224
2026-08-02,23:20,4127.80,4128.20,4123.50,4126.90,102
2026-08-02,23:25,4127.00,4128.40,4126.50,4127.90,71
2026-08-02,23:30,4127.80,4128.20,4125.40,4126.00,66
2026-08-02,23:35,4125.50,4126.80,4125.40,4125.50,28
2026-08-02,23:40,4125.40,4125.60,4123.70,4125.40,52
2026-08-02,23:45,4125.40,4128.20,4123.80,4124.80,278
2026-08-02,23:50,4124.40,4129.50,4124.00,4128.10,185
2026-08-02,23:55,4127.80,4130.50,4127.40,4130.40,196
2026-08-03,00:00,4130.50,4134.70,4130.50,4133.40,433
2026-08-03,00:05,4133.30,4134.20,4128.40,4128.40,184
2026-08-03,00:10,4128.80,4129.10,4125.60,4127.90,102
2026-08-03,00:15,4127.90,4128.50,4125.50,4125.90,98
2026-08-03,00:20,4125.90,4125.90,4122.00,4122.40,218
2026-08-03,00:25,4122.40,4123.00,4117.00,4119.60,498
2026-08-03,00:30,4119.80,4125.40,4118.40,4120.20,279
2026-08-03,00:35,4120.20,4120.60,4114.90,4115.50,381
2026-08-03,00:40,4115.20,4116.70,4112.40,4113.70,434
2026-08-03,00:45,4113.80,4116.00,4111.80,4114.10,280
2026-08-03,00:50,4113.40,4116.40,4113.00,4114.30,125
2026-08-03,00:55,4114.10,4115.30,4111.10,4112.80,286
2026-08-03,01:00,4112.90,4119.00,4107.40,4113.50,677
2026-08-03,01:05,4114.30,4116.90,4112.00,4115.00,369
2026-08-03,01:10,4115.60,4116.10,4106.30,4107.80,387
2026-08-03,01:15,4108.40,4109.20,4102.70,4104.30,472
2026-08-03,01:20,4104.70,4109.40,4104.70,4109.30,167
2026-08-03,01:25,4109.10,4110.40,4107.50,4108.20,256
2026-08-03,01:30,4108.40,4109.30,4105.50,4108.90,249
2026-08-03,01:35,4108.90,4112.80,4108.00,4108.60,346
2026-08-03,01:40,4108.90,4110.00,4103.00,4106.80,285
2026-08-03,01:45,4106.90,4110.90,4105.80,4109.20,195
2026-08-03,01:50,4108.80,4110.90,4106.00,4106.70,218
2026-08-03,01:55,4106.80,4113.40,4105.70,4112.70,381
2026-08-03,02:00,4112.70,4116.70,4112.70,4115.90,251
2026-08-03,02:05,4115.20,4116.30,4111.80,4111.90,177
2026-08-03,02:10,4112.00,4112.50,4109.00,4111.60,144
2026-08-03,02:15,4111.20,4116.40,4107.80,4116.00,267
2026-08-03,02:20,4116.50,4116.50,4110.40,4110.90,160
2026-08-03,02:25,4111.00,4114.30,4110.30,4113.60,210
2026-08-03,02:30,4113.90,4114.90,4109.30,4111.30,321
2026-08-03,02:35,4111.20,4114.30,4108.00,4113.60,174
2026-08-03,02:40,4114.40,4116.20,4113.00,4115.50,254
2026-08-03,02:45,4115.20,4122.30,4114.10,4118.80,444
2026-08-03,02:50,4119.30,4120.70,4117.90,4117.90,150
2026-08-03,02:55,4117.90,4119.80,4116.10,4117.80,182
2026-08-03,03:00,4117.60,4119.20,4116.20,4117.60,122
2026-08-03,03:05,4117.90,4120.90,4117.50,4119.70,167
2026-08-03,03:10,4120.00,4120.40,4118.60,4119.50,71
2026-08-03,03:15,4119.50,4122.90,4118.30,4122.60,279
2026-08-03,03:20,4123.20,4123.20,4117.00,4118.50,271
2026-08-03,03:25,4118.10,4120.40,4116.90,4119.00,309
2026-08-03,03:30,4119.30,4120.20,4118.00,4118.40,74
2026-08-03,03:35,4118.60,4120.30,4116.40,4118.30,120
2026-08-03,03:40,4118.60,4118.70,4115.50,4115.70,99
2026-08-03,03:45,4115.90,4116.90,4114.20,4116.30,117
2026-08-03,03:50,4116.90,4121.50,4116.90,4121.40,155
2026-08-03,03:55,4121.10,4122.10,4119.50,4120.00,52
2026-08-03,04:00,4120.40,4121.90,4119.40,4121.70,219
2026-08-03,04:05,4121.90,4123.40,4120.30,4120.50,152
2026-08-03,04:10,4120.80,4121.60,4120.70,4121.60,50
2026-08-03,04:15,4121.70,4125.30,4121.20,4124.80,452
2026-08-03,04:20,4124.50,4126.20,4124.00,4124.00,111
2026-08-03,04:25,4124.50,4125.00,4123.00,4123.60,102
2026-08-03,04:30,4123.50,4126.50,4123.50,4126.00,100
2026-08-03,04:35,4126.20,4126.50,4123.90,4125.40,82
2026-08-03,04:40,4125.10,4125.80,4124.50,4125.80,61
2026-08-03,04:45,4126.00,4127.20,4124.20,4126.30,98
2026-08-03,04:50,4126.50,4127.10,4123.00,4123.00,88
2026-08-03,04:55,4123.40,4123.50,4119.20,4119.20,188
2026-08-03,05:00,4119.00,4120.40,4117.60,4117.90,236
2026-08-03,05:05,4117.60,4118.30,4116.00,4116.40,161
2026-08-03,05:10,4116.00,4116.00,4111.80,4112.70,226
2026-08-03,05:15,4112.30,4113.10,4109.10,4111.60,188
2026-08-03,05:20,4111.70,4114.50,4111.30,4114.50,219
2026-08-03,05:25,4113.90,4117.90,4113.80,4115.50,121
2026-08-03,05:30,4115.30,4115.70,4111.00,4111.80,203
2026-08-03,05:35,4111.30,4115.10,4110.30,4112.30,219
2026-08-03,05:40,4112.30,4119.70,4111.30,4118.50,433
2026-08-03,05:45,4118.50,4118.80,4113.90,4115.40,282
2026-08-03,05:50,4114.90,4120.50,4114.90,4120.10,201
2026-08-03,05:55,4120.50,4125.20,4119.70,4124.20,341
2026-08-03,06:00,4124.30,4126.40,4122.60,4123.20,551
2026-08-03,06:05,4123.40,4125.90,4121.80,4122.90,334
2026-08-03,06:10,4123.20,4123.30,4121.20,4121.20,99
2026-08-03,06:15,4121.50,4125.20,4120.90,4124.80,158
2026-08-03,06:20,4124.70,4127.30,4122.90,4126.00,399
2026-08-03,06:25,4126.20,4126.70,4121.50,4123.60,256
2026-08-03,06:30,4123.50,4124.10,4115.70,4115.80,500
2026-08-03,06:35,4116.00,4122.70,4115.90,4121.40,455
2026-08-03,06:40,4121.40,4121.60,4119.60,4120.90,82
2026-08-03,06:45,4120.50,4122.20,4118.60,4118.80,265
2026-08-03,06:50,4118.40,4120.40,4117.80,4119.20,176
2026-08-03,06:55,4119.10,4121.50,4118.20,4118.90,167
2026-08-03,07:00,4119.00,4120.50,4114.80,4116.60,339
2026-08-03,07:05,4116.20,4119.00,4115.00,4118.30,158
2026-08-03,07:10,4117.90,4119.70,4116.60,4116.90,170
2026-08-03,07:15,4116.50,4117.30,4108.40,4110.20,740
2026-08-03,07:20,4110.10,4111.50,4107.30,4111.40,597
2026-08-03,07:25,4111.50,4114.50,4111.10,4114.20,257
2026-08-03,07:30,4113.90,4115.80,4113.00,4115.20,120
2026-08-03,07:35,4115.20,4116.80,4112.00,4115.20,214
2026-08-03,07:40,4114.80,4115.10,4113.60,4115.10,160
2026-08-03,07:45,4115.10,4116.60,4113.60,4114.70,170
2026-08-03,07:50,4114.80,4119.00,4114.20,4118.20,340
2026-08-03,07:55,4118.20,4119.00,4116.70,4117.10,142
2026-08-03,08:00,4117.00,4117.40,4114.20,4116.30,195
2026-08-03,08:05,4116.50,4117.00,4115.20,4116.50,108
2026-08-03,08:10,4116.00,4117.70,4115.40,4117.50,115
2026-08-03,08:15,4117.40,4118.00,4112.50,4113.60,142
2026-08-03,08:20,4113.50,4114.90,4113.20,4114.00,89
2026-08-03,08:25,4114.40,4115.70,4110.00,4111.30,308
2026-08-03,08:30,4111.30,4113.70,4110.40,4112.10,287
2026-08-03,08:35,4111.30,4116.10,4110.90,4115.40,328
2026-08-03,08:40,4115.30,4115.70,4113.70,4114.00,118
2026-08-03,08:45,4113.80,4115.60,4113.40,4115.60,100
2026-08-03,08:50,4115.20,4115.70,4113.50,4114.90,64
2026-08-03,08:55,4114.90,4116.70,4114.50,4115.00,238
2026-08-03,09:00,4115.30,4116.00,4113.40,4113.60,74
2026-08-03,09:05,4112.80,4115.20,4112.80,4115.10,266
2026-08-03,09:10,4115.60,4117.70,4115.20,4117.30,85
2026-08-03,09:15,4116.90,4116.90,4113.80,4114.90,146
2026-08-03,09:20,4114.30,4114.60,4108.40,4110.90,385
2026-08-03,09:25,4111.10,4112.00,4108.00,4108.40,220
2026-08-03,09:30,4108.50,4109.10,4102.30,4103.10,1536
2026-08-03,09:35,4103.30,4109.10,4102.90,4108.70,561
2026-08-03,09:40,4108.70,4111.00,4107.80,4109.70,485
2026-08-03,09:45,4109.60,4113.00,4109.60,4112.10,428
2026-08-03,09:50,4112.20,4114.40,4112.20,4113.20,256
2026-08-03,09:55,4112.70,4114.10,4110.80,4111.60,164
2026-08-03,10:00,4111.60,4113.00,4109.40,4110.90,201
2026-08-03,10:05,4111.20,4111.70,4109.60,4110.20,99
2026-08-03,10:10,4110.60,4113.50,4110.50,4112.40,112
2026-08-03,10:15,4112.50,4113.60,4110.30,4111.20,91
2026-08-03,10:20,4111.40,4111.60,4109.00,4109.60,176
2026-08-03,10:25,4109.80,4111.10,4108.30,4110.00,119
2026-08-03,10:30,4110.00,4110.10,4106.30,4108.00,219
2026-08-03,10:35,4107.70,4108.80,4107.50,4108.50,141
2026-08-03,10:40,4108.60,4108.60,4105.10,4105.50,261
2026-08-03,10:45,4105.30,4107.40,4104.70,4104.90,174
2026-08-03,10:50,4104.90,4105.20,4101.90,4104.60,239
2026-08-03,10:55,4104.60,4105.70,4102.60,4105.40,161
2026-08-03,11:00,4105.70,4108.50,4103.20,4108.50,365
2026-08-03,11:05,4108.10,4109.20,4105.60,4106.60,111
2026-08-03,11:10,4106.80,4106.90,4104.20,4106.10,135
2026-08-03,11:15,4106.00,4106.00,4103.20,4104.00,77
2026-08-03,11:20,4104.10,4104.50,4101.70,4103.80,168
2026-08-03,11:25,4103.60,4106.40,4103.20,4104.70,143
2026-08-03,11:30,4104.50,4107.50,4104.00,4106.90,229
2026-08-03,11:35,4107.30,4108.20,4105.80,4107.80,238
2026-08-03,11:40,4107.50,4111.30,4107.40,4110.00,217
2026-08-03,11:45,4110.10,4117.50,4108.90,4117.50,498
2026-08-03,11:50,4117.30,4119.40,4115.60,4117.60,612
2026-08-03,11:55,4117.50,4118.90,4116.20,4118.90,186
2026-08-03,12:00,4119.00,4121.10,4115.90,4117.30,558
2026-08-03,12:05,4117.20,4117.70,4114.70,4116.20,207
2026-08-03,12:10,4116.00,4116.40,4110.80,4112.20,341
2026-08-03,12:15,4112.10,4112.50,4107.00,4107.50,335
2026-08-03,12:20,4107.00,4110.00,4104.60,4108.70,850
2026-08-03,12:25,4108.60,4109.40,4106.50,4107.00,381
2026-08-03,12:30,4107.20,4109.00,4104.30,4108.30,578
2026-08-03,12:35,4107.90,4108.00,4101.80,4103.40,369
2026-08-03,12:40,4103.50,4103.60,4098.10,4100.80,707
2026-08-03,12:45,4100.80,4102.40,4099.50,4099.70,339
2026-08-03,12:50,4099.70,4102.40,4099.00,4101.40,189
2026-08-03,12:55,4101.30,4104.70,4101.10,4103.40,345
2026-08-03,13:00,4103.60,4109.80,4096.40,4097.60,1460
2026-08-03,13:05,4097.40,4101.80,4097.10,4099.50,509
2026-08-03,13:10,4099.50,4100.40,4093.60,4094.00,721
2026-08-03,13:15,4094.00,4095.90,4090.20,4091.70,1760
2026-08-03,13:20,4091.70,4092.70,4088.00,4089.90,1055
2026-08-03,13:25,4089.50,4090.70,4086.50,4089.50,734
2026-08-03,13:30,4089.60,4091.00,4084.80,4086.30,1358
2026-08-03,13:35,4086.50,4087.20,4074.00,4081.50,2937
2026-08-03,13:40,4081.20,4088.80,4079.50,4086.90,1461
2026-08-03,13:45,4087.20,4090.40,4083.40,4084.60,1117
2026-08-03,13:50,4084.20,4088.00,4083.30,4085.50,823
2026-08-03,13:55,4085.30,4088.90,4083.50,4087.20,571
2026-08-03,14:00,4086.60,4091.40,4082.30,4084.20,1831
2026-08-03,14:05,4084.50,4087.50,4082.40,4082.50,453
2026-08-03,14:10,4082.50,4089.50,4081.60,4088.40,1141
2026-08-03,14:15,4088.10,4090.10,4086.30,4086.60,532
2026-08-03,14:20,4086.30,4091.10,4085.00,4088.80,593
2026-08-03,14:25,4088.90,4091.40,4087.60,4087.60,673
2026-08-03,14:30,4087.60,4090.70,4087.10,4090.30,551
2026-08-03,14:35,4090.60,4093.10,4088.10,4088.50,513
2026-08-03,14:40,4088.30,4093.40,4087.30,4091.70,522
2026-08-03,14:45,4091.80,4092.10,4089.30,4091.00,342
2026-08-03,14:50,4090.90,4092.30,4089.00,4090.70,766
2026-08-03,14:55,4091.10,4094.90,4091.10,4091.60,516
2026-08-03,15:00,4091.70,4092.00,4086.80,4087.60,502
2026-08-03,15:05,4087.30,4092.40,4085.50,4089.80,641
2026-08-03,15:10,4089.90,4090.70,4087.40,4088.30,258
2026-08-03,15:15,4088.50,4092.80,4088.50,4091.80,370
2026-08-03,15:20,4092.00,4093.60,4091.20,4092.80,405
2026-08-03,15:25,4092.20,4093.10,4085.80,4087.90,850
2026-08-03,15:30,4088.00,4089.90,4086.10,4088.60,320
2026-08-03,15:35,4088.50,4092.40,4088.30,4092.00,575
2026-08-03,15:40,4092.30,4094.60,4091.80,4092.10,464
2026-08-03,15:45,4092.30,4096.40,4092.00,4093.20,675
2026-08-03,15:50,4092.90,4095.50,4092.80,4093.50,327
2026-08-03,15:55,4093.60,4093.60,4091.00,4091.60,267
2026-08-03,16:00,4091.60,4092.90,4090.60,4091.90,316
2026-08-03,16:05,4091.80,4092.00,4089.90,4090.70,191
2026-08-03,16:10,4090.70,4091.80,4090.50,4091.80,202
2026-08-03,16:15,4091.40,4093.00,4090.50,4091.20,307
2026-08-03,16:20,4091.50,4093.50,4090.30,4093.50,223
2026-08-03,16:25,4093.30,4094.10,4091.90,4092.50,244
2026-08-03,16:30,4092.50,4093.40,4091.20,4093.20,148
2026-08-03,16:35,4093.10,4094.40,4091.80,4092.30,293
2026-08-03,16:40,4092.50,4094.80,4092.50,4094.30,253
2026-08-03,16:45,4094.50,4094.50,4092.80,4093.00,150
2026-08-03,16:50,4092.80,4093.60,4091.30,4091.80,181
2026-08-03,16:55,4091.70,4093.40,4091.50,4092.40,241
2026-08-03,17:00,4092.70,4093.20,4088.70,4089.60,279
2026-08-03,17:05,4089.50,4090.60,4089.30,4090.40,130
2026-08-03,17:10,4090.30,4090.40,4089.30,4089.80,176
2026-08-03,17:15,4089.70,4093.50,4089.70,4091.90,366
2026-08-03,17:20,4092.20,4092.20,4089.60,4090.60,424
2026-08-03,17:25,4090.90,4092.10,4089.40,4090.00,941
2026-08-03,17:30,4090.10,4091.00,4089.70,4090.70,218
2026-08-03,17:35,4090.70,4092.70,4090.30,4092.10,278
2026-08-03,17:40,4092.20,4092.30,4091.00,4091.90,218
2026-08-03,17:45,4091.80,4092.30,4089.90,4090.00,151
2026-08-03,17:50,4089.90,4090.00,4086.20,4086.50,416
2026-08-03,17:55,4086.70,4087.10,4085.90,4086.40,167
2026-08-03,18:00,4086.40,4088.00,4085.40,4087.40,355
2026-08-03,18:05,4087.80,4092.60,4087.70,4092.30,348
2026-08-03,18:10,4092.50,4094.30,4090.50,4090.70,379
2026-08-03,18:15,4090.80,4094.90,4090.60,4093.40,581
2026-08-03,18:20,4093.60,4094.50,4092.40,4093.00,307
2026-08-03,18:25,4092.90,4094.10,4092.10,4093.90,134
2026-08-03,18:30,4093.70,4094.30,4092.40,4092.90,145
2026-08-03,18:35,4093.00,4094.40,4092.90,4093.60,128
2026-08-03,18:40,4093.60,4097.40,4093.30,4097.40,275
2026-08-03,18:45,4097.20,4098.70,4096.30,4098.50,371
2026-08-03,18:50,4098.20,4100.00,4097.80,4099.80,197
2026-08-03,18:55,4099.90,4101.00,4098.80,4099.60,345
2026-08-03,19:00,4099.50,4104.30,4099.50,4103.90,410
2026-08-03,19:05,4103.90,4105.50,4101.30,4102.00,699
2026-08-03,19:10,4101.80,4103.90,4101.20,4101.90,189
2026-08-03,19:15,4102.20,4104.90,4102.10,4103.70,256
2026-08-03,19:20,4104.00,4109.00,4104.00,4108.80,423
2026-08-03,19:25,4108.90,4110.20,4107.90,4108.80,400
2026-08-03,19:30,4108.90,4111.50,4107.70,4109.00,414
2026-08-03,19:35,4109.00,4110.80,4108.90,4110.00,267
2026-08-03,19:40,4109.90,4110.70,4108.70,4110.00,168
2026-08-03,19:45,4109.90,4111.60,4108.60,4110.60,195
2026-08-03,19:50,4110.90,4112.00,4109.70,4110.50,304
2026-08-03,19:55,4110.30,4110.40,4107.70,4108.20,628
2026-08-03,20:00,4108.30,4108.40,4106.20,4107.50,258
2026-08-03,20:05,4107.70,4108.10,4107.00,4107.50,64
2026-08-03,20:10,4107.70,4108.90,4106.60,4108.80,73
2026-08-03,20:15,4108.40,4108.50,4107.40,4107.50,36
2026-08-03,20:20,4107.80,4110.80,4107.30,4110.10,59
2026-08-03,20:25,4110.50,4111.90,4109.60,4110.20,208
2026-08-03,20:30,4110.60,4115.00,4110.00,4113.40,252
2026-08-03,20:35,4113.90,4114.10,4113.10,4113.60,74
2026-08-03,20:40,4113.40,4113.60,4112.40,4112.40,53
2026-08-03,20:45,4112.50,4113.10,4112.20,4112.60,278
2026-08-03,20:50,4112.70,4113.50,4110.60,4111.20,305
2026-08-03,20:55,4111.20,4112.30,4110.80,4110.90,87
2026-08-03,22:00,4109.60,4110.30,4106.30,4106.90,0
2026-08-03,22:05,4107.00,4107.90,4104.60,4106.00,215
2026-08-03,22:10,4106.10,4107.70,4105.60,4107.00,33
2026-08-03,22:15,4106.80,4107.50,4106.50,4106.70,46
2026-08-03,22:20,4106.30,4108.20,4106.30,4107.50,28
2026-08-03,22:25,4107.30,4107.50,4106.30,4107.50,41
2026-08-03,22:30,4107.80,4109.20,4107.00,4109.20,45
2026-08-03,22:35,4108.60,4109.10,4107.90,4108.80,54
2026-08-03,22:40,4108.60,4108.90,4108.10,4108.40,26
2026-08-03,22:45,4108.60,4108.90,4107.70,4107.80,44
2026-08-03,22:50,4107.60,4108.10,4106.80,4107.30,82
2026-08-03,22:55,4107.40,4109.60,4107.40,4108.60,85
2026-08-03,23:00,4108.60,4109.60,4107.10,4107.20,129
2026-08-03,23:05,4108.60,4110.80,4107.60,4107.80,366
2026-08-03,23:10,4107.60,4107.60,4105.50,4107.10,185
2026-08-03,23:15,4107.00,4108.40,4106.20,4108.20,127
2026-08-03,23:20,4108.20,4110.60,4106.60,4108.30,453
2026-08-03,23:25,4108.30,4108.40,4106.90,4107.30,83
2026-08-03,23:30,4107.40,4107.70,4106.60,4107.60,32
2026-08-03,23:35,4107.20,4108.50,4106.90,4108.00,27
2026-08-03,23:40,4107.40,4108.40,4107.10,4108.10,11
2026-08-03,23:45,4108.20,4109.60,4107.10,4107.50,208
2026-08-03,23:50,4107.50,4108.40,4107.00,4108.10,217
2026-08-03,23:55,4108.30,4109.30,4108.30,4109.30,34
2026-08-04,00:00,4109.20,4119.40,4108.70,4115.30,751
2026-08-04,00:05,4115.20,4123.00,4115.00,4122.70,346
2026-08-04,00:10,4123.20,4125.10,4118.80,4119.20,487
2026-08-04,00:15,4119.10,4120.30,4117.60,4118.30,91
2026-08-04,00:20,4118.00,4119.10,4113.70,4115.10,204
2026-08-04,00:25,4114.80,4116.70,4113.90,4114.60,86
2026-08-04,00:30,4114.90,4116.30,4113.40,4115.20,118
2026-08-04,00:35,4115.80,4115.80,4112.40,4114.00,170
2026-08-04,00:40,4114.00,4114.00,4110.90,4111.60,120
2026-08-04,00:45,4112.40,4113.40,4110.60,4112.70,302
2026-08-04,00:50,4112.30,4113.80,4109.50,4111.20,496
2026-08-04,00:55,4111.00,4111.00,4104.10,4104.90,302
2026-08-04,01:00,4104.80,4106.20,4101.00,4102.20,893
2026-08-04,01:05,4102.10,4102.30,4098.20,4100.00,246
2026-08-04,01:10,4100.20,4103.90,4098.50,4102.70,283
2026-08-04,01:15,4103.60,4106.40,4103.30,4105.90,128
2026-08-04,01:20,4105.50,4106.30,4103.30,4104.30,226
2026-08-04,01:25,4104.50,4108.00,4104.00,4104.70,260
2026-08-04,01:30,4105.00,4107.00,4104.00,4104.30,189
2026-08-04,01:35,4104.60,4111.20,4104.30,4108.10,314
2026-08-04,01:40,4108.00,4116.00,4107.90,4114.60,448
2026-08-04,01:45,4114.70,4116.40,4113.00,4113.60,249
2026-08-04,01:50,4112.90,4117.60,4112.60,4115.70,209
2026-08-04,01:55,4115.90,4117.10,4114.00,4114.80,145
2026-08-04,02:00,4114.80,4116.80,4112.30,4112.60,230
2026-08-04,02:05,4112.50,4113.10,4111.10,4112.60,117
2026-08-04,02:10,4112.30,4114.60,4111.40,4113.90,96
2026-08-04,02:15,4113.60,4115.00,4113.10,4114.60,77
2026-08-04,02:20,4114.30,4115.40,4112.60,4112.90,156
2026-08-04,02:25,4112.80,4113.50,4111.30,4112.20,198
2026-08-04,02:30,4112.20,4115.60,4111.10,4113.30,254
2026-08-04,02:35,4113.20,4120.60,4113.20,4119.20,354
2026-08-04,02:40,4119.40,4119.50,4115.90,4117.90,176
2026-08-04,02:45,4117.90,4118.20,4116.00,4116.40,143
2026-08-04,02:50,4116.30,4117.40,4115.60,4115.60,106
2026-08-04,02:55,4115.60,4116.90,4113.70,4114.60,111
2026-08-04,03:00,4114.30,4116.30,4113.30,4113.30,85
2026-08-04,03:05,4113.20,4114.30,4112.00,4113.70,110
2026-08-04,03:10,4114.00,4116.30,4113.00,4113.70,99
2026-08-04,03:15,4113.70,4116.60,4113.70,4115.60,130
2026-08-04,03:20,4115.90,4117.50,4114.20,4115.40,163
2026-08-04,03:25,4115.10,4115.10,4113.40,4113.70,137
2026-08-04,03:30,4113.50,4114.20,4111.10,4113.90,280
2026-08-04,03:35,4113.50,4114.00,4111.40,4111.50,119
2026-08-04,03:40,4111.60,4111.60,4107.70,4107.90,254
2026-08-04,03:45,4108.30,4109.70,4107.60,4109.20,156
2026-08-04,03:50,4109.50,4110.80,4109.50,4110.40,66
2026-08-04,03:55,4110.40,4110.50,4108.00,4108.20,152
2026-08-04,04:00,4107.40,4108.40,4106.40,4107.70,244
2026-08-04,04:05,4107.50,4109.30,4107.00,4109.20,155
2026-08-04,04:10,4109.80,4112.30,4109.30,4111.90,193
2026-08-04,04:15,4112.10,4114.80,4112.00,4112.30,577
2026-08-04,04:20,4112.10,4113.40,4111.30,4112.80,138
2026-08-04,04:25,4113.10,4117.00,4112.90,4116.70,290
2026-08-04,04:30,4116.80,4119.70,4116.00,4118.30,371
2026-08-04,04:35,4118.30,4118.70,4117.30,4118.60,141
2026-08-04,04:40,4118.70,4119.40,4117.60,4118.10,173
2026-08-04,04:45,4118.00,4121.90,4117.90,4120.40,244
2026-08-04,04:50,4120.60,4120.90,4118.80,4119.90,223
2026-08-04,04:55,4119.80,4121.20,4118.30,4119.30,223
2026-08-04,05:00,4119.20,4120.40,4117.40,4117.40,182
2026-08-04,05:05,4117.70,4118.50,4115.90,4116.20,195
2026-08-04,05:10,4116.10,4116.30,4112.70,4113.50,189
2026-08-04,05:15,4113.50,4117.40,4113.00,4117.40,204
2026-08-04,05:20,4117.40,4119.40,4116.80,4118.90,159
2026-08-04,05:25,4119.30,4119.70,4118.30,4119.30,117
2026-08-04,05:30,4119.50,4123.70,4117.80,4117.90,682
2026-08-04,05:35,4118.10,4118.30,4115.50,4116.90,209
2026-08-04,05:40,4116.20,4118.90,4115.00,4118.60,294
2026-08-04,05:45,4118.40,4120.10,4116.60,4117.10,236
2026-08-04,05:50,4116.90,4117.70,4114.20,4114.90,292
2026-08-04,05:55,4115.10,4119.10,4114.10,4117.30,368
2026-08-04,06:00,4117.90,4121.80,4117.80,4121.40,347
2026-08-04,06:05,4120.30,4122.10,4119.30,4119.60,170
2026-08-04,06:10,4120.30,4121.40,4118.60,4120.40,142
2026-08-04,06:15,4120.10,4120.50,4117.50,4118.20,87
2026-08-04,06:20,4117.90,4120.80,4117.70,4118.80,181
2026-08-04,06:25,4119.00,4119.60,4115.20,4115.60,206
2026-08-04,06:30,4115.60,4115.60,4112.40,4112.60,351
2026-08-04,06:35,4112.60,4113.20,4111.40,4112.70,171
2026-08-04,06:40,4112.70,4115.70,4112.70,4115.60,180
2026-08-04,06:45,4115.70,4118.50,4115.70,4117.70,261
2026-08-04,06:50,4117.70,4118.60,4115.40,4116.20,175
2026-08-04,06:55,4116.20,4119.70,4114.70,4119.30,205
2026-08-04,07:00,4119.50,4121.30,4118.00,4120.50,278
2026-08-04,07:05,4120.70,4121.80,4119.90,4120.40,376
2026-08-04,07:10,4120.30,4121.50,4116.60,4116.60,248
2026-08-04,07:15,4116.90,4121.50,4116.70,4119.50,330
2026-08-04,07:20,4119.50,4121.60,4118.80,4121.60,175
2026-08-04,07:25,4121.60,4121.80,4118.60,4119.00,217
2026-08-04,07:30,4119.00,4122.80,4119.00,4120.80,255
2026-08-04,07:35,4120.80,4122.90,4117.50,4119.10,532
2026-08-04,07:40,4119.30,4121.00,4118.50,4119.20,79
2026-08-04,07:45,4118.90,4120.90,4118.20,4120.20,124
2026-08-04,07:50,4119.90,4122.40,4119.90,4121.10,224
2026-08-04,07:55,4121.20,4121.80,4120.00,4121.80,88
2026-08-04,08:00,4121.90,4129.60,4120.70,4126.20,1259
2026-08-04,08:05,4126.20,4127.30,4125.10,4126.00,493
2026-08-04,08:10,4125.30,4127.30,4124.20,4124.20,389
2026-08-04,08:15,4124.30,4124.90,4122.70,4123.20,171
2026-08-04,08:20,4123.10,4123.50,4117.80,4119.00,337
2026-08-04,08:25,4119.00,4119.50,4116.30,4119.50,189
2026-08-04,08:30,4119.20,4120.50,4116.80,4118.70,193
2026-08-04,08:35,4118.70,4120.40,4114.50,4115.10,424
2026-08-04,08:40,4115.10,4116.00,4114.40,4115.20,171
2026-08-04,08:45,4115.10,4115.30,4111.60,4112.10,262
2026-08-04,08:50,4112.00,4113.30,4111.00,4112.00,194
2026-08-04,08:55,4111.80,4112.20,4110.10,4110.80,111
2026-08-04,09:00,4110.50,4111.20,4108.70,4108.90,249
2026-08-04,09:05,4109.20,4109.20,4106.30,4107.00,275
2026-08-04,09:10,4106.60,4107.00,4104.10,4106.50,356
2026-08-04,09:15,4106.20,4107.80,4105.50,4106.40,189
2026-08-04,09:20,4106.40,4107.80,4104.70,4106.20,248
2026-08-04,09:25,4106.10,4107.40,4105.20,4105.90,400
2026-08-04,09:30,4106.20,4107.20,4104.70,4105.40,641
2026-08-04,09:35,4105.50,4105.50,4102.00,4103.40,202
2026-08-04,09:40,4103.50,4106.10,4103.50,4106.10,206
2026-08-04,09:45,4106.00,4106.90,4103.80,4106.10,349
2026-08-04,09:50,4105.60,4106.10,4103.50,4103.90,99
2026-08-04,09:55,4104.20,4105.60,4103.00,4105.10,91
2026-08-04,10:00,4105.70,4105.70,4104.00,4105.60,88
2026-08-04,10:05,4105.50,4106.00,4102.90,4103.20,100
2026-08-04,10:10,4102.80,4105.00,4102.70,4105.00,135
2026-08-04,10:15,4104.60,4105.60,4101.40,4103.80,319
2026-08-04,10:20,4103.70,4105.00,4103.00,4104.00,111
2026-08-04,10:25,4104.20,4105.50,4103.50,4104.60,61
2026-08-04,10:30,4105.00,4107.20,4104.80,4106.00,159
2026-08-04,10:35,4105.80,4106.20,4104.60,4104.60,55
2026-08-04,10:40,4104.70,4109.90,4102.00,4108.40,634
2026-08-04,10:45,4108.20,4116.40,4108.10,4114.30,1188
2026-08-04,10:50,4113.70,4114.00,4108.90,4110.90,239
2026-08-04,10:55,4110.50,4111.90,4108.90,4109.80,91
2026-08-04,11:00,4109.40,4111.50,4108.30,4110.90,194
2026-08-04,11:05,4110.50,4111.40,4108.10,4111.10,146
2026-08-04,11:10,4110.70,4114.90,4109.80,4112.60,299
2026-08-04,11:15,4112.70,4113.60,4111.80,4111.80,150
2026-08-04,11:20,4111.60,4115.30,4111.40,4114.50,162
2026-08-04,11:25,4114.70,4117.20,4114.10,4117.10,232
2026-08-04,11:30,4117.20,4121.50,4116.10,4118.80,906
2026-08-04,11:35,4118.60,4120.70,4117.60,4120.00,309
2026-08-04,11:40,4119.80,4127.40,4116.10,4126.50,1146
2026-08-04,11:45,4126.80,4137.60,4123.90,4133.60,2523
2026-08-04,11:50,4133.50,4141.80,4131.70,4132.90,1781
2026-08-04,11:55,4133.30,4133.30,4126.20,4132.10,1234
2026-08-04,12:00,4132.30,4133.20,4122.20,4125.40,1073
2026-08-04,12:05,4125.10,4127.10,4119.10,4120.50,879
2026-08-04,12:10,4119.80,4121.10,4117.60,4118.70,617
2026-08-04,12:15,4118.80,4122.50,4117.60,4122.40,511
2026-08-04,12:20,4122.40,4125.60,4122.00,4123.40,822
2026-08-04,12:25,4123.80,4126.90,4123.10,4124.80,479
2026-08-04,12:30,4125.00,4133.50,4125.00,4133.20,951
2026-08-04,12:35,4133.20,4140.80,4132.50,4139.30,1451
2026-08-04,12:40,4139.10,4141.50,4134.60,4135.10,1165
2026-08-04,12:45,4135.20,4136.10,4132.50,4133.00,633
2026-08-04,12:50,4133.10,4134.80,4130.30,4130.80,537
2026-08-04,12:55,4130.90,4132.80,4126.40,4127.80,680
2026-08-04,13:00,4128.10,4128.70,4119.50,4121.00,1209
2026-08-04,13:05,4121.10,4122.70,4117.20,4121.20,1115
2026-08-04,13:10,4121.20,4123.20,4118.70,4120.80,437
2026-08-04,13:15,4120.40,4122.20,4119.40,4120.20,324
2026-08-04,13:20,4120.20,4147.90,4120.20,4138.40,4432
2026-08-04,13:25,4138.50,4138.90,4134.20,4135.40,1224
2026-08-04,13:30,4135.60,4141.60,4132.80,4139.80,2048
2026-08-04,13:35,4140.20,4145.90,4139.80,4145.20,1541
2026-08-04,13:40,4145.20,4148.90,4140.30,4140.40,1862
2026-08-04,13:45,4140.50,4151.00,4138.60,4149.80,2114
2026-08-04,13:50,4149.60,4151.50,4143.60,4143.70,1103
2026-08-04,13:55,4144.20,4144.50,4140.40,4140.70,642
2026-08-04,14:00,4140.70,4147.90,4140.20,4145.30,1192
2026-08-04,14:05,4144.90,4148.20,4142.60,4147.10,589
2026-08-04,14:10,4147.00,4148.80,4145.30,4147.20,670
2026-08-04,14:15,4147.40,4149.30,4139.20,4140.30,608
2026-08-04,14:20,4140.60,4141.80,4137.30,4138.60,827
2026-08-04,14:25,4138.50,4143.50,4138.30,4140.40,941
2026-08-04,14:30,4140.60,4143.70,4134.10,4134.60,1725
2026-08-04,14:35,4135.00,4141.80,4131.30,4136.00,1707
2026-08-04,14:40,4135.60,4138.00,4133.70,4137.00,474
2026-08-04,14:45,4136.50,4138.30,4134.80,4137.60,942
2026-08-04,14:50,4137.20,4141.50,4137.00,4140.50,548
2026-08-04,14:55,4140.70,4141.90,4138.70,4140.40,281
2026-08-04,15:00,4140.50,4141.10,4137.80,4138.30,383
2026-08-04,15:05,4138.20,4142.10,4136.50,4142.00,301
2026-08-04,15:10,4141.80,4142.40,4140.00,4140.60,344
2026-08-04,15:15,4141.10,4141.20,4132.60,4133.40,715
2026-08-04,15:20,4133.40,4134.60,4131.00,4132.50,648
2026-08-04,15:25,4132.80,4135.10,4131.70,4135.00,364
2026-08-04,15:30,4134.40,4136.60,4133.30,4134.10,313
2026-08-04,15:35,4134.40,4143.70,4133.00,4140.40,1261
2026-08-04,15:40,4140.10,4144.30,4140.10,4141.20,521
2026-08-04,15:45,4140.60,4142.50,4139.70,4139.90,272
2026-08-04,15:50,4140.20,4144.90,4140.20,4144.30,521
2026-08-04,15:55,4144.20,4145.80,4142.80,4144.20,795
2026-08-04,16:00,4144.40,4145.70,4142.70,4143.20,673
2026-08-04,16:05,4143.40,4144.00,4141.30,4143.80,405
2026-08-04,16:10,4143.40,4144.10,4141.20,4141.90,589
2026-08-04,16:15,4142.00,4142.70,4139.70,4140.20,254
2026-08-04,16:20,4140.70,4145.00,4140.50,4144.10,414
2026-08-04,16:25,4144.10,4147.00,4143.10,4144.70,551
2026-08-04,16:30,4144.60,4145.80,4144.00,4145.00,513
2026-08-04,16:35,4144.70,4144.70,4141.60,4142.70,234
2026-08-04,16:40,4142.60,4146.30,4142.20,4146.00,323
2026-08-04,16:45,4145.90,4150.70,4145.60,4149.80,809
2026-08-04,16:50,4149.70,4150.70,4148.00,4148.00,282
2026-08-04,16:55,4147.70,4150.60,4147.20,4150.40,602
2026-08-04,17:00,4150.20,4160.00,4149.40,4159.40,1883
2026-08-04,17:05,4159.40,4163.80,4157.00,4157.10,1230
2026-08-04,17:10,4157.00,4158.90,4155.30,4157.10,773
2026-08-04,17:15,4157.30,4158.50,4154.00,4154.70,413
2026-08-04,17:20,4154.90,4157.90,4154.40,4157.30,351
2026-08-04,17:25,4157.00,4157.70,4151.10,4151.90,2155
2026-08-04,17:30,4151.80,4151.90,4148.80,4150.60,626
2026-08-04,17:35,4150.60,4152.90,4150.60,4152.00,179
2026-08-04,17:40,4152.00,4153.30,4151.10,4152.60,177
2026-08-04,17:45,4152.70,4153.50,4150.60,4150.70,177
2026-08-04,17:50,4150.80,4151.20,4146.20,4146.30,496
2026-08-04,17:55,4146.70,4148.00,4143.00,4143.10,937
2026-08-04,18:00,4142.80,4145.40,4141.70,4143.70,592
2026-08-04,18:05,4143.70,4145.80,4143.70,4144.50,178
2026-08-04,18:10,4145.00,4145.40,4143.40,4145.20,203
2026-08-04,18:15,4145.10,4145.70,4142.70,4143.50,130
2026-08-04,18:20,4143.40,4146.00,4142.90,4143.70,375
2026-08-04,18:25,4143.80,4144.60,4141.20,4141.40,268
2026-08-04,18:30,4141.60,4142.70,4139.50,4139.50,266
2026-08-04,18:35,4139.70,4140.40,4135.10,4135.70,694
2026-08-04,18:40,4135.90,4137.00,4133.20,4133.50,611
2026-08-04,18:45,4133.50,4137.10,4132.10,4136.70,492
2026-08-04,18:50,4136.70,4137.70,4135.50,4136.40,241
2026-08-04,18:55,4136.70,4138.10,4136.30,4136.80,126
2026-08-04,19:00,4136.60,4138.90,4135.70,4137.40,199
2026-08-04,19:05,4137.30,4141.00,4137.00,4141.00,258
2026-08-04,19:10,4140.80,4141.30,4138.70,4138.70,794
2026-08-04,19:15,4138.90,4141.90,4138.40,4141.30,320
2026-08-04,19:20,4141.20,4141.40,4137.30,4137.40,314
2026-08-04,19:25,4137.20,4138.20,4136.00,4137.30,258
2026-08-04,19:30,4137.20,4137.90,4136.00,4137.10,132
2026-08-04,19:35,4137.50,4138.10,4136.90,4137.80,79
2026-08-04,19:40,4137.70,4139.60,4137.70,4138.20,96
2026-08-04,19:45,4138.20,4139.10,4136.40,4137.30,127
2026-08-04,19:50,4137.40,4137.60,4133.90,4134.20,297
2026-08-04,19:55,4134.20,4136.40,4133.30,4135.30,224
2026-08-04,20:00,4135.60,4136.30,4135.10,4135.60,142
2026-08-04,20:05,4135.60,4137.00,4135.60,4136.70,54
2026-08-04,20:10,4136.90,4137.30,4135.20,4136.10,166
2026-08-04,20:15,4135.80,4135.80,4131.80,4132.60,136
2026-08-04,20:20,4132.50,4132.70,4131.40,4131.90,100
2026-08-04,20:25,4131.90,4133.40,4131.60,4132.20,70
2026-08-04,20:30,4132.10,4133.90,4132.00,4133.90,56
2026-08-04,20:35,4133.90,4134.70,4133.90,4133.90,46
2026-08-04,20:40,4134.20,4135.70,4134.10,4134.60,64
2026-08-04,20:45,4134.30,4134.30,4132.70,4133.40,57
2026-08-04,20:50,4133.50,4135.20,4133.30,4133.70,51
2026-08-04,20:55,4133.60,4134.90,4133.30,4134.20,107
2026-08-04,22:00,4133.80,4135.50,4133.00,4135.00,0
2026-08-04,22:05,4134.50,4135.20,4133.10,4133.20,48
2026-08-04,22:10,4133.60,4134.10,4132.70,4133.40,101
2026-08-04,22:15,4133.20,4134.00,4132.10,4133.80,321
2026-08-04,22:20,4133.30,4134.20,4132.20,4133.80,229
2026-08-04,22:25,4133.90,4136.10,4133.80,4135.60,298
2026-08-04,22:30,4136.00,4137.20,4135.30,4137.20,201
2026-08-04,22:35,4137.20,4140.90,4136.80,4140.70,307
2026-08-04,22:40,4140.50,4142.10,4139.10,4140.60,425
2026-08-04,22:45,4140.80,4140.80,4137.60,4139.30,378
2026-08-04,22:50,4139.30,4140.60,4137.10,4137.60,234
2026-08-04,22:55,4137.70,4137.70,4132.40,4132.50,316
2026-08-04,23:00,4132.80,4134.00,4125.50,4127.20,830
2026-08-04,23:05,4126.80,4128.60,4126.30,4128.60,331
2026-08-04,23:10,4128.90,4130.60,4126.30,4130.00,362
2026-08-04,23:15,4129.90,4131.40,4128.60,4128.80,231
2026-08-04,23:20,4128.90,4129.00,4123.50,4125.30,335
2026-08-04,23:25,4125.10,4125.70,4121.60,4123.70,410
2026-08-04,23:30,4123.20,4126.20,4122.10,4124.30,214
2026-08-04,23:35,4124.40,4125.70,4124.00,4125.50,77
2026-08-04,23:40,4125.50,4126.00,4124.40,4125.30,42
2026-08-04,23:45,4125.20,4127.70,4125.20,4127.70,155
2026-08-04,23:50,4127.80,4128.60,4127.30,4127.40,150
2026-08-04,23:55,4127.60,4129.50,4127.60,4128.70,61
2026-08-05,00:00,4128.60,4130.10,4126.30,4129.40,187
2026-08-05,00:05,4129.60,4130.10,4128.30,4128.30,82
2026-08-05,00:10,4128.50,4129.00,4127.40,4127.90,43
2026-08-05,00:15,4127.80,4131.60,4127.40,4131.10,152
2026-08-05,00:20,4131.40,4133.50,4129.90,4132.90,124
2026-08-05,00:25,4132.70,4134.90,4132.30,4134.60,139
2026-08-05,00:30,4134.90,4137.20,4134.50,4136.10,248
2026-08-05,00:35,4136.20,4139.10,4136.20,4136.60,185
2026-08-05,00:40,4137.00,4137.40,4133.90,4133.90,149
2026-08-05,00:45,4134.20,4135.30,4133.50,4134.70,59
2026-08-05,00:50,4134.90,4139.30,4134.90,4139.20,135
2026-08-05,00:55,4139.30,4139.30,4137.40,4138.20,91
2026-08-05,01:00,4138.50,4141.50,4133.40,4136.40,490
2026-08-05,01:05,4136.10,4138.80,4135.50,4137.70,119
2026-08-05,01:10,4137.60,4142.70,4137.60,4141.90,411
2026-08-05,01:15,4141.90,4144.70,4141.00,4143.60,304
2026-08-05,01:20,4143.40,4144.00,4140.50,4140.80,169
2026-08-05,01:25,4140.70,4141.10,4138.20,4139.80,196
2026-08-05,01:30,4140.50,4142.40,4135.70,4140.40,243
2026-08-05,01:35,4140.80,4145.90,4139.90,4145.90,192
2026-08-05,01:40,4145.40,4148.90,4145.40,4148.70,269
2026-08-05,01:45,4148.40,4150.60,4148.40,4149.90,263
2026-08-05,01:50,4149.90,4151.60,4148.70,4151.50,183
2026-08-05,01:55,4151.80,4158.50,4151.80,4157.20,502
2026-08-05,02:00,4157.20,4158.90,4154.00,4154.70,516
2026-08-05,02:05,4154.40,4154.70,4152.20,4153.50,226
2026-08-05,02:10,4153.30,4156.60,4153.20,4156.20,326
2026-08-05,02:15,4156.10,4157.10,4151.80,4154.70,497
2026-08-05,02:20,4154.90,4160.60,4154.60,4159.00,485
2026-08-05,02:25,4159.30,4165.00,4159.00,4160.10,863
2026-08-05,02:30,4160.50,4165.60,4158.20,4164.80,631
2026-08-05,02:35,4164.60,4180.50,4164.50,4177.90,2240
2026-08-05,02:40,4177.50,4186.10,4177.20,4185.50,1464
2026-08-05,02:45,4185.70,4188.50,4183.40,4187.80,1299
2026-08-05,02:50,4187.10,4189.70,4181.20,4188.60,1172
2026-08-05,02:55,4188.10,4192.60,4186.20,4186.20,877
2026-08-05,03:00,4186.50,4188.00,4184.30,4186.20,526
2026-08-05,03:05,4186.30,4192.70,4185.20,4190.10,553
2026-08-05,03:10,4190.20,4193.50,4190.20,4192.80,405
2026-08-05,03:15,4193.30,4193.80,4187.70,4188.50,409
2026-08-05,03:20,4188.40,4190.10,4187.70,4189.30,235
2026-08-05,03:25,4188.50,4190.10,4187.10,4187.70,344
2026-08-05,03:30,4187.80,4188.30,4185.00,4185.70,340
2026-08-05,03:35,4185.90,4186.70,4185.00,4185.30,230
2026-08-05,03:40,4185.20,4186.50,4185.00,4185.90,195
2026-08-05,03:45,4186.10,4187.80,4185.00,4185.00,269
2026-08-05,03:50,4185.00,4186.40,4185.00,4185.80,118
2026-08-05,03:55,4185.80,4187.10,4185.00,4186.60,73
2026-08-05,04:00,4186.10,4193.70,4186.00,4192.50,749
2026-08-05,04:05,4192.70,4198.00,4191.60,4197.20,776
2026-08-05,04:10,4197.00,4199.50,4195.40,4196.40,755
2026-08-05,04:15,4196.30,4198.70,4195.50,4198.30,383
2026-08-05,04:20,4198.60,4198.70,4196.20,4196.70,304
2026-08-05,04:25,4196.70,4197.80,4195.70,4196.50,309
2026-08-05,04:30,4196.50,4196.50,4194.50,4195.70,162
2026-08-05,04:35,4195.20,4195.50,4191.00,4192.50,542
2026-08-05,04:40,4192.50,4194.20,4192.20,4192.40,144
2026-08-05,04:45,4192.30,4193.50,4189.90,4190.60,391
2026-08-05,04:50,4190.80,4193.20,4190.30,4192.30,415
2026-08-05,04:55,4192.20,4194.00,4191.50,4193.40,240
2026-08-05,05:00,4193.30,4195.40,4192.70,4194.70,264
2026-08-05,05:05,4194.30,4196.20,4193.60,4193.90,351
2026-08-05,05:10,4194.10,4196.20,4193.60,4195.40,179
2026-08-05,05:15,4195.30,4196.30,4193.50,4195.40,218
2026-08-05,05:20,4195.20,4200.40,4195.10,4199.60,638
2026-08-05,05:25,4199.40,4199.80,4196.50,4197.90,393
2026-08-05,05:30,4198.00,4204.60,4197.90,4201.80,1258
2026-08-05,05:35,4201.60,4212.60,4200.80,4210.60,2469
2026-08-05,05:40,4210.80,4219.80,4208.30,4218.20,2484
2026-08-05,05:45,4217.70,4231.50,4217.40,4224.70,3913
2026-08-05,05:50,4224.70,4233.00,4224.70,4227.10,1360
2026-08-05,05:55,4227.10,4231.70,4222.10,4222.20,1300
2026-08-05,06:00,4222.40,4227.30,4220.20,4222.40,1250
2026-08-05,06:05,4222.30,4229.70,4221.00,4229.60,754
2026-08-05,06:10,4229.60,4234.30,4228.90,4233.00,939
2026-08-05,06:15,4232.80,4233.40,4226.10,4226.60,766
2026-08-05,06:20,4226.30,4228.20,4221.20,4225.70,962
2026-08-05,06:25,4225.90,4228.70,4223.90,4228.40,818
2026-08-05,06:30,4228.30,4233.50,4226.70,4232.80,849
2026-08-05,06:35,4232.90,4237.80,4232.80,4234.80,1145
2026-08-05,06:40,4234.60,4236.20,4232.00,4234.90,423
2026-08-05,06:45,4235.00,4235.70,4231.50,4234.70,368
2026-08-05,06:50,4234.70,4235.60,4231.90,4234.50,762
2026-08-05,06:55,4234.40,4237.40,4234.20,4237.10,799
2026-08-05,07:00,4236.70,4238.50,4228.90,4229.70,985
2026-08-05,07:05,4229.50,4231.70,4227.60,4229.30,617
2026-08-05,07:10,4229.40,4231.00,4225.00,4225.30,733
2026-08-05,07:15,4225.40,4228.40,4224.90,4227.80,559
2026-08-05,07:20,4228.10,4228.40,4225.70,4227.40,357
2026-08-05,07:25,4227.30,4228.00,4221.80,4223.30,686
2026-08-05,07:30,4223.50,4224.60,4221.80,4222.70,452
2026-08-05,07:35,4222.40,4225.50,4220.90,4224.30,436
2026-08-05,07:40,4224.30,4225.90,4223.60,4225.50,306
2026-08-05,07:45,4225.70,4227.80,4223.30,4225.00,427
2026-08-05,07:50,4225.00,4226.90,4223.80,4224.40,310
2026-08-05,07:55,4224.50,4231.00,4224.30,4229.90,540
2026-08-05,08:00,4229.90,4231.50,4227.90,4229.60,353
2026-08-05,08:05,4229.20,4229.50,4227.10,4228.60,297
2026-08-05,08:10,4228.20,4228.60,4223.30,4224.20,568
2026-08-05,08:15,4224.70,4226.90,4224.30,4225.30,384
2026-08-05,08:20,4225.40,4225.40,4221.00,4221.50,442
2026-08-05,08:25,4221.50,4224.30,4221.20,4223.80,422
2026-08-05,08:30,4223.90,4225.40,4221.80,4224.50,474
2026-08-05,08:35,4224.30,4225.30,4223.00,4223.80,382
2026-08-05,08:40,4223.60,4227.10,4220.90,4225.70,971
2026-08-05,08:45,4225.70,4226.10,4218.70,4221.50,654
2026-08-05,08:50,4222.00,4222.00,4219.90,4220.90,619
2026-08-05,08:55,4221.40,4221.70,4218.40,4219.70,398
2026-08-05,09:00,4220.00,4224.40,4219.80,4224.00,561
2026-08-05,09:05,4224.00,4226.90,4223.70,4224.00,526
2026-08-05,09:10,4224.30,4225.30,4221.90,4222.70,196
2026-08-05,09:15,4222.40,4222.40,4218.40,4219.50,503
2026-08-05,09:20,4219.90,4220.90,4214.60,4216.40,853
2026-08-05,09:25,4216.80,4217.60,4215.20,4216.60,332
2026-08-05,09:30,4216.60,4217.80,4213.00,4216.20,904
2026-08-05,09:35,4215.90,4218.70,4213.80,4217.10,703
2026-08-05,09:40,4216.70,4217.50,4214.40,4217.30,242
2026-08-05,09:45,4217.20,4217.90,4215.80,4216.90,325
2026-08-05,09:50,4216.80,4217.20,4215.40,4216.60,438
2026-08-05,09:55,4216.80,4218.40,4211.80,4216.90,676
2026-08-05,10:00,4216.80,4217.00,4210.80,4211.20,369
2026-08-05,10:05,4211.40,4212.80,4211.30,4212.40,167
2026-08-05,10:10,4212.10,4212.30,4209.30,4210.00,349
2026-08-05,10:15,4209.90,4215.00,4209.10,4214.90,475
2026-08-05,10:20,4214.90,4217.00,4214.20,4215.10,573
2026-08-05,10:25,4215.00,4217.30,4214.00,4215.80,304
2026-08-05,10:30,4216.10,4216.60,4213.90,4214.30,359
2026-08-05,10:35,4214.00,4215.10,4212.70,4214.30,217
2026-08-05,10:40,4214.00,4216.80,4212.80,4213.90,237
2026-08-05,10:45,4214.20,4215.40,4213.00,4214.60,144
2026-08-05,10:50,4214.30,4215.70,4213.00,4215.50,301
2026-08-05,10:55,4215.30,4220.70,4215.00,4220.40,809
2026-08-05,11:00,4220.60,4224.00,4219.80,4223.30,519
2026-08-05,11:05,4223.10,4225.90,4222.30,4225.90,414
2026-08-05,11:10,4226.00,4230.40,4225.40,4229.60,833
2026-08-05,11:15,4230.40,4233.30,4229.20,4230.70,515
2026-08-05,11:20,4230.70,4232.80,4229.20,4230.00,376
2026-08-05,11:25,4229.80,4240.40,4228.70,4235.50,2415
2026-08-05,11:30,4235.60,4241.20,4233.40,4240.30,1673
2026-08-05,11:35,4240.30,4247.30,4240.10,4244.80,2936
2026-08-05,11:40,4244.90,4248.80,4242.30,4244.60,1603
2026-08-05,11:45,4244.90,4247.40,4242.80,4245.70,682
2026-08-05,11:50,4245.60,4249.00,4245.30,4248.50,680
2026-08-05,11:55,4248.60,4252.20,4247.70,4248.50,1143
2026-08-05,12:00,4248.50,4255.00,4248.50,4254.50,1436
2026-08-05,12:05,4254.30,4259.10,4253.40,4257.50,1911
2026-08-05,12:10,4257.90,4259.70,4257.00,4258.30,1468
2026-08-05,12:15,4258.40,4268.70,4258.40,4265.00,2352
2026-08-05,12:20,4265.30,4273.60,4264.90,4271.10,2393
2026-08-05,12:25,4271.20,4271.80,4264.70,4265.10,1455
2026-08-05,12:30,4265.30,4268.90,4257.50,4259.50,1786
2026-08-05,12:35,4259.80,4264.20,4258.40,4260.50,1093
2026-08-05,12:40,4260.60,4260.70,4253.00,4254.60,1191
2026-08-05,12:45,4255.00,4255.70,4251.20,4254.00,947
2026-08-05,12:50,4253.80,4253.90,4246.70,4247.50,1108
2026-08-05,12:55,4247.60,4248.80,4243.10,4244.10,890
2026-08-05,13:00,4243.90,4255.90,4243.80,4254.40,1336
2026-08-05,13:05,4254.30,4257.20,4251.40,4254.20,2183
2026-08-05,13:10,4254.00,4255.40,4246.70,4247.60,1506
2026-08-05,13:15,4247.80,4250.80,4245.30,4250.40,830
2026-08-05,13:20,4250.30,4257.80,4249.80,4254.70,1705
2026-08-05,13:25,4254.90,4258.30,4253.40,4257.40,613
2026-08-05,13:30,4257.40,4264.20,4254.60,4262.30,2129
2026-08-05,13:35,4262.20,4264.80,4252.80,4260.90,2093
2026-08-05,13:40,4260.80,4264.00,4257.40,4257.60,921
2026-08-05,13:45,4257.90,4259.60,4250.40,4252.90,995
2026-08-05,13:50,4253.30,4260.70,4248.70,4260.30,1478
2026-08-05,13:55,4260.60,4266.70,4259.90,4265.80,1155
2026-08-05,14:00,4265.10,4270.60,4263.10,4270.30,2109
2026-08-05,14:05,4270.40,4288.40,4270.20,4287.30,4157
2026-08-05,14:10,4287.50,4295.00,4285.60,4289.60,2763
2026-08-05,14:15,4289.80,4298.90,4286.60,4296.50,1818
2026-08-05,14:20,4296.30,4298.50,4290.40,4291.50,1248
2026-08-05,14:25,4291.80,4300.60,4291.80,4297.10,1863
2026-08-05,14:30,4296.70,4302.30,4289.30,4290.70,2462
2026-08-05,14:35,4290.60,4294.20,4288.70,4291.70,1423
2026-08-05,14:40,4291.90,4303.50,4289.90,4303.40,1541
2026-08-05,14:45,4303.40,4307.80,4301.10,4307.30,1500
2026-08-05,14:50,4307.50,4307.60,4293.20,4297.90,2099
2026-08-05,14:55,4298.20,4305.80,4296.20,4304.30,1103
2026-08-05,15:00,4303.90,4320.00,4302.40,4315.60,3006
2026-08-05,15:05,4315.80,4319.80,4311.90,4316.50,1837
2026-08-05,15:10,4316.30,4321.50,4315.70,4318.20,1453
2026-08-05,15:15,4318.00,4318.80,4310.30,4317.80,1805
2026-08-05,15:20,4317.50,4322.60,4316.50,4320.20,1231
2026-08-05,15:25,4320.50,4325.50,4317.30,4317.70,1357
2026-08-05,15:30,4317.50,4319.40,4314.60,4315.40,676
2026-08-05,15:35,4315.20,4319.90,4314.10,4317.50,815
2026-08-05,15:40,4317.70,4317.70,4312.40,4316.00,726
2026-08-05,15:45,4315.70,4315.70,4309.30,4310.00,1321
2026-08-05,15:50,4309.90,4310.40,4301.20,4303.50,2083
2026-08-05,15:55,4303.50,4303.70,4292.70,4293.00,2495
2026-08-05,16:00,4293.60,4295.20,4285.70,4286.20,2118
2026-08-05,16:05,4286.30,4296.10,4285.00,4295.70,1493
2026-08-05,16:10,4295.60,4296.50,4292.10,4294.60,627
2026-08-05,16:15,4294.60,4297.40,4292.90,4294.00,749
2026-08-05,16:20,4294.20,4301.20,4293.90,4299.20,956
2026-08-05,16:25,4299.10,4302.60,4299.10,4301.60,713
2026-08-05,16:30,4301.90,4304.10,4299.30,4301.60,899
2026-08-05,16:35,4301.60,4306.00,4300.80,4304.00,527
2026-08-05,16:40,4304.30,4307.40,4303.40,4304.90,555
2026-08-05,16:45,4305.20,4305.70,4301.30,4302.80,718
2026-08-05,16:50,4303.00,4308.10,4302.80,4305.10,592
2026-08-05,16:55,4304.90,4304.90,4298.60,4302.80,899
2026-08-05,17:00,4302.90,4303.60,4299.70,4303.60,663
2026-08-05,17:05,4303.90,4304.90,4300.90,4302.00,1009
2026-08-05,17:10,4301.80,4304.30,4301.50,4302.40,650
2026-08-05,17:15,4302.30,4302.30,4298.20,4299.00,869
2026-08-05,17:20,4298.80,4300.70,4296.20,4300.50,754
2026-08-05,17:25,4300.50,4307.00,4297.60,4305.00,2461
2026-08-05,17:30,4304.90,4308.50,4301.10,4308.30,791
2026-08-05,17:35,4308.30,4310.90,4306.20,4310.40,527
2026-08-05,17:40,4310.20,4311.50,4308.00,4308.50,302
2026-08-05,17:45,4308.70,4311.50,4307.90,4309.40,636
2026-08-05,17:50,4309.60,4311.10,4309.10,4309.90,370
2026-08-05,17:55,4310.00,4313.00,4310.00,4311.00,561
2026-08-05,18:00,4310.70,4315.00,4309.60,4313.80,535
2026-08-05,18:05,4313.70,4318.40,4313.40,4316.30,782
2026-08-05,18:10,4316.50,4318.20,4314.00,4314.00,463
2026-08-05,18:15,4313.80,4317.80,4313.70,4317.80,382
2026-08-05,18:20,4317.20,4328.20,4317.20,4323.80,1748
2026-08-05,18:25,4323.60,4325.50,4322.10,4323.80,342
2026-08-05,18:30,4323.20,4324.50,4314.60,4315.30,664
2026-08-05,18:35,4315.60,4318.80,4315.50,4317.80,303
2026-08-05,18:40,4317.80,4320.80,4317.80,4319.50,615
2026-08-05,18:45,4319.70,4321.80,4318.30,4319.20,282
2026-08-05,18:50,4319.20,4323.10,4318.70,4322.60,333
2026-08-05,18:55,4322.00,4324.00,4320.90,4321.20,222
2026-08-05,19:00,4321.00,4322.60,4319.70,4322.50,227
2026-08-05,19:05,4322.70,4322.70,4317.90,4318.70,223
2026-08-05,19:10,4318.40,4319.60,4316.60,4318.90,303
2026-08-05,19:15,4318.80,4318.80,4311.20,4312.60,777
2026-08-05,19:20,4312.80,4316.50,4311.20,4316.40,332
2026-08-05,19:25,4316.10,4316.60,4313.40,4314.00,211
2026-08-05,19:30,4313.70,4314.90,4310.10,4310.10,481
2026-08-05,19:35,4310.30,4311.70,4308.80,4310.70,278
2026-08-05,19:40,4311.00,4314.40,4311.00,4313.70,370
2026-08-05,19:45,4313.30,4313.90,4308.60,4309.20,426
2026-08-05,19:50,4309.50,4310.20,4308.00,4309.50,307
2026-08-05,19:55,4309.40,4309.90,4307.00,4307.60,730
2026-08-05,20:00,4307.90,4310.20,4307.40,4309.30,205
2026-08-05,20:05,4308.90,4309.40,4307.80,4308.40,207
2026-08-05,20:10,4308.80,4310.40,4308.30,4310.10,52
2026-08-05,20:15,4310.10,4310.40,4306.50,4307.10,137
2026-08-05,20:20,4306.70,4308.00,4306.20,4307.80,90
2026-08-05,20:25,4307.70,4307.70,4306.30,4306.60,90
2026-08-05,20:30,4306.80,4310.30,4306.70,4310.20,184
2026-08-05,20:35,4310.10,4310.10,4307.40,4307.40,96
2026-08-05,20:40,4307.30,4308.20,4305.80,4306.30,48
2026-08-05,20:45,4306.20,4306.50,4303.50,4305.10,195
2026-08-05,20:50,4304.80,4306.50,4304.50,4305.00,103
2026-08-05,20:55,4305.00,4308.20,4303.70,4308.00,351
2026-08-05,22:00,4307.00,4315.20,4304.90,4308.70,0
2026-08-05,22:05,4308.20,4309.30,4305.50,4306.30,194
2026-08-05,22:10,4306.70,4308.30,4306.30,4307.00,93
2026-08-05,22:15,4307.90,4308.20,4306.90,4307.40,89
2026-08-05,22:20,4307.60,4308.70,4306.80,4308.10,120
2026-08-05,22:25,4307.80,4308.30,4307.00,4308.20,88
2026-08-05,22:30,4307.60,4309.50,4307.20,4309.10,98
2026-08-05,22:35,4309.20,4310.20,4308.50,4308.70,115
2026-08-05,22:40,4308.90,4309.60,4307.20,4307.20,125
2026-08-05,22:45,4307.50,4308.50,4307.00,4308.00,93
2026-08-05,22:50,4308.20,4308.60,4307.30,4307.40,69
2026-08-05,22:55,4307.60,4309.50,4307.10,4309.50,90
2026-08-05,23:00,4309.40,4312.20,4308.30,4311.70,176
2026-08-05,23:05,4312.00,4313.90,4310.80,4311.30,152
2026-08-05,23:10,4311.30,4317.50,4311.30,4315.00,394
2026-08-05,23:15,4315.40,4320.40,4315.40,4318.80,352
2026-08-05,23:20,4318.40,4322.00,4316.80,4321.20,269
2026-08-05,23:25,4321.00,4323.20,4319.70,4322.20,187
2026-08-05,23:30,4322.50,4324.50,4319.80,4324.20,302
2026-08-05,23:35,4324.10,4339.10,4324.10,4336.90,1557
2026-08-05,23:40,4337.30,4341.10,4335.10,4339.60,601
2026-08-05,23:45,4339.80,4339.80,4331.00,4334.00,605
2026-08-05,23:50,4334.00,4336.80,4331.70,4335.40,283
2026-08-05,23:55,4335.00,4339.00,4333.60,4337.30,302
2026-08-06,00:00,4337.20,4337.20,4324.10,4327.90,739
2026-08-06,00:05,4328.30,4336.70,4325.30,4331.00,650
2026-08-06,00:10,4330.80,4332.40,4323.50,4329.50,761
2026-08-06,00:15,4330.40,4336.10,4330.30,4333.90,431
2026-08-06,00:20,4335.10,4343.30,4333.40,4342.00,877
2026-08-06,00:25,4341.80,4344.20,4331.70,4334.00,839
2026-08-06,00:30,4333.60,4346.50,4333.60,4345.50,849
2026-08-06,00:35,4345.60,4350.30,4342.20,4344.90,862
2026-08-06,00:40,4345.50,4349.10,4343.60,4345.40,552
2026-08-06,00:45,4345.90,4354.70,4345.90,4347.20,1113
2026-08-06,00:50,4347.30,4356.20,4345.70,4356.00,822
2026-08-06,00:55,4356.30,4360.00,4353.50,4354.70,929
2026-08-06,01:00,4354.60,4362.70,4351.00,4352.90,1673
2026-08-06,01:05,4352.60,4358.20,4346.20,4357.30,1164
2026-08-06,01:10,4356.10,4358.40,4339.30,4343.60,1442
2026-08-06,01:15,4344.00,4347.50,4342.60,4343.20,641
2026-08-06,01:20,4343.10,4344.40,4332.50,4342.50,1600
2026-08-06,01:25,4342.60,4345.80,4333.20,4335.80,1069
2026-08-06,01:30,4335.50,4346.20,4335.30,4343.40,882
2026-08-06,01:35,4344.00,4357.10,4341.20,4352.60,1308
2026-08-06,01:40,4351.70,4352.40,4347.90,4347.90,697
2026-08-06,01:45,4348.20,4355.80,4343.30,4353.90,1064
2026-08-06,01:50,4353.70,4357.80,4348.00,4348.20,885
2026-08-06,01:55,4348.20,4349.60,4345.20,4346.90,459
2026-08-06,02:00,4346.70,4357.00,4344.00,4356.20,619
2026-08-06,02:05,4357.00,4363.70,4357.00,4360.80,1418
2026-08-06,02:10,4360.70,4362.30,4351.90,4354.50,718
2026-08-06,02:15,4354.80,4359.20,4351.80,4353.50,338
2026-08-06,02:20,4353.40,4354.10,4351.60,4352.60,216
2026-08-06,02:25,4352.70,4354.20,4350.80,4351.10,272
2026-08-06,02:30,4350.90,4351.50,4341.50,4345.20,867
2026-08-06,02:35,4345.30,4347.40,4343.40,4344.50,236
2026-08-06,02:40,4344.70,4344.90,4339.80,4344.70,412
2026-08-06,02:45,4344.40,4346.10,4334.00,4335.70,607
2026-08-06,02:50,4336.30,4339.70,4335.20,4337.40,334
2026-08-06,02:55,4336.80,4339.00,4335.90,4337.80,239
2026-08-06,03:00,4337.20,4337.20,4334.20,4334.80,320
2026-08-06,03:05,4334.90,4340.00,4334.90,4338.10,379
2026-08-06,03:10,4337.90,4339.50,4332.90,4332.90,331
2026-08-06,03:15,4332.80,4333.20,4323.60,4326.30,1005
2026-08-06,03:20,4326.60,4326.70,4322.80,4323.60,330
2026-08-06,03:25,4323.20,4325.50,4320.20,4325.50,822
2026-08-06,03:30,4325.20,4326.00,4322.60,4326.00,223
2026-08-06,03:35,4325.80,4326.50,4322.60,4323.00,301
2026-08-06,03:40,4323.60,4323.90,4321.00,4321.90,165
2026-08-06,03:45,4322.40,4323.00,4319.60,4322.50,228
2026-08-06,03:50,4322.30,4323.30,4320.50,4322.50,173
2026-08-06,03:55,4322.40,4324.90,4321.90,4324.90,115
2026-08-06,04:00,4324.50,4325.80,4321.10,4324.20,430
2026-08-06,04:05,4324.50,4326.10,4322.00,4324.70,327
2026-08-06,04:10,4324.70,4325.90,4321.50,4322.20,211
2026-08-06,04:15,4322.50,4322.90,4320.50,4320.70,135
2026-08-06,04:20,4320.50,4322.20,4319.80,4319.80,210
2026-08-06,04:25,4319.80,4321.30,4312.20,4315.00,638
2026-08-06,04:30,4315.10,4318.60,4315.10,4318.00,233
2026-08-06,04:35,4317.70,4320.30,4316.70,4319.10,185
2026-08-06,04:40,4319.10,4320.80,4317.10,4318.30,153
2026-08-06,04:45,4318.00,4319.90,4318.00,4319.30,117
2026-08-06,04:50,4319.50,4322.10,4318.00,4321.40,286
2026-08-06,04:55,4321.00,4321.90,4320.00,4321.40,92
2026-08-06,05:00,4321.30,4324.50,4318.60,4319.90,273
2026-08-06,05:05,4319.80,4320.10,4318.00,4319.20,247
2026-08-06,05:10,4318.90,4319.70,4315.80,4319.10,290
2026-08-06,05:15,4318.70,4318.80,4314.90,4315.60,231
2026-08-06,05:20,4315.60,4316.30,4312.90,4314.10,252
2026-08-06,05:25,4313.80,4314.60,4312.10,4312.90,124
2026-08-06,05:30,4312.70,4317.00,4306.20,4316.70,938
2026-08-06,05:35,4316.40,4321.40,4316.00,4321.00,468
2026-08-06,05:40,4321.30,4325.10,4320.40,4322.80,532
2026-08-06,05:45,4322.10,4325.50,4321.30,4321.70,306
2026-08-06,05:50,4321.70,4327.50,4321.20,4325.60,453
2026-08-06,05:55,4325.80,4326.50,4323.10,4326.00,235
2026-08-06,06:00,4325.80,4327.50,4324.00,4326.20,476
2026-08-06,06:05,4325.90,4327.00,4320.60,4321.90,411
2026-08-06,06:10,4321.50,4321.60,4315.70,4319.30,580
2026-08-06,06:15,4319.60,4320.10,4313.40,4318.80,475
2026-08-06,06:20,4319.00,4319.00,4314.20,4316.40,447
2026-08-06,06:25,4316.20,4317.00,4314.50,4316.30,320
2026-08-06,06:30,4316.40,4316.70,4313.00,4313.30,289
2026-08-06,06:35,4313.80,4314.40,4311.80,4312.10,220
2026-08-06,06:40,4312.20,4315.40,4308.20,4315.40,427
2026-08-06,06:45,4315.10,4317.00,4312.70,4313.70,352
2026-08-06,06:50,4313.60,4314.70,4309.60,4310.90,368
2026-08-06,06:55,4310.90,4315.20,4310.70,4314.70,241
2026-08-06,07:00,4314.70,4315.50,4311.90,4314.90,356
2026-08-06,07:05,4315.10,4318.90,4314.70,4318.30,260
2026-08-06,07:10,4318.30,4322.50,4318.20,4322.00,437
2026-08-06,07:15,4321.90,4324.00,4319.90,4322.90,491
2026-08-06,07:20,4323.00,4323.60,4317.00,4320.70,531
2026-08-06,07:25,4320.80,4322.80,4320.10,4321.00,145
2026-08-06,07:30,4320.70,4321.00,4318.80,4318.80,137
2026-08-06,07:35,4318.40,4319.10,4315.60,4315.70,233
2026-08-06,07:40,4315.80,4317.10,4313.80,4314.00,291
2026-08-06,07:45,4314.10,4316.60,4312.10,4313.60,360
2026-08-06,07:50,4313.40,4318.90,4311.70,4318.90,411
2026-08-06,07:55,4318.50,4322.10,4317.70,4321.70,462
2026-08-06,08:00,4322.00,4325.00,4319.40,4320.30,448
2026-08-06,08:05,4320.60,4324.00,4319.50,4323.70,210
2026-08-06,08:10,4323.80,4328.70,4323.80,4328.10,527
2026-08-06,08:15,4327.80,4329.80,4327.00,4328.60,529
2026-08-06,08:20,4328.60,4328.60,4322.90,4324.60,457
2026-08-06,08:25,4324.80,4328.60,4323.00,4327.30,365
2026-08-06,08:30,4327.20,4333.70,4325.80,4332.80,694
2026-08-06,08:35,4332.60,4334.00,4329.90,4330.20,367
2026-08-06,08:40,4330.20,4332.90,4329.30,4332.00,297
2026-08-06,08:45,4332.10,4334.20,4329.40,4332.40,314
2026-08-06,08:50,4332.20,4336.40,4331.20,4333.90,317
2026-08-06,08:55,4333.50,4337.70,4332.90,4337.10,310
2026-08-06,09:00,4337.20,4342.40,4336.10,4339.10,635
2026-08-06,09:05,4339.30,4339.40,4334.70,4335.30,653
2026-08-06,09:10,4335.50,4338.40,4335.50,4338.40,369
2026-08-06,09:15,4339.00,4342.40,4338.70,4341.50,485
2026-08-06,09:20,4341.60,4344.20,4339.70,4342.80,220
2026-08-06,09:25,4342.10,4342.40,4337.60,4341.90,312
2026-08-06,09:30,4342.30,4343.40,4337.00,4338.10,753
2026-08-06,09:35,4338.20,4338.80,4335.50,4338.40,377
2026-08-06,09:40,4338.40,4338.60,4331.40,4331.40,476
2026-08-06,09:45,4331.40,4335.40,4331.40,4335.30,220
2026-08-06,09:50,4335.30,4335.30,4330.40,4331.40,221
2026-08-06,09:55,4331.00,4333.00,4330.70,4332.60,216
2026-08-06,10:00,4332.60,4333.10,4330.00,4331.00,136
2026-08-06,10:05,4330.50,4331.10,4328.80,4330.00,233
2026-08-06,10:10,4330.20,4330.30,4328.10,4329.00,338
2026-08-06,10:15,4328.70,4329.00,4326.60,4328.20,373
2026-08-06,10:20,4328.50,4330.40,4327.20,4330.10,185
2026-08-06,10:25,4330.20,4330.20,4327.50,4328.40,186
2026-08-06,10:30,4328.90,4329.20,4326.00,4327.60,408
2026-08-06,10:35,4327.40,4328.40,4326.70,4327.90,162
2026-08-06,10:40,4328.20,4328.90,4322.80,4324.50,441
2026-08-06,10:45,4324.50,4329.60,4324.00,4329.30,162
2026-08-06,10:50,4329.60,4330.90,4328.30,4329.90,250
2026-08-06,10:55,4329.90,4330.70,4328.40,4330.00,152
2026-08-06,11:00,4330.00,4332.50,4326.60,4327.60,318
2026-08-06,11:05,4327.80,4329.00,4325.40,4326.10,245
2026-08-06,11:10,4326.40,4328.50,4326.00,4328.50,251
2026-08-06,11:15,4328.30,4330.70,4323.10,4324.80,368
2026-08-06,11:20,4325.00,4325.60,4318.50,4320.70,686
2026-08-06,11:25,4320.50,4323.40,4320.00,4323.40,434
2026-08-06,11:30,4323.40,4326.10,4322.40,4323.90,422
2026-08-06,11:35,4323.90,4326.00,4320.30,4320.80,371
2026-08-06,11:40,4320.90,4321.70,4318.40,4319.10,399
2026-08-06,11:45,4319.20,4319.50,4314.00,4315.30,807
2026-08-06,11:50,4315.30,4317.50,4312.70,4315.10,1066
2026-08-06,11:55,4315.20,4323.00,4313.90,4322.60,679
2026-08-06,12:00,4322.20,4324.70,4319.50,4322.70,640
2026-08-06,12:05,4322.60,4322.60,4315.60,4316.40,496
2026-08-06,12:10,4316.20,4317.80,4314.40,4314.90,357
2026-08-06,12:15,4315.00,4315.80,4311.70,4315.80,557
2026-08-06,12:20,4315.80,4321.70,4314.70,4319.80,822
2026-08-06,12:25,4319.70,4320.50,4315.40,4320.50,414
2026-08-06,12:30,4320.80,4329.20,4316.70,4326.50,1591
2026-08-06,12:35,4326.70,4330.10,4325.90,4329.30,988
2026-08-06,12:40,4329.00,4329.60,4325.30,4326.00,389
2026-08-06,12:45,4326.20,4326.60,4313.40,4314.60,1083
2026-08-06,12:50,4314.50,4315.50,4309.50,4309.70,1548
2026-08-06,12:55,4310.10,4313.60,4307.00,4308.60,1665
2026-08-06,13:00,4308.50,4314.20,4308.20,4311.00,1277
2026-08-06,13:05,4310.90,4311.40,4288.80,4290.00,3565
2026-08-06,13:10,4290.00,4297.70,4288.40,4296.70,2523
2026-08-06,13:15,4296.50,4302.90,4294.00,4302.40,1164
2026-08-06,13:20,4302.30,4306.40,4299.30,4300.90,1232
2026-08-06,13:25,4301.00,4306.30,4297.20,4305.90,786
2026-08-06,13:30,4305.80,4311.20,4304.30,4309.20,1939
2026-08-06,13:35,4309.00,4323.80,4308.60,4317.20,2846
2026-08-06,13:40,4317.40,4332.90,4316.90,4328.90,2376
2026-08-06,13:45,4329.10,4329.10,4321.00,4322.40,2058
2026-08-06,13:50,4322.70,4326.70,4320.80,4325.20,912
2026-08-06,13:55,4325.20,4328.50,4324.30,4325.90,642
2026-08-06,14:00,4326.10,4330.40,4323.80,4325.90,1334
2026-08-06,14:05,4326.30,4330.50,4323.20,4323.80,1120
2026-08-06,14:10,4324.60,4334.70,4324.00,4327.30,2044
2026-08-06,14:15,4327.60,4327.90,4319.60,4324.80,1496
2026-08-06,14:20,4324.90,4326.50,4320.10,4320.60,618
2026-08-06,14:25,4321.20,4328.10,4318.90,4324.80,1516
2026-08-06,14:30,4324.70,4333.70,4324.70,4331.30,1111
2026-08-06,14:35,4331.30,4334.00,4328.90,4329.80,559
2026-08-06,14:40,4329.40,4334.10,4329.00,4333.10,446
2026-08-06,14:45,4332.60,4334.60,4324.20,4324.50,784
2026-08-06,14:50,4324.40,4330.50,4321.80,4330.00,583
2026-08-06,14:55,4330.20,4332.40,4326.40,4332.20,533
2026-08-06,15:00,4332.20,4333.60,4327.90,4329.50,1799
2026-08-06,15:05,4329.40,4330.60,4324.00,4325.30,1167
2026-08-06,15:10,4325.50,4327.20,4320.50,4322.70,882
2026-08-06,15:15,4322.50,4322.80,4314.80,4315.50,1566
2026-08-06,15:20,4315.80,4317.50,4309.30,4313.60,1403
2026-08-06,15:25,4313.90,4318.40,4311.90,4313.40,1100
2026-08-06,15:30,4313.70,4314.20,4307.30,4307.40,525
2026-08-06,15:35,4307.40,4311.20,4303.90,4310.40,1511
2026-08-06,15:40,4310.30,4311.60,4306.50,4309.90,725
2026-08-06,15:45,4309.80,4310.10,4306.20,4306.40,635
2026-08-06,15:50,4306.00,4308.30,4292.40,4293.20,1953
2026-08-06,15:55,4292.90,4295.90,4285.20,4291.50,2498
2026-08-06,16:00,4291.80,4296.10,4290.30,4295.30,1525
2026-08-06,16:05,4295.10,4300.80,4293.90,4299.00,1171
2026-08-06,16:10,4299.10,4299.80,4288.30,4290.60,794
2026-08-06,16:15,4290.40,4290.70,4282.30,4285.00,1993
2026-08-06,16:20,4285.10,4286.00,4281.20,4282.40,1099
2026-08-06,16:25,4282.50,4288.80,4281.20,4288.20,1025
2026-08-06,16:30,4288.30,4291.70,4288.10,4290.30,950
2026-08-06,16:35,4290.70,4294.00,4289.90,4293.10,617
2026-08-06,16:40,4293.20,4293.40,4290.20,4291.50,441
2026-08-06,16:45,4291.30,4294.40,4289.90,4294.40,489
2026-08-06,16:50,4294.60,4295.70,4293.20,4295.00,700
2026-08-06,16:55,4295.10,4300.60,4295.00,4299.40,769
2026-08-06,17:00,4299.60,4301.30,4297.60,4299.50,623
2026-08-06,17:05,4299.70,4301.60,4298.80,4301.40,341
2026-08-06,17:10,4301.00,4303.00,4299.20,4299.20,379
2026-08-06,17:15,4299.20,4300.20,4297.50,4299.80,331
2026-08-06,17:20,4300.20,4301.00,4297.10,4298.10,481
2026-08-06,17:25,4298.60,4301.30,4297.70,4300.50,1387
2026-08-06,17:30,4300.20,4300.60,4297.50,4298.80,326
2026-08-06,17:35,4299.10,4302.30,4297.10,4300.70,501
2026-08-06,17:40,4300.80,4301.90,4299.80,4300.50,151
2026-08-06,17:45,4300.30,4301.40,4299.10,4300.60,194
2026-08-06,17:50,4300.70,4307.00,4300.70,4305.50,675
2026-08-06,17:55,4305.50,4307.00,4304.20,4305.80,464
2026-08-06,18:00,4305.90,4306.10,4302.60,4304.20,220
2026-08-06,18:05,4304.30,4307.60,4304.30,4306.90,285
2026-08-06,18:10,4306.90,4307.20,4304.40,4304.80,135
2026-08-06,18:15,4305.40,4307.40,4304.40,4306.00,177
2026-08-06,18:20,4306.30,4308.00,4305.00,4305.90,156
2026-08-06,18:25,4306.10,4306.60,4304.70,4305.10,148
2026-08-06,18:30,4305.00,4306.00,4301.60,4302.40,229
2026-08-06,18:35,4302.50,4303.30,4300.90,4301.90,277
2026-08-06,18:40,4301.80,4302.40,4299.20,4300.20,201
2026-08-06,18:45,4300.30,4303.60,4300.20,4303.50,131
2026-08-06,18:50,4303.20,4304.30,4299.80,4300.00,161
2026-08-06,18:55,4300.30,4302.20,4299.50,4302.20,86
2026-08-06,19:00,4302.10,4307.50,4301.80,4306.90,370
2026-08-06,19:05,4306.50,4307.50,4305.50,4307.30,226
2026-08-06,19:10,4307.60,4309.80,4305.80,4305.90,257
2026-08-06,19:15,4306.10,4307.10,4303.90,4304.00,237
2026-08-06,19:20,4304.30,4305.90,4298.60,4299.10,403
2026-08-06,19:25,4299.10,4300.90,4294.20,4296.50,840
2026-08-06,19:30,4296.60,4297.40,4294.60,4297.40,248
2026-08-06,19:35,4297.20,4298.60,4295.10,4296.00,270
2026-08-06,19:40,4295.80,4296.00,4292.00,4293.50,311
2026-08-06,19:45,4293.90,4298.10,4293.90,4296.90,299
2026-08-06,19:50,4296.70,4309.30,4296.60,4306.10,975
2026-08-06,19:55,4305.40,4308.20,4302.40,4307.80,694
2026-08-06,20:00,4307.70,4309.10,4304.80,4305.80,259
2026-08-06,20:05,4306.30,4306.30,4304.10,4304.90,75
2026-08-06,20:10,4304.70,4306.00,4301.70,4303.50,275
2026-08-06,20:15,4303.80,4304.40,4302.60,4303.10,140
2026-08-06,20:20,4303.20,4303.60,4300.90,4301.30,249
2026-08-06,20:25,4301.50,4301.90,4298.60,4300.80,123
2026-08-06,20:30,4300.50,4300.80,4299.60,4300.00,88
2026-08-06,20:35,4300.30,4301.20,4298.90,4299.00,67
2026-08-06,20:40,4298.90,4298.90,4294.10,4294.20,320
2026-08-06,20:45,4294.00,4298.00,4293.60,4295.40,191
2026-08-06,20:50,4295.30,4300.70,4294.70,4300.30,171
2026-08-06,20:55,4300.20,4300.20,4298.20,4298.70,0
2026-08-06,22:00,4298.30,4298.90,4293.90,4294.80,196
2026-08-06,22:05,4295.00,4296.60,4294.80,4296.40,113
2026-08-06,22:10,4296.00,4296.10,4295.10,4295.30,33
2026-08-06,22:15,4298.60,4300.00,4298.60,4299.10,98
2026-08-06,22:20,4299.50,4301.00,4297.70,4300.40,191
2026-08-06,22:25,4300.10,4301.80,4299.30,4301.20,106
2026-08-06,22:30,4300.90,4301.70,4299.50,4300.00,135
2026-08-06,22:35,4299.90,4299.90,4298.20,4298.50,66
2026-08-06,22:40,4298.40,4299.70,4297.10,4297.10,125
2026-08-06,22:45,4297.50,4300.00,4296.90,4299.80,70
2026-08-06,22:50,4300.10,4301.20,4299.10,4300.40,76
2026-08-06,22:55,4300.20,4300.20,4298.30,4298.30,29
2026-08-06,23:00,4298.60,4301.40,4298.40,4300.20,66
2026-08-06,23:05,4300.40,4304.30,4300.30,4302.20,229
2026-08-06,23:10,4302.70,4303.60,4302.50,4303.60,20
2026-08-06,23:15,4304.00,4304.60,4303.20,4304.20,39
2026-08-06,23:20,4304.50,4304.90,4304.10,4304.10,24
2026-08-06,23:25,4304.40,4304.70,4301.40,4303.70,258
2026-08-06,23:30,4303.50,4307.10,4303.30,4305.80,233
2026-08-06,23:35,4305.30,4306.60,4304.80,4304.80,69
2026-08-06,23:40,4304.90,4306.60,4303.40,4305.50,212
2026-08-06,23:45,4305.70,4307.60,4304.50,4307.00,275
2026-08-06,23:50,4307.10,4310.90,4306.80,4310.30,335
2026-08-06,23:55,4310.10,4311.80,4309.30,4311.00,252
2026-08-07,00:00,4310.70,4311.40,4306.00,4308.00,203
2026-08-07,00:05,4307.80,4309.20,4307.30,4307.90,70
2026-08-07,00:10,4307.40,4307.50,4301.70,4303.20,152
2026-08-07,00:15,4303.30,4304.70,4299.50,4300.50,256
2026-08-07,00:20,4300.60,4303.30,4297.80,4298.20,287
2026-08-07,00:25,4298.30,4302.40,4297.50,4302.10,226
2026-08-07,00:30,4302.00,4302.00,4299.00,4299.50,150
2026-08-07,00:35,4300.20,4300.70,4293.70,4293.80,478
2026-08-07,00:40,4293.60,4294.10,4288.20,4292.80,632
2026-08-07,00:45,4293.20,4295.20,4289.10,4289.10,225
2026-08-07,00:50,4289.20,4293.20,4288.80,4292.00,211
2026-08-07,00:55,4292.00,4292.00,4288.00,4291.20,232
2026-08-07,01:00,4290.90,4301.60,4289.80,4300.70,625
2026-08-07,01:05,4299.90,4305.10,4298.30,4300.70,319
2026-08-07,01:10,4300.70,4303.10,4298.90,4302.40,217
2026-08-07,01:15,4302.30,4304.80,4301.60,4302.50,172
2026-08-07,01:20,4302.30,4308.40,4299.70,4300.10,412
2026-08-07,01:25,4299.90,4304.60,4298.70,4302.10,213
2026-08-07,01:30,4302.10,4303.60,4297.70,4301.90,408
2026-08-07,01:35,4301.60,4304.80,4300.20,4304.80,323
2026-08-07,01:40,4304.60,4316.80,4304.20,4315.00,905
2026-08-07,01:45,4314.80,4316.90,4310.50,4312.20,466
2026-08-07,01:50,4311.30,4313.60,4310.00,4312.70,201
2026-08-07,01:55,4312.60,4317.50,4312.00,4314.70,381
2026-08-07,02:00,4314.60,4320.80,4314.00,4319.70,760
2026-08-07,02:05,4319.70,4320.20,4316.20,4317.50,442
2026-08-07,02:10,4317.60,4318.00,4315.70,4317.20,206
2026-08-07,02:15,4317.10,4319.60,4316.20,4316.50,178
2026-08-07,02:20,4316.50,4319.40,4315.70,4319.00,257
2026-08-07,02:25,4318.90,4319.70,4317.90,4319.40,105
2026-08-07,02:30,4319.90,4320.40,4315.00,4315.20,218
2026-08-07,02:35,4315.60,4315.80,4310.50,4311.60,373
2026-08-07,02:40,4311.10,4313.40,4308.40,4308.40,367
2026-08-07,02:45,4308.20,4310.70,4305.40,4309.10,274
2026-08-07,02:50,4309.50,4313.90,4309.50,4312.80,328
2026-08-07,02:55,4312.80,4314.80,4308.60,4309.10,561
2026-08-07,03:00,4309.10,4318.10,4308.30,4317.20,259
2026-08-07,03:05,4317.00,4317.30,4314.80,4315.60,167
2026-08-07,03:10,4315.60,4316.00,4311.70,4313.50,169
2026-08-07,03:15,4313.60,4314.70,4311.40,4312.70,391
2026-08-07,03:20,4312.50,4314.90,4310.60,4313.60,471
2026-08-07,03:25,4313.90,4317.30,4313.10,4317.30,124
2026-08-07,03:30,4317.40,4320.20,4317.40,4317.90,202
2026-08-07,03:35,4317.70,4319.90,4316.60,4319.10,132
2026-08-07,03:40,4319.50,4320.40,4318.70,4319.60,125
2026-08-07,03:45,4319.90,4320.70,4318.30,4319.80,131
2026-08-07,03:50,4319.70,4320.10,4318.30,4319.60,74
2026-08-07,03:55,4319.50,4325.00,4319.50,4322.80,698
2026-08-07,04:00,4325.30,4328.30,4321.30,4324.50,424
2026-08-07,04:05,4324.10,4327.00,4323.90,4326.10,568
2026-08-07,04:10,4326.00,4327.20,4323.00,4325.40,337
2026-08-07,04:15,4325.40,4326.90,4321.40,4321.70,246
2026-08-07,04:20,4321.50,4328.40,4321.10,4324.90,487
2026-08-07,04:25,4325.00,4326.50,4323.20,4324.40,134
2026-08-07,04:30,4324.30,4327.80,4323.00,4327.20,234
2026-08-07,04:35,4327.20,4327.60,4323.50,4324.00,174
2026-08-07,04:40,4323.90,4325.40,4320.20,4323.20,280
2026-08-07,04:45,4322.90,4323.50,4321.40,4323.30,124
2026-08-07,04:50,4323.60,4325.90,4323.60,4325.90,64
2026-08-07,04:55,4326.00,4326.20,4323.70,4324.10,98
2026-08-07,05:00,4324.10,4325.60,4322.60,4325.20,149
2026-08-07,05:05,4325.00,4326.00,4320.40,4325.50,615
2026-08-07,05:10,4325.80,4330.40,4325.20,4329.00,396
2026-08-07,05:15,4328.60,4329.90,4327.50,4327.70,126
2026-08-07,05:20,4327.50,4329.90,4325.00,4325.80,308
2026-08-07,05:25,4326.10,4326.80,4323.80,4325.70,192
2026-08-07,05:30,4325.90,4335.80,4325.30,4334.20,997
2026-08-07,05:35,4334.20,4336.60,4332.00,4332.70,596
2026-08-07,05:40,4332.60,4332.80,4329.70,4330.60,207
2026-08-07,05:45,4330.70,4336.20,4330.70,4335.30,235
2026-08-07,05:50,4335.20,4338.80,4332.80,4333.50,644
2026-08-07,05:55,4333.90,4340.00,4333.60,4337.70,920
2026-08-07,06:00,4337.70,4341.70,4337.10,4341.20,486
2026-08-07,06:05,4341.10,4343.30,4340.20,4341.10,400
2026-08-07,06:10,4340.80,4350.00,4340.40,4345.40,1107
2026-08-07,06:15,4345.10,4348.90,4342.70,4346.90,1058
2026-08-07,06:20,4346.50,4350.20,4345.60,4346.20,869
2026-08-07,06:25,4346.00,4346.10,4341.70,4341.70,576
2026-08-07,06:30,4341.90,4346.00,4338.60,4344.60,899
2026-08-07,06:35,4345.00,4352.20,4344.80,4350.60,564
2026-08-07,06:40,4350.70,4354.20,4350.50,4351.40,1113
2026-08-07,06:45,4351.30,4353.70,4348.10,4348.50,1051
2026-08-07,06:50,4348.60,4354.40,4347.80,4352.90,735
2026-08-07,06:55,4352.50,4358.00,4352.40,4356.30,675
2026-08-07,07:00,4356.20,4356.90,4351.90,4353.80,591
2026-08-07,07:05,4353.90,4353.90,4349.40,4350.20,547
2026-08-07,07:10,4350.50,4352.50,4349.10,4350.30,561
2026-08-07,07:15,4350.50,4351.60,4348.00,4350.60,357
2026-08-07,07:20,4350.40,4351.60,4346.80,4346.80,382
2026-08-07,07:25,4347.30,4347.40,4343.80,4344.30,602
2026-08-07,07:30,4344.50,4346.80,4343.10,4346.60,291
2026-08-07,07:35,4346.40,4348.00,4344.50,4344.80,355
2026-08-07,07:40,4344.40,4347.10,4343.50,4344.20,376
2026-08-07,07:45,4344.30,4346.40,4342.00,4343.90,405
2026-08-07,07:50,4344.50,4346.10,4343.20,4346.10,188
2026-08-07,07:55,4345.70,4350.20,4345.60,4348.90,343
2026-08-07,08:00,4349.20,4352.80,4347.90,4351.40,685
2026-08-07,08:05,4351.50,4355.50,4351.50,4353.70,528
2026-08-07,08:10,4353.70,4359.90,4353.60,4358.80,678
2026-08-07,08:15,4359.20,4360.00,4356.10,4357.10,540
2026-08-07,08:20,4357.20,4357.20,4352.90,4353.70,489
2026-08-07,08:25,4353.90,4355.00,4352.30,4353.80,336
2026-08-07,08:30,4354.00,4374.00,4353.40,4373.20,2175
2026-08-07,08:35,4373.10,4375.90,4360.40,4363.80,1345
2026-08-07,08:40,4363.80,4369.10,4363.80,4367.70,308
2026-08-07,08:45,4368.30,4370.50,4365.80,4366.20,392
2026-08-07,08:50,4366.30,4367.30,4362.70,4363.70,449
2026-08-07,08:55,4363.80,4367.20,4362.80,4365.40,451
2026-08-07,09:00,4365.60,4367.00,4363.60,4364.90,322
2026-08-07,09:05,4365.10,4366.70,4364.00,4365.60,275
2026-08-07,09:10,4365.50,4366.70,4364.10,4365.30,303
2026-08-07,09:15,4365.40,4367.50,4364.40,4366.30,398
2026-08-07,09:20,4366.00,4370.40,4365.80,4370.10,277
2026-08-07,09:25,4369.80,4370.70,4364.50,4365.90,510
2026-08-07,09:30,4366.40,4367.20,4361.60,4364.00,607
2026-08-07,09:35,4364.00,4368.60,4362.40,4368.10,532
2026-08-07,09:40,4368.40,4377.80,4368.10,4376.60,1463
2026-08-07,09:45,4376.80,4380.10,4374.60,4376.20,1124
2026-08-07,09:50,4376.30,4379.60,4375.70,4377.50,1106
2026-08-07,09:55,4377.80,4379.00,4373.90,4375.60,722
2026-08-07,10:00,4375.80,4379.00,4374.40,4377.00,395
2026-08-07,10:05,4377.20,4377.50,4371.40,4371.70,542
2026-08-07,10:10,4372.10,4373.40,4367.20,4367.20,551
2026-08-07,10:15,4367.50,4373.00,4367.30,4372.40,408
2026-08-07,10:20,4372.30,4372.70,4370.00,4371.80,224
2026-08-07,10:25,4371.90,4373.70,4371.50,4373.10,282
2026-08-07,10:30,4373.10,4375.90,4372.40,4375.40,419
2026-08-07,10:35,4375.30,4377.70,4373.70,4377.00,423
2026-08-07,10:40,4376.70,4377.60,4374.90,4376.20,216
2026-08-07,10:45,4376.40,4379.50,4376.00,4378.10,503
2026-08-07,10:50,4378.30,4380.20,4376.40,4376.70,792
2026-08-07,10:55,4376.60,4377.30,4375.60,4376.40,261
2026-08-07,11:00,4376.30,4383.90,4376.30,4382.80,617
2026-08-07,11:05,4382.90,4385.70,4381.50,4384.50,757
2026-08-07,11:10,4384.40,4385.00,4378.80,4379.50,711
2026-08-07,11:15,4379.80,4380.10,4376.00,4379.80,710
2026-08-07,11:20,4379.50,4384.60,4379.40,4383.50,758
2026-08-07,11:25,4383.50,4386.70,4383.30,4384.40,683
2026-08-07,11:30,4384.50,4387.10,4384.00,4384.00,595
2026-08-07,11:35,4383.90,4384.50,4380.20,4382.60,623
2026-08-07,11:40,4382.60,4384.80,4381.40,4382.20,420
2026-08-07,11:45,4382.00,4385.10,4381.50,4383.10,392
2026-08-07,11:50,4383.40,4386.50,4380.10,4385.30,865
2026-08-07,11:55,4385.10,4386.50,4380.50,4380.80,706
2026-08-07,12:00,4380.60,4384.80,4378.60,4378.70,1038
2026-08-07,12:05,4379.10,4379.60,4374.70,4378.00,1048
2026-08-07,12:10,4377.90,4381.70,4374.10,4374.70,709
2026-08-07,12:15,4374.30,4376.30,4371.50,4373.60,1470
2026-08-07,12:20,4374.00,4376.60,4369.50,4370.20,1200
2026-08-07,12:25,4370.00,4375.10,4361.00,4370.80,1535
2026-08-07,12:30,4373.00,4424.80,4370.80,4419.80,8755
2026-08-07,12:35,4419.60,4427.00,4412.40,4424.90,3943
2026-08-07,12:40,4424.70,4431.40,4421.40,4427.40,3898
2026-08-07,12:45,4427.70,4432.30,4426.90,4429.10,1668
2026-08-07,12:50,4429.30,4432.20,4423.90,4425.00,2204
2026-08-07,12:55,4425.40,4426.20,4416.10,4421.90,1944
2026-08-07,13:00,4421.60,4424.60,4407.30,4407.30,2651
2026-08-07,13:05,4407.50,4412.80,4405.50,4410.40,1568
2026-08-07,13:10,4410.30,4411.20,4406.10,4407.90,1504
2026-08-07,13:15,4407.90,4409.50,4398.90,4407.40,1378
2026-08-07,13:20,4407.40,4413.70,4407.40,4410.60,1241
2026-08-07,13:25,4410.50,4418.20,4408.60,4416.80,1511
2026-08-07,13:30,4416.80,4420.40,4410.90,4413.50,2579
2026-08-07,13:35,4413.50,4426.70,4409.70,4425.50,1944
2026-08-07,13:40,4425.40,4428.80,4418.30,4418.60,1909
2026-08-07,13:45,4418.80,4420.60,4412.40,4413.40,1934
2026-08-07,13:50,4413.80,4418.60,4412.30,4415.00,1212
2026-08-07,13:55,4414.90,4417.20,4402.50,4408.30,2418
2026-08-07,14:00,4408.40,4409.50,4393.30,4393.50,2479
2026-08-07,14:05,4393.60,4397.70,4390.20,4397.10,2663
2026-08-07,14:10,4397.10,4401.50,4387.60,4393.60,909
2026-08-07,14:12,4392.90,4392.90,4392.90,4392.90,0
